persons_id,surname,first_name,prefix,maiden_name,suffix,title,dates,description,biography
1,Webster, Mary Elizabeth, , , , , (b. Worcs. 1839), charity organizer," In the 1891 census she is found at Ripple Lodge, Malvern Link with her younger sister Margaret."
2,Savage, Elizabeth A., , , , , (b. Eling 1836/7), housemaid," In 1891 cook to CMY at Elderfield;  in 1861, 1871 and 1901 working for the ‘Indian Moberlys’."
3,Abraham, Caroline Harriet, , (Palmer), , , (1809/10-1877), missionary to New Zealand," Daughter of Sir Charles Thomas Palmer, 2nd Bt., she married (17 January 1850) the Rt. Rev. Charles John Abraham (1814-1903).  She and Sarah Harriet (Richardson) Selwyn were first cousins. Her sister Mary Anne Palmer was living in 1871 near Mary Anne Dyson at Ewshott in Hants. "
4,Abraham, Charles John, The Rt. Rev., , , , (1814-1903)," 1st Bishop of Wellington, New Zealand, and later Suffragan Bishop of Derby"," He married (1850) Caroline Harriet Palmer (1809/10-1877)[ODNB, WWW]"
5,Acland Troyte,  Frances Lydia Dyke, , , , , (d.1922), daughter of Arthur Acland Troyte," Eldest of the six daughters of Arthur Acland Troyte, sister of Joanna (Acland Troyte) Harper, who was a Gosling as ‘Albatross’, she married (1863) the Rev. Charles Sandford Bere (d. 1889)."
6,Acland Troyte, Arthur Henry Dyke, , , , , (1811-1857), devotional writer," Father of Frances and Joanna Acland Troyte and four other daughters,  brother of Sir Thomas Dyke Acland, 11th Bt. (1809–1898).  He changed his surname to Acland Troyte."
7,Acland, Henry Wentworth,  Sir, , 1st Bt.,  , (1815-1900),  physician, Brother of Arthur Acland Troyte and of Sir Thomas Dyke Acland. [ODNB] 
8,Acland, Sarah Angelina, , , , , (1849-1931),"  photographer, daughter of Sir Henry Wentworth Acland", 
9,Acland, Thomas Dyke, Sir, , 11th Bt., , (1809-1898)," politician and educationist, father of Agnes (Acland) Anson and brother of Arthur Acland Troyte and Sir Henry Wentworth Acland",
10,Adams, , , , , , (fl. 8 March 1854), evidently a humble Devon friend of WCY, 
11,Adams, , Mrs, , ,  ,  (fl. 7 December 1857), probably a parishioner of the Rev. Richard Carter Smith in Woolwich, 
12,Adams, Charles Warren, , , , , (1833-30 July 1903),  animal rights campaigner,"  He married, first (1861), Georgina Alethe Polson (b.1838), daughter of the Rev. Hugh Polson and Georgiana, only child of Charlotte Yonge and her first husband Captain George Crawley, and therefore CMY’s first cousin once removed.  (Mrs Crawley was CMY's aunt and godmother and married secondly the Rev Thomas Jones, Rector of Exeter College Oxford). The Polsons had other children: (Arthur b. 1831/2, George b. 1833/4, Rosalia b.1834/5 and Catharina K. b. 1835/6).  Adams married secondly (24 June 1885), in the teeth of her family, the Hon. Mildred Mary Coleridge (1847-14 January 1929). For his involvement in brawling during a church service at St. George in the East, in defence of the innovations introduced by the vicar, see <i>The Times</i> (11, 14 April 1860). [LG 1952 Woollcombe Adams of Anstey Hall; 1841, 1851, 1861 censuses at www.ancestry.co.uk]"
13,Adams, Georgina Alethe, , (Polson), , , (1838-?1880) ,"first cousin once removed to CMY, first wife of Charles Warren Adams","  <i>The Times</i> (11 January 1862) reported the marriage 'at Cape-town, cape of good Hope, Charles Warren Adams, Esq, son of the late Mr. Serjeant Adams to Georgiana Alethe, youngest daughter of the Rev. Hugh Polson.'  The death of a Georgiana Alethe Adams aged 2 was registered in Fulham in 1880.  According to the <i>Bristol Mercury and Daily Post</i> (24 November 1884) Charles Warren Adams stated in court that he had lived happily with his wife who had died of cancer.  He had always supported his daughter. The refusal of the Bishop of Cape Town to marry them was a mistake, and he had afterwards been reconciled to her family."
14,Adams, Charlotte Alethe Rosalie, , , , , (1862-after 1901), daughter of Charles Warren Adams," Birth registered Westminster 11 August 1862 of Charlotte Alethe Rosalie Adams, daughter of Georgiana Alsthe Adams and Charles Warren Adams.  Charlotte A. R. Adams is boarder in New Shoreham west Sussex in the 1891 census; visiting an old lady in Brighton in 1901."
15,Adams, Mary, , , , , (b. Truro 1831/2), schoolmistress, Mary Adams lived in Otterbourne 1862-71 and ran a small boarding school with her aunt Mary La Beaune (b. Middlesex 1820/1)
16,Adams, Oscar Fay, , , , , (1855-1919)," American journalist and writer, contributor to <i>MP</i>",
17,Adams,Mildred Mary, The Hon.,(Coleridge), , , (1847-14 January 1929),member of the Gosling Society as ‘Ladybird’," The only daughter of John Duke Coleridge, later 1st Lord Coleridge, and Jane Fortescue Seymour (d. 1878), she married (24 June 1885) Charles Warren Adams.  She had a  row with her father about her marriage which was made public because Adams sued her brother Bernard for libel.  She was a  Gosling as Ladybird 1859- <i>c.</i> 1866;   [PB, Coleridge, <i>Story of a Devonshire House</i>; <i>The Times</i> reports of the libel trial 21, 22 November 1884, 5, 25 June 1885.]"
18,Agnew, Andrew, Sir, , 8th Bt., , (1818-1892), landowner," Briefly engaged to the Hon. Jane Colborne in 1845, he later married (20 August 1846) Lady Louisa Noel (d.1883). [PB]"
19,Alcock,Caroline Louise, , , , , (1803/4-1892), contributor to <i>MP</i> (1867), Her address was 39 Green Street Grosvenor Square.  Her paper on \'The Ladies Home\' describes her as its Hon. Secretary.  She is found there living with her younger brother in the 1871 census.
20,Alderson, , Lady, , , , , contributor to <i>MP</i>," Perhaps Mary Anne (Berthon) Alderson, wife of the physician Sir James Alderson (1794-1882), Kt. 1869, and sister of the Rev. Edward Berthon, vicar of Romsey."
21,Alexander, Cecil Frances, , (Humphreys), , , (1818-1895), hymnwriter," An early friend of CMY, she married (15 October 1850) the Rt. Rev. William Alexander (1824-1911), Dean of Emly (1864) Bishop of Derry (1867), later (1896) Archbishop of Armagh."
22,Alford, Charles Richard, The Rt. Rev., , , , (1816-1898)," Bishop of Victoria, Hong Kong (1867-72).",
23,Alford, Henry, The Very Rev., , , , (1810-1871), Dean of Canterbury," He served as Dean of Canterbury from 1857 to his death. He was associated with campaigns against ritualism, which may account for CMY\'s sense that he was not fully sympathetic to her."
24,Allen, Eliza, , , , , , contributor to <i>MP</i> (1888)., 
25,Allen,Phoebe Anne, , , , , (1850-1933), member of the Gosling Society and contributor to <i>MP</i>,"Daughter of the Rev. John Collins Allen, Vicar of Hawley, Hants 1878-86, she was a Gosling as ‘Gridiron’.  Living at Finchcox, Kilndown, Staplehurst (10 July 1870) and Hinton Martel Rectory, Wimborne (December 1876), she was perhaps a governess. She was author of 45 odd novels, stories for SPCK and translations.  She was lame. [Vital Records Index; 1881 census, Will;  <i>Alumni Oxonienses</i>; Who\'s Who in Lit 1906-34; BL cat]"
26,Ampère, Jean-Jacques, , , , , (1800-1864), French historian, Son of the physicist André Marie Ampère (d. 1836).
27,Anderson Morshead,Alethea, ,(Yonge), , , (28 March 1815-22 July 1863), cousin of CMY," The eldest daughter of the Rev. John Yonge of Puslinch and Alethea Henrietta Bargus, she married (1845) John Philip Anderson Morshead of Widey Court, her second cousin, whose paternal grandmother was Elizabeth Yonge of Puslinch.  They had six sons. She and her younger sister Anne were known as ‘great A and little a’, after a nursery rhyme.  [LG 1871 Morshead]"
28,Anderson Morshead, Anne Elizabeth Mary, , , , , (1845/6-1928), missionary and schoolmistress,"Always called Mary, she was the daughter of Pentire Anderson Morshead and Charlotte Story; her paternal grandmother was a Yonge which made her a cousin of CMY.  She joined the Gosling Society as ‘Bog Oak’ and was one of the liveliest contributors to <i>The Barnacle</i>, she left when she went to South Africa to do missionary and social work in 1868; she later wrote a history of the <i>Universities Mission to Central Africa 1859-1896</i> (1897) and  <i>A Pioneer and Founder . . . Robert Gray, first Bishop of Cape Town</i> (1905).  She  also edited <i>Eikon Basilike</i> (1887). For many years, from at least 1881, she was a matron at Marlborough St Giles Industrial School for Girls, Andover. Many of her contributions to <i>MP</i> are signed ‘Bog Oak’.  <i>Jackson’s Oxford Journal</i> (30 May 1891) reports her speaking at a GFS conference as a member of the committee for the Winchester Diocese. She was first cousin to fellow-Goslings Mary Sunderland and Anne Baker.  "
29,Anderson Morshead, Ernest Garstin, , , , , (9 Oct 1851- 1912)," cousin of CMY, surgeon", He qualified MRCS from UCL in 1875. He was fifth son of the Rev. John Philip Anderson Morshead and Alethea Yonge. [LG 1871; Winchester College Register]
30,Anderson Morshead, Frank Upton, , , , , (b.1 Aug 1847 ), cousin of CMY, The second son of the Rev. John Philip Anderson Morshead and Alethea Yonge. [Winchester College Register]
31,Anderson Morshead, Helen Beatrice, ,(Anderson Morshead), , , (1853/4-1922)," cousin of CMY, sister of Mary Anderson Morshead"," Known as Beatrice, a member of the Gosling Society as ‘Queen Bee’, she married (1880)  her cousin John Yonge Anderson Morshead (1846-1923), barrister. They lived at Salcombe. At the time of the 1871 census she was a pupil at Mary Anne Dyson’s school at Crondall. [1861, 71 census]"
32,Anderson Morshead, Henry, , , , , (1848/9-1876), cousin of CMY, Son of Captain Pentyre Anderson Morshead and  brother of Mary Anderson Morshead [1861 census]
33,Anderson Morshead, John Yonge, , , , , (11 June 1846-1923)," cousin of CMY, barrister"," Eldest son of the Rev. John Philip Anderson Morshead and Alethea Yonge, he graduated from University College Oxford in 1869, and qualified as a barrister at the Middle Temple in 1873.  He married (21 April 1880) his cousin Helen Beatrice Anderson Morshead (1853/4-1922). He was interested in local history and has an obituary in <i>Transactions of the Devonshire Association</i> 55,56 (1924)."
34,Anderson Morshead, Julia H., , , , , (b.1850/1), sister of Mary Anderson Morshead, 
35,Anderson Morshead, Leslie, , , , , (b.1851/2)," brother of Mary Anderson Morshead, perhaps retarded or an invalid",
36,Anderson Morshead, Louisa E., , , , , (b. 1846/7), sister of Mary Anderson Morshead, 
37,Stewart, Mildred, , (Anderson Morshead), , , (1855/6-1952), sister of Mary Anderson Morshead,"She married (25 April 1884) Charles William Vanustegen Stewart (b.1859), solicitor, of Plymouth."
38,Anderson Morshead, Pentyre Edmund, , , , , (b.30 July 1882), son of John Yonge Anderson Morshead,
39,Anderson Morshead, Pentyre, , , , , (1857/8-1879), brother of Mary Anderson Morshead," third son of Captain Pentyre Anderson Morshead (1822/3-1869), he matriculated at St. Edmund Hall in 1875. [<i>Alumni Oxonienses</i>]"
40,Anderson Morshead, Pentyre, Captain, , , , (1822/3-1869), father of Mary Anderson Morshead,"  Brother of the Rev. John Philip Anderson Morshead, he was first cousin to WCY and to the Rev. John Yonge of Puslinch.  Described as half-pay captain Royal Artillery in 1861 census, he married (1843) Charlotte Story (1823/4-1888)."
41,Anderson Morshead, Charlotte, , (Story), , , (1823/4-1888), mother of Mary Anderson Morshead, she married Captain Pentyre Anderson Morshead and had a large family.  Her birth date sometimes appears 1820/1.
42,Anderson Morshead, Edmund Doidge, The Rev., , , , (1849-1912)," cousin of CMY, schoolmaster"," Third son of Rev. John Philip Anderson Morshead and Alethea Yonge, he was a brilliant child and educated at Winchester and New College, Oxford 1867-72.  He got a  double first and returned to serve as assistant master at Winchester College 1872-1904.  He married (1 Aug 1878) Mary, fourth sister of William Andrewes Fearon, headmaster of Winchester College 1884-91.  He died of General Paralysis of the Insane after having spent some months in Holloway Sanatorium [Winchester College Register;  Wainewright, <i>Winchester College</i>; ODNB; LG 1871 Morshead; Hants RO MS 67M922W/82/21]"
43,Anderson Morshead, John Philip, The Rev., , , , (<i>c</i>.1809-7 Sept 1881), cousin of CMY," He matriculated from Exeter Coll 1827 and from 1854 was Vicar of Salcombe Regis.  His grandmother was Elizabeth Yonge, sister of the Rev. Duke Yonge, Vicar of Cornwood, so he and his brother Captain Pentyre Anderson Morshead were cousins of the Yonges of Puslinch and of CMY.  He married (1845) his second cousin Alethea Yonge (1815-1863), eldest daughter of the Rev. John Yonge of Puslinch."
44,Andrewes, W. G., The Rev., , , , , Master of St. Cross Hospital from 1868,
45,Anson, Agnes Henrietta, , (Acland), , , (b.1851-), probable member of the Gosling Society," Fourth daughter of  of Sir Thomas Dyke Acland, 11th Bt. (1809–1898), she married (1885) Frederick Henry Anson.  She was probably a Gosling as ‘Acorn’;  her diary in Devon Record Office describes a meeting with CMY. [PB 1914]"
46,Anson, Mornebel, , , , , , contributor to <i>MP</i> (Christmas 1883), 
47,Antrobus, Edward, Sir, , 2nd Bt., , (1792-4 May 1870), landowner," He succeeded his uncle by special remainder, 1826, and was succeeded by his son and namesake (1818-1899)."
48,Apaque, L. H., , , , , ," contributor to <i>MP</i> (1875, 1889)",
49,Apperson, George Latimer, , , , , (b.1857), contributor to <i>MP</i> (1899) and editor of <i>The Antiquary</i>, 
50,Archer Houblon, Maria Georgina, , , , , (b. 1853), member of the Gosling Society," Daughter of the Rev. Thomas Archer Houblon (1808-1874) and Eleanor Deedes (d.1865).  A Gosling as Polypodium, she lived in December 1876 at Peasmore Rectory, Newbury.  Her father had been one of W.J. Butler's curates at Wantage;  her only brother, the Rev.  T. H. Archer Houblon (1849-1933) succeeded him as Vicar of Wantage, 1881-1907, and Maria kept house for him.  She became an Associate of the Wantage sisterhood in 1870.  Of their three sisters Eleanor (d. 1917) became an associate in 1866;  Sophia (1844-1927) became a professed sister of the community in 1878 and Reverend Mother 1912-1920; and Louisa Margaret (d. 1924) became an associate in 1871, professed sister in 1880 and Reverend Mother of the daughter house of the Holy Rood, Worthing.  They were cousins of other Goslings Elisabeth Forbes and Rachel Deedes and were also related to the Bramstons [LG 1952, Lady Anne Archer Houblon, <i>The Houblon Family</i>;  Wantage archives;  WWW;  <i>Journal of Clarissa Trant</i>]"
51,Archer, Fulbert, , , , , (1825-1904)," Second cousin of CMY, a barrister who emigrated to New Zealand"," CMY’s grandfather, the Rev. Duke Yonge, Vicar of Cornwood, had a sister who married into the Archer family, he was her grandson.  He was a brother of the Rev. Samuel Harward Archer and of the Rev. Charles Harward Archer. [LG 1952 Archer of Trelaske] "
52,Archer, Charles Harward, The Rev., , , , (1819-1899), Cousin of CMY," CMY’s grandfather, the Rev. Duke Yonge, Vicar of Cornwood, had a sister who married into the Archer family, so they were relations. He was a brother of [[person:51]Fulbert Archer] and of the Rev. Samuel Harward Archer. [LG 1952 Archer of Trelaske]"
53,Archer, Samuel Harward, The Rev., , , , (b. Jan 1821), Cousin of CMY," CMY’s grandfather, the Rev. Duke Yonge, Vicar of Cornwood, had a sister who married into the Archer family, so they were relations.  He was a brother of Fulbert Archer and the Rev. Charles Harward Archer. [LG 1952 Archer of Trelaske]"
54,Knight ,Henrietta, , , pseud. \'Henley I. Arden\', , , contributor to <i>MP</i> (1898) and other periodicals as \'Henley I. Arden\',"Henrietta Knight was editor, under this pseudonym, of <i>Friendly Leaves</i>,  1890-1899.  She became editor of another GFS periodical, the <i>Girls\' Quarterly</i>, in 1900. Henley in Arden is a town in Warwickshire. [COPAC]"
55,Arden, H. J., , , , , ," contributor to <i>MP</i> (1886),  possibly  the same as H. I. Arden, see Henrietta Knight",
56,Argles, Edith Margaret, , , , , (1853-9 April 1935), social worker," Daughter of the Very Rev. Marsham Argles (1814-1892) and Margaret Julia Davys (1816/7-1898), she was one of the first students at Lady Margaret Hall and later worked for it both as an administrator and in its settlement work.  [LG 1952 Argles of Sibson]"
57,Argles, Margaret Julia, , (Davys), , , (1816/7-1898), lifelong friend of CMY," Known as Julia, daughter of the Rt. Rev. George Davys (1780–1864), Bishop of Peterborough, she married (24 October 1839) the Very Rev. Marsham Argles (1814-1892). Her large family included Edith Argles, Marsham Argles, Alice Rawnsley and Agnes (\'Dolly\') Thicknesse."
58,Argles, Marsham, The Very Rev., , , , (1814-1892)," Rector of Barnack, Northamptonshire, and Dean of Peterborough."," He married (24 October 1839)  (Margaret) Julia Davys (b.1816/7-1898), whom CMY had known from childhood. [LG Argles of Sibson]"
59,Argles, Mary L., , , , , (1845/6-1911), eldest sister of Edith Argles,
60,Armitage, Edward, , , , , (1817-1896), painter, illustrator of CMY’s <i>The Pupils of St. John the Divine</i>.
61,Armitt, Annie, , , , , , contributor to <i>MP</i> (1892),
62,Arnold, James John, , , , , (b. Peckham 1834/5)," of Boyatt, surveyor and engineer"," He married, first, Sarah (Vine) Arnold (Otterbourne 1821/2-1896).  In the 1861 census she is a spinster farmer of 39 with a companion niece Marianna Vine (b.1843/4) and he is her boarder, aged 26.  He married, secondly in Chelsea in the fourth quarter of 1896, Ellen Vine. He was keeping a hotel in Colchester with his wife Ellen (b. Hargham, Norfolk 1853/4) in 1901.  However, since his second wife seems to be the  Ellen (Drane) Vine (b. Hargham, Norfolk 1853/4), widow and milliner, living with her father in London in 1881 and 1891, it looks as if CMY’s suspicions that he had married within the forbidden limits were unfounded.  Marriage with a deceased wife’s niece was illegal in England and Wales until the passing of the Marriage (Prohibited Degrees) Relationship Act (1931)."
63,Arnold, F., , , , , , contributor to <i>MP</i> (1890),
64,Arnold, Thomas, Dr., , , , (1795-1842), headmaster of Rugby School, A lifelong friend of Keble and Sir John Taylor Coleridge.
65,Arthur, Mary, , , , , , missionary," Mentioned, as a missionary who came to South Africa in 1861-2 and looked after orphans, by A.E.M. Anderson Morshead, <i>A Pioneer and Founder: Reminiscences of Some who Knew Robert Gray D D, First Bishop of Cape Town</i> (London: Skeffington 1905), and presumably the Miss Arthur referred to by CMY (6 Dec 1866).  See \'The Ladies\' Association, or, Great Causes Helped by Small Means\' <i>MP</i> (May 1867) 510:  \'Little native girls may also be maintained in such boarding-schools as the Missions possess.  Such may be found at Miss Arthur\'s, at the Cape, where the cost is £6 per annum\'.

See the website of the institution today at http://www.st-georges.org.za/about.html"
66,Ash, Mary, , , , , , contributor to <i>MP</i> (1890), 
67,Ashington, , Miss, , , , (fl. 30 September 1844)," mentioned (30 Sept 1844) as a reader of <i>Abbeychurch</i>, unknown to CMY",
68,Ashwell, Arthur Rawson, The Rev. Canon, , , , (1824-23 October 1879), contributor to <i>MP</i> (1867-77) and to the <i>Monthly Paper of Sunday Teaching</i>,"  He married (1854) Elizabeth Fixsen (b. 1822/3). He served from 1870 as principal of Chichester Theological College,  from 1864-76 he was editor of the <i>Literary Churchman</i> and from 1876 of the <i>Church Quarterly Review</i>."
69,Asís de Borbón,Francisco, Don,de, , Duke of Cadiz,(1822-1902),King of Spain, He married (1846) his double first cousin Queen Isabella II.
70,Atkinson, Blanche, , , , , ,  contributor to <i>MP</i> (1893), 
71,Atkinson,Frances Hester, ,(Carter Smith), , ,(1827-1908),sister of Ann Carter Smith and contributor to <i>MP</i>,"She contributed to <i>MP</i> (1855-7) five papers on ‘Traditions of Norway’, with which she had probably become acquainted while the family lived there. Daughter of the Rev. Richard Carter Smith and sister of Ann Carter Smith,  she was christened St. Olave, Hart Street, London, 13 September 1827, and married (1856), on his being appointed Master of Clare College, the Rev. Dr. Edward Atkinson (1819-1915), and died childless.  He was the longest-serving ever head of a Cambridge College.  In his obituary in  <i>The Times</i>  (3 March 1915) 13d, she is described as a niece of a former fellow and tutor of the college (i.e. William Williamson)."
72,Atkinson, J.C., , , , , , contributor to <i>MP</i> (1867-8), 
73,Atkinson, Thomas, The Rt. Rev., , , , (1807-1881), episcopal Bishop of North Carolina 1853-81, He preached at Babbacombe in 1867.
74,Attard, , Miss, , , , (fl.28 Oct 1844), a friend of Anne Yonge's or their governess?, 
75,Attwood, , Mrs, , , , (fl. 9 March 1859), domestic servant, 
76,Austen, Jane, , , , , (1775-1817), novelist, 
77,Austen Leigh, Charles Edward, , , , ,  (1832-1924), son of the Rev. James Edward Austen Leigh, 
78,Austen Leigh, James Edward, The Rev., , , , (1794-1874), nephew and biographer of Jane Austen,
79,Awdry, Bridget Hildred Vere, , , , , (7 Nov 1892-23 February 1900), daughter of the Rev. Vere Awdry,
80,Awdry, Charles, , , , , (1847-1912)," partner in W.H. Smith and Son, newsagents"," Son of Sir John Wither Awdry (1795-1878), chief justice of Bombay, brother of Frances Awdry,  the Rt. Rev. William Awdry and the Rev. Vere Awdry,he married (1876) CMY’s goddaughter Margaret Helen Moberly. Sir John Awdry’s mother Jane Bigg was the sister of Sir William Heathcote’s mother Elizabeth (Bigg) Heathcote, and he was therefore cousin to Sir William and to the Rev. William Bigg Wither."
81,Awdry, Frances Emily, , (Moberly), , , (30 May 1844-24 November 1921), author of elementary science textbooks,"  She was a member of the Gosling Society as ‘Humble Bee’ approximately 1859-1868. Always known as Emily, she was goddaughter to CMY\'s mother FMY.  Daughter of the Rt. Rev. George Moberly, she married (4 August 1868) the Rt. Rev. William Awdry (1842-1910). While he was a schoolmaster at Winchester, they both promoted the extension lectures."
82,Awdry, Frances, , , , ,  (1845-19 March 1927), contributor to <i>MP</i>,"The  author of biographies of Patteson, William Heathcote and Anne Mackenzie, she is  not to be confused with her sister-in-law, (Frances) Emily (Moberly) Awdry. The daughter of Sir John Wither Awdry (1795-1878), chief justice of Bombay, sister of the Rt. Rev. William Awdry, Charles Awdry and the Rev. Vere Awdry, she lived with her mother at Notton. Sir John Awdry’s mother Jane Bigg was the sister of Sir William Heathcote’s mother Elizabeth (Bigg) Heathcote, and he was therefore cousin to Sir William and to the Rev. William Bigg Wither. Two of Frances Awdry\'s brothers married daughters of the Rt. Rev. Dr George Moberly.  

Photographs of the family appear at http://www.family-forest.co.uk/familytree/albums/awdry/awdry-photo.shtml"
83,Awdry,Margaret Helen, ,(Moberly), , ,(May 1852-12 June 1939),goddaughter of CMY,"Youngest daughter of the Rt Rev George Moberly, she married (20 April 1876) Charles Awdry (1847-1912), whose brother William had earlier married her sister Emily."
84,Awdry, Vere, The Rev., , , , (14 October 1854-12 July 1928), Vicar of Ampfield," He succeeded John Frewen Moor as Vicar of Ampfield.  He married first (3 August 1887), Emily Man, secondly (27 October 1891), Mary Louisa Man, and thirdly (14 July 1909) Lucy Louisa Bury.  He was father by his third marriage of the Rev. Wilbert Vere Awdry (1911-1997), the author of <i>Thomas the Tank Engine</i> (1946). Son of Sir John Wither Awdry (1795-1878), chief justice of Bombay, he was brother of Frances Awdry,  the Rt. Rev. William Awdry and Charles Awdry. Sir John Awdry’s mother Jane Bigg was the sister of Sir William Heathcote’s mother Elizabeth (Bigg) Heathcote, and he was therefore cousin to Sir William and to the Rev. William Bigg Wither."
85,Awdry,William, The Rt.Rev., , , , (14 Jan 1842-4 Jan 1910)," Vicar of Amport, later Bishop of Osaka"," Successively Vicar of Amport, suffragan bishop of Southampton (1895),  Bishop of Osaka (1896-8) and South Tokyo (1898-1908), he married (4 August 1868) (Frances) Emily Moberly. Son of Sir John Wither Awdry (1795-1878), chief justice of Bombay, he was brother of Frances Awdry,  Charles Awdry and the Rev. Vere Awdry. His brother Charles Awdry married Margaret Helen Moberly. Sir John Awdry’s mother Jane Bigg was the sister of Sir William Heathcote’s mother Elizabeth (Bigg) Heathcote, and he was therefore cousin to Sir William and to the Rev. William Bigg Wither.  [WWW]"
86,Backhurst, Fanny, , , , , (fl.15 March 1852), a pupil of CMY at Otterbourne school,"  She married a soldier and just died three weeks after the birth of her baby.  She was probably daughter of James Backhurst (b. 1800/1), carpenter, of Otterbourne."
87,Backhurst, , Mrs, , , , (fl.15 March 1852),  mother of Fanny Backhurst,
88,Bacon, Mary, , , , , (b. 1804/5), companion of Maria Cristall (Florence Wilford\'s aunt) at St. Cross,
89,Bacon, , Mrs, , , , , probably a neighbour," CMY refused a garden party invitation from, n. d."
90,Badnell, Hopkins, The Ven., , , , (fl.1864)," Archdeacon of George, then of the Cape, later Bishop of Capetown", CMY sent her books to him.
91,Baillie, Joanna, , , , , (1762-1851), contributor to <i>MP</i> (1852) playwright,
92,Baird, E. J. C., , , , , ,"  contributor to <i>MP</i> (1887, 1889)",
93,Baker Wilbraham,Katharine Frances, ,"(Wilbraham), Lady",, ,(1849/51-1945), daughter of General Sir Richard Wilbraham," She married (4 April 1872) George Barrington Baker (1845–1912), who succeeded his father as 5th Bt. in 1912."
94,Baker,Amy Susan,  ,"(Marryat), Lady",, , , writer,"  She married the Rev. Sir Talbot Baker, 3rd Bt. (1820-1900) and is mentioned as an author, 1888."
95,Baker, Agnes, , , , , (b.1863/4), teacher," This person teaching Joanna Yonge is probably to be identified as Agnes Baker (b.1863/4), daughter of the Rev. James Baker of Clifton Lodge, Winchester, who is described, like her sister Emily (b. 1858/9) in the 1891 census as a Teacher of Music."
96,Baker, James, The Rev., , , , , father of Agnes Baker," The Rev. James Baker of Clifton Lodge, Winchester, seems the most plausible Mr Baker."
97,Baker, Annie or Anne, , , , , (b. 1840/1), member of the Gosling Society," Described as a new Gosling as ‘Sparrowhawk’ in September 1867, she was living at Upper East Hayes, Bath, and was daughter of Major Thomas Richard Baker (1802-1884) J.P., 7th Fusiliers Rtd. and Mary Frances Anderson Morshead (d. 1843).  She was first cousin to fellow Goslings [[person:28]Mary] and Beatrice Anderson Morshead, and was related to CMY through her great-grandmother. [LG 1906 Baker of Bayfordbury, 1871 census]"
98,Baldwin, James, , , , ," (b. Tanworth, Warwicks. 1824/5)", maltster," He is recorded in the 1881 and 1891 censuses as a maltster living at Compton with his wife Josephine (b. Solihull 1826/7), in the former year ‘employing 2 men & 2 boys’. "
99,Baldwin, Josephine, , , , , (b. Warwicks. 1826/7), wife of James Baldwin,
100,Ballard,  S., , , , , , contributor to <i>MP</i> (1898),
101,Ballard, , Mrs, , , , , listed as a contributor to the <i>Hursley Magazine</i> in 1848,
102,Bardsley, Charles Wareing Endell, The Rev., , , , (1843-1898), Vicar of Ulverston, He was the author of the first standard work on English surnames and contributor to the Bluebell series [BL cat; <i>Alumni Oxonienses</i>]
103,Bargus, Mary, , (Kingsman), , , (1759?-1843), maternal grandmother of CMY,"Coleridge states, <i>[[otherbook:40]Life]</i>, 154 that CMY\'s grandmother died in 1848.  However, it seems more probable that she died in 1843, when the death was registered in Winchester of a person of that name. She was daughter of the Rev. Thomas Kingsman (1717-1779), Vicar of Botley, and married (1792), as his second wife, the Rev. Thomas Bargus.  \'I think she was 89\' when she died, wrote CMY.  The IGI records the christening of a Mary Kingsman at Botley in 1751, which would make her about 92 in 1843, and 44 at the time of FMY\'s birth in 1795. Her father\'s death is recorded in the <i>Town and Country Magazine</i> (1780), 55."
104,Barfoot, John, , , , , ( ), carpenter in Otterbourne,
105,Barfoot, Sarah, , , , , (b. 1806/7 or 1810/1)," wife of John Barfoot, carpenter",  Her age is given differently in the 1851 and 1841 censuses. 
106,Bargus, Thomas, The Rev., , , , (d. 29 March 1809)," Vicar of Barkway, maternal grandfather of CMY"," He married first (1787), a widow with two children, Cordelia (Garstin) Colborne (d.15 March 1791) and secondly (1792) Mary Kingsman. [LG 1870 Garstin of Leragh Castle]"
107,Barker, ,Miss, , , ,(fl.1846), ,The context of these references suggests a Puslinch neighbour.
108,Barlee, Ellen, , , , , (b. 1825/6), social worker," Third of the five daughters of the Rev. Edward Barlee, Rector of Worlingworth, Suffolk, she was Lady superintendent of the Institution for the Employment of Needlewomen, Hinde St, founded 1860, as well as a contributor to the <i>Athenaeum</i>, the <i>Englishwoman's Journal</i> and <i>MP</i> (1866), referred to 3 April 1863. [1851, 1861 census]"
109,Bowles, Caroline, , (Barlow), , , (d. 1896), mother of the Rev. Henry Bowles," Daughter of Robert Barlow of Holybourne, she was wife of the Rev. Henry Albany Bowles, sr.."
110,Barlow,Jane,  , , , , , contributor to <i>MP</i> (1894-5),
111,Barnard, Charlotte Alington, , (Pye), , , (1830-1869)," composer and poet under the name 'Claribel', contributor to <i>MP</i> (1869)",
112,Barnes, William, , , , , (fl. 15 March 1852), perhaps a neighbour of the Puslinch Yonges.  ,He may possibly also be the Barnes referred to by FMY in 1854 as acting on behalf of WCY in Devon.
113,Barnett, Elizabeth, , , , , (28 Nov 1810-15 April 1900), sister-in-law of the Very Rev. William John Butler,"  Second cousin of the Very Rev. William Butler, who was married to her younger sister Emma Barnett, she supported his good works at Wantage.  She lived with her father George Henry Barnett (d. 1871) and younger sister Louisa at Glympton and in Wilton Crescent. [H. Barnett, <i>Glympton</i>;  LG 1952 Barnett formerly of Glympton]  "
114,Barter, Elspeth Catherine, , (Moberly), , , (11 Feb 1843- 27 March 1938), daughter of the Rt. Rev. George Moberly," She married  (10 Sept 1863) the Rev. Henry Barter (1835/6-1901), from 1868 Vicar of Shipton-under-Wychwood. Referred to as Kitty Barter, she is not to be confused with Kate Barter, her sister-in-law, or with her husband’s cousin Katharine Mary (Barter) Wordsworth (d.1897). [<i>Dulce Domum</i>]"
115,Barter, Henry, The Rev., , , , (1835/6-24 May 1901), Vicar of Shipton-under-Wychwood," He married (10 Sept 1863) Elspeth Catherine Moberly, known as Kitty Barter;  he also had a sister Kate Barter who ran a school in Shipton.  Son of the Rev. Charles Barter, Vicar of Sarsden, he was educated at Eton and Merton College Oxford, and became Vicar of Shipton-under-Wychwood in 1868. [Eton Register; <i>Alumni Oxonienses</i>]"
116,Barter,Catherine, , , , ,(b.1818/9),traveller and schoolmistress,"The daughter of the Rev. Charles Barter, Rector of Sarsden, and niece of the Rev. Robert Speckott Barter, she seems to have lived near her brother the Rev. Henry Barter, Vicar of Shipton-under-Wychwood, and run (in 1871) a small school, whose pupils included a South African ward named Salome Melango. CMY calls her ‘Kate Barter’ and refers to her ‘young Zulus’.  She is not to be confused with her sister-in-law Elspeth Catherine ‘Kitty’ (Moberly) Barter, or with her first cousin Katherine Mary (Barter) Wordsworth.  She was the author of an anonymous travel book <i>Alone among the Zulus: The narrative of a journey through the Zulu country, South Africa. By a plain woman</i> (London: SPCK 1866) and has an entry in S. O. Spencer, <i>British settlers in Natal, 1824-1857: A Biographical Register</i> (2001). She was born at Broadstone, Oxfordshire."
117,Barter,Katharine,, , , , (1755/6-20 January 1850), mother of the Rev. Robert Speckott Barter,"Widow of the Rev. Charles Barter, Vicar of Cornworthy.  Her death reported in the <i>Morning Post</i> (26 January 1850)."
118,Barter, Robert Speckott, The Rev., , , ,  (1790-8 Feb 1861), Warden of Winchester College," A much-loved figure. [Wainewright, <i>Winchester College</i>]"
119,Bastard, Edmund Rodney Pollexfen, , , , , (1825-1856)," landowner, Catholic convert"," Eldest son of Edmund Rodney Pollexfen Bastard (1784-1838) of Kitley, very near Puslinch, he converted to Rome and married (1853) Florence Mary Scrope (d. 1871) [LG 1952)"
120,Bastard, Baldwin John Pollexfen, , , , , (1830-1905),  ,He succeeded his brother Edmund Bastard in the Kitley estates. 
121,Barrett Lennard, Anna Meredith, , (Harris), , ,  (1847/8-1940), teacher and writer," Daughter of Chaplin Aaron Harris of Evergreen, Baltimore USA she married (4 Dec 1873), as his second wife, Charles Edward Barrett Lennard (1835-July 1874). Evidently a novelist who lived in Germany, and a moaner. Fiction exists published by Mrs Charles Edward Barrett Lennard. The identification of CMY’s correspondent with this person seems likely but cannot be certain.[PB 1914; 1881, 1901 London census]"
122,Battenberg,Alexander,Prince, of,,,(1886-1960), Marquis of Carisbrooke, 
123,Battenberg,Leopold Henry,Prince,of,, ,(1889–1922), , 
124,Battenberg,Maurice,Prince,of,, ,(1891-1914), , 
125,Batty, Beatrice Braithwaite, , (Stebbing), , , (1833-1893), contributor to <i>MP</i>," Daughter of the Rev. Henry Stebbing, her marriage (24 July 1860) to the Rev. Robert Braithwaite Batty, elder son of the late Lieut-Col Robert Batty, Grenadier Guards, was announced in <i>The Times</i> (26 July 1860).  She appears to have been sister-in-law to Johanna Batty.  According to her obituary <i>The Times</i> (2 May 1933) her husband went as a missionary to India and died almost immediately. Some autobiographical and other MSS of hers are in the Bodleian Library, Oxford."
126,Batty, Johanna, , , , , (1830/1-1894)," contributor to <i>MP</i> as Ivanovna (1862-91), social worker and writer"," She lived with her mother (born in South Africa, daughter of Sir John Barrow Bt., 1764-1848, the geographer) and sister at 140 Hampstead Road in London.  She collaborated with CMY on a guide to charities of England but it is not clear whether it was published [1851, 1881 census].  "
127,Bayley, Ebba, , , , , (b. 1845/6), member of the Gosling Society," Daughter of William Rutter Bayley (1813/4-1879), J.P. of Cotford House, Sidbury, Sidmouth, she was  a Gosling as ‘Hoopoe’ [Devon 1851 census;  PO Devon 1873, Alumni Oxonienses; his will, he left 70,000]"
128,Beale, Dorothea, , , , , (1831-1906)," headmistress of Cheltenham Ladies College, contributor to <i>MP</i> (1882)",
129,Lygon, Frederick, , , , 6th Earl Beauchamp, (1830-1891), landowner,"  He succeeded his brother in 1866 and married, first (18 Feb 1868), Lady Mary Catherine Stanhope (d. 30 June 1876), and, secondly (24 Sept 1878), Lady Emily A C Pierrepoint (d. 1935)."
130,Beck, Caroline Jeannette (or Janetta), ,  (Bignell), , ,  (Launceston 1819/20-1891), stepmother of Gertrude Walter and Frances (Walter) Yonge,"  She married first (1853) Lieut-Colonel Edward Walter (1804-10 Dec 1862),  and secondly (1867), the Rev. James Beck (b.1819/20), Rector of Parham and then of Bildeston. "
131,Beck, Edward Josselyn, The Rev., , , , (b.1832)," contributor to <i>MP</i> (1869), Rector of St. Mary Rotherhithe", 
132,Beck, James, The Rev., , , , (b. Bengal 1819/20)," husband of Gertrude Walter’s stepmother, Rector of Parham, Sussex, and then of Bildeston, Suffolk","  He became in 1871 Rector of Parham transferring by 1881 to of Bildeston, Suffolk, and serving as Rural Dean of Suffolk.  He married (1867)  Gertrude Walter’s stepmother Caroline Jeannette (Bignell) Walter."
133,Belfield, Florence,, , , , (b.1848/9), owner of gloves associated with Charles I,"  Her address is given as Malmain, French hay, Bristol, where she is found in the 1891 census as the French-born wife of William Belfield, J.P.."
134,Bell,Margaret Alexis, , , , , (1818-1889), friend of Ruskin and headmistress of Winnington Hall School,See <i>The Winnington Letters: John Ruskin\'s Correspondence with Margaret Alexis Bell</i> (1969).
135,Bell, Nancy, , , , , ," writer on art and travel as N. DAnvers, contributor to <i>MP</i> (1883)", 
136,Bellairs, Nona Maria Stevenson, ,  , , , (1823/4-1897)," contributor to <i>MP</i> (1866), author of fiction and non-fiction 1848-1885","  The daughter of the Rev. Henry Bellairs, Rector of Bedworth, Warwickshire, she lived in Bournemouth for the latter part of her life."
137,Bennett, Henry, The Rev., , , , (1795-1874), Rector of Sparkford," He married (1821) Emily Moberly, daughter of Edward Moberly of St Petersburg and sister of Rt. Rev. George Moberly [LG 1906]"
138,Bennett, , Miss, , , , (fl.28 Oct 1844),"She was possibly a member of the Bennett family of Sparkford, cousins of the Moberlys, evidently living near Otterbourne.

The Miss Bennett, known to Louisa Catherine Palmer, who had eye trouble in 1864, might be the same person, or not.",
139,Benson, Arthur Christopher, The Rev., , , , (1862-1925)," writer, son of Archbishop Benson, contributor to <i>MP</i> (1896)",
140,Benson, Edward White, The Rt. Rev., , , , (14 July 1829-11 Oct 1896), Bishop of Truro and later Archbishop of Canterbury,
141,Benson,  Mary Eleanor, , , , , (1863-1890)," contributor to <i>MP</i> (1889-90), social worker, daughter of Archbishop Benson",
142,Beresford, John Jervis, , , , , , contributor to <i>MP</i> (1891), He also published verse (1887).
143,Berger, Janet Sinclair, , (Colquhoun), , , (1843-1931)," contributor to <i>MP</i> (1898, 1899)"," She published an anthology of devotional material (1893). She was daughter of John Colquhoun (1805-1885) and sister of the novelist Lucy Bethia (Colquhoun) Walford, who also contributed to <i>MP</i>; she married the Rev. Arthur Hastings Berger (1845-1934). "
144,Berthon, Edward Lyon, The Rev., , , , (1813-1899), Vicar of Romsey and inventor of the screw propeller,  He married in June 1834 and his wife died in 1865;  he was a friend of the Rev. C. A. Johns;  neither his ODNB entry nor his <i>Retrospect</i> shed any light on the scandal described by CMY.
145,Berwick,  John, , , , , , contributor to <i>MP</i> (1897), He is probably the novelist of that name.
146,Best, Aline Grefil, , , , , , contributor to <i>MP</i> (1892-7),
147,Best, , Miss, , , , (fl.19 Aug 1865)," perhaps a housekeeper, a nurse or a relation",
148,Bigg, Alethea, , , , , (1777-1847)," friend of Jane Austen, aunt of Sir William Heathcote",  She was a member of the Bigg Wither family;  other members are listed under Wither.
149,Biggs, Louis Coutier, The Rev., , , , (1840/1-1903)," Rector of Chickerell, hymnologist, contributor to <i>MP</i> (1867,1871)",
150,Bindloss, Harold, , , , , (1866-1945)," journalist, novelist of empire, contributor to <i>MP</i> (1899)",
151,Bird, Mina, , , , , , contributor to <i>MP</i> (1876-7)," Possibly a pseudonym, no COPAC entries."
152,Birkett, George William, The Rev., , , , ," Vicar of St. Florence, Pembrokeshire, contributor to <i>MP</i> (1887)",
153,Birley,Caroline, , , , , (1851-1907)," author of children\'s fiction 1880-94, contributor to <i>MP</i> (1883-6)","Her works are often commended by CMY in \'Hints on Reading\'.  She was a keen amateur geologist who bequeathed her collections to the British Museum.  [obituary <i>The Times</i> (28 February 1907) 10;  others in science journals]

She is therefore unlikely to be the Miss Birley lending CMY Salverte\'s book on names in 1864, when she would have been rather young."
154,Birley, ,Miss, , , , (fl.1864), lender of Salverte’s <i>History of the Names of Men</i> in 1864,Probably not Caroline Birley (1851-1907) who seems too young.  
155,Biss, , Mrs, , , , (fl.1861)," perhaps the wife of a missionary to NZ and friend of JC Patteson, taking <i>The Daisy Chain</i> out to him",
156,Bishop, Matilda, , , , , (b. Great Bookham 1831/2), elementary school teacher," She was a widow in Otterbourne at the time of the 1881 census.  Her husband, a ship’s steward, was at sea in 1871.  However this may be a different couple."
157,Bjornson, Bjornsterne, , , , , (1832-1910)," Norwegian novelist and Nobel prizewinner, contributor to <i>MP</i> (1867)",
158,Black, Clementina Maria, , , , , (1853-1923)," social worker, activist and novelist, contributor to <i>MP</i> (1895)",
159,Blackburn,Jemima, ,(Wedderburn), , , (1823-1909), artist and naturalist,"Jemima (Wedderburn) Blackburn (1823-1909), a Scottish naturalist and painter, met CMY through [[person:1252]Frederic Rogers] (1811-1889), later Lord Blachford, a Devon Tractarian who was married to her cousin Georgina Colvile (d.1900). Blackburn’s memories of CMY are printed in Robert Fairley, <i>[[otherbook:63]Jemima: Paintings and Memoirs of a Victorian Lady]</i> (Edinburgh : Canongate, 1988), 128:  ‘Charlotte Yonge was a friend of the Rogers and was asked to stay while I was visiting them. It was a very small house and we were lodged in two little garrets next one another, and used to brush out our hair together before going to bed, and so soon became friends. She was very good looking with dark hair and fine eyes, spoke pleasantly and was a little above middle height. We talked of many things. I found her not at all formidable, as one feared she might be, being so well informed; one might almost say learned.  . . . I kept up the friendship as long as she lived, and got a good many letters from her while I was illustrating her books.’   She married Hugh Blackburn, Professor of Mathematics at Edinburgh University. 

Jemima Blackburn discovered the habits of the cuckoo."
160,Blackburne, Gertrude Mary Ireland, , , , , (13 May 1861-28 November 1951), journalist and church worker," Daughter of John Blackburne of Chester, wine merchant, and Mary Buchanan, she was co-editor of <i>The Churchwoman</i> (1897-1905) assistant editor of <i>The Sign</i> (1905-50) and contributor to <i>MP</i> (1889-1898).  It appears that her family may have originally used the spelling Blackburn. [WWW; wills index]"
161,Bliss,Sophia, ,(Bell), , ,(b.1800/1-after 1861),widow of the Rev. Philip Bliss,"The NLS catalogues this letter as addressed to the wife of the Rev. Dr. Philip Bliss (1787-1857), antiquary and editor, who was keeper of the Oxford University archives.  It appears that the Mrs Bliss to whom it was addressed was about to travel to New Zealand."
162,Bromfield,Mary Elizabeth,,Mills, , ,1824/5-1888,contributor to <i>MP</i> ,"The identity of this person is slightly puzzling, though CMY called her one of \'my crack authors\'. 

The most likely candidate seems to be Mary Elizabeth (Mills) Bromfield (Harrow 1824/5-1888 Newton Abbot), daughter of the Rev. Dr William Mills, master of Exeter Grammar School, in 1861 living with an engineer brother in Canterbury.  She married (Canterbury 23 Sept 1862) the Rev. Henry Bromfield, Vicar of Blockley, and was living with him there 1871. In 1881 she was a widow with an aged spinster sister-in-law at Fladbury House, Pershore, the address with which she corresponds with <i>MP</i>.  She was probably the Mary E. Bromfield, author of SPCK tales, <i>Female Christian Names</i> &c., in COPAC. 

Another possibility is that she is also the contributor to <i>Biographies of Good Women</i> described as ‘the author of Magdalen Stafford’. That novel, <i>Magdalen Stafford, or, A Gleam of Sunshine on a Rainy Day</i> (1857) and the same author’s <i>The Home Life of English Ladies in the XVII  Century</i> (1860), may be Mrs Bromfield’s work.  
"
163,Blunt, Emily, , , , , ,  teacher at Miss Finlaison’s school,
164,Blunt, Susanna, Lady, (Nelson), , , (1829/30-8 April 1900), ," She was daughter of the 2nd Earl Nelson, who changed his name from Bolton on succeeding his uncle in 1835,  and sister of the 3rd Earl Nelson. She was therefore related to Alexander Montgomery Moore.  At a fairly advanced age she married (27 June 1865) the Rev. Canon Alexander Colvin Blunt.  She was the president of the GFS in Winchester diocese in 1878.  Her mother and CMY’s had been friends.  [PB Blunt Bt. Nelson E]"
165,Blyth, George Francis Popham, The Rt. Rev., , , , (1832–1914), Bishop of Jerusalem and the East, He  had founded the Jerusalem and the East Mission Fund in 1890.
166,Boger,Walter Deeble, , , , , (b. 15 Feb 1832), landowner," He was a member of a gentry family living at Wolsdon, Antony, Cornwall, where they were presumably known to the Yonges of Puslinch and Antony. [LG 1906]"
167,Smith, Mary Isabella, , (Bogue), , , (before 1823-1878), daughter of Captain Richard Bogue,"It seems reasonable to identify Mary Bogue with this person, who married on 22 November 1838 the Reverend Francis Smith (1810-1851), Rector of Tarrant Rushton, 5th son of Sir John Wyldbore Smith, 2nd Bt. and Elizabeth Anne Marriott. Richard Bogue was JBY’s godfather, see Coleridge, <i>Life</i> 74. He was probably FMY\'s first cousin, son (or perhaps grandson) of her father\'s aunt Mary (Bargus) Bogue."
168,Bogue,John Richard, The Rev., , , ,(1808-1857),"Vicar of Denbury, cousin of CMY","CMY\'s grandfather the Rev. Thomas Bargus had an elder sister, Mary, who married Dr. Bogue, of Farnham.  John Richard Bogue was evidently her grandson. He married (1840) Sophia Elizabeth Mudge. [S. R. Flint, <i>Mudge Memoirs</i> (1883), IGI] "
169,Bogue,Edith Elizabeth , , , , ,(1857-1863),"cousin of CMY, daughter of the Rev. John Richard Bogue",
170,Bogue, Francis Reginald, , , , , (1855-1863), son of the Rev. John Richard Bogue, 
171,Bond, Alethea Duke, , (Yonge), , , (3 Nov 1817-18 Feb 1847), cousin of CMY," Daughter of the Rev. Duke Yonge, Vicar of Antony she married Major Edward Bond. "
172,Bond, R.W., , , , , , contributor to <i>MP</i> (1894),
173,Boothby, E. C., , , , , , contributor to <i>MP</i> (1894),
174,Borges, Hugo, , , , , (fl.19 November 1866)," German writer, referred to in letter to Macmillan",
175,Bosanquet, George William, , , , , (1845-1869), contributor to <i>MP</i> (1868), He published <i>Essays and Stories by the late G. W. Bosanquet</i> (1870).  CMY’s letter about his contribution is in a collection formed by Elizabeth Bosanquet.  He was staying with the children\'s writer W. H. G. Kingston at the time of the 1861 census.
176,Bothamly, , Mrs, , , , , correspondent in 1900,
177,Boulnois, Helen Mary, , , , , ," contributor to <i>MP</i> (1898), author of works on mind healing and mysticism",
178,Bourn, William Butler, , , , , (1798/9-1865)," partner in firm of John Parker, publishers", [DLB]
180,Bourne, William St. Hill, , , , , ," contributor to <i>MP</i> (1890), author of religious prose and verse, hymnologist",
181,Bowdler, Harriet, , , , , , contributor to <i>MP</i> (1851),"  Henrietta Maria Bowdler (1750-1830), writer and expurgator."
182,Bowles, Louisa Alethea, , (Yonge), , , (1863-28 September 1941), niece of CMY,"  Known as Alethea or Alley, she married (7 August 1884) the Rev. Henry Albany Bowles jr. (1859/60-1943)."
183,Bowles, Cicely Gertrude, ,  , , , (1890-1974),  great-niece of CMY,"  Eldest child of Henry and Alethea Bowles, she married (1915) Harry Francis Saunders. She was christened in February 1890."
184,Bowles, Henry Albany, The Rev., , jr., , (1859- 2 March 1943), Vicar of Otterbourne and nephew-in-law of CMY," He married (7 August 1884) (Louisa) Alethea Yonge (1863-1941).  He was ordained in 1883 and served first (1889) as curate of St Matthew, Haberham Eaves, Burnley.  He was made Rector of Arlington, near Barnstaple in 1884 and in 1892 became Vicar of Otterbourne.  He left £26,505. [Clergy List, will]"
185,Bowles, Margaret Ernestine, , , , , (1894-1984), great-niece of CMY," Second daughter of Henry and Alethea Bowles, she married (1918) Henry Fielding Bond."
186,Bowles, Marjory Joan Georgina, , , , , (1896-1979), great-niece of CMY," Third daughter of Henry and Alethea Bowles, she married George St. John Rands (1893-1978)."
187,Bowles, Phyllis Alan, , , , , (1901-1972), great-niece of CMY," Fourth daughter of Henry and Alethea Bowles, she married Edward Adair Barnard (d. 1972)."
188,Bowles, Eileen Helen, , , , , (1904-1991), great-niece of CMY," Youngest child of Henry and Alethea Bowles, she married (1937) Leslie James Maidment."
189,Bowles, Reginald Julian Albany, , , , , (1891-21 July 1916), great-nephew of CMY, Only son of Henry and Alethea Bowles. He was christened in July 1891.
190,Bowles, Henry Albany, The Rev., , sr., , (1819-25 June 1898), father of the Rev. Henry Bowles,"  He was ordained in 1843 and was Rector of Merrow, Guildford; he married (1856) Caroline (d. 21 Feb 1896), dau of Robert Barlow of Holybourne, Hants  [LG 1906 Bowles]"
191,Boyce, Ethel Mary, , , , , (b. 1862?), contributor to <i>MP</i> (1891-4) composer,  She trained at the Royal Academy of Music where she was briefly engaged to Sir Edward German; she published music. 
192,Boyle, George David, The Very Rev., , , , (17 May 1828-21 March 1901), Dean of Salisbury," He married (1861) Mary Christiana Robins.  He served as Vicar of Handsworth from 1860, then became Vicar of Kidderminster in 1867, then Dean of Salisbury in 1880."
193,Boyle, Mary Christiana, , (Robins), , , (1826/7-1907),  ,"wife (since 1861) of the Dean of Salisbury, the Very Rev. George David Boyle (1828-1901)."
194,Brackenridge, , Mr., , , , , perhaps a stockbroker or a lawyer," Found crediting £291 to CMY's bank account 11 Oct 1848, further sums in 1849."
195,Bramston, Anna Rachel, , , , , (Witham 1848/9-1931), contributor to <i>MP</i> (1887)," She was the daughter of the Rev. John Bramston by his second wife, and half-sister of Mary Eliza Bramston.  In the 1891 census she was living at Witham Close, Kingsgate St., Winchester with her widowed mother Anna Bramston aged 84. She seems to have lived later with the novelist Amelie Claire Leroy, and they adopted a daughter called Juliette (perhaps a relation of Leroy’s?). The two of them published two books on the history of Winchester.  They were closely involved in the foundation of the Winchester High School (now St. Swithin’s School). She was on the Diocesan Council of the GFS in 1878, she and CMY in charge of the literature department."
196,Bramston, John Trant, The Rev., , , , (1843-1931), brother of Mary Bramston and half-brother of Anna Bramston," He married (29 Dec 1875) Jane Ady (CMY spells Adey),  'daughter of Archdeacon Adey'.  He taught at Winchester 1868-1908. [WWW LG 1906 Bramston]"
197,Bramston, John,The Very Rev., , , , (1802-1887)," Vicar of Great Baddow, Essex and Dean of Winchester","  He married (1832) Clarissa Sandford Trant (1800-1844) and had three children: Clara (1833-1907), wife of the Rev Bixby Garnham Luard (b. 1835) by whom she had 5 sons and 6 daughters;  Mary Eliza (1841-1912); and John Trant (1843-1931).  He married secondly (1845) Anna Hanbury (b.1805/6) and had one daughter Anna Rachel.  He lived at the Deanery, in Winchester Cathedral Close.  He was nephew of Mary Archer Houblon of Hallingbury. [C.G.Luard, <i>Journal of Clarissa Trant</i>;  LG 1906 Luard]"
198,Bramston, Mary Eliza, , , , , (1841-2 February 1912)," contributor to <i>MP</i> (1870-96), novelist","  Daughter of the Rev. John Bramston by his first marriage and half-sister of Anna Bramston, she was a  prolific writer of fiction and non-fiction, generally for young women: she collaborated with CMY and others on <i>Astray</i>. She seems to have acted for some years as governess to the daughters of Archbishop Benson.  Several of her works, such as <i>Everingham Girls</i> (1886)and <i>Apples of Sodom</i> (1889), portray intense same-sex relationships. She died at Kinshot Street Cross, Winchester, and left £8253. [<i>Journal of Clarissa Trant</i>, NUC, wills index]"
199,Bright, William, The Rev., , , , (1824-1901)," historian, hymnwriter and contributor to <i>MP</i> (1868-70)", [ODNB]
200,Brock, Gabrielle Frances, , , , , (b. 26 Oct 1882), eldest daughter of the Rev Henry Walter Brock, [LG 1952]
201,Brock, Henry Walter, The Rev., , , , (17 May 1849-Oct 1919), Vicar of Otterbourne 1881-1892," He married (3 Jan 1882) Amy Gabrielle Powell (d. 10 Feb 1947). He served as vicar of Otterbourne from 1881, resigned 1892 and until his death was Rector of St Pierre-du-Bois, Guernsey (succeeding his father, the Very Rev Carey Brock, 1824-1892, dean of Guernsey). [<i>John Keble’s Parishes</i>; LG 1952 Brock]"
202,Brock, Hubert Carey, , , , , (b. 2 Nov 1883), eldest son of the Rev Henry Walter Brock, He married (1919) Edna Mary Scott [LG 1952 Brock]
203,Brodie,Benjamin Collins,Sir, ,1st Bt., ,(1783-1862),physician, He was created a baronet in 1834. [ODNB]
204,Brodrick, Alan, The Rev. and Hon., , , , (1840-1909)," Vicar of Bramshaw, contributor to <i>MP</i> (1874),","  He was also Rector of Alverstoke, poet, church historian and son of the 7th Viscount Midleton."
205,Brodrick, Emily Hester, , (Melvill), , , (1846/7-1906)," novelist, contributor to <i>MP</i> (1887,1888)"," She was wife of the Rev. and Hon. Alan Brodrick, Vicar of Bramshaw."
206,Bromhead, Anne F., , , , , , contributor to <i>MP</i> (1867),"She was probably Mrs A. F. Bromhead,  the founder and first Lady Superintendent of the Lincoln institution known as the Bromhead Nursing Home, and then the Bromhead Hospital until 2001, when the NHS sold it to Nuffield Hospitals.  "
207,Brougham,Catherine Anna Mona, , (Macartney), , , (1804/5-1892), contributor to <i>MP</i> (1888)," MS Girton College, Cambridge, To A.D. Innes (9 June 1888), identifies the contributor of an article signed \'C.A.W.B.\' as \'Mrs Brougham/ Castlehaven Rectory/ Castletownsend\'.  The article is signed ‘C.A.W.B.’, and refers to ‘my mother, Lady M.’ and to the author as ‘aged’. The initials were evidently misprinted, and the author Catherine Anna Mona Brougham (1804/5-1892), widow of the Rev. Henry Brougham (d.1831), Rector of Tallow, and daughter of Sir John Macartney and his second wife Catherine Burgh.    Two other articles appeared in the <i>Monthly Packet</i> in 1889 over the initials \'C.A.M.B.\'  Mrs Brougham was probably living with a clerical son, because E. Œ. Somerville, who lived in Castletownsend, refers (10 September 1888) to \'a hideous tennis function at the Broughams.\'  <i>Selected Letters of Somerville and Ross</i> ed. G. Lewis (London: Faber 1989), 118. Earlier \'Recollections of Parochial Work in Ireland\' had appeared in <i>MP</i> 1864-5, and the bank account shows payments to Mrs Brougham  of £11 (20 April 1863); £10 (12 March 1864); £5 15 <i>s</i>. (29 August 1864); £8 (31 Jan 1865); £3.3s. (23 February 1866). We are grateful to Mr Peter Wyly for supplying her dates of birth and death. [See also PB Brougham]"
208,Brandreth,Madeline, ,"(Colvin), Lady",, ,(b.1843/4),GFS worker," She married (1866) Admiral Sir Thomas Brandreth (1825- 1894);  her address in PB 1914 is Heathfield, Winchester."
209,Brenton, J., Sir, , , , , contributor to <i>MP</i> (1853)," Probably Rear-Admiral Sir Jahleel Brenton, 1st Bt. (1770-1844). "
210,Brett, Robert, , , , , (1808-1874)," surgeon and vice president of the English Church Union, contributor to <i>MP</i> (1869)", [ODNB]
211,Brown, John Cave, The Rev., , , , (1818-1898)," Vicar of Detling, Kent 1843-87", He offered a paper on Lambeth Chapel to <i>MP</i>. 
212,Brown, Kate H., , , , ,(b. Salisbury 1871/2), schoolmistress, Found in the Salisbury Diocesan Training School during the 1891 census.
213,Browne, Edward Harold, The Rt. Rev., , , , (1811-1891), Bishop of Winchester," He married (1840) Elizabeth Carlyon.  He became Bishop of Ely in 1864 then succeeded Samuel Wilberforce as Bishop of Winchester in 1873, resigning the see in 1890."
214,Browne, Elizabeth, , (Carlyon), , , (b. Truro 1818/19), wife of the Rt. Rev. Harold Browne,
215,Bruce, Margaret, , (Renshaw), , , (d. 11 Sept 1913)," called Lady Frederick Bruce, contributor to <i>MP</i> (1883)", She married (21 Aug 1873) Lord Charles Frederick Bruce (1849-1936). [PB]
216,Bryce, Mary R. L., , , , ,  ,contributor to <i>MP</i> (1894-5),"  She was an illustrator and biographer of her uncle John Veitch, professor of philosophy at Glasgow University."
217,Buchanan, George, , , , , (1506-1582),"  neolatin poet, contributor to <i>MP</i> (1873)",
218,Buckle,Anne Badcock, , , , , (1845-1871), member of the Gosling Society,"  She was a Gosling to 1863, but her alias is unknown.  Daughter of Captain Edmund Buckle (1808-1846), Indian army officer and historian, and Anne Nicolls, she lived at 9 New Ormond St, Queens Square, London.  Her father's aunt Anne married Col Stanhope Badcock and was great-grandmother of fellow-gosling Paulina Martyn. [LG 1952 Buckle, 1861 census] "
219,Budd, Alice Maud, , , , , (b.1850), member of the Gosling society,"Maude Budd was a Gosling in 1869, her address the Manor House, Clifton.  She was probably Alice Maud Budd (b.1850) daughter of the epidemiologist William Budd (1811-1880), of that address, and Caroline Mary Hilton (d. 1887). [Mrs Budd\'s will; ODNB; <i>Black\'s Medical Dictionary</i>]"
220,Budgett, Samuel, , , , , (1794-1851), subject of the book <i>The Successful Merchant</i> (1852),
221,Bullock, John Frederick Watkinson, The Rev., , , , (1840-1918),  ,"He succeeded his father and grandfather as Rector of Radwinter 1865-1916.  In 1902 he published the first three volumes of a projected six volume work called <i>Daily Lections for every Morning and Evening throughout the Year</i> (London: Rivington 1902).  Volume V of this work, described in his preface, was to have consisted of \'Lections on Anglican Worthies, arranged as additional Readings for Sunday\'.  These \'Biographies of Eminent Anglicans\' exist in MS and are catalogued under that name among the Bullock papers in the Bodleian Library, Oxford, but were never published, since no more of the <i>Daily Lections</i> ever appeared.  The biographies were contributed by various authors, including CMY, Elizabeth Rundle Charles and Florence Wilford.  [ Burke LG 1862, Venn, <i>Alumni Cantabrigienses</i>.  N.B. Venn\'s statement that there is an obituary in the <i>Guardian</i> 11 April 1918 seems to be inaccurate.]"
222,Burgon, John William, The Rev., , , , (1813-1888)," theologian, dean of Chichester from 1875",
223,Burke, Anna Christian, , , , , , contributor to <i>MP</i> (1889-95),"  She was a  translator from the French, author of works on the language of flowers;  she is called Mrs L. Burke and may be the wife of Luke Burke, editor of the <i>Ethnological Journal</i>;  if so her dates were probably 1821/2-1908."
224,Burdon, John Shaw, The Rt. Rev., , , , (1826–1907), Bishop of Hong Kong, 
225,Burlton, Ella Louisa Ellenborough, , , , , (b. Cheltenham 1850), sister-in-law of Rowland Jones-Bateman,"  She married (3 July 1883) the Rev. John Owen Evans (b.1844/5) and was living  She might be the 'E.L.E.B.' who did two translations from the French to which CMY contributed prefaces, <i>Gold Dust</i> (1880) and <i>Spring Buds</i> (1883). The <i>North Wales Chronicle</i> reported (14 July 1883) under ‘Marriages’: 'on the 3rd inst. at Otterbourne . . .  the Rev. John Owen Evans, M. A., vicar of Towyn, Denbighshire, eldest son of the Venerable the Archdeacon of Merioneth, to Ella Louisa Ellenborough, youngest daughter of the late Colonel Burlton, C.B., of Oaklands Hall, Middlesex, formerly Commissary General of Bengal.' "
226,Burn, , , , , , , perhaps a tradesman,"  There are payments to Burn in the bank account from 1854, 1856, he was perhaps a printer?"
227,Burne-Jones, Edward Coley, Sir, , , , (1833-1898), painter and designer,
228,Burns, James, , , , , (1808-1871), publisher,"  He published CMY’s first novel <i>Abbeychurch</i> (1844) and other early Tractarian fiction and non-fiction, and converted to Rome in 1847."
229,Burrows, Montagu, , , , , (1819-1905), historian," He was secretary of the Oxford Branch of the Universities Mission to Central Africa, member of the committee which founded Keble College and became  Chichele professor of modern history at Oxford University in 1862. [ODNB]"
230,Burslem, Willoughby M., , , F.R.C.P., , (b.1809/10)," physician, of Bournemouth", Mentioned as attending the Kebles in their last illness.
231,Busk, Rachel Harriette, , , , , (1831-1907), contributor of <i>MP</i> (1868-71),"  She was a journalist and folklorist, serving as Rome correspondent of the <i>Westminster Gazette</i>.  She followed Manning in converting to Roman Catholicism in 1858. Her sister Julia Byrne was also a contributor to <i>MP</i>. [ODNB]"
232,Bussell, Euphemia Emily Georgiana, , , , , (1843-1907), contributor to <i>MP</i> (1873-88), She published three volumes of fiction 1876-86 but described herself in the 1901 census as ‘Lady’s Companion’.
233,Buston, Roger, The Rev., , , , (1807/8-1886), Vicar of Twyford,  He married (1850) Anne Mary Dennis (1824/5-26 Oct 1895)  and their children included Roger (b. 1851/2); Philip Thomas (b. 1853);  Edith M. (b. 1854/5); Charles b. (1855/6); Arthur b. 1856/7; Anne (b. 1859/60); Mary Phillis Katherine (b. 1864/5-3 Dec 1899) Ellanar Sarah (b. 1865/6); Margaret Elizabeth G. (b. 1869/70) [census returns; <i>Times</i>  for Phyllis and Anne Mary’s deaths]
234,Buston, Margaret Elizabeth G., , , , , (1869-1939)," daughter of the Rev. Roger Buston, Vicar of Twyford",She married (1912) James Clayton.
235,Buston, Philip Thomas, , , , , (1853-1938)," son of the Rev. Roger Buston, Vicar of Twyford",
236,Buston, Anne Mary, , (Dennis), , , (1824/5-26 Oct 1895), wife of the Rev. Roger Buston, 
237,Butler, Anna, , , , , (b.1825/6)," sister of the Very Rev. William John Butler, contributor to <i>MP</i> (1852)"," An obscure figure but an important early contributor to <i>MP</i>, she seems to have shared the family scholarly interests, being a student of German and Danish and author of a book CMY refers to as your 'Scandinavian book'  in early 1856.   The letters in the Fairclough collection are clearly addressed to a sister of William Butler, who had two, Frances, who married in 1843 and died in 1851, and Anna (b.1825/6), who was still alive in 1892, author of <i>Likes and Dislikes: Some Passages in the Life of Emily Marsden</i> (1858) and several other works published as by ‘The author of Likes and Dislikes', viz., <i>Philip Bezant, or, Is Revenge Sweet</i>?  (1859), <i>The Brotherhood of St. John the Evangelist at Berlin</i> (1859),  <i>Chilcote Park, or, The Sisters</i> (1860) and <i>The Post Office Window, Being a Tale of the Night School</i> (1862).  The identification is confirmed by payments to Miss A. Butler in the bank account."
238,Butler,Arthur John, , , , , (21 June 1844-26 Feb 1910)," contributor to <i>MP</i>, Italian scholar, son of the Very Rev. William John Butler","  He married (6 April 1875) Mary Caroline Humphry. He was a fellow of Trinity College, Cambridge until 1870, worked in education office until 1887, became a partner in Rivington then Cassell, in 1894 became assistant commissioner on secondary education.  In 1899 joined PRO as editor of foreign state papers.  Translator. In 1898 he also became professor of Italian literature at UCL. [ODNB]"
239,Butler, Mary Caroline, , (Humphry), , , (b.1855)," wife of Arthur Butler, contributor to <i>Mothers in Council</i>"," Daughter of the Rev. William Gilson Humphry, Vicar of St. Martin's in the Fields, she married Arthur Butler in 1875."
240,Butler, Emma, , (Barnett), , , (29 January 1813-21 Jan 1894), wife of the Very Rev. William John Butler and sister of Elizabeth Barnett,"  She married (1843) Very Rev William John Butler. [<i>Life and Letters of Dean Butler</i>;  H. Barnett, <i>Glympton</i>]"
241,Butler, Frances Charlotte, , , , , (c.1845-spring 1851)," eldest daughter of the Very Rev. William John Butler [Quiller Couch, <i>Memoirs of Arthur John Butler</i>]", 
242,Butler, Mary Avice, , , , , (1855-1938),"  member of the Gosling Society, youngest daughter of the Very Rev. William John Butler","  She was a Gosling as ‘Mavis’ and an associate of the Wantage sisterhood.  [<i>Butler of Wantage</i>, 1848; will, <i>Memoirs of Arthur John Butler</i>]"
243,Butler, William George, , , , , (b 1849), son of the Very Rev. William John Butler,
244,Butler, William John, The Very Rev., , , , (10 February 1818-14 January 1894), Vicar of Wantage and Dean of Lincoln,"  He was ordained in 1841 and served as curate of Dogmersfield under Mary Anne Dyson’s brother. He served (1846-1880) as Vicar of Wantage, where he embarked on Tractarian improvements on a very large scale, including the establishment of the sisterhood of St. Mary the Virgin.  He married (1843) Emma Barnett, who was his second cousin.  She and her sister Elizabeth Barnett were close friends of CMY. In 1880 he moved to become a canon of Worcester, and in 1885 Dean of Lincoln;  he was made DD in 1886.  [ODNB; <i>Life and Letters of Dean Butler</i>] "
245,Butt, Beatrice May, , , , , (b. London 1853)," sister of Geraldine Butt, contributor to <i>MP</i>",
246,Butt,  Geraldine, , , , , (b. Winchester 1854)," member of the Gosling Society, contributor to <i>MP</i> (1874)","  She was author of fiction 1876-95, some of her publications are with her sister Beatrice May Butt (b. London 1853).  She was probably a Gosling as ‘Staddacombe’ as CMY wrote (May 24th 1875) to Christabel Coleridge supposing so. She married (1878) John Campbell Robertson Glasgow (1844-1913) and was the author of further works as Geraldine Robertson-Glasgow.  In the 1871 census she was living in Staffordshire with Beatrice and several other sisters and their mother Geraldine May Butt (Quebec 1831-1898).  Her father was Lt.-Col. Thomas Bromhead Butt.  She was probably the Geraldine Glasgow who contributed to <i>MP</i> (1897). [LG 1952]"
247,Butterfield, William, , , , , (7 Sept 1814-1900), architect," He never married and stated that he was waiting for Ethel May, the heroine of CMY’s <i>The Daisy Chain</i>."
248,Butterworth, Hezekiah, , , , , (1839-1905)," American author and hymnologist, contributor to <i>MP</i> (1877).",
249,Byrne, Julia Clara, , (Busk), , , (1819-1894), writer," Wife of the proprietor of the <i>Morning Post</i>, travel writer, sister of Rachel Busk, contributor to <i>MP</i> (1871). [ODNB]"
250,Caillard, Emma Marie, , , , , (1852-1927),  novelist,"  This person was probably the Miss Caillard mentioned in a letter to Horatia Gatty, 1880. [LG 1952]"
251,Cameron, M. L., , , , , , contributor to <i>MP</i> (1891),
252,Cantacuzène, Olga Nikolaevna, Princess, (Nikolaeva), , , (1868-1950),  contributor to <i>MP</i> (1882),
253,Carey, Hannah, , (Rogers), , , (b. Dublin 1838/9), widow of CMY’s cousin," The daughter of W. Rogers, she married (1860), James Arthur Yonge (1822-1864), barrister, third son of CMY’s Eton uncle.  Hannah (Rogers) Yonge remarried Charles Egerton Carey in the Isle of Wight in 1874 and was living with him in Botley, Hants. in 1891, and as his widow with her sister in 1901.  One letter to her refers to  Stoke Lodge, which seems to have been afterwards occupied by James Arthur Yonge\'s younger brother George Edward Yonge (1824-1904)."
254,Carey, Rosa Nouchette, , , , , (1840-1909)," novelist, contributor to <i>MP</i> (1877-1894)", [ODNB]
255,Howard, George William Frederick, , , ,7th Earl of Carlisle, (1802–1864), Lord Lieutenant of Ireland,
256,Carmichael, J., , , , , , contributor to <i>MP</i> (1889-96), Possibly the novelist Joseph Carmichael.
257,Carmichael, Mary, , , , , , contributor to <i>MP</i> (1897),
258,Carr, Chiltern, , , , , , contributor to <i>MP</i> (1889),
259,Carr, Harriet Catherine, , (Sweet), , , (1804/5-1895), contributor to <i>MP</i> (1861) ,"  She married (1825) James Joshua Carr and was the mother of Harriet Catherine (Carr) Romanoff. A friend and neighbour of Ann Carter Smith, she lived at the Warren, Charlton. She contributed an Easter story to <i>MP</i> (1861). A monument in St. George’s Beckenham commemorates James Joshua CARR of Old Charlton Kent 22 May 1865 aged 67. Harriet Catherine Carr widow of above 27 August 1895 aged 90. Samuel Sidney Carr 13 August 1842 aged 1 year 9 months. Captain James Sweet Carr of H M Bombay Staff Corps 28 February 1864 aged 31 sons of James Joshua and Harriet Catherine Carr. Also Janet Susan Carr youngest daughter of J J and H C Carr 16 July 1919 aged 75. Also Harriet Catherine ROMANOFF daughter of J J and H C Carr 10 August 1897 aged 69 at Kishinieff Russia."
260,Carrington, Edith, , , , , , contributor to <i>MP</i> (1890),
261,Dodgson, Charles Lutwidge, The Rev., , , , (1832-1898)," contributor to <i>MP</i> (1881-4), mathematician, children\'s writer as ‘Lewis Carroll’"," Surrey Record Office MS G103/2/10 is a letter from Dodgson to Charles Manners of Barringer, Wallis and Manners, metal box manufacturers, dated 6 September 1892, with a list of names of friends, including CMY, to whom he would like sent a <i>Through the Looking Glass</i> biscuit tin."
262,Carroll, Vaughan, , , , , , contributor to <i>MP</i> (1895),
263,Carter Smith, Ann Maria, , , , ,(Kentish Town 1835-15 Oct 1909 Chislehurst)," contributor to <i>MP</i> (1856-90), novelist","  Daughter of the Reverend Richard Carter Smith (1802-1864) and Mary Williamson. The letters indicate that at some point Ann Carter Smith had lived in Norway and that she had a brother in the navy. [wills index, left £40,997, probate to Cecil Newton Goodhall; parish register]"
264,Carter Smith,Edmond Henry, , , , , (christened 17 September 1839), brother of Ann Carter Smith,He was possibly the brother in the navy.
265,Carter Smith, Elizabeth Harriet, , , , , (b. 1837), sister of Ann Carter Smith," Alive in 1891. [1891 census, IGI] "
266,Plowman, Mary, , (Carter Smith), , , (b. 1829), sister of Ann Carter Smith," She married (4 Feb 1862) Thomas Henry Plowman, eldest son of the late Henry Plowman of Dorchester. [<i>Gentleman's Magazine</i> 12 March 1862, 366]"
267,Carter Smith, Richard, The Rev., , , , (1802-1864)," perpetual curate of Charlton-next-Woolwich, father of Ann Carter Smith","  He was christened Morwenstow, Cornwall, 29 August 1802, son of William and Ann Smith; and married, at Campton, near Bedford, on 24 November 1825, Mary Williamson, daughter of the Rev. Edmund (Boase has Edmond) Williamson (c.1760-1839), Rector of Campton with Shefford, Beds., and his wife Phoebe Riland.  Smith was admitted, late in life, a fellow commoner at Caius College, Cambridge in 1844, proceeded BA and MA in 1849 and 1860, was ordained deacon in 1848 and priest in 1849.  He served as curate of Sutton Coldfield, Warwickshire 1848-50, Pershore 1851-3, Stepney 1854-7, and Charlton-next-Woolwich from 1862, being appointed to the perpetual curacy of St. Pauls Charlton.  He died aged 62 on 1 October 1864. It looks as if Richard Carter Smith was emulating one of his brothers-in-law in retraining for the church in the crisis years of the early 1840s, and that after he was ordained he acted as curate to another brother-in-law for five years. He has  BL or Copac entries but the Harvard library catalogue lists Richard Carter Smith, <i>Reise i Norge 1838</i> overs av Johnny Johnsen (Oslo, Univertitesforl c.1976). This corroborates the evidence that the Carter Smith family had spent time in Norway.  [IGI; <i>Alumni Cantabrigienses</i>, there is a brief death notice in the <i>Gentleman's Magazine</i>.]"
268,Carter, Thomas Thellusson, The Rev. Canon, , , , (1808-1901)," Rector of Clewer and founder of the Clewer sisterhood, contributor to <i>MP</i> (1867)", [ODNB]
269,Cartwright, Julia Mary, , , , , (1851-1924), contributor to <i>MP</i>," According to the ODNB she contributed unidentified Lives of the Saints to <i>MP</i>;  she married (1880) the Rev. William Henry Ady (d. 1915), Rector of Edgcote and son of the Ven. William Brice Ady, Archdeacon of Colchester. His sister Jane was married to the Rev. John Trant Bramston."
270,Cartwright, S.E., , , , , , contributor to <i>MP</i> (1896),
271,Cassell, , Miss, , , , , possibly a member of the Gosling Society,
272,Cavendish, Frederick Charles, Lord, , , , (1836-6 May 1882), politician," He married (1864) the Hon. Lucy Caroline Lyttelton (1841-1925), whose sister was married to the Rev. Edward Stuart Talbot."
273,Caxton, Sidney, , , , , , contributor to <i>MP</i> (1892),
274,Cazenove, Annie Louise, , , , , (29 Dec 1854-18 Dec 1933), contributor to <i>MP</i> (1882-8),"  She first seems to have entered CMY’s life as an enthusiastic member of the Spider society, writing as the 'Muffin Man'.  Subsequently she assisted Lady Brabazon (later the Countess of Meath) in her charities; she lived at Ravensleigh, Betchworth, Surrey, daughter of Alfred Parr Cazenove and Louise.   [LG Cazenove]"
275,Cazenove, , Mrs, , , , , mentioned (12 April 1894),"This person was perhaps the recently widowed Barbara Constantia Thomson (d. 11 April 1905), who had married (20 October 1853) Henry Cazenove  (25 May 1829-6 April 1894)of Lilies, Aylesbury.  Her two daughters were Edith Constance (1855-1937) who married (24 June 1880) William Musgrave of Wroughton (d. 29  Dec 1828) and Alice Mary (d. 1944) who married 1883 Captain William Frederic Duff Schreiber.  The father was first cousin to [[person:274]Annie Cazenove]\'s father. [LG Cazenove; LG Wroughton of Woolley Park]"
276,Chamberlain, E.L., , , , , , contributor to <i>MP</i> (1890)," Perhaps Mrs Edith L. Chamberlain, garden writer, novelist."
277,Johnstone, Agnes, , (Chamberlayne), , , (b.1847/8), daughter of Thomas Chamberlayne," Daughter of Thomas Chamberlayne of Cranbury Park, Otterbourne, she married George CK Johnstone (b.1841/2) [1871, 1881 census]"
278,Chamberlayne, Amelia, , (Onslow), , , (<i>c</i>. 1807-1898), neighbour of CMY,"  She married (6 Sept 1830) Thomas Chamberlayne, of Cranbury Park, Otterbourne.  Considering how close they lived to CMY for so many years, there are comparatively few references to the Chamberlayne family."
279,Howard,Francesca Maria, ,(Chamberlayne), , ,(1837/8-1877), daughter of Thomas Chamberlayne," Daughter of Thomas Chamberlayne of Cranbury Park, she married (1876) Cecil Ralph Howard, who later succeeded (1881) as 6th Earl of Wicklow. Her age is variable in the censuses.  She seems likely to be the Miss Chamberlayne driving a pony carriage in 1853."
280,Chamberlayne, Frederick Cranley, , , , , (1835/6-1839), son of Thomas Chamberlayne, CMY states that he was christened in 1838 aged 2 and a half.  [Death index; no entry in LG or 1841 census]
281,,Rosalie Amelia, ,(Chamberlayne),, Lady Chichester, (1842/3-1908), daughter of Thomas Chamberlayne,"She married, first (9 Feb 1865), Sir Alexander Palmer Bruce Chichester, 2nd and last Bt. (d. 1881), and, secondly (1883), Sir Arthur Chichester, 8th Bt. (d. 1898).  "
282,Chamberlayne, Thomas, , , , , (12 Apr 1805-21 Oct 1876), neighbour of CMY,"  Squire of the village of Otterbourne, he lived at Cranbury Park in the village, but CMY makes comparatively few references to him, and they are quite temperate. He married (6 Sept 1830) Amelia Onslow (c. 1807-1898) [LG 1871, 1906 Chamberlayne]"
283,Chambers, C., Miss, , , , , ," This person, to whom CMY paid sums from 1856, was perhaps Catherine Chambers, Mother Eldress of the Sisterhood of the Holy Trinity, Devonport [ODNB Lydia Sellon]"
284,Chambers, Edmund Kerchever, Sir, , , , (1866-1954)," contributor to <i>MP</i> (1892), theatre historian",
285,Champernowne, Elinor, , , , , (1846-1876), member of the Gosling Society," She was a Gosling until 1863, alias unknown.  She was the daughter of Henry Champernowne (1815-1851) of Dartington Hall, and Charlotte Buller. [LG 871, 1914 Champernowne]"
286,Caulfeild, Anne, , (Bermingham), , Countess of Charlem, (1779/80-1876), ,[PB 1914]
287,Charles, Elizabeth, , (Rundle), , , (1828–1896), novelist,  Her novels were published under the name Mrs Rundle Charles.
288,Chawner, E. F., , , , , , contributor to <i>MP</i> (1896),
289,Cheape, , Miss, , , , , contributor to <i>MP</i>," She published in <i>MP</i>  \'Mr Valentine\' and \'Christian\'s Name\' as \'Joanna Harrison\', under which name also appeared a novel, <i>A Northern Lily</i> (1886).  She lived at St. Andrew\'s, and perhaps was Harriette Cheape, elder daughter of Alexander Cheape (1803-1892), of Strathyrum, St. Andrews, Fife, or his younger daughter Jean Anne.  "
290,Chervet, Eugénie-Caroline, , (Saffray), , , (1828-1885)," French novelist as Raoul de Navery, contributor to <i>MP</i> (1866)", [BN Opale]
291,Cholmondeley, M. F., , , , , , contributor to <i>MP</i> (1895), This person is evidently not Mary Cholmondeley the novelist.
292,Cholmondeley, Mary, , , , , (1859-1925)," novelist, contributor to <i>MP</i> (1893, 1896)",
293,Christie, Alice M., , , , , , contributor to <i>MP</i> (1895),
294,Christie, Mary Elizabeth, , , , , (1847-1906), journalist, Her <i>A Tardiness in Nature and Other Papers</i>  (Manchester: Manchester University Press 1907) has a biographical account.
295,Church, E. M., , , , , , contributor to <i>MP</i> (1891-6),"  This person was evidently a relation, perhaps nephew of R.W. Church."
296,Church, Helen Frances, , (Bennett), , , (Russia 1826/7-1905), daughter of the Rev. Henry Bennett,"  Her mother was Emily Moberly (sister of the Rt. Rev. George Moberly) and she married (1853) the Rev. Richard William Church (1815-1890), who was stepbrother to Mary Ann (Crokat) Moberly."
297,Church, Richard William, The Very Rev., , , , (1815-1890)," Vicar of Whatley, Dean of St. Paul’s", He married (1853) Helen Frances Bennett (1826/7-1905).
298,Churton, Edward, The Ven., , , , (1800-1874), Archdeacon of Cleveland from 1846,
299,Chute, Chaloner William, , , , , (1838-30 May 1892),"  of the Vyne, Hampshire",  
300,Clarke, Theodora M. Louisa Lane, , , , , (1851-1906), member of the Gosling Society," A Gosling as ‘Joy’ in 1869, her address was L'Hyvreuse Lodge, Cambridge Park, Guernsey. She was evidently a friend of Mary Augusta Arnold’s. Only child of Rev. Thomas Clarke, Rector of Woodeaton, Oxford, and Louisa Lane, author of topographical and historical works on the Channel Islands, she married (1879) Bartholomew (or Bartle) Teeling (1848-1921), Captain in the Rifle Brigade, Secretary 1872 of the Catholic Union of Ireland, Private Chamberlain to the Pope.  She published journalism, a story, a play, music, sometimes as 'Norman Stuart' or 'Isola.  [WWW both husband and wife, Priaulx Library, wills index.]"
301,Clarke, Frances Mary, , , , , (1835/6-1882), wife of the Rev. James Langton Clarke (b. 1833/4)," She was born at Whitburn, and may have been related to the Collinson and Harrison families of Whitburn."
302,Clay Finch, Barbara, , (Clay), , , (1857/8-1937), contributor to <i>MP</i> (1894-8)," Author of <i>Lives of the Princesses of Wales</i>.  She was born in Whitchurch, Shropshire, daughter of a solicitor there, and married (1883) the Rev. Henry Brumell Finch (b.1849)."
303,Churton, , Mr., , , , , lender of a book, He is mentioned in connection with the Bullock project. Several possible candidates.  
304,Cleaver, , Mr., , , , , invited to lunch (1871),
305,Cleaver, , Mrs., , , , , invited to lunch (1871),
306,Cleland, Clare, , , , , , contributor to <i>MP</i> (1891),
307,Cleveland, Eliza Callahan,, , , , (1839-1914), American correspondent of CMY,"She is described as contributing sketches of good works among negroes to <i>Mission Life</i> 1867. She and her mother are mentioned as friends in Elizabeth Sewell\'s autobiography, which was probably how the correspondence with CMY arose.

She was the daughter of Sarah Paine Perkins and Henry Russell Cleveland (1808-1843) and was brought up in the New England political and literary establishment.  She was the niece of the art collector Edward Newton Perkins (1820-1899) and was travelling with him and her mother in Italy in 1859 when they were attacked by local revolutionaries, causing a diplomatic incident.

Eugene Hollahan \'Intertextual Bondings Between \\""The Wreck of the Hesperus\\"" and \\""The Wreck of the Deutschland\\""\' <i>Texas Studies in Literature and Language</i>  33 (1991) discusses her correspondence with Longfellow which she communicated to CMY who published it in <i>MP</i>.

There is a large collection of the Cleveland and Perkins papers in the New York Public Library."
308,Clifton, M. F., , , , , , contributor to <i>MP</i> (1898),
309,Clowes, William Archibald, , , , , (1843–1904), printer of <i>MP</i> during the 1890s," CMY thought the firm incompetent. Alexis Weedon, ‘Clowes, William, the younger (1807–1883)’, Oxford Dictionary of National Biography, Oxford University Press, 2004 http://www.oxforddnb.com/view/article/5720, accessed 13 Nov 2009]"
310,Clutterbuck, D. M., , , , , , contributor to <i>MP</i> (1898),
311,Cobb, James, , , , , , contributor to <i>MP</i> (1870)," Possibly James Francis Cobb, novelist."
312,Codrington, Robert Henry, The Rev., , , , (1830-1922), head of the Melanesian mission 1871-7,  He succeeded the Rt. Rev. John Coleridge Patteson as head of the mission to Melanesia;  he was author of a <i>Mota Dictionary</i> and ethnographical works on Melanesia.
313,Colborne, John, Field Marshal Sir, , , 1st Lord Seaton, (16 Feb 1778-17 April 1863), stepbrother of FMY,"  He married (21 June 1814) Elizabeth Yonge (7 March 1790-28 Nov 1872).  He was created a peer in 1839, and  made Field Marshal in 1860.  WCY was in his regiment, was first cousin to his wife, and married his stepsister."
314,Colborne, Elizabeth, , (Yonge), , Lady Seaton, (7 March 1790-28 Nov 1872), cousin of CMY," Sister of the Rev. John Yonge of Puslinch, she married  (21 June 1814) Sir John Colborne, 1st Lord Seaton (1778-1863)."
315,Colborne, James, The Hon.,  , ,  2nd Lord Seaton, (8 Sept 1816-11 Oct 1888), cousin of CMY,"He married (12 Feb 1851) the Hon. Charlotte de Burgh.  CMY and her mother were present at his wedding, which was reported in <i>The Times</i> (14 February 1851): \'On the 12th inst., by special licence, at St. Peter\'s Church, Pimlico, by the Rev. John Yonge, rector of Newton Ferrers, assisted by the Rev. Dr. Harris, incumbent of Tor Mohun, Major the Hon. James Colborne, eldest son of Lieutenant-General Lord Seaton, to the Hon. Charlotte de Burgh, youngest daughter of Lieutenant-General Lord Downes.\' [PB 1914; tomb Newton Ferrars church] "
316,Colborne,Charlotte,,(de Burgh), , Lady Seaton,(1826/7-26 April 1863), daughter-in-law of the 1st Lord Seaton,"Daughter of the last Lord Downes, she died a week after her husband inherited his father’s title.  Her sister Anne de Burgh (d. 1872) married (1838) the 3rd Earl of Clonmell."
317,Colborne, Alethea Elizabeth Catherine, The Hon., , , , (1852/3-1927)," member of the Gosling Society, cousin of CMY"," The daughter of James, 2nd Lord Seaton and the Hon. Charlotte de Burgh (d. 1863) she was granddaughter of FMY's stepbrother Field-Marshal Lord Seaton.  She was a Gosling as ‘Bluebell’ from 1870. [PB 1914, wills index]"
318,Colborne, John Reginald Upton, The Hon., , , 3rd Lord Seaton, (1854-1933), cousin of CMY," Grandson of the 1st Lord Seaton, he succeeded his father as 3rd Lord Seaton 1888.  He assumed  the additional surnames Fuller-Elliott-Drake after marrying the heiress of that family."
319,Colborne, Cordelia Anne L'Estrange , The Hon., , , ,(1824/5-30 May 1862), cousin of CMY," The daughter of the 1st Lord Seaton [tombstone Holy Cross, Newton Ferrars; PB 1914]"
320,Colborne, Elizabeth, The Hon., , , , (1819-14 June 1882), cousin of CMY," Eldest daughter of the 1st Lord Seaton. [PB 1914;  tombstone Holy Cross, Newton Ferrars; 1871 census]"
321,Colborne, Graham, The Rev. and Hon., , , , (10 October 1825-30 Oct 1913), cousin of CMY," He married (18 Sept 1890) Florence Susanna Porter (d. 23 Jan 1901).  He was  Rector of Dittisham, Devon 1853-1913 [PB 1914]"
322,Colborne, Edmund, The Hon., , , , (1824-1878), cousin of CMY," He married (1873) Rhoda Ellen Blogg (1843-1913) and had one daughter, (b.1876).  Rhoda (Blogg) Colborne is listed in the 1861 census as a governess and in the 1891 census as inspectress for the Education Department."
323,Colborne, Francis Lionel Lydstone, The Hon., , , , (1855-1924), second son of the 2nd Lord Seaton, He is probably the Frank Colborne having trouble with his ears (1870) rather than his uncle General the Hon. Sir Francis Colborne (1817-1895).
324,Colborne,Francis,General the Hon. Sir, , , , (1817-1895),cousin of CMY,"  Second son of the 1st Lord Seaton, he was probably not the Frank Colborne having trouble with his ears in 1870."
325,Colborne, James Ulysses Graham Raymond, Major the Hon., , , 4th Lord Seaton, (1863-1955), cousin of CMY," Third third son of the 2nd Lord Seaton, he succeeded his eldest brother as 4th Lord Seaton in 1933."
326,Cole, Nina,, , , , ," correspondent, evidently a friend of the Colborne family.","If the book she sent CMY in 1874 was Nina Cole, <i>Meditations on the Song of Songs</i> (London: Hayes 1874), an anonymous volume identified by Halkett and Laing, that may have been her name.   A person of this name was a committee member of the Church and Stage Guild (founded 1879).  Its objects, according to an advertisement in <i>The Era</i> (13 July 1879) were \'to promote religious and social sympathy between the members of the Church and of the Stage\'. 

However, another possible candidate is Anna Cole (1832/3-1909), daughter of the Rev. John Francis Cole, Vicar of Kirdford, near Petworth, Sussex, who was a subscriber to <i>MP</i> and appears in its correspondence column (December 1877) 592."
327,Coleridge, Alice Mary, , , , , (1846-1907)," member of the Gosling Society, cousin of CMY"," Much the youngest daughter of Francis Coleridge (1794-1854); her mother sank into depression after her birth and she was brought up by her elder sister Harriet Duke (Coleridge) Lowe (b.1829/30), wife of the Rev. Edward Clarke Lowe (1823-1912) one of the moving spirits in the Woodard Schools movement for the education of the middle classes.  She lived with them at The College, Hurstpierpoint, and was a Gosling as ‘Gurgoyle’ 1863-after 1869.  She became Lady Warden of St. Anne's Abbot's Bromley, a Woodard girls' school, <i>c</i>. 1874 and spent the rest of her life there.  Her brother Arthur Duke Coleridge was father of Mary E. Coleridge, the poet.  She was CMY's goddaughter.  It looks from the <i>Barnacle</i> as if she spent some time living with Mildred and/or Mary Coleridge.  [ODNB; Rice, <i>Story of St. Mary's Abbot's Bromley</i>; Coleridge, <i>Story of a Devonshire House</i>]"
328,Coleridge, Arthur Duke, , , , , (1830/1-1913), father of Mary Elizabeth Coleridge,"  Third son of Francis Coleridge, solicitor, of Ottery (brother to Sir John Taylor Coleridge) he was the elder brother of Alice Mary Coleridge, and a cousin of Coleridge Patteson and Mary Coleridge.  His mother Frances Duke (Taylor) Coleridge was a first cousin of CMY’s grandfather the Rev. Duke Yonge, so they were third cousins. [Obituaries <i>Times</i>  30, 31 October 1913]"
329,Coleridge, Christabel Rose, , , , , (1843-14 Nov 1921), biographer of CMY," Daughter of the Rev. Derwent Coleridge (1800-1883), headmaster (1826-41) of Helston Grammar School, Principal (1841-64) of St Mark\'s College, Chelsea, and Rector (1864-80) of Hanwell, Middlesex, and his wife Mary Simpson Pridham;  she was granddaughter of S. T. Coleridge.  The longest-serving member of the Gosling Society, she was called Chelsea Delf to 1863 and Chelsea China thereafter;  she acted as secretary and many members seem to have been recruited by her;  she was first cousin to Cobweb and Hedgerose; Ladybird, Gurgoyle, Pena and Cricket were more distant relations.  The move to Hanwell took place in August 1864. In 1873 she was evidently helping her brother Ernest run a school in his house at Chiddingfold.    Contributor to (including Debatable Ground) and later editor of <i>MP</i>.  From 1890 she was editor of <i>Friendly Leaves</i> (Jan 1876 to June 1917) a magazine, originally edited by Anne Mercier,  produced by the Girls\' Friendly Society (founded 1875). Will proved £4615 [Hainton, <i>Unknown Coleridge</i>;  DNB; will]"
330,Coleridge, David Hartley, , , , , (1796-1849)," son of the poet, uncle of Christabel Coleridge, contributor to <i>MP</i> (1892)",
331,Coleridge, Edith, , , , , (24 June 1832-24 Jan 1911), cousin of Christabel Coleridge,"Daughter of Henry Nelson Coleridge and Sara Coleridge, she moved in with the Derwent Coleridges in July 1857 aged 25.  She was an artist, and may have contributed illustrations to the <i>Barnacle</i>. 
Unlike Christabel she was related to CMY, through her father, who was Sir John Taylor Coleridge\'s brother. [Hainton, <i>Unknown Coleridge</i>, Roels MSS genealogy]"
332,Coleridge,Edward,The Rev., , , ,(1800-1883),"master at Eton, from 1867 Vicar of Mapledurham","His first wife Mary Keate (d. 1859) was the daughter of Dr Keate, headmaster of Eton;  he married secondly (1862), Mary Caroline Bevan (1822/3-1907).  He was tutor to his nephew J. C. Patteson;  recipient of sums from CMY from 1853, perhaps on Patteson\'s behalf; and a keen supporter of missionary work."
333,Coleridge, Edwin Ellis, The Rev., , , , (1802/3-1870), Vicar of Buckerell," He married first (1831) Elizabeth Tucker, and, secondly (1841), Ellen Sophia Patteson. He was the son of the Rev. Edward Coleridge (1760/1-1843), Vicar of Buckerell, brother of the poet. He was therefore not related to CMY. [<i>Alumni Oxonienses</i>]"
334,Coleridge, Ellen Sophia, , (Patteson), , , (1816/7-1885), second wife of the Rev. Edwin Coleridge," According to the marriage announcement <i>Hampshire Telegraph</i> 13 July 1841, she was the daughter of H. Patteson Esq. of Woburn Place.  She may have been related to Sir John Patteson (who married her husband’s first cousin Frances Duke Coleridge in 1824) but she wasn’t his sister."
335,Patteson, , Miss, , , , , sister of Ellen Sophia (Patteson) Coleridge,
336,Coleridge, Ernest Hartley, , , , , (1846-19 Feb 1920)," literary critic and scholar, brother of Christabel Coleridge, contributor to <i>MP</i> (1891-2)", [will] 
337,Coleridge, Gerald Hartley Buchanan, The Rev., , , , (26 Jan 1882-24 Nov 1945)," Vicar of Leatherhead and then of Cornwood, third son of Ernest Coleridge", [Roels MS]
338,Coleridge, Geoffrey Duke, , , , 3rd Lord Coleridge, (23 July 1877–1955), his birth,
339,Coleridge, Henry James, Father, , , , (1822-1893)," Son of Sir John Taylor Coleridge, brother of Mary Coleridge", He converted to Rome (1852) and became a Jesuit; he was editor of <i>The Month</i> 1865-81. [ODNB]
340,Coleridge, Herbert, , , , , (1830-1861), barrister and philologist," The son of Henry Nelson Coleridge and Sara Coleridge, he married (spring 1853) Ellen Phillips and died of consumption. [ODNB]"
341,Coleridge, Jane Fortescue,Lady, (Seymour),, , (1824/5-1878), wife of John Duke Coleridge," She was the daughter of a clergyman in the Isle of Wight, and married (1846) John Duke Coleridge.  Her sister married Robert Sewell, sheriff of the IOW, who was perhaps a relation of Elizabeth Missing Sewell?  In the dialogue printed by Coleridge as an appendix she reports on the Sewells. [1861 census]"
342,Coleridge, John Derwent, , , , , (26 May 1880-23 Jan 1881), second son of Ernest Coleridge, [Roels MS]
343,Coleridge, John Duke, Sir, , , 1st Lord Coleridge, (3 Dec 1820-14 June 1894)," Lord Chief Justice, contributor to <i>MP</i> (1878)","He married first (11 Aug 1846), Jane Fortescue Seymour (1824/5-1878); and, secondly (1885) Amy Augusta Jackson Lawford (1853-1933), who had previously passed for some years as the wife of her cousin John Davies, but whose Gretna Green marriage had been declared void in 1878.  He was knighted in December 1868 on becoming solicitor general; he was created (1874) Lord Coleridge on being made chief justice of the common pleas; he became Lord Chief Justice in 1880.  [ODNB]"
344,Coleridge, John Taylor, Sir, , , , (1790-11 Feb 1876)," judge, cousin of CMY", He married (1818) Mary Buchanan. [ODNB]
345,Coleridge,Amy Augusta Jackson, , (Lawford), , ,(India 1853-1933), second wife of the 1st Lord Coleridge,"She had been married very young (1870) to her first cousin John Augustus Seymour Morse Davies (b.India 1842/3); the marriage, which had taken place at Gretna Green, was declared void in 1878, the parties not having lived in Scotland for 21 days preceding the wedding. [Lawford v Davies (1878) 4 PD 61, 47 LJP 38 P, D and Admlty]  This fact may sufficiently account for the disapproving tone of CMY\'s references to her."
346,Coleridge, Margaret Eulalia, , , , , (6 June 1878-1960), eldest daughter of Ernest Coleridge, She married (1903) George Herbert Gair. [Roels MS]
347,Coleridge, Mary,Lady, (Buchanan),, , (1788-1874), wife of Sir John Taylor Coleridge, She married (7 Aug 1818)  Sir John Taylor Coleridge [ODNB]
348,Coleridge, Mary Caroline, , (Bevan), , , (1822/3-1907), second wife of the Rev. Edward Coleridge, She is described as 58 in the 1881 census.
349,Coleridge, Mary Dorothea Moultrie, , , , , (1886-1941), younger daughter of Ernest Coleridge,  She married (1911) Henry Burgh Gair (1882-1918) [Roels MS]
350,Coleridge, Mary Elizabeth, , , , , (1861-1907)," poet, contributor to <i>MP</i>",  
351,Coleridge, Mary Frances Keble, , , , , (1824-25 March 1898)," daughter of Sir [[person:344]John Taylor Coleridge], cousin and lifelong friend of CMY, member of the Gosling Society","The intimacy between CMY and Mary Coleridge is not well documented  because the letters to her were, Christabel Coleridge states, burnt in an accident, but she is very frequently referred to in letters to others.  Her 1845 engagement to Roundell Palmer, later 1st Earl of Selborne, was broken off, and she never married.  She was devoted to her niece Mildred, daughter of Lord Coleridge, and encouraged CMY to found the Gosling Society partly in order to find an outlet for Mildred\'s intellectual interests. Her Gosling name was The Old Secretary, but when Mildred lost interest in the society, she did likewise.  She was devastated by the furore over Mildred\'s 1885 marriage to Charles Warren Adams, who had sued Bernard Coleridge for libel.  In the same year her brother Lord Coleridge had married Amy Lawford, who had previously lived as the wife of her first cousin, but had then had their Gretna Green marriage declared invalid.  It appears that Mary Coleridge, like CMY, consequently disapproved of the second Lady Coleridge, and deplored her influence on her husband. [PB: Coleridge, <i>Story of a Devonshire House</i>]

A portrait of her and her sister Alethea as girls sold in 2006 is illustrated at www.artnet.com/Artists/LotDetailPage.aspx?lot_id=5830456F7F89012700A33CFAA5D"
352,Coleridge,  Thomas Drake, , , , , (18 February-2 July 1877), eldest son of Ernest Coleridge, [Roels MSS]
353,Coleridge, Walter Henry Praed, , , , , (1886-1967), youngest son of Ernest Coleridge,
354,Coleridge, William Hart, The Rt. Rev., , , , (1789-1849)," Bishop of Barbados, cousin of Sir John Taylor Coleridge",
355,Collier, Margaret, , , , , , contributor to <i>MP</i> (1890),"  This may be the Hon. Margaret Isabella Collier (d.1928), who married (1873) Count Arturo Galletti di Cadilhac, and was a prolific author during this period."
356,Collier, , Mr., , , , , perhaps a local clergyman, The person reserving her a ticket at the Church conference in 1877 was probably a local clergyman.
357,Collins,George, , , , , (b.1818/9), groom and gardener," He lived at the Post Office, Otterbourne, with his wife Martha Andrews, the postmistress, and their children George (b. 1839/40),  Charles (b.1840/1), Elizabeth (b. 1844/5),  and Anne (b. 1846/7).  After Martha\'s death he married a younger woman named Emma, who also acted as postmistress of Otterbourne, and had at least one daughter, Frances (b. 1876), who qualified as a teacher and was the mistress of Otterbourne School."
358,Collins,Elizabeth, , , , ,(b. 1846), housemaid,"See Martha Collins and Anne Collins;  it seems likely that she was the Bessie Collins at Mary Anne Dyson’s school in 1853;  and in 1871 housemaid to the Rev. John Le Mesurier, Vicar of Bembridge. [1851, 71 census]"
359,Collins, Bessie, , , , , ,"  one of the ‘Collins grandchildren’, probably a granddaughter of George and Martha Collins.","She may be the person referred to in F.D. How, \'The late Miss Charlotte M. Yonge: An Interview\'  <i>Sunday Magazine</i> (June 1901) 437-439:  \'There was a keen satisfaction in the tone in which she said, \\""The little maid who let you in is a link with old times.  Her grandfather was in the service of our family for sixty years.\\""\'  This would be [[person:357]George Collins]."
360,Collins, Martha, ,(Andrews), , , (b. 1805/6-?1880), postmistress," She was the wife of George Collins (b. 1818/9), of the Post Office, Otterbourne, groom and gardener, and mother of George (b. 1839/40),  Charles (b.1840/1), Olive (b.1841/2), Elizabeth (Bessie) who was one of Mary Anne Dyson\'s pupils, and Anne (b. 1846/7). [1861 census]   It is not unlikely that she was also the person,  referred to only as Martha, who worked in Misselbrook\'s shop."
361,Collins, Anne, , , , , (b. 1846/7), housemaid," Daughter of George and Martha Collins of Otterbourne, she was housemaid to the Rev. George Merriman, headmaster of Royal Grammar School, Guildford, in 1862.  She was probably working for the Moberlys in the Isle of Wight in 1869 when CMY heard via Mr Wither her report that George Moberly had been made Bishop of Salisbury."
362,Collins, , Old, , , , (fl.19 Sept 1846),  an inhabitant of Otterbourne,
363,Comely, Betsy, , , , , , blacksmith, An inhabitant of Otterbourne in 1838;  possibly the Elizabeth Comely who died Winchester Jan-Mar 1850. [Register of deaths]
364,Compton, Agnes Charlotte, , , , , (b. 1863), church worker," She was daughter of the Rev. John Compton, Rector of Minstead with Lyndhurst."
365,Connellan, James Corry, , , , , (1807-1885), Irish barrister,  [<i>Wellesley Index</i>]
366,Cooke Trench, Thomas Richard Frederick, , , , , (18 Aug 1829-26 Nov 1902), son-in-law of Sir William Heathcote,  He married (17 Aug 1858) Caroline Elizabeth Heathcote (1833-24 Nov 1910).
367,Cooke Trench, Caroline Elizabeth, , (Heathcote), , , (1833-24 Nov 1910), daughter of Sir William Heathcote," Only daughter of the first marriage of Sir William Heathcote, she married (17 Aug 1858) Thomas Richard Frederick Cooke Trench (18 Aug 1829-26 Nov 1902), an Anglo-Irish landowner, and they set about creating a Tractarian country house in Ireland. [Awdry, <i>A Country Gentleman</i>]"
368,Coulthard, James Batten, , , , , (1818/19-1896), relation of Frances (Walter) Yonge,"  Described as of Binsted Hill, Alton, he was trustee of marriage settlement of Julian Bargus Yonge and Emma Frances Walter. A bachelor gentleman farmer,  he was probably brother of Mary Emma (Coulthard) Walter and uncle to Frances Yonge. [WDRO MS]"
369,Coulthard, James Batten, , , , , (b.1785/6), maternal grandfather of Frances (Walter) Yonge," He was the father of  father of Mary Emma, James Batten and Frances Charlotte Hilare Coulthard.  Deirdre Le Faye, <i>Jane Austen’s Letters</i>, 511, calls him James Battin Coulthard (1782-1856).  The Mrs Coulthard whom Jane Austen called (11 April 1805), 99, ‘a good-hearted, friendly woman’, was, Le Faye thinks, his stepmother Frances Barlow (1764-1829), who married his father Thomas Coulthard (1756-1811) in 1784. Perhaps there was some connection with Hilare Barlow (d.1757), second wife of the first Earl Nelson, who subsequently (1837) married Austen’s nephew George Thomas Knight .  [1841 census]"
370,Coulthard, Mary, , , , , (b. Alton 1795/6), maternal grandmother of Frances (Walter) Yonge,  'old Mrs Coulthard' lived with her daughter Frances Charlotte Hilare Coulthard in Hastings in the 1861 census.
371,Coulthard, Frances Charlotte Hilare, , , , , (1819/20-1894), aunt of Emma Frances (Walter) Yonge,
372,Coulthard, Thomas, The Rev., , , , (b. 1818/19), uncle of Frances (Walter) Yonge,"  He lived in Plymstock, and was trustee of the marriage settlement of Julian Bargus Yonge and his niece Emma Frances Walter [WDRO MS]"
373,Cowie, , Mr, , , , , publisher," He was evidently a partner of Charles Mozley and Walter Smith in 1874, ‘Mozley, Cowie and Smith’ appears briefly in 1874 as the imprint of the firm."
374,Cowing, Jane, , , , , (b. 1807/8), governess to the Moberly children,"  She is mentioned in  December 1849 and June 1854 as the Moberly's governess, and appears thus in the 1851 census.  She is listed as a visitor rather than governess in 1861 census, but may have been either. Later [1871 census] she seems to have become a sister of mercy in St. Elizabeth's House, Covent Garden. "
375,Cox,Harriet Lucy,, , , , (b.1825/6),,"A Miss H. L. Cox was the recipient of payments from CMY from 1857.

Harriet Lucy Cox, who later  married the Rev. Arthur Baker, was presented with a copy of <i>The Daisy Chain</i> by CMY (10 June 1858), inscribed \'H.L. Cox, from her sincere friend C M Yonge\'.  Mrs Baker transcribed books into Braille, and it is possible that the payments relate to that, but it seems more likely that she was a contributor. [Information from Ms Delia Twamley, who owns the book.]  

The census returns show a Harriet E. L. Cox (b. Waddesdon Bucks. 1825/6), daughter of the Rev. Frederick Cox, Vicar of Upper Winchendon, who married the Rev. Arthur Baker (1817-1868), and is presumed to be this person.  Since [[otherbook:8]\'Sunlight in the Clouds\'] was signed H.L.C. when it appeared in <i>MP</i> it is possible that she was the author of that work and therefore also of \'[[otherbook:5]An Object in Life\']."
376,Cox, Joseph Mercer, The Rev., , , , , Vicar of St. Mary’s Plympton, He succeeded The Rev. Merton Smith as Vicar of St. Mary’s Plympton.
377,Coxe, Henry Octavius, The Rev., , , , (1811- 8 July 1881), librarian,"  Coxe became  Bodley's Librarian in 1860.  He was father of Susan Esther (Coxe) Wordsworth, the first wife of the Rt. Rev. John Wordsworth.  CMY had probably met him through her friendship with the Rev. Edwards Sewell and his sister Janetta. [ODNB]"
378,Craik, Dinah Maria, ,  (Mulock), , , (1826-1887), novelist," She married (29 April 1865) George Lillie Craik (1837-1905), who was a partner in Macmillan, CMY’s publishers. She had shared lodgings with Frances Martin in 1850 when both were in their early twenties.[ODNB]"
379,Craik, George Lillie, , , , , (1837-1905), publisher,"  A partner in Macmillan, he married (29 April 1865) the novelist Dinah Maria Mulock (1826-1887)."
380,Crauford, , Lady, , , , , contributor to <i>Mothers in Council</i> (1797),"  CMY’s correspondent has evidently answered a Puzzled Mother in <i>MP</i> in 1896.  Of the three answers printed in <i>Mothers in Council</i> 6 (January 1897) the one which most accords with CMY’s comment is signed ‘Isolda’, and the letter was probably addressed to the Hon. Isolda Caroline Vereker (1852/3-1927), daughter of the 4th Viscount Gort and wife of Sir Charles Craufurd 4th Bt. (1847-1939), R.N.."
381,Crawley Boevey, Sybella Mary, , , , , (d. 1911)," second cousin once removed to CMY, contributor to <i>MP</i> (1890)",
382,Crawley, Edith, , , , , (b.1837)," missionary, cousin of CMY"," She sailed for Cape Town with Bishop Gray and Mary Anderson Morshead, leaving Plymouth on 10 October 1868.  She was the daughter of George Abraham Crawley (1795-1862), solicitor, and granddaughter of the Rev. Charles Crawley (1756-1849), Rector of Stowe Nine Churches and brother of CMY\'s grandmother Catharina (Crawley) Yonge.  After her return from South Africa Edith Crawley seems to have lived with her brother, also the Rev. Charles Crawley.
[Morshead, <i>Robert Gray</i>]"
383,Cresswell, Beatrix Feodore, , , , , (1862-1940)," contributor to <i>MP</i> (1890-2), local historian","  According to <i>Devon and Cornwall Notes and Queries</i> (1941) ‘The death of Miss Beatrix Feodore Clara Augusta Grace ' Cresswell took place at Exeter on the 16th February, 1940, in her seventy-ninth year.’  Her father, the Rev. Richard Cresswell, was a clergyman without cure of souls in the 1881 census;  they lived at Teignmouth."
384,Cristall, Maria, , , , , (1793/4-December 1872), aunt of Florence Wilford," She lived in Winchester in 1861, at St Cross in 1871; ‘Florence Wilford’s Aunt died on Monday’ (to CR Coleridge 28 Dec 1872) [census]"
385,Croker, , Miss, , , , , the Moberlys' governess,
386,Cromie, Charles Francis, Captain, , , , (1858-1907), nephew-in-law of CMY," He entered the 37th Hampshire Regiment in 1878;  he became captain in 1884; went to Staff College 1890-1891;  and retired from the army in 1892.  He married, first (1881) Mary Grace Webb Bowen, and had at least one son born in 1882.  He petitioned for divorce on the grounds of her adultery with Captain Coddington, RN, commander of the ship <i>Duke of Wellington</i>;  this was granted 11 May 1892.  He married, secondly (1894), CMY’s niece Joanna Angela Yonge.  He served as Vice-Consul at Dar-al-Baida, Morocco, 1894-1899;  and Algeciras, 1899-1902; and was Consul at Dakar and for the Republic of Liberia, 1902-1905. The <i>Who’s Who</i> entry of his son by his first wife calls her Mrs Lennard;  she seems to have remarried John Milner Lennard in 1905.  [<i>Daily News</i> (12 May 1892); WWW C.F. Cromie and Francis Cromie (1882-1918]]"
387,Cromie, Henry Julian, , , , , (1896-1916), great-nephew of CMY," A captain in the 3rd Battalion, the Hampshire Regiment, he was killed on the Somme."
388,Cromie, Joanna Angela, , (Yonge), , , (5 September 1873- 21 Oct 1957), niece of CMY,"Youngest child of Julian Bargus Yonge, she married, at St. Matthew\'s Bayswater (16 October 1894), as his second wife, Captain Charles Francis Cromie (1858-1907), who had divorced his first wife in 1892.  He had children by his first marriage, including one who was killed in the Russian Revolution. [WWW the son; wills index, she left £637]"
389,Cromie, Maurice Francis, , , , , (1895-1915), great-nephew of CMY,"  A lieutenant in the 3rd Battalion, the Hampshire Regiment,  he was killed at Gallipoli."
390,Crompton, Frances Eliza, , , , , ," contributor to <i>MP</i> (1892-8), children's writer",  She wrote <i>The Gentle Heritage</i> (1920); she was described by CMY as 'singularly unambitious'.
391,Crump, Charles George, , , , , (1862-1935)," contributor to <i>MP</i> (1895), clerk in the PRO, archivist",
392,Cudlip, Annie Hall, , (Thomas), , , (1836-1918), novelist,"  Well-known for her rather risky fiction, she married (1867) the Rev. Pender Hodge Cudlip (1835-1911) curate of Yealmpton, near Puslinch, but CMY did not feel her fiction was sufficiently reformed by her marriage."
393,Cudlip, Pender Hodge, The Rev., , , , (1835-1911), Vicar of Sparkwell," He served as curate of Yealmton 1866-71, and was Vicar of Sparkwell 1884.  He married (1867) Annie Hall Thomas (1836-1918), the novelist. [tablet in All Saints, Sparkwell]"
394,,Ernest Augustus , Prince, ,,,1771–1851,King of Hanover and Duke of Cumberland,
395,Curteis, Elizabeth A., , , , , (born Ireland 1840/1),writer and possible contributor to <i>MP</i>," The wife of the Rev. George Herbert Curteis (1823/4-1894), head of Lichfield Theological College in 1861, Rector of Waldron, Sussex in 1881, chaplain of Royal Savoy Chapel in 1891, she wrote a life of Bishop Selwyn , and children\'s verse. Another possible candidate for this Mrs Curteis is Frances Curteis (1816/7-1887), mother of Bessie Charlotte Curteis, a known contributor."
396,Curteis, Elizabeth Charlotte, , , , , (b.1845), contributor to <i>MP</i>," This person was author, as Bessie C. Curteis, of <i>In the Marsh</i> (SPCK 1876).  East Sussex Record Office MS AMS6128/3/27 is a letter (June 1875) from Bessie Charlotte Curteis to her father Edward Barrett Curteis of Leasam House, Rye, Sussex, stating that she has been offered £50 for the manuscript of her article in the <i>Monthly Packet</i>.  She was no doubt the \'B.C.C.\' who wrote \'On Dialect\' <i>MP</i> (February 1874) 171-184.  

It therefore seems reasonable to assume that she is the \'Miss Curteis\' of Leasams to whom CMY was writing about \'your eagle and goose story\', in a letter probably dating from 1872.

Her mother Frances Curteis (1816/7-1887) might have been the Mrs Curteis to whom CMY addressed a letter of 1878, but Elizabeth  A. Curteis seems more plausible"
398,D’Esterre-Keeling, Elsa, , , , , ," contributor to <i>MP</i> (1898, 1899)",
399,Dacres, Richard James,  Field Marshal Sir, , , , (1799-1886), army officer, [ODNB]
400,Dallas, Ann Biscoe, , (Tyndale), , , (d. 1877), wife of the Rev. Alexander Dallas,
401,Dallas, Alexander Robert Charles, The Rev., , , , (1791-1869),  Rector of Wonston," Evangelical, anti-Tractarian, he was manager of the Irish Church Missions to Roman Catholics and married secondly (1849) Ann Biscoe Tyndale (d.1877)."
402,Dament, , Mrs, , , , , contributor to <i>MP</i> (1883),
403,Dampier, Margaret Sarah, , , , , (1802/3-June 1870),  neighbour of CMY," The mother of Jane Mary (Dampier) Smith-Dampier, and of Emily and William John Dampier, she lived at Twyford House, very near Otterbourne."
404,Dampier, Emily, , , , , (b.1838/9), neighbour of CMY,"  Sister of Jane Mary (Dampier) Smith-Dampier, and daughter of Margaret Sarah Dampier, she lived at Twyford House, near Otterbourne."
405,Danby, Kate, , , , , (1850-1940), member of the Gosling Society,"A Gosling as ‘Kitten’ in December 1876, she was the daughter of the vicar of Weston-by-Welland, near Market Harborough,  the Rev. Samuel Danby. She married (1877) Philip Thomas Richards, R.N.. 

[1861 census, when her father was Vicar of Christ Church, Belper;  information sent to the CMYF by Mr James Phillips-Evans]."
406,Darboy, Georges,  Monseigneur, , , , (1813-1871), Archbishop of Paris,  He was assassinated during the Paris Commune.
407,Darby, Cecil, , , , , ," contributor to <i>MP</i> (1896), novelist",
408,Davies, ,  Miss, , , , , GFS worker," Her address was Pear Tree Vicarage, Woolston, Southampton in 1878, when she was Diocesan Secretary of the GFS and she was no doubt one of the sisters of the Rev. Thomas Davies, Vicar of St. Mary Extra, Southampton, who lived there with them and their mother in 1881.  They were Mary Bliss Davies (b. 1836/7) and Matilda Elizabeth C. Davies (b. 1840/1)."
409,Davies, John Llewelyn, The Rev., , , , (1826-1916)," Rector of Christ Church, Marylebone 1856-89, principal of Queens College, Harley St., brother of Emily Davies",
410,Davies, , Mr., , , , ,  paid money in 1854,
411,Davys, George, The Rt. Rev. Dr., , , , (1780-1864), Bishop of Peterborough," An evangelical, he was editor of the <i>Cottagers' Monthly Visitor</i>.  He married (1814) Marianne Mapletoft, a childhood friend of FMY.  He was made D.D. and became Dean of Chester in 1831;  he became Bishop of Peterborough in 1839. [ODNB]"
412,Davys, Marianne, , (Mapletoft), , , (1788/9-14 Dec 1858), childhood friend of FMY," She married (1814) Rt. Rev. Dr. George Davys,  [his ODNB entry]"
413,Dawson, , Mrs, , , , , contributor to <i>MP</i> (1890),
414,De La Villemarqué, Theodore Hersart, , , ,Vicomte , (1815-1895)," Celticist, contributor to <i>MP</i> (1862)",
415, De Salis, ,  Miss, , , , , bridesmaid to Jane Colborne, The two best candidates seem to be Anna Sophia Elisabeth de Salis (1832-1916) and Henrietta de Salis (1825-1863) [LG]
416,De Sombreuil, , , , , , , contributor to <i>MP</i> (1854),
417,De Winton, Thomasine Septima, , (Collinson), , , (b.1828),  daughter of the Rev. John Collinson,"  One of the daughters of the Rev. John Collinson, Rector of Boldon, wife of the Ven. Henry de Winton (1823/4-1895), Archdeacon of Brecknock, sister of Sophia Jane (Collinson) Harrison.  CMY’s connection with these families is described in Coleridge, <i>Life</i>, 31-3;  and in her account of the fiction of Mrs Julia Stretton in <i>Women Novelists of Queen Victoria’s Reign</i>.  [LG 1952; ODNB T.E. Harrison; 1871 census]"
418,Dewsall, Rosina, , , , , (b Lambeth 1881), CMY’s kitchenmaid,"  In the 1891 census she is an inmate of Lambeth New School, West Norwood, and in 1901 housemaid to Maurice E. Yonge at Elderfield;  it seems likely that she is Rosie or Rosina, the kitchen maid whom CMY was tutoring in 1900, see Coleridge, <i>Life</i>, 344.  She appears to have married John Oscar Lyon in 1908."
419,De Witt, Conrad, , , , , (1824-1909), son-in-law of Guizot, [<i>Lettres à sa fille Henriette</i>]
420,De Witt, Cornélis, , , , , (1828-1889), son-in-law of Guizot, [<i>Lettres à sa fille Henriette</i>]
421,De Witt, Cornélis, , , , , (1852-1941), eldest son of Pauline (Guizot) de Witt, [<i>Lettres à sa fille Henriette</i>]
422,De Witt, Francois, , , , , (1870-1939)," youngest son of Pauline (Guizot) de Witt, writer on philosophy", [<i>Lettres à sa fille Henriette</i>]
423,De Witt, Henriette Elizabeth, , (Guizot), , , (1829-1908), novelist and translator," Eldest daughter of the French politician Francois Guizot (1787-1874), she married (1850) Conrad de Witt (1824-1909). [<i>Lettres à sa fille Henriette</i>]"
424,De Witt, Jeanne, , , , , (1855-1944), younger daughter of Henriette (Guizot) de Witt, [<i>Lettres à sa fille Henriette</i>]
425,De Witt, Marguérite, , , , , (1853-1924), elder daughter of Henriette (Guizot) de Witt, [<i>Lettres à sa fille Henriette</i>]
426,De Witt, Marie, , , , , (1851-1895), eldest daughter of Pauline (Guizot) de Witt, [<i>Lettres à sa fille Henriette</i>]
427,De Witt, Pauline, , (Guizot), , , (1831-1874), daughter of François Guizot,"  She married (1850) Cornélis de Witt (1828-1889).  Like her sister Henriette (Guizot) de Witt, she published fiction and translations from English.  They had married brothers. [<i>Lettres à sa fille Henriette</i>]"
428,De Witt, Pierre, , , , , (1857-1892), third son of Pauline (Guizot) de Witt, [<i>Lettres à sa fille Henriette</i>]
429,De Witt,  Rachel, , , , , (1861-1879), second daughter of Pauline (Guizot) de Witt, [<i>Lettres à sa fille Henriette</i>]
430,De Witt, Robert, , , , , (1854-1881), second son of Pauline (Guizot) de Witt, [<i>Lettres à sa fille Henriette</i>]
431,De Witt, Suzanne, , , , , (1866-1934), youngest daughter of Pauline (Guizot) de Witt, [<i>Lettres à sa fille Henriette</i>]
432,Deane, Mary, , , , , , contributor to <i>MP</i> (1891), perhaps the novelist Mary Bathurst Deane (1843-1940).
433,Deedes, Rachel, , , , , (1851-1942), member of the Gosling Society," The daughter of the Rev. Charles Deedes (1808-1875), Rector of Bengeo, Herts., and Letitia Pleydell Bouverie, she married (1888) the Rev. H. Moody, Rector of Bentley, Hants.   She was a Gosling in 1870, alias unknown. [LG 1965]"
434,Dempster, Charlotte Louisa Hawkins, , , , , (1835-1913)," contributor to <i>MP</i> (1888,1892), novelist","  She also wrote travel books.  CMY called her ‘rather a great gun’ and is not mentioned in her <i>The Manners of My Time : Reminiscences</i> (1920).  She lived at Villa Rey, Cannes."
435,Dennis, , Mr, , , , , probably the dispensary doctor in 1838,
436,Dickson, Maidie, , , , , , contributor to <i>MP</i> (1896-8),
437,Dix, William Chatterton, , , , , (1837–1898),"hymn-writer, contributor to <i>MP</i> (1868-1881)",
438,Dixon, , Mr, , , ,  (fl.21 October 1844),  in the habit of giving people £20 as a wedding present,
439,Dodson, Florence N., , , , , , contributor to <i>MP</i> (1890),
440,Doherty, F. Malcolm, , , , , ," contributor to <i>MP</i> (1873-4), poet",
441,Donkin, , Mrs, , , , ," contributed 'The Summer Vacation' to MP, 1868"," She also possibly contributed an article on naval subjects earlier than 'The Naval Review' which is NOT by her.  She might perhaps be Hannah (Dryden) Donkin (b. North Shields, Northumberland 1840/1), daughter of John Dryden, shipowner, of Southampton,  who married (1864) Richard Sims Donkin, steamship owner, of Wolverton House, Whitwell, Hants., in the 1881 census. "
442,Douglas, , The Rev. Mr, , , , , referred to (14 May 1848) as admirer of <i>Cameos</i>,
443,Drew, Mary, , (Gladstone), , , (1847–1927), daughter of W. E. Gladstone,"  She married (2 February 1886) the Rev. Harry Drew.   She had one child, Dorothy (b.1890). [ODNB]"
444,Drummond, John Murray, , , , , (1803-1889)," of Megginch Castle, brother-in-law of Elizabeth Jane Oswald"," He married Frances Jemima Oswald (1818-1891), half-sister of Elizabeth Jane Oswald."
445,Drury, Anna Harriet, , , , , (1823/4-1912)," novelist,  contributor to <i>MP</i> (1866-7)",
446,Du Boulay, James Thomas Houssemayne, The Rev., , , , (1832-1915), assistant master of Winchester College," He married (1860) Alice Mead Cornish (d. 1925), sister of George Kestell Cornish (1856-1925), Bishop of Madagascar."
447,Dugay, Helena or Eleanor, , , , , (b. 1860), dressmaker," She was the daughter of Henry Dugay, carpenter, and was living with him in Stockbridge at the time of the 1871 census and in Southampton by 1881.  "
448,Duncan, James, The Rev. Canon,  , , , (1839-1895), secretary of the National Society,"  Ordained (1863) by the Bishop of Winchester, he served as curate of Alverstoke, Hants 1862-67, and Christ Church, Albany Street, London 1867-70. He served as secretary of the National Society for the Education of the Poor in Accordance with the Principles of the Established Church from 1871 till 1891 when he resigned to become a canon of Canterbury.  [MS Lambeth Palace 4503 ff.63-5, letter from E.W. Benson; Crockfords; brief obituary <i>Leeds Mercury</i> (12 January 1895); canonry <i>Daily News</i> 26 May 1891.]"
449,Dundas, A., , , , , , contributor to MP (1865),
450,Dundas, Colin MacKenzie, Commander, , , , (1842-1911)," R.N., nephew of Anne Mackenzie", He succeeded to Ochtertyre; he married.
451,Dundas, George Ralph, , , , , (1844-1869)," nephew of Anne Mackenzie, an invalid", [LG 1952].
452,Dundas, George, , , , Lord Manour, (1802-1869)," Scots judge, brother-in-law of Anne Mackenzie"," A Scots judge, he was styled Lord Manour from 1868; he married Elizabeth Mackenzie (d.1858) and had four daughters and five sons; he was brother-in-law of Anne Mackenzie and father of Mary Dundas."
453,Dundas, James, Captain, , V.C., , (1842–1879), nephew of Anne Mackenzie.,"[ODNB] James, Colin and George Dundas also had two younger brothers, William John Dundas (1849-1921) and David Dundas (1854-1922)."
454,Dundas, Louisa, , , , , ," contributor to <i>MP</i> (1890, and probably also 1887)"," She contributed articles on the Cambridge Local Examination, and perhaps also the other articles signed \'L. D.\' (1875-89).  From the obituary \'L. Dundas\'  contributed to <i>MP</i> (1887) (2) 151, of her youngest sister Adela Dundas (1840-1887) it is clear that she cannot be  Katharine Louisa Dundas (b. 1849), youngest sister of Mary Frances Dundas. It is also clear from this source that her father died in 1883.  She was probably the Louisa Dundas christened in February 1834, daughter of William Pitt Dundas (d.1883), Registrar General of Scotland, and his cousin and wife Mary Strange, whose daughter Adela was christened 1840 (there were several other children too).  He was a member of the family of Dundas of Arniston."
455,Dundas, Mary Frances, , , , , (1845-1916)," member of the Gosling Society, niece of Anne Mackenzie"," Daughter of George Dundas (1802-1869), from 1868 styled Lord Manour, Senator of the College of Justice in Scotland, and his wife Elizabeth Mackenzie (d. 1858), elder sister of Anne Mackenzie.  A Gosling as ‘Ladyfern\' between 1863-before 1869, she was responsible for binding the <i>Barnacle</i>, and CMY thought her careless about it.  [LG 2001; LG 1906 Mackenzie;  Grant, Faculty of Advocates ]"
456,Dunn, Andrew Hunter, The Rt. Rev., , , , (1839-1914), Bishop of Quebec, He was Bishop of Quebec 1892-1914
457,Dupanloup, Félix-Antoine-Philibert, , , , , (1802-1878), Bishop of Orléans,
458,Durton, , Miss, , , , , contributor to <i>MP</i> (1887-90)," She offered Good Friday, another story about Ottavia, to <i>MP</i> in 1889; she may have lived abroad.  Both 'Ottavia' <i>MP</i> 1887(2) 87 and 'A Good Friday Procession at Grassina'  <i>MP</i> (1890) (1) 371 appeared under the name 'E.Vere'."
459,Durndell, , Mrs, , , , ," an inhabitant of Otterbourne (24 Sept 1846), either a schoolmistress or a parent","  Perhaps Maria Durndell (b. 1824/5) wife of James Durndell, of Otterbourne."
460,Dutton, Annie Victoria, , , , , ," novelist, contributor to <i>MP</i> (1896)",
461,Dyson, Charles, The Rev., , , , (1788-24 April 1860), Rector of Dogmersfield," Known as 'the Simorg', he lived with his wife (who was his cousin) and his much younger half-sister Mary Anne Dyson at Dogmersfield Rectory from 1836. "
462,Dyson, Elizabeth, , (Dyson), , , (1794/5-?1868), wife and cousin of the Rev. Charles Dyson,They married at Wexham 21 April 1819 [IGI; his ODNB entry]
463,Dyson, Frank, , , , , ,nephew of Mary Anne Dyson,"  The Rev. Francis Dyson (b.London 1818/19), Vicar of St. Sampson, Cricklade, had daughters Penelope Francis (b.1848/9) and Charlotte Cara (b.1852/3) and son Francis (b. 1849/50) [1861, 1871, 1881 census].  He was the son of the Rev. Canon Francis Dyson (1784/5-1858), Rector of North and South Tedworth, who was brother to the Rev. Charles Dyson, Rector of Dogmersfield.  In the 1851 census Canon Dyson was living in Great Malvern. "
464,Dyson, Mary Anne, , , , , (28 March 1809-29 Sept 1878), writer and schoolmistress," Life-long friend of CMY, she lived with her much older half-brother, the Rev. Charles Dyson, Rector of Dogmersfield, until his death in 1860, and latterly at Church Crookham.  Her will was proved by her nephew the Rev Francis Dyson, estate under £10,000. She was an invalid ‘confined her to a sofa and latterly even to her bed’ ; author of <i>Conversations with Cousin Rachel, Little Alice and her Sister, The White Kitten, Out in the Dark, Ivo and Verena</i>, [wills index, obit <i>MP</i> (1878, 2, 521-5]"
465,Eames, Edward, , , , , (b.1849/50), auctioneer and surveyor, He bought Silkstead Priors in Compton parish and was living there in the 1901 census.
466,Easton, Sarah Joan, , , , , (b.1836/7), Matron of Andover Industrial School for Girls,
467,Eckley, Sophia May, , (Tuckerman), , , (1822-1874), contributor to <i>MP</i> (1868)," She was author of devotional verse, a friend of Elizabeth Barrett Browning, a spiritualist medium and probably also the Mrs Eckley contributing to  <i>MP</i> in 1873."
468,Eden, Robert John, The Rt. Rev., , ,  3rd Lord Auckland, (1799-1870)," Bishop of Sodor and Man, 1847-54, and of Bath and Wells, 1854-69",
469,Eden, Horatia Katherine Frances, , (Gatty),  , , (b.1846), sister of Juliana Horatia (Gatty) Ewing," She married (1889) Thomas Bainbridge Eden (b.1856/7), schoolmaster; she contributed to <i>MP</i> (1874)."
470,Egerton, , Mrs, , , , , GFS worker," Her address is the Cottage, Alvesford [Alresford?], she appears to have been connected with the GFS."
471,Elder, Horatia Sophia,, (Scott), , , (1808/9-1882), contributor to <i>MP</i> (1865-6),"Sister of Margaret (Scott) Gatty.  She became a Roman Catholic.  [Maxwell, <i>Mrs Gatty and Mrs Ewing</i>, 54]"
472,"Elgie, later Elgee", Cyril Hammond, , , , , (18 October 1871-17 August 1917), eldest son of the Rev. W. F. Elgie," He left Lancing 1889, and resigned his commission in 1904. He was a colonial administrator for twenty years.  [<i>Lancing Register</i>;  tablet in Otterbourne Church] "
473,"Elgie, later Elgee", Arthur, , , , , (b. 1876/7), son of the Rev. W. F. Elgie,
474,"Elgie, later Elgee", Catharine, , , , , (b. 1878/9), daughter of the Rev. W. F. Elgie,  
475,"Elgie, later Elgee", Catharine, , (Hammond), , , (1837/8-1909), wife of the Rev. W. F. Elgie," She married first (1858) Captain William George Everard Webber and had at least three children, then (1869) the Rev. Walter Francis Elgie (1837-1881), and had six more.  She seems to have changed the spelling of the name to Elgee."
476,"Elgie, later Elgee", Ernest Alfred, , , , , (b. 8 August 1873), second son of the Rev. W.F. Elgie, He graduated BA from Oriel Coll Oxford 1900. [Lancing Register]
477,"Elgie, later Elgee", Hugh Francis, , , , , (1878- 6 July 1915), son of the Rev. W.F. Elgie," Captain South Wales Borderers, killed in action at Gallipoli [tablet in Otterbourne Church]"
478,Elgie, Walter Francis, The Rev., , , ,(12 Oct 1837-25 Feb 1881)," curate, then Vicar of Otterbourne","  He married (1869) Catharine, daughter of Colonel F. Hammond and widow of Captain Webber.  He was a scholar of Lancing 1853, MA St. Edmund Hall 1859, curate of Otterbourne 1870-6, vicar of Otterbourne 1876-81 [Lancing Register]"
479,"Elgie, later Elgee", Isabel Charlotte, , , , , (1875-?1939)," daughter of the Rev. [[person:478]W. F. Elgie], Vicar of Otterbourne, and goddaughter of CMY"," She married Harry Burton in 1906.  [marriage index;  notice about probate <i>The Times</i>, 16 October 1939]"
480,Eliot, Caroline Georgiana, Lady, , , , (1799/1800-1866), headmistress," She was recipient of sums from CMY from 1856, headmistress of a large [for then] girls\' school, St. Michael\'s College, Bognor. This was a school associated with the Woodard schools, and closed, as St. Michael\'s, Petworth, in 1994.  She was eldest daughter of  William, 2nd Earl of St. Germans (1767-1845). Her stepmother Susan Mordaunt was the aunt of Mary Anne Dyson\'s friend Mary (Mordaunt), Lady Acland. [PB; 1861 census]  Her successor as headmistress of St. Michael\'s was Frances Wheeler."
481,Ellacombe, Henry Nicholson, The Rev. Canon,  , , , (1822-1916), Vicar of Bitton and author of <i>The Plant-Lore and Garden Craft of Shakespeare</i> (1878),"  He was probably ‘Vertumnus II’, dating from Bitton Vicarage, Bristol, who took over conducting the ‘Monthly Packet Botanical Society’in the February 1884 issue, and ran it at least until January 1886.  His predecessor, who started the society in the June 1879 issue and dated from Preston Vicarage, Sandwich, was perhaps the Rt. Rev. Henry Lascelles Jenner or a member of his family."
482,Elphinstone, ,Mrs., , , , ,"resident in India, giving money","References to this lady, resident in India, and inspired by Ann Carter Smith\'s work to give money to the poor of the East End, occur in letters to Carter Smith from 1861. "
483,Elrington, R. Fenwick, , , , , , contributor to <i>MP</i> (1876), 
484,Emily, , , , , , ," an unsatisfactory pupil of Mary Anne Dyson's, leaving (25 Feb 1854)",
485,Emma, , Queen, , , , (1836-1885), Queen consort of Hawaii,  She visited England in 1865-6 to raise funds for an Anglican cathedral and girls' school.
486,England, , Mrs, , , , , neighbour,"  She may have been related to Dr. William England, perhaps his wife or his daughter-in-law."
487,England, George Fuller Ashbridge, Dr., , , , (b.1861), physician," He was the son of Dr. William England, and by 1899 had taken over the practice at 12 Southgate Street, Winchester.  He married (1888) Catherine Harriette J. Ord.  See Coleridge, <i>Life</i> 321n.: ‘Dr. England was the family physician.  His son attended Miss Yonge in her last illness.’  "
488,England, William, Dr. , , , , (b.1823/4), physician,"  See Coleridge, <i>Life</i> 321n.: ‘Dr. England was the family physician.  His son attended Miss Yonge in her last illness.’  His wife’s name was Catherine."
489,Erskine, , Miss, , , , , correspondent 1860,  She evidently knew the Dysons and Mary Coleridge.
490,Evans, Margaret, , (Freeman), , , (1848-11 March 1893), eldest daughter of Edward Augustus Freeman," She married (1878) Sir Arthur John Evans (1851-1941), archaeologist [ODNB Freeman and  Evans]; she contributed to <i>MP</i> (1882).  Either she, or possibly her sister Florence, took part in the Spider competitions under the name ‘Pisa’."
491,Evans, , Mr, , , , , perhaps an official of the SPCK," Another possibility is that the person mentioned in this letter to Susanna Warren of 3 November 1860 is the engraver Edmund Evans (1826-1905), but this seems less likely."
492,Eve, M. C., , , , , , contributor to <i>MP</i> (1872),
493,Everard, Harry Sterling Crawfurd, , , , , (1848-1909)," writer on golf, contributor to <i>MP</i> (1894)",
494,Ewing, Juliana Horatia, , (Gatty), , , (1841-1885)," novelist, contributor to <i>MP</i> (1861-93)", She married ([ODNB]
495,Seymour,Anna Jane, ,(Fair), , , , missionary,"  She married (1879) Charles Henry Seymour.  She was one of the women who sailed to South Africa with Mary Anderson Morshead and Bishop Robert Gray in 1868, and the dedicatee of Morshead\'s <i>Robert Gray</i>; see her account there of work at Clewer."
496,Fairbairn, Thomas, Sir, , , 2nd Bt. , (1823-1891), art collector and patron," He married (1848) Allison Callaway (d. 1907); he lived at Brambridge House, Hants by 1866. [ODNB; Dod 1876; PB 1952]"
497,Faithfull, Edward Williams, , , , , ,Winchester solicitor," He was author of <i>Occasional Thoughts</i> (London E. Faithfull and Winchester Jacob and Johnson 1872), a volume of verse published by private subscription, probably sold in aid of the Winchester Hospital."
498,Faithfull, , Miss, , , , ,a schoolmistress at Winchester High School,  Perhaps a relation of E. W. Faithfull.    
499,Hawker,Mary Elizabeth, , , , ,(1848-1908)," novelist, contributor to <i>MP</i> (1892) as ‘Lanoe Falconer’",
500,Farren, Robert B., , , , , (b. 1832), artist and illustrator," A protégé of Alexander Macmillan, formerly (1861 census) curator of Cambridge geological museum."
501,Farrer,Alice, , , , , , contributor to <i>MP</i> (1890-3),
502,Fearon, William Andrewes, The Rev., , , , (1841-1924), headmaster (1884-1901) of Winchester College,  His sister married CMY’s cousin Edmund Anderson Morshead.
503,Fellowes,Anne, , , , , , contributor to <i>MP</i> (1883),
504,Fenn, K. S., , , , , , contributor to <i>MP</i> (1897),
505,Féval, Paul, , , , , (1816-1887),"  French novelist, contributor to <i>MP</i> (1867-8)",  The translation of his novel was by FMY.
506,Fiamma, Gabriele, , , , , (1533-1585)," Italian poet, contributor to <i>MP</i> (1896)",
507,Field, Louisa Fanny, , (Story), , , (1856-31 Dec 1941), children\'s writer,"  She was author of <i>The Child and His Book</i>, and a contributor to <i>MP</i> (1895) (as Mrs E. M. Field) and (1898) (as Louise F. Field). From 1893 she edited the GFS journal <i>Friendly Work</i>. She also contributed to <i>Mothers in Council</i>, later joining the staff.

She married (1882) Edward Maclaine Field (b.1852), school inspector. She was opposed to women’s suffrage. Her obituary is in <i>The Times</i> (1 January 1942).  

]Louisa Fanny (Story) Field (1856-31 Dec 1941) wrote, as ‘Mrs E. M. Field’ fiction and histories of children’s books, "
508,Field, J. E., , , , , , contributor to <i>MP</i> (1873),
509,Field, Margaret, , , , , , contributor to <i>MP</i> (1882), Probably the novelist of that name.
510,Fielder, , Mr, , , , , perhaps a curate at Hursley," The person mentioned (15 Jan 1853) may be the same as the Mr Fielder, apparently a clergyman somewhere else, letter to him (1870) thanking for collection for Melanesia."
511,Finchcliffe, , Miss, , , , , friend of Edith Crawley, She was written to in Aug 1868 about Mary Anderson Morshead and ladies going to Cape Town.
512,Finlaison, Marion, , , , , (b. London 1834/5-1914)," schoolmistress, subeditor of <i>MP</i>","CMY\'s neighbour Marion Finlaison (1834/5-1914) is described in Coleridge, <i>[[otherbook:40]Life]</i>, 272, 280. She ran a small boarding-school in Otterbourne and acted as sub-editor of <i>MP</i>. Although Marion is what she wrote on the census forms, it appears she was actually baptised Catherine Jane.  She was the daughter of William Finlaison (1789-1852), Captain RN (he was brother of the actuary and was on the <i>Beagle</i>, briefly also governor of Ascension I) and Mary Anne Ovenden.  In 1861, calling herself Marion C. C [or J?]. Finlaison,  she was living with her mother in the household of her sister Mary Isobell (1819-1900)  and brother-in-law, the Rev. [[person:758]Henry Jenner] (1820-1898), Rector of Preston, Kent.  Jenner  was later made Bishop of Dunedin New Zealand (though rejected as too High) and Bishop of the Eglise Catholique Gallicane. Marion Finlaison acted as subeditor of the <i>MP</i> and  ran a small boarding school in Otterbourne from late 1870s, probably successor of the school run by Mary Adams.  She was evidently known by her family as Kate.  She lived at Wingham between Preston and Otterbourne.  [Not in PO Directory 1875, listed in White\'s Directory 1878; Finlaison letters; geocities.]  "
513,Fisher, Walter, , , , ," (b.Clevedon, Somerset 1842/3)-1881-Otterbourne)", elementary schoolmaster in Otterbourne in the 1881 census,
514,Fletcher, J., The Rev., , , , , contributor to <i>MP</i> (1851),
515,Flint, , Mr, , , , , a friend of the Rev. William Bigg Wither," He is mentioned (21 October 1844), and was perhaps engaged to be married. "
516,Forbes, Alexander Penrose, The Rt. Rev., , , ,(1817-8 October 1875), Bishop of Brechin," He was made bishop in 1847,  and attempted to bring about reunion with Rome.  This was unpopular in Scotland and he was tried in 1860, Keble being present.  He was a friend of Gladstone [J.B.Mowat, <i>Bishop A.P. Forbes</i>; ODNB]"
517,Forbes, Elisabeth Jane, , , , , , member of the Gosling Society," Fifth and youngest daughter of William Forbes (1803-1891) of Medwyn and Mary Hume Archer Houblon (d.1896), niece of Alexander Penrose Forbes, Bishop of Brechin.  Her father was first cousin to Anne Mackenzie.  A Gosling as Thistle [2], and first cousin to Polypodium.  [Houblon Family;  LG 1952;  Faculty of Advocates]"
518,Foster, H. J., , , , , , contributor to <i>MP</i> (1897),
519,Foster, H. M., , , , , , contributor to <i>MP</i> (1898),
520,Fowler, William Warde, , , , , (1847-1921)," historian of Rome, contributor to <i>MP</i> (1890-3)",
521,Fowlie,William, , , , , (b.1791/2), Sir William Heathcote’s steward,"  Born in Scotland, he had a wife Maria Augusta 46 and niece Isabella Davidson 22 in 1851 census.  He had retired by 1861 and was living in Shirley Common Road, Millbrook parish. [Awdry, <i>Heathcote</i>;  White <i>Directory of Hampshire</i> 1859; 1851 census]"
522,Franke, Otto, , , , , (1842-  ), German writer, Perhaps the Mr Franke who wanted to translate one of CMYs novels
523,Freeman, Edward Augustus, , , , , (1823-1892), historian," Friend and collaborator of CMY, father of Margaret and Florence Freeman. [ODNB]"
524,Freeman, Florence, , , , , (b.1854/5)," daughter of E. A. Freeman, contributor to <i>MP</i> (1891-3)","  Either she, or possibly her sister Margaret, took part in the Spider competitions under the name ‘Pisa’. Unmarried in 1905, when she and her sister Helen were awarded a civil list pension in consideration of their father’s historical works. [<i>The Times</i> 22 June 1905]"
525,Frere, Augusta Frederica, , , , , (1824-1888), contributor to <i>MP</i> (1865-73),"She was the fourth daughter of William Frere (1775-1836), Master of Downing College, Cambridge. [LG 1952]  However, it is not clear whether or not the letter to Miss Frere (1875) who lived abroad, is addressed to her."
526,Frere, Emily Georgiana Temple, , , , , (d.1915)," contributor to <i>MP</i> (1865, 73)", Third daughter of the Rev. Temple Frere (1781-1859); she was Augusta Frere’s first cousin.
527,Froude, Richard Hurrell, The Ven., , , , (1771-1859), Rector of Dartington and Archdeacon of Totnes, [ODNB ]
528,Froude, James Anthony, , , , , (1818-1894)," historian,  son of the Ven. Richard Hurrell Froude", [ODNB]
529,Froude, Richard Hurrell, The Rev., , , , (1803-1836)," theologian, son of the Ven. Richard Hurrell Froude,  friend of Newman and Keble",
530,Froude, William, , , , , (1810-1879)," railway engineer, son of the Ven. Richard Hurrell Froude",
531,Furnivall, Frederick James, , , , , (1825-1910)," barrister, philologist", He was honorary secretary of the Philological Society and the originator of the proposal for a <i>New English Dictionary</i>. He introduced CMY to Macmillan. 
532,Fursdon, Adela, , , , , (1853-1935), sister of Charlotte and Henrietta Fursdon.,"  Fifth daughter of the Rev. Edward Fursdon, she was evidently not a member of the Gosling Society."
533,Fursdon, Anna Wilhelmina, , , , , (1856-1936), sister of Charlotte and Henrietta Fursdon,"  Sixth daughter of the Rev. Edward Fursdon, she was evidently not a member of the Gosling Society. [LG 1952 Fursdon]"
534,Fursdon, Charlotte Sophia, , , , , (1846-1916), member of the Gosling Society," She was a Gosling as ‘Glow worm’, third daughter of the Rev. Edward Fursdon, and a contributor to <i>MP</i> (1893). [LG 1952 Fursdon]"
535,Fursdon, Edith, , , , , (1839-1915), sister of Charlotte and Henrietta Fursdon," Eldest daughter of the Rev. Edward Fursdon, she was not a Gosling but probably contributed illustrations to <i>The Barnacle</i> [LG 1952 Fursdon]"
536,Fursdon, Edward, The Rev., , , , (1810-1889), Vicar of Dawlish,"  He married (27 Feb 1838) his first cousin Harriet Grace Rodd [LG 1952 Fursdon of Fursdon, Rodd of Trebartha]"
537,Fursdon, Elizabeth, , , , , (d. 13 November 1863), sister of the Rev. Edward Fursdon, [wills index]
538,Fursdon,Henrietta Elizabeth, , , , ,(1843-1928), member of the Gosling Society, She was a Gosling as ‘Irene’ and second daughter of the Rev. Edward Fursdon. [LG 1952 Fursdon]
539,Fursdon, Mary Penelope, , , , , (1851-1925), member of the Gosling Society," A Gosling as ‘Pixie’ 1870-1876, she was fourth daughter of the Rev. Edward Fursdon [LG 1952 Fursdon]"
540,Garfit, , Miss, , , , , missionary, One of the women who sailed to South Africa with Mary Anderson Morshead and Bishop Robert Gray in 1868.
541,Garnier, Thomas, The Very Rev., , jr., , (1809-1863)," Dean of Ripon (1859) then Lincoln (1860) son of the Very Rev. Thomas Garnier, sr.", [ODNB]
542,Garnier, Thomas, The Very Rev., , sr., , (1776-29 June 1873), Dean of Winchester,"  He became Dean of Winchester in 1840 and was also Rector of Bishopstoke, Hants.;  he resigned the rectory in 1868,  and the deanery about June 1872.  He married (1805) Mary Parry; and had four sons and four daus. [ODNB]"
543,Garnett, Ellen Rayne, , , , , (1840-1924)," governess, would-be contributor to <i>MP</i>"," She was governess to the children of Philip Wynter,  president of St Johns College Oxford in 1861.  She was evidently daughter of the Rev. Richard Garnett (1789-1850), assistant keeper of printed books at the British Museum, and sister of Richard Garnett (1835-1906), keeper of printed books at the British Museum,  for she was staying with the latter in the 1871 census and still a governess."
544,Garnett, Richard, , , , , ," contributor to <i>MP</i> (1894, 1896)"," Both these articles may be by Richard Garnett (1835-1906), keeper of printed books in the British Museum. [ODNB]"
545,Garnett, Lucy Mary Jane, , , , , (1849-1934)," folklorist, contributor to <i>MP</i> (1899)", She was not related to Richard or Ellen Garnett.
546,Garstin, Cordelia, , , , , (1798/9- 3 April 1867), step-cousin of FMY,"  She was known as Delia Garstin. For her connection with Cordelia Garstin (d.1791), who had been the first wife of FMY’s father, see Coleridge, <i>Life</i>, 33.   She was the daughter of John Bradstreet Garstin of Wakering Hall, Essex and Mary Ketchum of New Brunswick.  She died in Exeter [LG 1871 Garstin]"
547,Gascoyne-Cecil, Robert Arthur Talbot, , , , 3rd Marquess of Sal, (1830-1903), prime minister," He married (1857), Georgiana Caroline Alderson (1827-1899);  he was styled Lord Robert Cecil to 1865, then Viscount Cranborne until succeeding his father in 1868;  he served as Prime Minister 1885-6, 1886-7, 1887-92, 1895-1900, 1900-2. [ODNB]"
548,Gascoyne-Cecil, Georgina Caroline, , (Alderson), ,  Marchioness of Sal, (1827-1899), wife of the 3rd Marquess of Salisbury,
549,Gatty, Margaret, , (Scott), , , (1809-1873), children’s writer and naturalist,"  She married (8 July 1839) the Rev. Alfred Gatty (1813-1903), Vicar of Ecclesfield; she was the mother of Juliana Horatia (Gatty) Ewing, and a contributor to <i>MP</i> (1857-69).   Gatty’s <i>Aunt Judy’s Tales</i> (1859) and <i>Aunt Judy’s Letters</i> (1862) were made up of contributions to the <i>MP</i> from 1858 to 1865. \'Aunt Judy\' was there represented as an older sister telling stories to her younger brothers and sisters, and was based on Gatty’s daughter [[person:494]Juliana Horatia Gatty] (1841-1885), later Ewing, who herself began to contribute to the <i>MP</i> in 1861. In 1866 Gatty began to edit a periodical for George Bell called <i>[[other:54]Aunt Judy’s Magazine]</i> and most of the later fiction of both mother and daughter appeared there."
550,Gatty, Johanna, , , , , , contributor to <i>MP</i> (1870),
551,Gaunt, John, , , , , , contributor to <i>MP</i> (1899),
552,Gaye, Selina, , , , , (Westminster 1839/40-1914), contributor to <i>MP</i> (1866-89)," Elder daughter of the Rev. Charles Gaye, Rector of St. Matthews, Ipswich, she was author of fiction and non-fiction for children, including translations from Hungarian,  sometimes as S.G. and sometimes as ‘A clergyman’s daughter’.  She may well be the author of all contributions to <i>MP</i> signed S.G..  By the 1871 census she was an authoress living in London, Coleshill St., with an elderly ?aunt;  in 1891 and 1901 in London with brother Howard Gaye, architect, with no servant."
553,Gee, Evelyn, , , , , (b.1843/4),  contributor to <i>MP</i> (1872)," CMY’s bank account records the payment of £5 to Miss E. Gee on 10 April 1873, the only one to a person of this name.  A story ‘What the Church Eagle Said’ appeared in <i>MP</i> (December 1872) 4.  Evelyn Gee (b. Herts. 1843/4), daughter of the Rev. Richard Gee, Vicar of Abbots Langley and later of Windsor, who married (1880) Richard Rivington Holmes, librarian at Windsor Castle, seems a plausible candidate.  He has an entry in ODNB, which states that she survived him."
554,Gemmer, Caroline M., , (Bland), , , (b.1820/1), contributor to <i>MP</i>,"  Friend of Christina Rossetti, she also wrote as Gerda Fay, and was author of children's verse.  She contributed to <i>MP</i> (1873), and probably also wrote the articles published as by C.M.Gemma (1862, 1864) [1851 census]"
555,Gerard, Dorothea Mary Stanislaus, , , , , (1855-1915),  contributor to <i>MP</i> (1893-98)," She married (1886) Julius Longard de Longgarde.  She was a prolific novelist, sometimes with her sister Emily, who lived in Galicia in the Austrian Empire."
556,Gerard, Jane Emily, , , , , (1849-1905),"  novelist as E. Gerard, contributor to <i>MP</i> (1894)"," Sister of Dorothea Gerard, she married (1869) Miecislaus de Laszowski; she lived in Austria."
557,Gibbs, Matilda Blanche, , (Crawley-Boevey), , , (1817/8- 24 Sept 1887)," philanthropist, cousin of CMY","  She was known as Blanche. Third daughter of Sir Thomas Crawley-Boevey 3rd Bt. she married (1 Aug 1839) William Gibbs (1790-1875) of Tyntesfield.  She was second cousin to CMY, her paternal grandfather being brother of WCY's mother."
558,Gibbs,Henry Hucks, , , ,1st Lord Aldenham,(1819-1907),"cousin of CMY, philologist"," He was created (1896) 1st Lord Aldenham.  He married (1845) Louisa Anne Adams (d. 1895).  He was son of George Henry Gibbs (1785-1842), elder brother of William Gibbs of Tyntesfield.  His parents were first cousins, his mother being Caroline, sixth daughter of the Rev. Charles Crawley (1756-1849), Rector of Stowe Nine Churches, Northants., and Mary Gibbs (d.1819).  He was thus CMY’s second cousin. [ODNB, PB 1952]"
559,Gibbs, Henry Martin, , , , , (1850-1928), of Barrow Court," Fourth son of William and Blanche Gibbs, he married (1882) Emily Anna Otter (d. 1928). [PB 1948]  He was CMY’s second cousin once removed."
560,Gibbs, William, , , , , (1790-1875), businessman,"  He married (1839) Matilda Blanche Crawley-Boevey (1817/8-1887).  His aunt Mary Gibbs (d.1819) had married the Rev. Charles Crawley (1756-1849), brother of CMY’s paternal grandmother Catharina (Crawley) Yonge, the first of many marriages connecting the various families.  His wife was the granddaughter of Charles and Catharina Crawley’s eldest brother Sir Thomas Crawley-Boevey 2nd Bt. (1745-1818).  "
561,Giberne, Agnes, , , , , (1845-1939),"  novelist, contributor to <i>MP</i> (1893, 5)"," She sometimes wrote as A.G., and may be the author of earlier contributions to <i>MP</i> signed thus."
562,Gibson, William John, , , , , (b. Peshawur 1853),clerk," He married (1883) Emmeline Spratt.  He was a clerk in a City of London warehouse in the 1881 census.  He may or may not be the dissenting ‘clerk and of a station rather above, much given to good works’ to whom she was engaged in 1878."
563,Gidley, S. M., , , , , ," contributor to <i>MP</i> (1877, 79)",
564,Girdlestone, P. E. Gertrude, , , , , , contributor to <i>MP</i> (1899),
565,Glaister, Elizabeth, , , , , ," contributor to <i>MP</i> (1876-9), novelist and writer on embroidery",
566,Boyle, Montagu, , (Abercromby), , Countess of Glasgow, (d. 1931), philanthropist," She was wife of the 6th Earl of Glasgow (d. 1890), the original of Harry in Catherine Sinclair’s <i>Holiday House</i>."
567,Goodrich, A. M.,, , , , , contributor to <i>MP</i>,She wrote about  Canterbury Cathedral in the \'Cathedral Sketches\' series in <i>MP</i> (1859). She was the author of nineteen stories and tracts published by the SPCK as ‘by the author of <i>Hester</i> Blake’ (a story published in 1855) and others as ‘by the author of <i>The Chamois</i> Hunter’ (a work of which there seems to be no COPAC record).
568,Gordon, Arthur Charles Hamilton, The Hon. Sir,  , , 1st Lord Stanmore, (1829–1912), colonial governor,
569,Gordon, Mary Charlotte Julia, , , , , (1840-1926)," contributor to <i>MP</i>, cousin of Swinburne"," She was later (1865) Mrs Disney Leith.  She was a  niece of Lady Elinor Wodehouse and cousin of the poet Swinburne, who is said by some to have been in love with her."
570,Gordon, Jean, , , , , , contributor to <i>MP</i> (1893),
571,Gordon Cumming, Constance Frederica, , , , , (1837-1924)," travel writer, contributor to <i>MP</i> (1882-91)", Fifth dau of Sir William Gordon Cumming 2nd Bt. (1787-1854) and Eliza Campbell (d. 1842). [PB; Harvard Lib Cat]
572,Gordon, Alice May, , (Brandreth), , , (b.1853/4)," contributor to <i>MP</i>, writer as Mrs J.E.H. Gordon"," She married (1878) James Edward Henry Gordon, electrical engineer (1852-1893) [His ODNB entry says her surname is  unknown, but the 1881 census has Gordon at 32 Elvaston Place Kensington with wife Alice M and his father-in-law Joseph E F Brandreth, rtd ICS, magistrate. Gordon’s mother was named Brandreth; perhaps they were cousins]"
573,Gore, John Ellard, , , , , (1845-1910)," astronomer, contributor to <i>MP</i> (1891-5)",
574,Gorsuch, G., , , , , , paid money in 1857,
575,Grant, Catherine Ponton, , , , , , contributor to <i>MP</i> (1892),
576,Grant, Charles, , , , 1st Lord Glenelg,  (1788-1866), colonial secretary," He served as secretary of state for the colonies 1835-1839, notoriously lazy, he was created a peer in 1835. "
577,Graves, Henry, , , , , (1806-1892), would-be contributor," The reference to a sculpture of John Coleridge Patteson in the letter refusing an article called ‘Second Fiddles’ suggests that it may have been addressed to the print seller of that name, although the identification is not certain."
578,Gray, Robert, The Rt. Rev., , , , (3 Oct 1809-1 Sept 1872), Bishop of Cape Town,"  He became  Bishop of Cape Town in 1847.  He married (1836) Sophia Wharton Myddleton. [Morshead, <i>Robert Gray</i>; ODNB]"
579,Gray,Sophia Wharton, ,(Myddleton), , ,(1814-1871)," wife of the Rt. Rev. Robert Gray, Bishop of Cape Town", [ODNB]
580,Greatheed, Samuel Stephenson, , , , , ," writer on church music, contributor to <i>MP</i> (1881)",
581,Green, Fanny L., , , , , , contributor to <i>MP</i> (1891-5), She also contributed to <i>Ladies at Work</i> (London: Innes 1893).
582,Green, John Richard, The Rev., , , , (1837-1883), historian,
583,Greene, Louisa Lilias, The Hon. Mrs., (Plunket), , , (1833-1891)," author, contributor to <i>MP</i> (1875)", She married (1852) Richard Jonas Greene. [PB 1948]
585,Gregory, Eleanor C., ,  , , , ," author, contributor to <i>MP</i> (1895)",
586,Grigg, , Miss, , , , (fl.25 June 1862),  friend of Mary Adams and her aunt,
587,Grigorovitch, Demetrius, , , , , ,  contributor to <i>MP</i> (1861),
588,Grove, George, Sir, , , , (1820-1900), assistant editor of <i>Macmillan's Magazine</i>, He was assistant editor from 1866; famous as the editor of the <i>Dictionary of Music</i>;  he was knighted in 1883.
589,Grubbe,Alice, ,(Mackenzie), , ,(b.1823),sister of Anne Mackenzie,"Youngest sister of Anne Mackenzie and of the Rt. Rev. Charles Frederick Mackenzie, she married in Natal (1861) the Rev. Charles Septimus Grubbe. (1830-1910), S. P. G. missionary at Maritzburg 1858-61 and Archdeacon of Maritzburg 1861-5.[<i>Grubbe Family</i>;  LG Mackenzie]"
590,Grubbe, Charles Septimus, The Rev., , , , (1830-1910), missionary," He was SPG missionary at Maritzburg 1858-61 and Archdeacon of Maritzburg 1861-5.  He married (1861) at Bishopstoke, Natal, Alice Mackenzie, youngest sister of CF Mackenzie [<i>Genealogical Memoranda Relating to the Grubbe Family</i> (1893)]"
591,North,Francis,The Rev., , ,6th Earl of Guilford, (1772-1861)," pluralist, son of the Bishop of Winchester","He succeeded his distant cousin the fifth earl of Guilford in 1827. He was Master of St. Cross Hospital, Rector of St. Mary\'s, Southampton, and of Old Alresford, New Alresford and Medstead, mentioned by CMY (16 Jan 1854).  He was a notorious pluralist and sparked the debates which gave rise to Trollope’s <i>The Warden</i>."
592,Guinness, Avice Mary , , , , , (1870/1- 14 March 1950), daughter of the Rev. Robert Guinness and Grace Harriet Butler," [LG 1952 Guinness of Wootton Hall, <i>Guinness Family</i>]"
593,Guinness, Elizabeth Maud, , , , , (1868/9-1860)," headmistress, daughter of the Rev. Robert Guinness and Grace Harriet Butler"," [LG 1952 Guinness of Wootton Hall, <i>Guinness Family</i>; 1891 census]"
594,Guinness, Grace Harriet, , (Butler), , , (1847-1929), daughter of the Very Rev. W. J. Butler," She married (17 April 1866) the Rev. Robert Guinness (1841-1918),  [<i>Guinness Family</i>;  LG 1952 Guinness of Wootton Hall]"
595,Guinness, Henrietta Darley, , , , , (1886/7-after 1952), daughter of the Rev. Robert Guinness and Grace Harriet Butler," [LG 1952 Guinness of Wootton Hall, <i>Guinness Family</i>]"
596,Guinness, Mary Geraldine, , , , , (1888/9-after 1952),  daughter of the Rev. Robert Guinness and Grace Harriet Butler," She married James Alfred Fort and had issue.  [LG 1952 Guinness of Wootton Hall, <i>Guinness Family</i>]"
597,Guizot, François-Pierre-Guillaume, , , , , (4 Oct 1787-12 Sept 1874), French statesman,
598,Gull, William Withey, Sir, , 1st. Bt., , (1816-1890), physician," He gained his MD in 1846, was FRCP, was created a baronet 1872, and left £344,000 [ODNB]"
599,Gully, James Manby, Dr, , , , (1808-1883), physician," He founded Malvern hydropathic establishment in the early 1840s, but was ruined by the Bravo case of 1876, which revealed he had had an affair with a patient."
600,Gunton, Richard Thompson, , , , , (1846-1921), librarian at Hatfield House, He was private secretary to the 3rd Marquess of Salisbury 1816-73 and 1878-1903;  he was librarian at Hatfield House 1866-73 and 1878-1921.
601,Gurney, Alfred, The Rev., , , , (1843-1898)," Vicar of St. Barnabas, Pimlico, contributor to <i>MP</i> (1885-93)","  He was author of hymns, religious works and a study of D.G. Rossetti; he married (1866) Alice Blanche Gibbs, daughter of William Gibbs of Tyntesfield. [LG 1952]"
602,Haden, Seymour, , , , , (1818-1910), etcher and surgeon," Brother-in-law of Whistler, he was perhaps known to the Johns family. "
603,Hadwen, E., , , , , , contributor to <i>MP</i> ( 1876),
604,Halcombe,J. J.,The Rev., , , , ,editor of <i>Mission Life</i>,"He was editorial secretary to the SPCK, and published a biography of Bishop Mackenzie in 1870."
605,Hale, , Miss, , , , , interested in the Kebles,  
606,Halévy, Ludovic, , , , , (1834-1908)," French writer, contributor to <i>MP</i> (1894)",
607,Hall, S. Elizabeth, , , , , ," novelist, contributor to <i>MP</i> (1897)",
608,Hallett, Caroline Maria, , (Pilkington), , , (1841–1915), contributor to <i>MP</i> (1879-91)," She was author of sanitary tracts and religious works. She was the daughter of the Rev. Canon Charles Pilkington and the wife of the Rev. John Thomas Hallett, Vicar of Bishop\'s Tachbrook, Warwickshire."
609,Halliday, Francis Edward, General, , , , (1834-5 January 1911), brother-in-law of Gertrude Walter," He married (1866) Louisa, second daughter of Lt- Col Edward Walter.  In the 1891 census he was living at Itchen Cottage, Itchen Abbas with his wife and daughters Georgina, 23, Edith, 22,  Dora E., 17, Gertrude, 14, Violet, 13, and son Frank, 11.  In the 1901 census he was living at Upcott, Bishops Hall, Somerset,  with his wife Louisa, 59, and daughters Elizabeth, 26, Gertrude, 24, Violet Amy, 22, and three servants. The probate of his will was obtained by Gertrude Louisa Charlotte Manley wife of Harry Lamont Manley."
610,Halliday, Edith Mary, , , , ,(b.Otterbourne 1868), daughter of Louisa (Walter) Halliday,
611,Halliday, Lionel Edward, , , , , (b. 1872/3), son of Louisa (Walter) Halliday,
612,Halliday, Francis Noel, , , , , (b. 1889/90), son of Louisa (Walter) Halliday,
613,Halliday, Gertrude Louisa Charlotte, , , , , (b. 1876), daughter of Louisa (Walter) Halliday," She married (1901) Harry Lamont Manley, and she proved General Halliday’s will."
614,Halliday, Violet Amy, , , , , (b.1878), daughter of Louisa (Walter) Halliday,
615,Halliday, Medora Elizabeth, , , , , (b.1874), daughter of Louisa (Walter) Halliday, Sometimes called Dora. E. Halliday.
616,Halliday, Louisa, , (Walter), , , (Hyderabad 11 Dec 1840-1916), sister of Gertrude Walter and Frances (Walter) Yonge," Daughter of Lt- Col Edward Walter, she married (1866) Francis Edward Halliday (1834-1911).  She was sister of Gertrude Walter, Frances Yonge and Mary (Walter) Woollcombe.  She had a large family of whom CMY most often mentions her daughter Georgina Frances (Halliday) Mansfield (b.1868/9) who was three in 1871. [India Office, Bombay Baptisms, 1871 census when they were staying at Medstead with cousins]"
617,Halsey, Ethel, , , , , , contributor to <i>MP</i> (1898), She also published a study of the Renaissance painter Gaudenzio Ferrari.
618,Hammond, Frederick, The Rev., , , , , brother of Catharine Elgie, He was in charge of Otterbourne parish at the time of the 1881 census.
619,Hampton, Laura Elizabeth, Lady, (Phipps), , , , potential contributor," Daughter of the 2nd Marquess of Normanby, she married (1868) John Vivian Hampton (1835-1890), and is mentioned as a potential contributor in 1878."
620,Hardy, Gathorne, The Rt. Hon, , ," Viscount Cranbrook,", (1814-1906), conservative politician, He was created (1878) Viscount Cranbrook and (1892) 1st Earl of Cranbrook. [ODNB]
621,Harmes, Claus, , , , , , contributor to <i>MP</i> (1862), Probably the German theologian Claus Harms (1778-1855).
622,Harper,Joanna Dorothea Dyke, ,(Acland Troyte), , ,(1843/4-1917),member of the Gosling Society,"She was a Gosling as ‘Albatross’ and left in 1863.  Daughter of Arthur Henry Dyke Acland Troyte (born Acland, 1811-1857) and Frances Williams (d. 1856), she married (1864) Leonard Harper, son of the Rt. Rev. Henry John Chitty Harper (1804-1893), first Bishop of Christchurch, New Zealand.  She had a double wedding with her sister Mary who married the Rev. Walter Hook [1851 census, PB 1948 Acland, LG 1952 Harper]"
623,Harper,Henry John Chitty, The Rt. Rev., , , , (1804-1893),  Bishop of Christchurch and primate of New Zealand, [LG 1952]
624,Harris,William Charles, Captain, , , , (1809-1887), chief constable of Hampshire from 1843, Mentioned (24 Sept 1846).
625,Harris, George Collyer, The Rev., , , ," (Toronto, Canada 1833-4 May 1874)"," step cousin of CMY, contributor to <i>MP</i> (1869, 1870)","The only son of the Rev. Joseph H. Harris’s first marriage to Charlotte Collyer. She  died, probably in child birth in 1834 in Canada and Joseph remarried (1837) Jane Yonge, sister of Uncle Yonge, who had accompanied her sister Lady Seaton to Canada.  George Harris was born in Toronto and educated at Harrow and Exeter College Oxford (BA 1856, MA 1858)  He served as curate of Chipping Campden 1857-9, then Tor Mohun 1859-65;  he was Vicar of St Luke\'s, Torquay from 1865 until his death. He died at his parents\' house, Sorel, Torquay.  He married (London 1865) Percy [sic] Primrose (b. Quebec 1839/40) and had Edward Percy Harris (b.1866/7-?d.1872),  George Montagu Harris (b.1869) and Mary J Y Harris (b.1871), the latter the biographer of Frances Mary Peard. [Boase supp; 1871, 1901, 1881 census, information from Ian Yonge.]"
626,Harris, Mary Josephine Yonge, , , , , (b.1871)," daughter of the Rev. George Collyer Harris, biographer of Frances Mary Peard",
627,Harris, Jane, , (Yonge), , , (1796-1879), sister of Rev. John Yonge of Puslinch and Lady Seaton,"She married (1837, in Canada, where she had gone with the Seatons) the Rev. Joseph Hemington Harris (1799/1800-1881) D. D., incumbent of Torre, near Torquay, a widower with one son, the Rev. George Collyer Harris."
628,Harris, John, Dr., ,  M.D., , , physician,"  Described by CMY as  'a Plymouth man . .  a small man with a Jewish face and a nervous sensitive manner' [Coleridge, <i>Life</i> 100]"
629,Harris, Joseph Hemington, The Rev., , , , (1799/1800-25 June 1881), Vicar of Tor Mohun and Cockington," He married, first, Charlotte Collyer. She  died, probably in child birth in 1834 in Canada and H Joseph married (1837), also in Canada, Jane Yonge, CMY\'s father\'s first cousin.  His only child, the Rev. George Collyer Harris was born of the first marriage. The Rev.Joseph Harris was educated at St Paul’s School and St John’s College, Cambridge, Fellow of Clare Coll, Cambridge 1824-9, priest 1825, principal of Upper Canada College 1829-38, curate of Cockington 1845-8, of Tor Mohun 1848- his death. Died at Sorel, Torquay, [obituary <i>Guardian</i>  29 June 1881, 913 ]"
630,Harris, , Mrs, , , ,  (fl.19 Sept 1846), recommending a nurse to Alethea (Yonge) Anderson Morshead,
631,Harris, Percy, , (Primrose), , , (b. Quebec 1839/40), wife of the Rev. George Collyer Harris,
632,Harris, William, , , , , (fl.24 Sept 1846),no relation to the chief constable,"He and his wife were entertained at Puslinch in 1846.  He was probably William Harris, J. P., of Yealmpton, near Puslinch, and his wife, née Bulteel."
633,Harris, William, , , , , , solicitor," His address was 5 Stone Buildings, Lincoln's Inn;  he was solicitor to JBY's marriage settlement;  he is last listed in the <i>Law List</i> 1883, "
634,Harrisson [sic], Robert Everson, The Rev., , , , (1818/9-1902), Rector of Bishopstoke," He was to decide on the date for the consecration of Eastleigh church, 1868, Eastleigh being a new parish carved out of Bishopstoke.  The first incumbent, the Rev. W. A. Longlands, was appointed Vicar of Eastleigh, by Bishopstoke Station in the following year. [<i>Jackson’s Oxford Journal</i> 23 January 1869]"
635,Harrison, Robert, , , , , (1820-1897)," librarian of the London Library, 1857-1893",  
636,Harrison, William Dann,The Rev., , , , , Vicar of South Stoneham,
637,Harrison, F., , , , , , contributor to <i>MP</i> (1869-89),
638,Harrison, Sophia Jane, , (Collinson), , , (1826-1891), wife of Thomas Elliot Harrison," Daughter of the Rev. John Collinson, Rector of Boldon, and Amelia King,  she married (6 January 1859), as his second wife, Thomas Elliot Harrison (1808-1888), of Whitburn, Sunderland-on-Wear, the distinguished railway engineer and entrepreneur, see ODNB.  They had two sons and four daughters;  one of the latter, Katharine Charlotte Harrison, was CMY’s goddaughter.  CMY stayed with them at Whitburn and at their house in Paddington in London.  See the dedication of <i>Grisly Grisell</i>.  Sophia Harrison’s sister Thomasine Septima Collinson married the Rev. Henry de Winton (d. 1895), Archdeacon of Brecknock, and is probably the Mrs de Winton mentioned in the letter to her.  However,  Julia Cecilia Collinson (1812-1876) who married first (1831) Walter de Winton, ne Wilkins (d.1840), and secondly (1857) William Stretton (d 1868) , whose biography CMY wrote in <i>Women Novelists of Queen Victoria’s Reign</i>, was also a member of this family, another sister of Mrs Harrison.  [Sutherland, <i>Longman Companion</i>, under Stretton; LG 1952 de Winton; ODNB T. E. Harrison; PB 1914;  Coleridge, <i>Life</i> 31-2; corr. N&Q (1908)]"
639,Hart, Elizabeth Anna, , (Smedley), , , (1822-1890),"  contributor to <i>MP</i>, novelist and children’s writer"," Sister of the writer Menella Bute Smedley, contributor to <i>MP</i> (1874-6)"
640,Hart, Mabel, , , , , ," novelist, contributor to <i>MP</i> (1895, 96)",
641,Hart, , Mr, , , , , an opponent," He is described as holding his hand in 1870, perhaps an opponent of some project, for church or school?"
642,Hartley, , Mrs, , , , , contributor to <i>MP</i> (1890),
643,Harvey, Mary Nunn, , , , , (1834/5-1897)," donor of the Girls’ Friendly Society Home at Shanklin, Isle of Wight",  Her death was registered in the last quarter of 1897.
644,Hasell, E., , , , , (d. 1889 or earlier), contributor to <i>MP</i> (1889)," Probably Elizabeth Julia Hasell (1830-1887), author."
645,Hawkins, , Mrs, , , , , unfortunate, Described as poor Mrs Hawkins in September 1868.
646,Hawksley, John, The Rev., , , , , friend of Susanna Warren," His address was 12 the Polygon, Clifton, Bristol;  he was a clergyman without cure of souls with whom Susanna Warren was staying 1861."
647,Hay, Clifford, , , , , , contributor to <i>MP</i> (1898),
648,Hay, William, , , , , (1788-1876), of Dunse Castle,"  He was a connection of the Yonges, having married Mary Garstin (d. 1863), first cousin of Lord Seaton, Aunt Duke and Aunt Yonge. Their daughter Cordelia Hay married (1848) John Bargus Yonge (1821-1863), of Puslinch, Anne's brother, her second cousin.  Their daughter Mary (d. 1855) married, as his second wife, George Stirling-Horne-Drummond (1813-1876) of Blair Castle."
649,Haydn-Byrne, William A., , , , , , contributor to <i>MP</i> (1893),
650,Hayllar, Florence H., , , , , ," poet, contributor to <i>MP</i> (1892)",
651,Hayward, Augusta C., , , , , , contributor to <i>MP</i> (1868),
652,Hazelby, Henrietta, , , , , (b. Hursley 1844), housemaid, CMY’s housemaid at Elderfield in 1871 and 1881.   She was a dressmaker living alone in the 1901 census.
653,Heathcote, Arthur Malcolm, , , , ,(22 April 1847-1934)," schoolmaster, contributor to <i>MP</i> (1885), publisher"," Son of Sir William Heathcote, he married (20 Aug 1879) Mary Forbes Young (d. 13 Jan 1903), daughter of the Rev. James Gavin Young, Vicar of Hursley.  For some years he ran a prep school at Hursley.  However, he is listed in the 1891 census as a \'publisher\', and it seems likely that he was the son of Sir William whom CMY mentioned in 1887 as working for George Allen and Sons."
655,Heathcote, Beatrice Henrietta, , , , , (1856-1909), twin daughter of Sir William Heathcote,
656,Heathcote, Jennetta Alethea, , , , , (1856-1887),  twin daughter of Sir William Heathcote,
657,Heathcote, Caroline, ,"(Perceval), the Hon. Lady",, , (d.1835)," first wife of Sir William Heathcote, daughter of Lord Arden",
658,Heathcote, Elizabeth, , (Bigg), , , (1773-23 March 1855), mother of Sir William Heathcote," Friend of Jane Austen as Elizabeth Bigg, she married (1798) the Rev. William Heathcote (1772-1802)."
659,Heathcote, Evelyn Dawsonne, The Rev., , , ,  (11 Nov 1844-1 May 1908), son of Sir William Heathcote, He married (19 December 1876) Grace Hussey.  He was the fifth son (second by the second marriage) of Sir William Heathcote [PB Heathcote]
660,Heathcote, George Parker, , , , ,(1828-15 Feb 1871), son of Sir William Heathcote’s first marriage, He returned from India a cripple with ‘creeping paralysis’ in February 1860. He married (15 Jun 1869) his cousin Isabella Margaretta Elizabeth Walpole (d. 1938). After the Moberlys left Field House he lived there. 
661,Heathcote, Gilbert Vivyan, The Rev., , , , (12 July 1830-7 Feb 1890), son of Sir William Heathcote’s first marriage," After going into the army and rather disappointing his father, he joined the church and became Rector of West Deeping, Lincolnshire.  He married three times, and CMY described him as ‘very hardworking & <i>very</i> High Church’."
662,Heathcote, Grace, , (Hussey), , ,(b. 1843/4), contributor to <i>MP</i> (1889)," Wife of the Rev. Evelyn Heathcote, she contributed ‘The Guiding Principle in Art’ to <i>MP</i>."
663,Heathcote, Helena Mary, , , , , (12 March 1853-1925), daughter of Sir William Heathcote,
664,Heathcote, Letitia Maria, , (Daly), , , (1828/9-1910), daughter-in-law of Sir William Heathcote," A Roman Catholic, she married (1849) Sir William Perceval Heathcote, 6th Bt.."
665,Heathcote,Selina, ,"(Shirley), Lady", ,, (1814/5-1901), second wife of Sir William Heathcote, She married Sir William Heathcote 5th Bt. as his second wife (18 May 1841).
666,Heathcote, Selina Frances, , , , , (4 May 1842-1916), daughter of Sir William Heathcote., As a child she had irons on her legs and is called \'little Fanny\'.  The 1901 census describes her as ‘Feeble-minded (from childhood).’
667,Heathcote, William Beadon, The Rev., , , , (1812-1862), precentor of Salisbury Cathedral," Son of the Rev. Gilbert Heathcote, Vicar of Hursley;  he was precentor of Salisbury Cathedral till his death; he wrote hymns; he was Warden of Radley College 1852-3;  he married (1852) Elizabeth Mary Deane."
668,Heathcote, William Perceval, Sir, , 6th Bt., , (7 Sept 1826-29 Oct 1903), eldest son of Sir W. Heathcote," He married, while quartered in Ireland Oct (or PB 5 Sept 1849?) Letitia Maria Daly (d. 22 Aug 1910) ' in haste a young and devout Roman Catholic lady who was quite unknown to all his relations'.  He later converted to Roman Catholicism. [Awdry, <i>Heathcote</i>; PB]"
669,Heathcote, William, Sir, , 5th Bt., , (17 May 1801-17 Aug 1881), landowner," He married, first (8 Nov 1825) the Hon. Caroline Frances Perceval (d. 3 Mar 1835) and secondly (18 May 1841) Selina Shirley (d. 1901)."
670,Heathcote, Charles George, Major, , , , (1843-1924), army officer," Son of Sir William Heathcote, 5th Bt., by his second marriage."
671,Heathcote, Gilbert Redvers, Sir, , 8th Bt., , (1854-1937), landowner," He was grandson of Sir William Heathcote, 5th Bt.."
672,Heathcote, William Arthur, Sir, ," 7th Bt., S.J.", , (1853-1924), priest,"  He was grandson of Sir William Heathcote, 5th Bt.."
673,Hebel, Johann Peter, , , , , (1760-1826)," German author, contributor to <i>MP</i> (1871)",
674,Hedges, Anne, , , , ,  (fl.15 March 1852), mentioned,
675,Helmore, Katherine Olive, , , , , (1844/5-1923), member of the Gosling Society," She was daughter of the Rev. Thomas Helmore (1811-1890), Precentor of St. Mark's College Chelsea and master of the choristers of the Chapel Royal, and his wife Kate Wilson Pridham (1816/7-1886), sister of Mrs Derwent Coleridge.  She was a Gosling as ‘Cobweb’. [1881 census, will index;  Frederick Helmore <i>T. Helmore</i>]"
676,Helmore, Margaret Cecilia, , , , , (b.1849)," novelist, cousin of Christabel Coleridge.","  The younger sister of Katherine Helmore, she was author of <i>Luna</i> (1873) and <i>Cap and Bells</i> (1875).  In the 1891 census she described herself as an editor in the employment of Ward, Lock and Co.."
677,Henderson, William, , , , , (b. 1815/6), uncle of Susanna Warren," His address was 3 South Bailey, Durham;  he was a woollen manufacturer, and uncle (though younger) of Susanna Warren. "
678,Henderson, William George, The Rev., , , , (1819–1905), contributor to <i>MP</i> (1862)," He married (1852) Jane Melville (d. 1901);  he was contributor to <i>MP</i> (1862) as W. H.;  he may also be the contributor of 1866 with the same signature.  He was one of the editors of the Surtees Society’s publications, and was evidently the author of the series of articles ‘Notes on the Folk Lore of the North of England’ which appeared in the <i>Monthly Packet</i> in 1862 signed ‘W. H.’. His ODNB entry implies that he did not move from Jersey to become headmaster of Leeds Grammar School until 1862, but this letter suggests that he was already residing in the north of England in the previous year."
679,Herbert, Lucy Caroline,  Lady, , , , (1819/20-1884), church worker," Eldest sister of the 3rd Earl of Powis, she married (1865) Frederick Calvert (d. 1891). Her sister Lady Harriet Jane Herbert (1831/2- 1880) had also worked for the New Zealand Bells.  "
680,Herbert, Harriet Jane, Lady, , , , (1831/2-1880), church worker," Sister of Lady Lucy Herbert, she raised money so that church bells should ring for the first time in Auckland, New Zealand."
681,Herbert, M. J., , , , , , contributor to <i>MP</i> (1889),
682,Herculano de Carvalho e Araujo, Alexander, , , , ,  (1810-1877),"  Portuguese novelist and poet, contributor to <i>MP</i> (1877)",
683,Hereward, L., , , , , ," contributor to <i>MP</i> (1893, 97)",
684,Hewett, A. M., , , , , , contributor to <i>MP</i> (1888),
685,Heygate,William Edward, The Rev., , , , (1816-1902), contributor to <i>MP</i> (1869)," A curate in Cornwall and Essex, he became Vicar of Brighstone, Isle of Wight in succession to the Rt. Rev. George Moberly.  He was a  theologian and Tractarian novelist. [ODNB]"
687,Hibbert, C., , , , , , paid money 1857,
688,Hicks, John, , , , , (b. Hursley 1828/9),schoolmaster in Otterbourne,"He was son of Charles Hicks, carpenter, and was described as a carpenter himself in the 1851 census.  In 1861 and 1871 he was \'schoolmaster\'."
689,Hicks, Edmund, , , , , (b. 1822/3), carpenter,"He lived in Otterbourne, working as carpenter and wheelwright;  he was husband of Mary Hicks and father of Mary Hicks (b. 1845/6), and probably the Hicks making FMY\'s coffin 5 Oct 1868."
690,Hicks, Mary, , , , , (b. 1816/7)," wife of Edmund Hicks, carpenter", Probably the Mrs Hicks mentioned  (16 April 1860).
691,Hicks, Mary, , , , , (b. Hursley 1845/6)," nurserymaid, daughter of Edmund Hicks"," Daughter of Edmund and Mary Hicks of Otterbourne, she is recorded as nurserymaid to the four small children of the Rev. George Merriman, headmaster of the Royal Grammar School Guildford in the census of 7 April 1861, but was sent home for idleness by 28 May 1862."
692,Hickes, Frances Alethea, , (Pode), , , (1845-1929), first cousin of CMY,"  Daughter of WCY’s sister Anne (Yonge) Pode, and sister of John Duke Pode,  Charlotte Cordelia (Pode) Yonge and Anne Catharina (Pode) Woollcombe, she married (1873)  the Rev. Thomas Harold Frederick Hickes (d. 1907), who was curate of Hursley in 1875 [PO Directory Hants 1875; LG 1952; birth register]"
693,Higginbotham, , Miss, , , , , correspondent,
694,Higginson, Dorothy, , , , , , contributor to <i>MP</i> (1892-5),
695,Hildyard, Evelyn Matilda , , , , , (b. 1851/2), member of the Gosling Society," A Gosling as ‘Hazel-nut’, she was daughter of the Rev. James Hildyard, Rector of Ingoldsby, and Eliza Kinderley [LG 1952, 1965 Hildyard]"
696,Hills, Katharine, , , , , , contributor to <i>MP</i> (1898),
697,Hills, William Jeffreys, The Rev., , , , (1828/9-1898)," Vicar of Cookham, contributor to <i>MP</i> (1888)"," He contributed papers on Rome to <i>MP</i> in 1888.  He also published sermons and <i>A Manual of Church Reform</i> (1887), read to the English Church Union, which indicates a Tractarian affiliation."
698,Hincks, J. G., , , , , ,"contributor to <i>MP</i> (1865, 68)"," There are payments to Miss J. G. Hincks in the bank account.  An article in the <i>Anthropological Review</i> 7 (April 1869) was translated from Spanish by J.G.Hincks, and since the <i>MP</i> work deals with Moorish material it is reasonable to see her as an expert on Spain."
699,Hinkson, Katharine, , (Tynan), , , (1859-1931), contributor to <i>MP</i> (1893-7)," Irish novelist and poet, she married (1893) H.A. Hinkson."
700,Hoare, Laura, ," (Cator, afterwards Lennard)", , , (1852-1929), ward of Anne Sturges Bourne," She and her sister Penelope were daughters of John Farnaby Cator (1816-1899), who assumed the surname Lennard and was created Sir John Lennard, 1st Bt. in 1880.  Their mother was his first wife Laura Golding (d.1850), who was cousin to Anne Sturges Bourne.  Laura Lennard married (1878) William Hoare (d.1925)."
701,Hobart-Hampden, Jane, , (Awdry), , , (d.1874), mother of the Rev. Alfred Hobart-Hampden,
702,Hobart-Hampden, Sarah Maria, , , , , (d.1939), sister of the Rev. Alfred Hobart-Hampden,
703,Hobart-Hampden, Alfred Bertie, The Rev., , , , (1860-1923)," Rector of Cottered, Herts.",
704,Hobhouse, Violet, , , , , ," novelist, contributor to <i>MP</i> (1899)",
705,Hoets, Maurice Erskine, The Rev., , , , (b. 1857/8 Cape of Good Hope ), Vicar of Twyford until 1900, He married Edith Byard Smith in Cambridge in 1882.
706,Holbeach, Mary Caroline, , (Walrond), , , (1854-1933), correspondent, The letters to Mrs Holbeach in 1893-4 were probably addressed to the wife of Walter Henry Holbeach (1846-1901) of Farnborough Hall (which is the address on the envelope). 
707,Holland, Francis James, The Rev., , , , (1828–1907), educationist,
708,Hollings, Fanny Sophia, , , , , ," novelist, contributor to <i>MP</i> (1881)",
709,Hook, Walter Farquhar, The Very Rev., , , , (1798-1875), Vicar of Leeds then Dean of Chichester,  He became Dean of Chichester in 1859.
710,Hooper, Eliza, , , , , , mentioned as marrying (1845) James Littlefield, They probably lived in Otterbourne.
711,Hooper, Jane Margaret, , (Winnard), , , (1818-1907), contributor to <i>MP</i> (1863),"The novel published in <i>MP</i>  appeared under her name; she was wife of George Hooper, journalist;  she published fiction from 1851, including \'Prince Pertinax\' which appeared in MP in 1863 (though according to www.copac.ac.uk it did not appear in volume form until 1883).  She called herself ‘authoress’ in the 1871 census. Jane Hooper had a daughter Margaret L. Hooper (b. Middlesex 1854/5), who became an artist and illustrator and a son, Winnard Hooper (1853-1935), city editor of The Times. They were perhaps the characters in the story <i>Little Maggie and her brother: A Sketch for Children</i> (1861). CMY recommended it in ‘Hints on Reading MP (March 1862) 335, despite having told Ann Carter Smith she didn\'t care for it.
"
712,Horder, William Garrett, , , , , (b.1839/40)," hymnologist, Congregational minister",
713,Horne (or Herne?), Kezia, , , , ," (b. Avington, Hants. 1836/7)",  maid at Otterbourn House, [1851 census]
714,Hort, A. F., , , , , , contributor to <i>MP</i> (1894),
715,Horton, Alice, , , , , , contributor to <i>MP</i> (1893),
716,Horton, Robert Forman, , , , , (18 Sept 1855-30 March 1934), theologian," A Nonconformist, educated at Shrewsbury and New College, Oxford, he had finished <i>Women of the Old Testament</i> by autumn 1897;  it was evidently published in early 1898 [Horton, <i>An Autobiography</i> WWW]"
717,Hoskins, Ada, , , , , (b. 1862/3), housemaid,"  She was the daughter of James Hoskins, carpenter, and his wife Eliza, of Otterbourne Hill.  She was kitchenmaid to Rowland Jones Bateman in 1881.  It sounds as if she may have had an illegitimate baby;  the death of an infant William James Hoskins was registered at Winchester in the January quarter of 1883."
718,Hoskins, ,  Mr, , , , , letter to 1877,
719,Hoskyns,  D., , , , , , contributor to <i>MP</i> (1874),
720,Housman, Alfred Edward, , , , , (1859-1936)," poet and classical scholar, probable contributor to <i>MP</i> (1875)","  Then a sixteen-year-old schoolboy, he is likely to be the A. E. Housman who won the Spider competition in <i>MP</i> (November 1875) for the best translation of Goethe's 'Fischer'."
721,How, Frances Ann, , (Douglas), , , (d. 28 Aug 1887), wife of the Rt. Rev. William Walsham How," She married (6 Nov 1849) William Walsham How, Bishop of Bedford, and died at Barmouth.  [How, <i>William Walsham How</i>]"
722,How, William Walsham, The Rt. Rev., , , , (13 Dec 1823- 10 Aug 1897), Bishop of Bedford," He married (6 Nov 1849) Frances Ann Douglas (d. 1887).  He was  Bishop of Bedford, suffragan for East London, later Bishop of Wakefield. [How, <i>William Walsham How</i>; ODNB]"
723,Howard, Constance, , , , , , contributor to <i>MP</i> (1890),
724,Howard, E. F., , , , , ," contributor to <i>MP</i> (1895, 97)",
725,Howell, Catharine Augusta, , , , , ," contributor to <i>MP</i> (1864), author of books on childlife",
726,Howitt, William, , , , , (1792-1879)," author, contributor to <i>MP</i> (1852)",
727,St.Lawrence, Henrietta, , (Barfoot), , , , Countess of Howth (d. 1884) [PB],
728,Huc, Evariste Régis, , , , ,  (1813-1860)," traveller, contributor to <i>MP</i> (1852)",
729,Hullah, Mary Emily, , , , , (b. 1847/8)," novelist,  contributor to <i>MP</i> (1891)"," She was daughter of the musicologist John Pyke Hullah (1812-1884), a friend of Thomas Helmore and Derwent Coleridge;  in the 1881 census she was in London with her brother Francis, clerk to Lord Chief Justice Coleridge, and working as a governess; in the 1891 census she was staying with George Richmond the painter and described herself as an authoress.  She probably also contributed to the <i>Barnacle</i>."
730,Humbert, Lewis Macnaughton, The Rev., , , , (1819–1896), Master of St. Cross Hospital," He was successively Master of St. Cross Hospital (1855-68) and Rector of Chiddingfold;  he was later (1878) Vicar of St. Bartholomew Hyde, Winchester.  He married (1850) Ann Parker (b. 1823/4) and had children Ellen (b. 1850/1), Francis, Lewis (b. 1856/7)  and Margaret (b. 1858/9), who married the Rev. Alfred R. Wiseman. He was brother of the architect Albert Jenkins Humbert (1821–1877). [ODNB his brother; census; <i>Alumni Oxonienses</i>] "
731,Humbert,  Ellen, , , , , (b. 1850/1), daughter of the Rev. Lewis Humbert,
732,Humbert, Margaret, , , , , (b. 1858/9), daughter of the Rev. Lewis Humbert," The daughter of the Rev. Lewis Humbert, Master of St. Cross Hospital, she  later married  the Rev. Alfred R. Wiseman."
733,Humboldt,Alexander, , von,, , (1769-1859), contributor to <i>MP</i> (1851),
734,Huntingdon, Margaret, , , , , ," contributor to <i>MP</i> (1888, 91)",
736,Huntington, George, The Rev., , , , ," Rector of Tenby, contributor to <i>MP</i> (1887)",
737,Hurd, Annie Groser, , , , , , contributor to <i>MP</i> (1897-9),
738,Hurton, William, , , , , ," contributor to <i>MP</i> (1851), author of works on Scandinavia",
739,Hutchins, , Miss, , , , , correspondent,
740,Hutchinson, Henry Neville, The Rev., , , , (1856-1927)," writer on geology, contributor to <i>MP</i> (1890)",
741,Ingelow, Jean, , , , , (1820-1897)," poet, contributor to <i>MP</i> (1860-1)",
742,Ingram, William Clavell, The Very Rev., , , , (1834-1901)," Dean of Peterborough, theologian, contributor to <i>MP</i> (1896)", [WWW]
743,Ingram, John Henry, , , , , (1849-1916),  editor,He was editor of the Eminent Women series to which CMY contributed <i>Hannah More</i>.
744,Innes, Arthur Donald, , , , , (Simla 1863/4-1938), editor and publisher," He graduated from Oriel College Oxford in 1887, was publisher of <i>MP</i> and of some of CMY’s books, contributor (1892-8), took over from CMY as coeditor of <i>MP</i> in 1894. After the collapse of his publishing business, he seems to have worked for Cassell’s and later lectured in Indian history at SOAS.  He came from a family of Indian administrators and civil servants.  [WWW]"
745,Irby, Adeline Paulina, , , , , (1831-1911), campaigner for Balkan minorities," Known as Paulina Irby, campaigner for Balkan rights;  associate of Priscilla Johnston, see the latter’s entry in ODNB."
746,Irwin, Sidney Thomas, , , , , , contributor to <i>MP</i> (1893),
747,Jacob, John Thomas, The Rev., , , , (b.1839/40)," Vicar of Tormohun, Torquay", He was appointed in 1900.  He married (1892) Edith Mary New.
748,Jacob, Edgar, The Rt. Rev., , , , (1844-1920),"  Bishop of Newcastle, then St. Albans"," Educated at New Coll, Oxford,  he was Chaplain to Bishop of Calcutta 1872-6, vicar of Portsea from 1878, hon. canon of Winchester 1884, Bishop of Newcastle 1895, then St. Albans 1903.  He was third son of the Rev. Dr. Philip Jacob of Crawley, Hants and Anna Sophia Noel.  He never married.  His sister Edith Jacob founded the Society of Watchers and Workers. [<i>Alumni Oxonienses;  Clergy List</i>]"
749,Jacob, Edith Sophia, , , , , (1836-1918), contributor to <i>MP</i> (1867)," Daughter of the Venerable Canon Philip Jacob (1802/3-1884), rector from 1831 of Crawley with Hunton, north-west of Winchester, and canon and (from 1860) Archdeacon of Winchester, and his wife, Anna Sophia (1807?-1857), eldest daughter of the Hon. Gerard Thomas Noel, canon of Winchester. The parents were married in 1832.  Edith, according to her brother Edgar 'was left in February, 1857, by the death of her mother . . .  the eldest daughter of seven surviving children.'1  There were four sons and three daughters of the marriage;  a son who went into the army;  another son, who went into the navy, either one of whom may have been Eustace Wilberforce Jacob (b.?1834-9 July 1871), SPG missionary in South Africa; Isabel Margaret (b. 1840/1); Edgar (1844-1920); and Ernest Henry (1849-1894), MRCS.   Their father had been brought up partly in Guernsey, and his father John Jacob (1765-1840) had published a history of the island. The family also had many connections with India.   Edith lived at home, but became seriously ill early in 1868;  her disease was described as 'congestion of the spine'  and she spent most of the rest of her life in varying degrees of invalidism.  During this first attack, according to her brother, she reflected on the contribution which invalids could make to the life of the Church.  The result of this was a paper 'Thoughts on invalid life' published at the suggestion of CMY and reviewed by her in the <i>Church Quarterly Review</i>.  This resulted in the foundation of the 'Society of Watchers and Workers', an organisation to which Edith Jacob devoted her energies for the rest of her life, and of whose privately printed journal, the <i>Watchword</i>, she was editor. This periodical ran 1880-1972; the BL has only odd volumes, but there is a complete run in Lambeth Palace Library.  The BL's copies are bound with interesting rolls of members of the society;  CMY is listed as a member of the executive committee.  The activities of the society, which included support for homebound 'invalids of the cultured classes', enabling them to direct their energies in prayer and fundraising for charitable objects, are described in more detail in Kathleen Alice Orr, <i>Letters</i> (1907, 1909), a privately printed memoir of a deceased watcher with a memoir by Edith Jacob.  The Watchers were especially keen on missions."
750,Jacob, Eustace Wilberforce, The Rev., , , , (b.?1834-9 July 1871)," SPG missionary in South Africa;  brother of Edgar, Edith and Gertrude Jacob", He died at his father's rectory at Crawley.  He was described on the 1871 census as 'curate of Rookloof D. Natal' and in the death announcement in <i>The Times</i>  (12 July 1871) as 'missionary of the SPG of the diocese of Natal and eldest surviving son of the Archdeacon of Winchester'.  At the time of the census his wife Marianne F. Jacob (b. 1824/5) was also resident at the Rectory.
751,Jacob, Gertrude Louisa Le Grand, , , , , (b.1837?), contributor to <i>MP</i> (1873)," Her contribution is signed 'G. L. J.'.  She was sister of Edith and Edgar Jacob. Their father's youngest brother, Sir George Le Grand Jacob (1805-1881), retired after a distinguished career in the Indian army in 1861, and took Gertrude to live with him as his adopted daughter;  she collaborated on some of his oriental researches. "
752,James, M. H., , , , , , contributor to <i>MP</i> (1894),
753,, James, ,  , , , , the Hursley coachman (15 March 1852),
754,James, Wilhelmina Martha, , , , , (1845?-1932), contributor to <i>MP</i> (1874)," Eldest daughter of the Rector of Kirkhaugh, Northumberland, novelist as Austin Clare, contributed tracts and fiction to SPCK, contributor to <i>MP</i> (1874).  The postcard to her enigmatic. [LG]"
755,Janvrin, James Hemery, The Rev., , , , (b. 1818/9), chaplain to the Winchester County Hospital," Mentioned with his wife (15 March 1852);  but hard to trace, probably because he was born in Jersey."
756,Janvrin, Kate, , , , ,  (b. Ireland 1826), wife of the Rev. James Janvrin,
757,Jelf, George Edward, The Rev. Canon, , , , (29 Jan1834 -19 Nov 1908),  Vicar of Saffron Walden,"  He married (1861) Fanny Crawley (d. 1865);  three of their four children died in 1871. He married secondly (20 Jan 1876), Katharine Frances Dalton, and had four more children.  He was a canon of Rochester in 1880 and of St. Albans in 1878, master of the Charterhouse in 1907.  He was son of R. W. Jelf, principal of KCL 1844-69 and a friend of Keble and Pusey. His first wife’s biography is in G.E.Jelf <i>A Memoir</i>."
758,Jenner, Henry Lascelles, The Rt. Rev., , , , (1820-1898),"  Bishop of Dunedin, Vicar of Preston","His appointment to the bishopric of Dunedin, New Zealand, was abortive, but he was active there 1866-71.  Later he was Bishop of the Eglise Catholique Gallicane 1882-93.  His address was Preston Vicarage, Dover.  He married Mary Isabel, eldest daughter of Capt Finlaison RN, sister of Marion Finlaison, sub-editor of <i>MP</i>. He was a contributor to <i>MP</i> (1884), and perhaps also the Bishop contributing to <i>MP</i>  in 1878 as \'H. L. J.\'  He was son of Sir Herbert Jenner-Fust, the judge in  the Gorham case.  It seems probable that he was ‘Vertumnus I’, whose address was Preston Vicarage, Sandwich, who conducted the ‘Monthly Packet Botanical Society’ between June 1879 and November 1882, and who subsequently took part in the Spider competitions as ‘Vertumnus I’. [WWW]"
759,Jenner, Elizabeth D., , , , , (b. 1859/60), fourth daughter of the Rt. Rev. Henry Jenner,  Possibly the Dora referred to in 1900.
760,Jenner, Henry, , , , , (1848–1934), Cornish scholar," Eldest son of the Rt. Rev. Henry Jenner and Mary Isabel Finlaison, pioneer student of Cornish, assistant in the MS department of the British Museum.  He married Katharine Lee Rawlings in 1877. [ODNB; <i>Henry and Katharine Jenner</i> ed. Derek R. Williams  (London: Francis Boutle 2004)]"
761,Jenner, Herbert S., , , , , (b. 1872/3), son of the Rt. Rev. Henry Jenner,
762,Jenner, Katherine Amabel, , , , , (b. 1876/7),  third daughter of the Rt. Rev. Henry Jenner,"  Possibly the Amy referred to in the letter to Christabel Coleridge, 1900.  She published religious fiction and plays."
763,Jenner, Mary, , , , , (b.1870/1), eldest daughter of the Rt. Rev. Henry Jenner,
764,Jenner, Katharine Lee, , (Rawlings), , , (1853-1936), contributor to <i>MP</i> (1879),"  She married (1877) Henry Jenner.  According to <i>Henry and Katharine Jenner</i> ed. Derek R. Williams  (London: Francis Boutle 2004) 265, she contributed ‘The Wooing of Gudrun in the Elf-World: A Saga of Nordland’ to <i>MP</i> (Christmas 1879)."
765,Jenner, Mildred J., , , , , (b. 1874/5), second daughter of the Rt. Rev. Henry Jenner,
766,Jervis, Caroline Mary Frances, The Hon., , , , (1823/4 -1917), ward of Caroline Vernon Harcourt," Sister of the 3rd Viscount St. Vincent, her mother died in 1828, and she was orphaned 1839;  she was a ward of Caroline Vernon Harcourt;  she was given the precedence of a Viscount's daughter in 1860 [PB, will of Caroline Vernon Harcourt, 1881 census]"
767,Jewell, , Mrs, , , , ," inhabitant of Otterbourne, her husband invalid or workshy","  Perhaps Mary Jewell (b. 1852/3) wife of William Jewell, of Otterbourne, labourer, and mother of Rose (b.1877/8) and Percy (b. 1879/80).  She may also be the Mrs Jewell who was one of CMY’s tenants in 1896.  Probably the same Mrs Jewell was working for Miss Finlaison in 1901."
769,Johns, Charles Alexander, The Rev., , , , (1811-1874), naturalist,"  He taught at Helston Grammar School, when Derwent Coleridge was headmaster, and later ran a prep school at Winton House, Winchester.  He was founder and president of the Winchester Literary and Scientific Society.  He married (1843) Ellen Julia Field (b. Bath 1821/2) Beenham in 1851 census, Watford in 1861.  His father was a Plymouth banker, whose firm had collapsed in 1825. His most famous book was the very popular <i>Flowers of the Field</i> (1851). [ODNB]"
770,Johns, Charles Henry, , , , , (1844-1915), son of the Rev. Charles Alexander Johns," Eldest son of Charles Alexander Johns, he was educated at Rugby and Oriel College, Oxford, and taught at Winton House until after his father’s death, later at other schools.  In 1886 married Mary Emily Chalk  who ran a school for girls at Lydney which they moved to Hendon. He is mentioned in his mother’s will, along with his sister Katie, as having brought her to poverty.[<i>Alumni Oxonienses</i>, information from Melissa Hardie] "
771,Johns, Edward Francis, , , , , (April 1861-1948), second son of the Rev. Charles Alexander Johns," He was at Bradfield January 1879-July 1880, then an exhibitioner of Exeter College, Oxford (BA 1884), headmaster of Winton House Prep School 1895.  He  married Violet Marsham in 1910 and had no children. [<i>Alumni Oxonienses, Bradfield College Register</i>]"
772,Johns, Ellen Julia, , (Field), , , (Bath 1821-1895 Winchester), wife of the Rev. Charles Alexander Johns," She married (Chelsea 1843) the Rev. Charles Alexander Johns, naturalist and schoolmaster.  She seems to have been related to the Keary sisters, possibly  through their mother, daughter of Hall Plumer of Bilston Hall, brother of Sir Thomas Hall Plumer. [1881 census; information from Melissa Hardie;  census]"
773,Johnson, Mary, , , , , , contributor to <i>MP</i> (1879-82),
774,Johnston, Grace Leslie Keith, , , , , (1843?-1929), novelist as  'Leslie Keith',
775,Johnston, Priscilla Hannah, , , , , (1842-1912), campaigner for Balkan minorities,"  Coming from a family with a strong record on anti-slavery campaigning and prison visiting, she ran a school for Christian girls in Sarajevo with Paulina Irby, closed it in 1875 as a result of uprising and succoured refugees on Slavonia border.  The letter to her (1876) concerns taking clothes to Herzegovina for Serbian refugees; she returned to England 1885.  [Paulina Irby and Johnston’s namesake mother have ODNB entries ;D. Anderson, <i>Miss Irby and Her Friends</i>.]"
776,Johnstone, Grace, , , , , ," contributor to <i>MP</i> (1899), possibly Grace L. K.Johnston",
777,Jones, Charlotte, , (Yonge), , , (1784-1836), aunt and godmother of CMY,"  Elder sister of WCY, she married first (August 1806), her first cousin Captain George Crawley (1781-1810) and had children (LG says only Georgina (Crawley) Polson, but Guildhall Library  HH Gibbs MSS mentions another, confirmed by census, who may have died).  She married secondly (1825), the Rev. John Collier Jones (1760-1838)."
778,Jones, Dorothea, , , , , (1828-1885) ," novelist, contributor to <i>MP</i> (1866-85)", Payments to her occur in CMY’s bank account.
779,Jones, Kate Emily, , , , , , contributor to <i>MP</i> (1883),
780,Jones, M., , , , , ," contributor to <i>MP</i> (1862, 65)",
781,Jones, John Collier, The Rev. Dr., , , , (1760-1838),"  Rector of Exeter College, Oxford, uncle-in-law of CMY"," He married (1825) Charlotte (Yonge) Crawley, aunt and godmother to CMY. [<i>Morning Chronicle</i> 17 Jan 1825]"
782,Jones, Owen, , , , , (1809-1874), designer and decorator,
783,Jones-Bateman, Amy Florence, , , , , (b.1859/60), daughter of Rowland Jones-Bateman,  She married (Otterbourne 15 August 1894) Ernest William Marshall.
784,Jones-Bateman, Jessie, , (Burlton), , , (b. 1849/50), wife of Rowland Jones-Bateman, 
785,Jones-Bateman, Rowland, , , , ,  (1826-16 Dec 1896)," of Otterbourne Grange, Eastleigh"," His name is sometimes spelt Jones Bateman.  He was a barrister, educated at Winchester and New College, Oxford. He made friends with JBY on fishing trip to Norway, hence moved to Otterbourne, conspicuous in parish work.  His wife was Jessy Burlton (b. 1839/40).  The family were in London in the 1871, Otterbourne in the 1881 census. [CMY’s obituary in the <i>Otterbourne Parish Magazine</i>; LG 1952 Jones Bateman]"
786,Joubert, Piet, , , , , (1834-1900), commander of the Transvaal army,
787,Joyce, Ellen, , (Rice), The Hon. Mrs, , (1832-1924), charity organizer," Daughter of the 5th Lord Dynevor, wife from 1855of the Rev. James Gerald Joyce (1819-1878), Rector of Stratfield Saye, she was a founding associate of the GFS, and president of the United British Women’s Emigration Association, 1888. She was Hon. Sec. of the GFS Emigration Department and was awarded the CBE in 1920. She lived with her son the Rev. Arthur Joyce (b. 1856), Rector of Winnall,  at St. John’s Croft, Winchester, from 1887. [ODNB, PB]  "
788,Julian, John, The Rev., , , , (1839-1913)," Vicar of Wincobank, and author of <i>A Dictionary of Hymnology</i> ",
789,Jupp, , Miss, , , , , compiler of [[cmybook:355]<i>The Daisy Chain Birthday Book</i>]," She was also presumably editor or author of the other works appearing under the name ‘Eadgyth’, which include a contribution to the Christmas number of <i>MP</i> (1890).  Perhaps she was the Miss E. Jupp who was paid £3 on 20 June 1872.  Perhaps Edith Margaret Jupp (b. 1847/8), daughter of Edward Basil Jupp (1812-1877), solicitor and antiquary of Greenwich. [1871 census, CMY bank account, ODNB E.B.Jupp]"
790,Jupp, Richard F., , , , , ," novelist, contributor to <i>MP</i> (1884-92)",
791,Justin, Maurice, , , , , , contributor to <i>MP</i> (1864),
792,Kavanagh, Julia, , , , , (1824-1877)," novelist, contributor to <i>MP</i> (1851)",
793,Keary, Anna Maria, , , , , (3 March 1825-March 1879)," writer,  contributor to <i>MP</i> (1865-76)"," Sixth child of the Rev. William Keary, Rector of Bilton, perpetual curate of Sailcoates, and rector of Nunnington. Her mother was daughter of Hall Plumer of Bilston Hall, brother of Sir Thomas Hall Plumer. She and her sister Eliza went to live in Addison Road 1854, later in Bedford Gardens.  She worked in a children\'s hospital and was rather deaf. They seem to have been related to the Johns family. IIn 1873 she seems to have taken part in the essay-writing part of the Gosling Society, but if she had a sobriquet it is not known.  [Eliza Keary <i>Memoir of Annie Keary</i>;Vital records index for death] "
794,Keary, Eliza Harriott, , , , , (1827-1918)," sister of Annie Keary, contributor to <i>MP</i> (1865-79)",  [ODNB]
795,Keble, Charlotte, , (Clarke), , , (1806/7-11 May 1866),  wife of the Rev. John Keble, She married (10 Oct 1835) the Rev. John Keble. 
796,Keble, Elizabeth, , , , , (1789/90-7 Aug 1860), sister of the Rev. John Keble, [<i>Musings over the Christian Year</i>; wills index; 1851 census]
797,Keble, Elizabeth Jane, , (Clarke), , , (1804-1870)," wife of the Rev. Thomas Keble, sr. sister of Charlotte Keble",
798,Keble, John, The Rev., , , , (1792-29 March 1866), Vicar of Hursley," He was ordained in 1816;  he married (10 Oct 1835) Charlotte Clarke;  he was buried 6 April 1866; he left under £16,000: she left under £45,000 [wills index].  "
799,Keble,Thomas,The Rev., ,jr., ,(1826-1903),nephew of [[person:798]John Keble]," He married, first (1851) Cornelia Sarah Cornish (1828-23 Dec 1858) and, secondly (1862) Mary Caroline Turner (b. 1831/2).  He succeeded his father and namesake as Vicar of Bisley.  He was heir and literary executor of his uncle John Keble."
800,Keble,Cornelia Sarah, ,(Cornish), , , (1828-23 Dec 1858), first wife of Keble’s nephew," She married (1851) the Rev. Thomas Keble, jr.  She was known as ‘Keenie’ [<i>Dulce Domum</i>]"
801,Keble, Thomas, The Rev., ,  sr., , (1793-1875)," Vicar of Bisley, brother of the Rev. John Keble.","  He married (1825) Elizabeth Jane Clarke, whose sister Charlotte later married his brother John."
802,Keddie, Henrietta, , , , , (1827-1914), novelist as ‘Sarah Tytler’,
803,Keightley, Thomas, , , , , (1789-1872)," author of <i>The Fairy Mythology</i>, contributor to <i>MP</i> (1851)",
804,Keir Moilliet, , Mrs, , , , , contributor to <i>MP</i> (1888)," Perhaps Sophia Keir Moilliet (b. 1853/4), wife of James Keir Moilliet."
805,Kekewich,  Charlotte, , (Peard), , , (d.1879), sister of Frances Mary Peard," Daughter of Captain George Peard R.N., and sister of Frances Mary Peard, she married (1849) Trehawke Kekewich (1823-1909), of Peamore House, near Exeter. [LG 1906]"
806,Kekewich, , Miss, , , , , correspondent," Possibly Alice Agatha Kekewich (d. 1919), niece of Frances Mary Peard and eldest daughter of Trehawke Kekewich;  she married (1886) the Rev. Charles Ridley Carr (b.1840). [LG 1952 Ellison; 1906 Kekewich]"
807,Kendall, Elsie, , , , , ," novelist, contributor to <i>MP</i> (1891-6)",
808,Kendall, May, , , , , ," novelist, contributor to <i>MP</i> (1896-7)",
809,Kerr,Cecil, ,(Talbot), ,Mch\'ness of Lothian,(1808-1877)," Dowager Marchioness of Lothian, friend of the Rev. Robert F. Wilson (24 Sept 1846)"," Lady Cecil Talbot (1808-1877) had married (1831) the 7th Marquess of Lothian (1794-1841).  She must be the referred to as her son did not marry until 1857.  She paid for one of the windows in Hursley Church.  She became a Roman Catholic in June 1851, taking with her all her children except the eldest son [ODNB;  Moor, <i>Guide to Hursley</i> 15 ]"
810,Kerr, William Schomberg Robert, , , , 8th Marquess of Lot, (1832-1870), contributor to the <i>Hursley Magazine</i>," He was mentioned by CMY in <i>An Old Woman’s Outlook</i> as having been good all his life, he had probably a pupil of Keble’s or Robert Wilson’s, which explains the visit of Wilson to his mother in 1846."
811,Kerr, Frederic Herbert, Admiral Lord,, , , (1818-1896), father-in-law of the Rev. Gordon Wickham,
812,King, Sophia Agneta, , (Harrison), , , , daughter of Sophia Harrison, She married (December 1884) William King.
813,Kinloch, , Miss, , , , , contributor to <i>MP</i> (1891),
814,Kitchener, Frances Anna, , , , , , contributor to <i>MP</i> (1872-3)," The book, a botanical textbook, was published."
815,Kitchin, George William, The Very Rev., , , , , Dean of Winchester from 1883,
816,Kingsley, Charles, The Rev., , , ,  (1819-75), novelist and social reformer, [ODNB]
817,Kingsley, Frances Eliza, , (Grenfell), , , (1814-1891),  wife of the Rev. Charles Kingsley,
818,Kingsman, , Mr., , , , , ," His chain given by Mrs Moore, who may have been a relation of CMY's grandmother Mary Kingsman. (24 Sept 1846)"
819,Knatchbull-Hugessen, Edward Hugessen, , , , 1st Lord Brabourne, (1829-1893), contributor to <i>MP</i> (1871),"  He was created (1880) 1st Lord Brabourne;  he was great-nephew of Jane Austen,."
820,Knatchbull-Hugessen,  Eva Mary, The Hon., , , , (d.23 Oct 1895),  contributor to <i>MP</i> (1871-93)," Daughter of the 1st Lord Brabourne, she was at Newnham College, Cambridge, 1883-6 and served as Librarian 1894-5. Some of her papers are in the Centre for Kentish Studies. [Margaret Wilson, <i>A Kent Girl-Graduate</i> (1994)]

"
821,Knight, Henrietta, , , , , ," author of fiction under the name ‘Henley I. Arden’, contributor to <i>MP</i>", She may be the Miss Knight referred to in late correspondence.
822,Knight, Edith Emma, , (Butler),  , , (4? March 1851-1936)," member of the Gosling Society, daughter of the Very Rev. William John Butler","  Known as Emma Butler, she was the daughter of CMY’s great friends the Rev. William Butler, Vicar of Wantage and later Dean of Lincoln and his wife Emma Barnett (1813-1894).  A member of the Gosling Society as ‘Frog’,  she married (Oct-Dec 1877) as his third wife, Edward Lewis Knight (1817-1882), of Hornacott Manor, Cornwall.  She was an associate of the Wantage sisterhood.  She inherited her aunt Elizabeth Barnett's letters from CMY and lent them to both Coleridge and Romanes. [LG 1906 Knight of Wolverley, will, <i>Life and Letters of Dean Butler; Memoirs of Arthur John Butler</i>]"
823,Knightley of Fawsley,Louisa Mary, ,"(Bowater), Lady",, , (1842-1913), suffrage campaigner," A cousin of the feminist campaigner Jessie Boucherett, she married (1869) Sir Rainald Knightley, who was created (1892) 1st Lord Knightley of Fawsley; she was on the GFS Executive Committee, and on the SPEW Committee 1875-1890, 1894."
824,Knollys,Gertrude Caroline,, , , , (1808/9-1880),," There are payments to Miss G. Knollys from CMY\'s bank account, 1856, and a reference to a \'House of Recovery\' run by Miss Knollys.  It seems probable that Gertrude Caroline Knollys, who in the 1861 census was living at Hurstpierpoint with a number of boarders, is the person referred to on both occasions."
825,Knowles, Annie L., , , , , , contributor to <i>MP</i> (1891-8),
826,Kruger, Paul, , , , , (1825-1904), Boer politician,
827,Kuyper, Abraham, , , , , (1837-1920), Dutch theologian and Prime Minister, His life was changed by reading <i>The Heir of Redclyffe</i>; Lord Mount Temple offered to arrange for CMY to meet him.
828,La Peur, J., , , , , ," contributor to <i>MP</i> (1864, 6) under this name and as and La P., J. and Le Peur, Jean.",
829,Lacon Watson, Edmund Henry, , , , , (1865-1948)," contributor to <i>MP</i> (1897-8), novelist",
830,Lacordaire,Jean-Baptiste-Henri-Dominique, , , , , (1802-1861), French Catholic priest,.
831,Laing, Emily Cecilia, , (Harrison), , , , daughter of Sophia Harrison, She  married (January quarter 1886) James Laing.
832,Lake, Nesta, , , , , , contributor to <i>MP</i> (1892-7),
833,Lamartine, Alphonse, , de,, , (1790-1869)," French poet, contributor to <i>MP</i> (1852)",
834,Lang, Andrew, , , , , (1844-1912),"  novelist, journalist, contributor to <i>MP</i> (1894-5)",
835,Langbridge, Frederick, The Rev., , , , (1849-1922),"  Rector of St. John's, Limerick, novelist, contributor to <i>MP</i> (1881)",
836,Lane, Henry Murray, , , , , (1833-1913), Bluemantle Pursuivant 1849-64,  From 1864 he was Chester Herald. [R. Noel; WWW]
837,Lange, , Mrs, , , , , correspondent,
838,Langton, Cora, , , , , ," children's writer, contributor to <i>MP</i> (1892)",
839,Lascelles, Amy, , , , , (d. 1888), contributor to <i>MP</i> (1879-87),"  Fifth of the seven daughters of the Hon. Arthur Lascelles (1807-1880), she has an obituary in <i>MP</i> (March 1889)."
840,Latham, Charlotte, , (Warren), , , (b.Sussex 1801/2), mother of Margaret Roberts,"According to George Ormerod, <i>Parentalia</i> (privately printed 1851), she was the daughter of the Rev. Henry Warren, prebendary of Bangor.  She married, first, the Rev. Ellis Roberts, Vicar of Llanynys, and, secondly (1848), as his second wife, the Rev. Henry Latham.  She was living with the latter at Fittleworth in the 1851 census;  at Tormoham, Torquay in 1871 with her stepdaughter Dina [sic] Latham, daughter Margaret Roberts, and stepgranddaughters Margaret and Katharine Mary Hutchingstone, 11 and 7;  in the 1881 census again at Tormoham with Diana Latham and Margaret Roberts and granddaughter Helen M Latham, 13.  

 See under Grace Latham for the implication that there was a blood relationship between either Charlotte Latham or her first husband and some members of the Latham family."
841,Latham, Diana, , , , , (b 1824/5), daughter of the Rev. Henry Latham,"She was daughter of Latham and his first wife Maria Halliwell, and stepsister of Margaret Roberts.
 [1851, 1871, 1881 census; George Ormerod, <i>Parentalia</i> (1851)] 
Diana Latham contributed some reminiscences to the autobiography of her cousin the naturalist Eleanor Ormerod (1828-1901: <i>Eleanor Ormerod, LL.D., economic entomologist: Autobiography and correspondence</i>edited by Robert Wallace (London : John Murray, 1904) "
842,Latham, Grace, , , , , , contributor to <i>MP</i> (1887-93),  The Grace Latham who was  too busy to be a Gosling in 1869 is probably the same Grace Latham mentioned in a letter from Margaret Roberts to Bullock in which she is described as her cousin who ‘writes well & to the point’. 
843,Latham, Henry, The Rev., , , , (1794-1866),"Vicar of Fittleworth, Sussex, stepfather of Margaret Roberts","He married first, Maria Halliwell (d. 1846) and, secondly (1848) Charlotte (Warren), widow of the Rev. Ellis Roberts.  

The children of his first marriage included Diana Latham.

[Blain, <i>Feminist Companion</i>, ODNB; George Ormerod, <i>Parentalia</i> (1851)]  "
844,Latham, Peter Mere, Dr., , , , (1789-1875), physician,"  CMY refers to him as a friend of Margaret Roberts, and it seems likely to have been her stepfather’s brother Dr. Peter Mere Latham (1789-1875), successful physician, who retired to Torquay in 1865. [ODNB]"
845,Latimer, Caroline Wormeley, Dr., , M.D. , (b.1859)," contributor to <i>MP</i> (1887, 92)", physician, Daughter of Elizabeth Wormeley Latimer.
846,Latimer, Mary Elizabeth, , (Wormeley), , , (1822-1904)," American historian, contributor to <i>MP</i> (1879-93)","She lived in Baltimore, Maryland, and published two novels as Elizabeth Wormeley: <i>Amabel: A Family History</i> (1853) and <i>Our Cousin Veronica, or, Scenes and Adventures Over the Blue Ridge</i> (1855). In the 1880s she began writing again, publishing three novels under the name Elizabeth Wormeley Latimer:  <i>Salvage</i> (1880), <i>My Wife and My Wife\'s Sister</i>, 1881, and <i>Princess Amélie: A Fragment of Autobiography</i> (1883). In 1888 she published three translations from the French: <i>History of the People of Israel</i>, by Ernest Renan, and <i>For Fifteen Years</i> and <i>Steel Hammer</i>, both  by Louis Ulbach and in 1890 George Sand’s <i>Nanon</i>. In the 1890s and early 1900s she published a series of books on the history of various European nations, and on the colonisation of Africa, three more translations and a final novel,  <i>Prince Incognito</i> (1902)."
847,Laurie, , Mrs, , , , ," author of 'Life among the Factories' in <i>MP</i> (1860), which is signed 'K. L.",
848,Lawless, Emily, The Hon., , , , (1845-1913)," novelist, contributor to <i>MP</i> (1895)",
849,Lawrence, George St. Patrick, Lieut.-Genl. Sir, , , , (1804-1884), contributor to <i>MP</i> (1874),
850,Layland, , Mr, , , , ," mentioned in connection with Eastleigh church, 1870",Possibly CMY may have misspelt the name of the Rev. [[person:890]W. A. Longlands]?
851,Layton, Dorothea, , (Yonge), , , (1870-1968), cousin of CMY," Second daughter of the Rev. Duke Yonge and Charlotte Pode,  she married  (20 Oct 1898) Frank George Layton.  She was addressed as Dorothy; her children were Monica Yonge Layton (b 1899) and Ronald Layton (b. 1901)."
852,Layton, Charles, , , , , (fl. 5 July 1860), publisher," Charles Layton, agent of Daniel Appleton and Co. of New York. See <i>The George Eliot Letters</i>, ed. Gordon S. Haight (New Haven, 1954-56), III, 268, n. 4."
853,Lee or Lea, , Mr, , , , (fl.1865),  , proposing a school abridgement of <i>A Book of Golden Deeds</i> 
854,Leech,John, , , , , (1817-1864),<i>Punch</i> cartoonist,
855,Le Gallais, , Miss, , , , , mentioned in a letter to J.F. Moor (1880),
856,Le Geyt, Charles James, The Rev., , , , (b.1822ish), curate of Hursley 1857-8," He replaced the rev. Peter Young as curate of Hursley in 1857, and improved the choir during his few years.  (<i>John Keble’s Parishes</i>,139) "
857,Leake, D. M., , , , , ," contributor to <i>MP</i> (1894), and possibly the same as Mrs Percy Leake",
858,Leake, Percy, Mrs, , , , ," contributor to <i>MP</i> (1894), and possibly the same as D. M. Leake",
859,Lear, Henrietta Louisa, , (Farrer), , , (1824-1896), author," She was the widow of the Rev. Sidney Lear (d.1867), and was living at 15 The Close, Salisbury in the 1891 census.  She published devotional and historical works and fiction from 1835, mainly anonymously but sometimes as ‘Mrs Sidney Lear’. Henry James, reviewing her 1875 life of Hyppolite Flandrin in the <i>Nation</i> (26 August 1875), described the tone as ‘a trifle “goody” perhaps - a trifle too suggestive of what is called “Sunday reading”’."
860,Lee,Catherine Harriet, , , , , (1848-1914)," contributor to <i>MP</i> (1887), novelist with her sister [[person:861]Mary Susanna Lee]","See the obituary of Mary Susanna Lee in the <i>Athenaeum</i> (29 August 1908) 240.
[census returns, registers of birth and death]"
861,Lee, Mary Susanna, , , , , (1846-1908), one of the co-authors of <i>The Miz Maze</i>,"The title page of <i>The Miz Maze</i> calls her Mary Susanna Lee, and CMY describes her as the author of <i>Rosamond Fane</i>,  confirming that she was the same person as the Mary Lee who collaborated with Catherine Lee. She may be the M.S. Lee who contributed a story to <i>MP</i> (December 1887).  

According to an obituary in the <i>Athenaeum</i> (29 August 1908), 240, she was the daughter of a doctor, and collaborated with her sisters Catherine and Frances."
862,Leeke, Dora, , (Wordsworth), , , (b. 1852), sister of Elizabeth Wordsworth," She married (1880) Edward Leeke. [Battiscombe, <i>Reluctant Pioneer</i>]"
863,Lefroy, Ella Napier, , , , , ," contributor to <i>MP</i> (1897, 8)", She published fiction under this name and also as E. N. Leigh-Fry.
864,Lefroy, Fanny Caroline, , , , , (1820-1885),"  great-niece of Jane Austen, contributor to <i>MP</i>"," She published  <i>Long Long Ago, Ralph Wolfford</i> and <i>My Three Aunts</i> and other works in <i>MP</i>. The Miss Lefroy mentioned (15 Jan 1853) as a  friend of Mary Anne Dyson may be her too. [Discussed in L.A.de Gruchy London University thesis; OLIS; Le Faye, <i>Jane Austen's Letters</i>]"
865,Lefroy, Helena, , (Trench), , , (d.1908), sister of Maria (Trench) Wilson,"  She married (1844) The Very Rev. Jeffry Trench (1809-1885), third son of the Tom Lefroy who flirted with Jane Austen.  Her fourth son was the Rt. Rev. George Alfred Lefroy (b.1854), Bishop of Lahore. [Awdry, <i>Heathcote</i>]"
866,Legge, Marian, , (Rogers), , ,  (1814-1890)," sister of Frederick Rogers, 1st Lord Blachford"," CMY describes her as a Devon acquaintance; her grandmother had been godmother to WCY (1854), third sister of Frederick Rogers, 1st Lord Blachford. She married (1842) the Rev. and Hon. H. Legge."
867,Leigh, E. M., , , , , , contributor to <i>MP</i> (1874),
868,Leopold, ,Prince, , ,Duke of Albany,(1884–1954),grandson of Queen Victoria ,
869,Leroy, Amélie Claire, , , , , (1851-1934), novelist as Esmé Stuart," At the time of the 1871 census she was a governess at Mary Anne Dyson’s school, she later lived with Anna Rachel Bramston and adopted a little girl called Juliette.  With Anna Bramston she was instrumental in the foundation of Winchester High School for Girls."
870,Leroy, Juliette Charlotte, , , , , (b. Paris 1890/1), adopted daughter of Amélie Leroy,
871,Leslie, , Mrs, , , , , invited to lunch in 1871,
872,Levett, Frances Mary, , , , , , contributor to <i>MP</i> (1859),
873,Lewis, , Miss, , , , , of Philadelphia," Her address was 710 Pine Street, Philadelphia.  CMY sent an illumination to her there by the hand of Alexander Macmillan.  <i>McElroy’s Philadelphia Directory</i> (1860) has ‘Lewis, H. G., wid of Ellis’ at this address, and (1865) ‘Lewis, H. G., gentleman.  Later editions have no Lewises at this number, though CMY continued to send letters to the address until 1879."
874,Levett, , Miss, , , , , listed as a contributor to the <i>Hursley Magazine</i> in 1848,
875,Lewis, H.W., , , , , ," letter to, 1879",
876,Leybourne-Popham, John, The Rev., , , ,  (1811-1872)," Rector of Chilton Foliat, near Hungerford",  One of his daughters was probably the former owner of a CMY autograph.
877,Liddon, Henry Parry, The Rev. Canon, , , , (1829-1890), theologian,
878,Light, , Dame, , , , , an inhabitant of Otterbourne (24 Sept 1846),"Perhaps Ann Light (b. 1760/1), of Otterbourne."
879,Lightfoot, John Prideaux , The Rev. Dr., D.D., , , (1802/3-23 March 1887), Rector of Exeter College Oxford from 1854, [<i>Alumni Oxonienses</i>; Oxford University Calendar 1877]
880,Lillie, Lucy C., , , , , ,contributor to <i>MP</i> (1891),
881,Lilly, Peter, , , , , , contributor to <i>MP</i> (1891-2),
882,, Linny, , , , , (fl. 1846), probably a pupil of Mary Anne Dyson's,
883,Littell, Eliakim, , , , , (1797-1870),publisher in Philadelphia," He was founder and proprietor of <i>Littell\'s Living Age</i>, a serial which reprinted fiction, often pirating English authors, including Dickens, Gaskell and CMY."
884,Little, M., , , , , , contributor to <i>MP</i> (1893-4),
885,Littledale, Richard Frederick, The Rev. Dr., , , , (1833-1890), theologian, The DNB commented on his 'tenacious memory and wide range of reading'.
886,Littlefield, James, , , , ,  (fl.19 April 1845), mentioned as marrying Eliza Hooper,
887,Lloyd, Ann Catherine, , (Johns), , , (Helston 1847/8-1903 Benares)," artist, member of the Gosling Society","Known as Katie, she was an artist and illustrator, daughter of the Rev. [[person:769]Charles Alexander Johns].  She was a Gosling as Kittiwake in 1864-5.  She married in 1873 the Rev. John Henry Lloyd, curate of Wormleighton and subsequently Vicar of Fotheringay.  He was curate to the Rev. William Harrison, Vicar of Wormleighton, who was married to Mary Kingsley (1852-1931), daughter of Charles Kingsley and a friend of Katie Johns.  Both marriages seem to have come to grief.  In 1891 she was living apart from her husband and was matron of Annie Besant’s Women’s Home at 193 Bow Road, a kind of club for girls in the East End, with a few resident matchmakers.  A.H.Nethercot <i>The First Five Lives of Annie Besant</i> (Chicago, U of C P 1960) 337, calls her ‘Mrs Kitty Lloyd’ and describes her as ‘a devoted Theosophist’.  Later her health broke down and she was sent to Ceylon and then to Benares, where she ended her days as the much-loved Matron of the Central Hindu College Boarding House. She is mentioned in her mother’s will (1895), along with her brother Charles, as having brought her to poverty.[ [census returns 1881, 1891; marriage index;  clergy lists; Nethercot, <i>First Five Lives of Annie Besant; Theosophical Yearbook 1933</i>; Obituary in <i>The Theosophist</i>, 1903; info from Professor Joy Dixon]"
888,Lloyd, John Frederick, The Ven., , , , (1810-1875), Archdeacon of Waitemata," He was a fellow of St. John’s College, Auckland (1849-53), vicar of St. Paul’s, Auckland (1853-65), Archdeacon of Waitemata 1865-1870; he returned to England in 1870 and became Rector of Kirk-Ireton, Wirksworth. [DNZB]"
889,Lockhart, Elizabeth Crawford, , , , , ," superior of the sisterhood of St Mary the Virgin, Wantage"," She decided to convert to Rome in June 1850 under Manning's influence, sister of William Lockhart (1819–1892), who converted to Rome and became a Rosminian priest, cousin of J.G.Lockhart [<i>Butler of Wantage</i>,  ODNB the brother]"
890,Longlands, William Arthur, The Rev., , , , (1830/1-1910), vicar of Eastleigh 1868-9,
891,Longley, Charles Thomas, His Grace, , , , (1794-1868), Archbishop of Canterbury,
892,Lloyd, John Henry, The Rev., , , , (b. Essex 1846/7)," Vicar of Fotheringhay, husband of Katie Johns"," He was educated at Chichester Theological College 1869-71, deacon 1871, priest 1872, curate of St. Michael Lichfield 1871-2, of Maulden, Ampthill 1875, of Clifton Biggleswade 1877-8.  He married (1873) Ann Catherine Johns.  He was curate in charge of Wormleighton 1880-1 and vicar of Fotheringay 1881-1890, but had no cure by the 1891 volume of Crockfords, and was perhaps living apart from his wife.  He disappears from the <i>Clergy List c</i>. 1900, reappears 1907, but is more continuous in <i>Crockfords</i>; he lived at 90 Canonbury Avenue until about 1933.  [<i>Crockfords, Clergy List</i>, census returns 1871, 81, 91] "
893,Locke, Amy Aubrey, , , , , (1881-1916), historian," First holder of the Charlotte Yonge scholarship from Winchester High School, she was daughter of Alfred L. Locke, head porter to Winchester College. She is listed as a student at Somerville College Oxford in the 1901 census.  She published several works of history before her early death and was employed by the Central Office of the Victoria County History project.  She seems to have called herself Audrey in adult life.

For a description of how her substantial contribution to the Cornwall section <i>Victoria History of the Counties of England</i> remained unpublished owing to the dilatoriness of another contributor, see John Beckett, [[otherbook:1116]\'Canon Thomas Taylor of St. Just and the Victoria County History in Cornwall, 1899-1938\'] <i>Journal of the Royal Institution of Cornwall</i>  (2011) 31-44, 38-9.  Probably more material on her professional career is to be found in the Victoria County History Archive, held by the Institute of Historical Research, University of London."
894,Longueville,Edith Agnes,, , , , (1838/9-1926),,"It seems reasonable to identify the Miss Longueville to whom CMY wrote, who evidently knew Frances Wilbraham (who lived in Chester), with Edith Agnes Longueville (1838/9-1926) daughter of the Rev. John Gibbons Longueville (1810-1882), Rector of Eccleston, just outside Chester."
895,Lonsdale, Sophia, , , , , , contributor to <i>MP</i> (1891),
896,Lonsdale, Lucy Margaret, , , , , (b. 1846), member of the Gosling Society," She was a Gosling as ‘Magpie’ from June 1864, her address Westbourne Terrace/ the Close, Litchfield;  she was the daughter of Rev. Canon John Gylby Lonsdale (1818-1907), canon of Lichfield Cathedral, and Sarah Martinson.  Her grandfather had been Bishop of Lichfield.  She might be the Margaret Lonsdale who published (1880) a biography of Sister Dora (Dorothy Pattison 1832-1878) and <i>The Care and Nursing of Children</i> (1885) which seems to reprint lectures addressed to GFS girls [IGI, 1871 census, BBI, DNB]"
898,Lonsdale, John Gylby, The Rev. Canon, , , , (1818-1907)," father of Margaret Lonsdale, secretary of the National Society 1848-1860","  Son of the Bishop of Lichfield, he served as his father’s chaplain and became a canon of Lichfield in 1855."
899,Low, Catherine Duke, , (Crawley), , , (b. 1814/5), cousin of CMY,"Known as Kate Low, she was described by CMY as in her childhood  \'a grown up young lady beyond my horizon\'. She married briefly (28 July 1864) Rev. Henry Low, Dean of Exeter College, Oxford (1808/9-18 Nov 1864) [PB 1914 Crawley Boevey; <i>Alumni Oxonienses</i>; 1871 census Tyntesfield 1881 census Bath; 1851 and 1861 censuses in Bath with aunts Susanna and Elizabeth Crawley]"
900,Lowden, , Miss, , , , , schoolmistress at Frome Selwood,"This may be the school at Chantry near Frome attended by the novelist Ellen Mathers, and described by her in <i>Comin\' Thro\' the Rye</i> (1875).  What was also perhaps the same school appears on the Frome Selwood 1841 census as an asylum kept by Julia Field, who was the mother of Ellen Julia (Field) Johns."
901,Lowe, Edward Clarke, The Rev., , , , (1838--1912)," headmaster of St. John's College, Hurstpierpoint 1850-73"," He became provost of St. Chad's in 1873. He married CMY’s cousin Harriet Coleridge, and brought up her sister Alice Mary Coleridge. [<i>Alumni Oxonienses</i>]"
902,Lowndes, A., , , , , , contributor to <i>MP</i> (1890-1),
903,Loyson, Charles-Jean-Marie, , , , ,  (1827-1912),"  known as Père Hyacinthe, French Catholic priest",
904,Luard, Clara, , (Bramston), , , (1833-1907), sister of Mary Eliza Bramston, [<i>Journal of Clarissa Trant</i>]
905,Lucas, , Mr, , , , , modelling Mrs Janvrin's head (15 March 1852),
906,Luckett, Mildred, , , , , (b.Dalston 1871/2), schoolmistress," Found in the Salisbury Diocesan Training School during the 1891 census, and as a teacher in Knightsbridge, London in 1901."
907,Lund, Mary, , , , , (b.1864/5), pupil of Marion Finlaison in 1881, She was the sister of Alfred Lund.
908,Lund, Alfred, , , , , (b. 1863), pupil of Ernest Coleridge in 1881, He was the brother of Mary Lund.
909,Lush, Annie, , , , , ," contributor to <i>MP</i> (1881, 2) as Te Aroha, She was daughter of the Rev. Vicesimus Lush, Archdeacon of Waikato, of Auckland New Zealand.",Her married name was Ruddock.  The slip accompanying payment of £2 17<i>s.</i> 6<i>d.</i> for her article \'A Trip to Norfolk Island\' <i>MP</i> (May 1881) is held by the Ewelme Cottage Museum
910,Lyde, Lionel William, , , , , (1863-1947)," historian, author of textbooks, contributor to <i>MP</i> (1893-5)",
911,Lyford,Henry G., , ,M.D., ,(b.1792/3), doctor attending the dying WCY (24 Feb 1854),"Henry G. Lyford (b. 1792/3), M.D. St. Andrews and General Practitioner, lived at 157 Southgate Street, Winchester in the 1851 census."
912,Lyster, Annette M., , , , , ,"novelist, contributor to <i>MP</i> (1886-92)",
913,Lyttelton, George William, , , , 4th Lord Lyttelton, (1817–19 April 1876), educationist,
914,Lyttelton, R. H., , , , , ," contributor to <i>MP</i> (1896), perhaps the Hon. Robert Henry Lyttelton (1854-1939)",
915,Macmillan, Maurice Crawford, , , , , (1853–1936), nephew of Alexander Macmillan,
916,Medley, John, The Rev., , , , , presumably the son of Christina Bacon," Christina Bacon married the Rt. Rev. John Medley (1804-1892), bishop of Fredericton; presumably this was their son."
917,Norgate, Anne, , , , , (1876-1896), ," She was the daughter of William Norgate (b. Tichbourne Hants 1832/3), agricultural labourer. She is listed as blind in the 1891 census."
918,Orleans, Antoine Marie Philippe Louis, , d’, , duc de Montpensier, (1824-1890), , He married (1846) the Infanta Maria Luisa Fernanda of Spain.
919,MacCulloch, John, , , , , (1773-1835),"  physician and geologist, contributor to <i>MP</i> (1853)",
920,Macdonald,  H., , , , , , contributor to <i>MP</i> (1891),
921,MacGregor,  Cecilia, , , , , ," contributor to <i>MP</i> (1868-80), author",
922,Mackay, Emily, , , , , ,  contributor to <i>MP</i> (1895),
923,Mackarness, Alethea Buchanan, , (Coleridge), , ,  (1826-30 March 1909), cousin of CMY," Daughter of Sir John Taylor Coleridge and sister of Mary Coleridge, she married (7 Aug 1845) the Rt. Rev. John Fielder Mackarness (1820-1889); she was very ill in November 1851. [<i>Story of a Devonshire House</i>; PB 1914 Coleridge; Coleridge, <i>Life of Keble</i> 361]"
924,Mackarness, Arthur John Coleridge, , , , , , son of Alethea Mackarness," He is mentioned (30 April 1865); he was the son of the Rt. Rev. John Fielder Mackarness and Alethea Coleridge;  he became a solicitor, and married (1890) Ada Mary Pattenden."
925,Mackarness,George Richard, The Rt. Rev., , ,, (1823-1883),Bishop of Argyll and the Isles,"Brother of the Rt. Rev. John Fielder Mackarness, he became Bishop of Argyll in 1874.. He is listed as a contributor to the <i>Hursley Magazine</i>  in 1848 (the BL has his copy), and may perhaps have been one of Keble’s curates.  In the same volume another contributor is ‘Miss Young (Mrs G. R. Mackarness).  He married Mary Ann Young (b. Ireland 1823/4) in 1848, and secondly (1878) Gertrude Granville."
926,Mackarness, John Fielder, The Rt. Rev., , , ,  (1820-1889), Bishop of Oxford,  He became Rector of Honiton in 1855 and was consecrated Bishop of Oxford on 25 January 1870. He married (7 Aug 1849) Alethea Buchanan Coleridge (1826-1909)  who survived him with 3 sons and 4 daus.
927,Coleridge, Mary Alethea, , (Mackarness), , , (1851-2 April 1940), eldest daughter of Alethea Mackarness.,"  She married (3 Aug 1876) her first cousin the Hon. Bernard John Seymour Coleridge. [PB 1889, 1952]"
928,Mackarness, Matilda Anne, , (Planché), , , (1826-1881), writer for children," Younger daughter of James Robinson Planché, the dramatist, she married (1852) the Rev. Henry S. Mackarness (d. 1868), brother of John Fielder Mackarness.  She was left a widow with seven children, lived with her father, wrote children's books [DNB]"
929,Mackenzie, Charles Frederick, The Rt. Rev., , , , (1825-1862)," Bishop of the Zambezi, brother of Anne Mackenzie", [ODNB]
930,Mackenzie, Anne, , , , , (1813-11 Feb 1877), writer on missions," Second daughter of Colin Mackenzie (d. 1835),of Portmore,and Elizabeth (d. 1852), daughter of Sir William Forbes of Pitsligo 6th Bt., she edited <i>The Net Cast in Many Waters: Sketches from the Lives of Missionaries</i>;  and cared for her invalid nephew George Ralph Dundas (1844-1869).  [F. Awdry, <i>An Elder Sister</i>; ODNB]"
931,Mackenzie, Chrystal, , , , , , contributor to <i>MP</i> (1882),
932,Mackenzie, Fergus, , , , , , contributor to <i>MP</i> (1894-5),
933,Mackenzie, James Hay, , , , , (d. 1865), brother of Anne Mackenzie.,"  He married Isabella Wedderburn (sister of Jemima Blackburn). His death prevents their being the Mr and Mrs J. Mackenzie referred to in 1866. [LG 1906; Burke Peerage 1949, Ogilvy-Wedderburn Bt.]"
934,Mackenzie, John, , , , , , brother of Anne Mackenzie," He married Christina Mansfield; 'a real thorough Scotsman with white hair and gracious gentle manners, and his wife is a most admirable person'. [To E. M, Sewell, 4 April 1866; LG 1906]"
935,Mackenzie, Christina, , (Mansfield), , , , sister-in-law of Anne Mackenzie,
936,Mackey, Donald J., , , , , , contributor to <i>MP</i> (1887),
937,Maclear, George Frederick, The Rev., , , ,  (1833-1902), writer on missionary history," He was author of <i>A History of Christian Missions during the Middle Ages</i>  (Cambridge, Macmillan 1863) [ODNB]"
938,Macleare, A., The Rev., , , , , payment to 1856,
939,Macmillan, Alexander, , , , , (1818-1896), publisher,He married (1851) Caroline Brimley (d. 1871). The most important as well as the best documented of CMY’s publishers; he agreed 1877 her assignment of copyrights. [ODNB]
940,Macmillan, Caroline, , (Brimley), , , (d.1871), wife of Alexander Macmillan,
941,Macmillan, Frances Eliza, , (Orridge), , , (1821-1867),  sister-in-law and partner of Alexander Macmillan,  She married (1850) Daniel Macmillan (1813-1857) [ODNB]
942,Macmillan, Frederick Orridge, Sir, , , , (1851-1936), nephew and partner of Alexander Macmillan," Son of Daniel Macmillan,  he married (1874) Georgiana Elizabeth Warrin, an American;  he returned in 1876 from the U.S. to be partner in firm; he had no children; he was knighted in 1909.  [DNB]"
943,Macquoid, Katharine Sarah, , (Thomas), , , (1824-1917)," novelist, contributor to <i>MP</i> (1883-93)",
944,Maddison, Arthur Roland, The Rev., , , , (1843-1912), prebendary of Lincoln Cathedral,
945,Maconchy, Elizabeth Emily, , , , , (1848/9-1927), member of the Gosling Society," A Gosling as ‘Potatoe’ c. 1866/-after 1869, she was third daughter of George Maconchy (1818-1889) of Rathmore, co. Longford and Corrinagh, Torquay, and Louisa Richards (d. 1864). She married (1880), as his second wife, Richard Mallock (d. 1900), MP for Torquay [LG 1871, LGI 1914;  LG 1906 Mallock; 1881 census]"
946,Maitland, Julia Charlotte, , , , , , contributor to <i>MP</i> (1852),
947,Maitland, Ella Fuller, , , , , , contributor to <i>MP</i> (1898-9),
948,Malleson,  Edward, , , , , , contributor to <i>MP</i> (1865),
949,Manning, Anne, , , , , (1807-1869), novelist,  CMY contributed an article on her to <i>Women Novelists of Queen Victoria’s Reign</i>.  Perhaps the recipient of the letter from CMY; little firm evidence.   She lived at Reigate Hill from 1850.
950,Manning, E. Australie, , , , , , contributor to <i>MP</i> (1873-4),
951,Manning, Henry Edward, Cardinal, , , , (1808-1892), churchman," He married (1834) Caroline Sargent (d. 1837), He resigned his archdeaconry in 1850 and was received with James Robert Hope into the Roman Catholic church 6 April 1851.  He was ordained priest that June; and became a Cardinal in 1875.  "
952,Mansfield, Georgina, , (Halliday), , , (b. 1868/9), niece of Frances (Walter) Yonge,  CMY wrote that her ‘husband is an army doctor in Africa'.
953,Manzoni, Alessandro, Count, , , , (1785-1873)," Italian novelist, contributor to <i>MP</i> (1868-9)",
954,Mapletoft, Charlotte, , , , , (b.1785/6), schoolfriend of FMY, Sister of Mary Anne (Mapletoft) Davys.
955,March-Phillipps, Evelyn, , , , , , contributor to <i>MP</i> (1896-9)," Probably Evelyn March-Phillipps  (d.1959) who married (1907), the 2nd  Lord Glenarthur (1883-1942) [PB, LG] "
956,Margherita, , Queen, , , ,  (1851-1896), queen consort of Italy,"  Born a princess of Savoy, she married (1868) her cousin Umberto I (1844-1900), and became Queen of Italy in 1878."
957,Marriott, , Miss, , , , , contributor to <i>MP</i> (1874-85) as Money Spinner," Money Spinner was either Maria  Marriott  or Mary Ann Marriott, of Hythe, who was one of the most effective Spiders, according to CMY;  they were daughters of the Rev. John Marriott, Vicar of St. John the Baptist, Hythe, in the New Forest.  The family later moved to Eastleigh, where the two daughters did good works. [Moor, <i>Erminois</i>]"
958,Marriott, Maria, , , , , (1844-1907), elder daughter of the Rev. John Marriott,"  Either she or her sister Mary Ann Marriott was Money Spinner, a particularly brilliant contributor to the Spider Society in the <i>Monthly Packet</i>. In the 1901 census they were living together at Eastleigh, and one of them must therefore be the Miss Marriott who organised the reprinting of <i>Last Heartsease Leaves</i> in 1900. [1851 census; birth, death index, 1881, 1891, 1901 censuses]  "
959,Marriott, Mary Ann, , , , , (b.Bradfield 1845), younger daughter of the Rev. John Marriott," Either she or her elder sister Maria was \'Money Spinner\', a particularly brilliant contributor to the Spider Society in the <i>Monthly Packet</i>. In the 1901 census they were living together at Eastleigh, and one of them must therefore be the Miss Marriott who organised the reprinting of <i>Last Heartsease Leaves</i> in 1900. 

In the 1891 census her cousin Susanna Judith Watson and visitor Amy Marriott Watson are present (the two latter appear as daughters of the Rev. John Watson, Vicar of Guilsborough, Northants in the 1861 census).  Was there a relationship to H. B. Marriott Watson? [1851 census; birth index; 1881 census Eastleigh; 1891, 1901]"
960,Marriott, John, The Rev., , , , (b.1808/9)," Vicar of St. John the Baptist, Hythe"," Husband of John Frewen Moor’s aunt, he married (Bradfield 1843) Elizabeth Stevens (b.1802/3), daughter of the Rev. Henry Stevens, Rector of Bradfield. Both were apparently dead by 1881?    [Moor, <i>Erminois</i>; 1861 census]"
961,Marriott, Charles, The Rev., , , , (1811-1858), Vicar of St. Mary’s Oxford," A prominent Tractarian, pupil of the Rt. Rev. George Moberly, a celibate,  brother of the Rev. John Marriott, Vicar of St. John’s Hythe. [ODNB; according to Moor, <i>Erminois</i>]"
962,Marryat, Frederick, Captain, , R.N., , (1792-1848),"  novelist, contributor to <i>MP</i> (1851)",
963,Marsh, Truda, , , , , , contributor to <i>MP</i> (1889),
964,Marshall, Emma, , , , , , contributor to <i>MP</i> (1876), Possibly the novelist Emma Marshall (1830-1899).
965,Marshall, Julia Elizabeth, , , , , (b. 1848/9), member of the Gosling Society," A Gosling as ‘Mayfly’ in December 1876, she was daughter of the Rev. Edward Marshall (ne Marshall-Hacker, 1815-1899) former fellow of Corpus Christi and squire of Sandford, who published extensively on theology and local history [<i>Alumni Oxonienses</i>; Marshall, <i>Parish of Sandford</i>;  1881 census, BBI]"
966,Martha, , , , , , , working in Misselbrook\'s shop (15 March 1852).  ,She may be the Martha (Andrews) Collins who was the village postmistress.  Perhaps she had been a servant at Otterbourne House before marrying.
967,Martin,Caroline, , , , , (Otterbourne 1850/1-1885), ‘poor Caroline Martin\'," Daughter of James Martin and sister-in-law of George Backhurst, both agricultural labourers of Otterbourne."
968,Martin, Dora Frances, , (Moberly), , , (18 Dec 1841-24 Jan 1926), daughter of the Rt. Rev. George Moberly," She married (14 Sept 1869) the Rev, Charles Martin (17 Oct 1840-23 Feb 1910), Warden of Radley Coll, Rector of Dartington.  Their fourth son was the Rev. William Keble Martin (1877-1969), the botanical artist. [LG 1975 Moberly, Bromley-Martin]"
969,Martin,Jane, , , , ,(b.1836/7),pupil at Otterbourne School,"Daughter of James Martin, agricultural labourer, of Otterbourne; by the time of the 1861 census she was kitchenmaid to Countess Nelson at Landford House."
970,Martin, Mary Ann, , (Parker), , Lady, (d. 2 Jan 1884), friend of the Rt. Rev. [[person:1155]J. C. Patteson]," She married (1840 or 41) Sir William Martin [Scholefield, <i>A Dictionary of New Zealand Biography</i>]"
971,Martin, Mary Anne Frances, , , , , (1829-1922), teacher and author," She was head of the junior school of Bedford College from its foundation 1853 until its closure 1868, editor of the Sunday Library for Household Reading from 1867, involved in the Working Womens College, later named after her Frances Martin College, friend and flatmate of Dinah Mulock 1850-9."
972,Martin,William, Sir, , , , (1807-1880), Chief Justice of New Zealand, He married Mary Ann Parker. [DNZB]
973,Martyn, Mary Sophia Paulina, , , , , (1843-1887), member of the Gosling Society," A Gosling as ‘Pena’, 1859-63, ‘Pena’ was her nickname in real life as well. She was the only child of the Rev. Thomas Waddon Martyn (1808-1846), Rector of Lifton and Vicar of Thorverton, and his wife Sophia (1815/6-1898), daughter of the Rev. Dr. James Coleridge (1789-1857) and his wife Sophia, daughter of Col. Stanhope Badcock. In the 1861 census she was living with this grandmother in Dawlish.  She was a cousin of CMY’s, and also of Bishop Patteson\'s, and he seems to have made a pet of her before his departure for New Zealand, mentioning her in his letters. [Vivian, <i>Visitations of Cornwall</i>;  1851 census;  PO Devon 1866;  1881 census with mother at Harleston, Cary Crescent, Torquay]"
974,Martyn, Sophia, ,(Coleridge), , ,(1815/6-1898),mother of Paulina Martyn,"She was a first cousin of Mary Coleridge and Fanny Patteson, her father being the Rev. Dr. James Duke Coleridge (1789-1857). Her mother was Sophia, daughter of Col. Stanhope Badcock. She was the widow of the Rev. Thomas Waddon Martyn (1808-1846), Rector of Lifton and Vicar of Thorverton."
975,Maskell, William, The Rev., , , , (1814?-1890), historian," Involved in Gorham controversy, he converted to Rome about 1850."
976,Mason, Alfred Edward Woodley, , , , , (1865-1948)," novelist, contributor to <i>MP</i> (1897)",
977,Mason, Joseph, , , , , (1799-1863), agrarian agitator," He was the brother of CMY’s nurse Maria (Mason) Reeves (if the identification of Maria Mason with Mrs Reeves is correct). Coleridge, <i>Life</i>, 80-1; <i>John Keble’s Parishes</i>, 96-7; Charlotte M. Yonge, <i>An Old Woman’s Outlook in a Hampshire Village</i>(London: Macmillan: 1892), 65-7; <i>Joseph Mason: Assigned Convict 1831-1837</i> ed. David Kent and Norma Townsend (Melbourne: Melbourne University Press 1996), 3."
978,Mason, , , , , , , unknown people with whom Alethea Yonge was staying while a pupil at Winchester High School, 
979,Mason, Charlotte Frances, , (Yonge), , , (1820/1-25 Sept 1860), cousin of CMY," Daughter of the Rev. Charles Yonge of Eton College, she married (9 Nov 1840) the Rev. John Mason (d. 1874).  Yonge calls her ‘Eton Charlotte’. [<i>Gentleman's Magazine; LG</i>]"
980,"Masson,", David, , , , , (1822-1907), literary critic," He was professor of English at UCL from 1852, editor of Macmillan’s Magazine from 1859, and a prominent campaigner for women’s education and suffrage."
981,Masters, Joseph, , , , , (1795/6-1863), publisher,"  He published CMY’s early works including <i>Henrietta’s Wish</i> and <i>The Two Guardians</i>;  he was also the editor of <i>The Churchman's Companion</i>. [death reported in <i>John Bull</i>, 29 August 1863]"
982,Matcham, Louisa Harriet Eyre, , , , , , daughter of George Matcham,  She married (1860) the Rev. Fortescue Purvis (d. 1885).  She was the younger and (in 1858) the only unmarried daughter of George Matcham (1789-1877) of Newhouse;  she was a first cousin of Alexander Montgomery Moore. [PB Nelson]
983,Matthews, , Mrs, , , , (fl.19 Sept 1846), amazed by WCY's sneezes,
984,McCoskry, Samuel Allen, The Rt. Rev., , , , (1804-1886), episcopal Bishop of Michigan,
985,Brabazon, Mary Jane, , (Maitland), , Countess of Meath, (1847-1918), philanthropist,"Lady Mary Jane Maitland, daughter of the 11th Earl of Lauderdale, married (1898) Reginald Brabazon (1841-1929), styled Lord Brabazon until 1887 when he succeeded his father as 12th Earl of Meath. His son did not marry until 1908, so all CMY\'s references to Lady Meath must mean her. [PB 1953]"
986,McCraith, L.M., , , , , , contributor to <i>MP</i> (1898-9).,
987,McDougall, M.C., , , , , , contributor to MP (1876),
988,Medhurst, Blanche Catherine, , , , , (London 1848- Barnstaple 1925), social worker and contributor to <i>MP</i> (1873-5)," She was daughter of Francis Hastings Medhurst (d.1852), of Kippax Hall, near Leeds, and Mary Anne Bushnan;  a friend of Mrs Mercier and patroness of Emmeline Spratt. She published a study of workhouses, <i>The Idle Room</i> (1886). [LG 1871, census] The 1861 census shows Mary Anne Medhurst with two other daughters and her mother Anne Bushman (d.1878) living at 29 Dorset Square;  in the 1871 census Blanche is there too.  Hers is an odd story, because her father killed another boy while a private pupil at school and got three years for manslaughter in 1839, coming up before Mr Justice Coleridge; his grandfather, a rich stockbroker, had murdered his wife while insane and was at that time in an asylum. [<i>Times</i>].  She wrote an article in <i>MP</i> (1886) about the Associated Workers League, of which she was evidently a member."
989,Meiklejohn, M. J.C., , , , , , contributor to <i>MP</i> (1897),
990,Mercier, Sarah Anne, , (Northwood), , , (Herts. 1842/3-1917),contributor to <i>MP</i> (1869-84),"  Known as Anne Mercier, she married (1868) the Rev. Jerome John Mercier, Rector of Kemerton, Glos.. A brief obituary in <i>The Times</i> (8 Feb 1917) says that ‘she helped to found the Girls’ Friendly Society as well as the Girls’ High School at Tewkesbury’ and that her son succeeded his father as Rector of Kemerton.  She was active in the GFS, and was editor at one time of <i>Friendly Leaves</i> (perhaps taking over from Christabel Coleridge in the twentieth century?).
[COPAC]"
991,Merriman, , Miss, , , , , correspondent,
992,Merriman, Jane Augusta, , (Edmonds), , , (1828/9-1896), wife of the Rev.Henry Merriman," She married (1852)  the Rev. Henry Gordon Merriman (1823/4-1887), by 1861 headmaster of the Royal Grammar School, Guildford.[census returns, death and marriage index]"
993,Merriman, Henry Gordon, The Rev., , , , (1823/4-1887),"  headmaster of the Royal Grammar School, Guildford"," He married (1852) Jane Augusta Edmonds. They were friends of Lewis Carroll's. [census returns, death and marriage index]"
994,Metcalfe, R., , , , , , contributor to <i>MP</i> (1887),
995,Mildmay, Carew St. John, The Ven., , , , (1800-1878), Rector of Chelmsford,
996,Mildmay, Evelyn Mary St. John, , , , , (d. 1881), daughter of the Ven. Carew Mildmay," Fourth daughter of the Ven. Carew St. John Mildmay, she married in 1878 the Rev. William Quennell, Rector of Shenfield."
997,Millar, Fanny, , , , , , contributor to <i>MP</i> (1872),
998,Miller, G., , , , , ," payments to, 1854",
999,Miller, C., , , , , , contributor to <i>MP</i> (1871),
1000,Millington,Ellen J., , , , ,(b.1818),  teacher and contributor to <i>MP</i>(1853-64),"Ellen J. Millington translated <i>The Aesthetic and Miscellaneous Works of Frederick von Schlegel</i> from the German in 1849 (reprinted a number of times up to 1891), <i>Christian iconography, or, the history of Christian art in the Middle Ages</i> by A.N. Didron from the French in 1851, and herself wrote <i>Heraldry in History, Poetry, and Romance</i> (1858) and <i>Characteristics of the Gods of Greece. A Manual for Schoolgirls</i> (1867). As well as the series of articles on heraldry, she contributed seven articles on ‘King Arthur and his Knights’ to the <i>MP</i> between 1861 and 1864. Daughter of Henry Millington (b. 1790/1), attorney\'s clerk [1851 census, in Bristol], she is described by CMY as an invalid ex-governess; in the 1861 census she was living with her mother (father absent but evidently alive) Emma Millington (b.1794/5), her sister Anna Gerard (b. 1818/9), widowed by 1851 census, keeping a tiny school of three pupils in Westbury on Trym. In the 1871 census her mother is Anna Millington, now a widow, Anna Gerard also now a widow, and the school bigger and occupying two houses in Clifton. She was living at Hawarden, Wales, with Anna Gerard, in the 1881 census.   Her father is found in 1861 (not 1871) living with his son, the Rev. Thomas Street Millington (1821-1906), curate, later vicar of Woodhouse, Leics., and a prolific author of theology and boys’ fiction."
1001,Miln, Louise Jordan, , , , , , contributor to <i>MP</i> (1894),
1002,Milner, Laura, , , , , (b. 1832/4), the Elgies' governess at the time of the 1871 census,
1003,Milnes, H., , , , , , contributor to <i>MP</i> (1898),
1004,Milukoff, A., , , , , , contributor to <i>MP</i> (1870),
1005,Minchin, H. H., , , , , , contributor to <i>MP</i> (1895),
1006,Misselbrook, Ellen, , , , , (1856-?1904), ladies’ maid," Daughter of Robert Misselbrook, shoemaker of Otterbourne,  she was maid to Mary Coleridge from at least 1881, and came to work for CMY in 1901 just before her death. She was sister of Alice (Misselbrook) Rolfe, the Otterbourne schoolmistress. [1861 census, Otterbourne; 1881 census spelt Miselbrook]"
1007,Mitchell, Elizabeth Harcourt, , (Rolls), , , (1833-1910)," contributor to <i>MP</i> (1881), and <i>Mothers in Council</i>, church worker, hymn writer"," Sister of the 1st Lord Llangattock, she married(1860) Frank Johnstone Mitchell (d. 1913) of Llanfrechfa Grange, Monmouth.[PB 1914]"
1008,Mitchell, Lilian Mary, , , , , (1847/8-1893), member of the Gosling Society," A Gosling as ‘Ugly Duckling’ c. 1865-before 1869, she was living at Kings Teignton Vicarage, Milton Abbot, Devon, in the family of the vicar the Rev. John Hawkins Hext;  whose eldest son Rear Admiral Sir John Hext (1842-1924) married her in 1874. [LG 1906, 1881 census]"
1010,Moberley, H. E., Mrs, , , , , contributor to <i>MP</i> (1869),
1011,Moberly, Arthur, , , , , (1840-1858), second son of the Rt. Rev. George Moberly, 
1012,Moberly, Edith Emily, , , , , (5 May 1839-1902), third daughter of the Rt. Rev. George Moberly, [<i>Dulce Domum</i>]
1013,Moberly, Edward Hugh, , , , , (b.1850)," fifth son of the Rt. Rev. George Moberly, Vicar of Chute","  He married (1897) Laura Florence Winn, and described himself as ‘retired clergyman’ in the 1901 census. "
1014,Moberly, George Herbert, , , , , (3 Jan 1837-30 April 1895), eldest son of the Rt. Rev. George Moberly, He married (5 February 1870) Esther de Castro (1842-1929).
1015,Moberly, George, The Rt. Rev., , , , (1803-6 July 1885), Bishop of Salisbury," He married (22 December 1834) Mary Anne Crokat (1812-1890).  He was headmaster of Winchester College 1835-66;  in 1866 he became Rector of Brighstone, Isle of Wight, then in 1868 Canon of Chester.  He was consecrated bishop of Salisbury 28 Oct 1869. [ODNB; <i>Dulce Domum</i>]"
1016,Moberly, Henry Edward, , , , ,  (1822-1907), nephew of the Rt. Rev. George Moberly,"   ‘Harry’ Moberly and his sisters Louisa and Rosa Moberly, known as the ‘Indian Moberlys’ were the children of Dr Moberly’s brother Henry Moberly who worked in India, and lived with their uncle and aunt from 1841. [<i>Dulce Domum</i> 72;  www.rootsweb.com, Pocock family file, gives their dates."
1017,Moberly, John Cornelius, , , , , (b.1848)," fourth son of the Rt. Rev. George Moberly, solicitor",  He married (1872) Caroline Hunter.
1018,Moberly, Louisa Henrietta, , , , , (b. 1833),  niece of the Rt. Rev. George Moberly," One of the ‘Indian Moberlys’, sister of Henry Edward Moberly.  She was living with her sister Harriet in Winchester in 1871 and alone at the time of the 1901 census."
1019,Moberly, Mary Ann, , (Crokat), , , (29 Sept 1812-6 Feb 1890), wife of the Rt. Rev. George Moberly,  She married (22 Dec 1834) the Rt. Rev. George Moberly. 
1020,Ridding, Mary Louisa, , (Moberly), , , (28 March 1838-1859), second daughter of the Rt. Rev. George Moberly,  She married (1858) the Rev. George Ridding and died a year later. [<i>Dulce Domum</i>]
1021,Moberly, Robert Campbell, The Rev., , , , (26 July 1845-8 June 1903)," third son of the Rt. Rev. George Moberly, theologian",He was an undergraduate at New College in 1866. He married (29 June 1880) Alice Sidney Kerr Hamilton (d. 1939).  He taught theology in Oxford and became Vicar of Great Budworth in 1880.
1022,Moberly, Harriet Rosa, , , , , (1835-1885), niece of the Rt. Rev. George Moberly," One of the ‘Indian Moberlys’, sister of Henry Edward Moberly."
1023,Moberly, Mary Grafton, , , , , (b. St Petersburg 1849/50), contributor to <i>MP</i> (1874),  She and her mother ran a school in Hove in 1871;  she married 1882 George Bennett.  Her father’s name was Charles Moberly and he was probably a brother or nephew of the Rt. Rev. George Moberly.
1024,Moberly, Charlotte Anne Elizabeth, , , , , (16 Sept 1846-7 May 1937), seventh daughter of the Rt. Rev. George Moberly,"  Always known as Annie, she became first principal of St. Hugh’s College, Oxford. She left £3155, probate to Elspeth Milford widow and Dora Caroline Martin spinsters [LG 1975 Moberly;  will; ODNB]"
1025,Moberly, Alice Arbuthnot, , , , , (1835-1911), eldest child of the Rt. Rev. George Moberly,
1026,Moberly,Selwyn William, , , , , (1854-1871),seventh and youngest son of the Rt. Rev. George Moberly,His death aged 16 on 8 April 1871 was reported by the <i>Pall Mall Gazette</i> (11 April 1871).
1027,Moberly, Walter Allan, , , , , (1851-1905), seventh son of the Rt. Rev. George Moberly,
1028,Molesworth, Mary Louisa, , (Stewart), , , (1842-1921)," novelist and children’s writer, contributor to <i>MP</i> (1886)",
1029,Molesworth, Olive, , , , , , contributor to <i>MP</i> (1893)," Probably Katharine Olive Theodora Molesworth, fourth and youngest daughter of Mary Louisa Molesworth."
1030,Monkhouse, William Cosmo, , , , , (1840-1901)," art historian, contributor to <i>MP</i> (1894)",
1031,Monro, E., , , , , , contributor to <i>MP</i> (1866-7)," Possibly the Rev. Edward A. Monro (1815-1866), allegorist, novelist, theologian."
1032,Monro,Percy,The Rev., , , , (1825/6-1883),Vicar of Colden Common,"The Rev. Percy Monro was perpetual curate of Colden Common in 1859, vicar at the time of the 1881 census.  He married Caroline Albinia Walker in 1850."
1033,Monro, Caroline Albinia,, (Walker), , ,(1823/4-1902),"wife of the Rev. Percy Monro, curate then Vicar of Colden Common, keen on poultry and gardening",
1034,Montalembert, Charles-Forbes-René, , de,, , (1810-1870),historian and prominent Catholic layman,
1035,Montgolfier, ?, , (Brun), , , ," wife of Jacques-Étienne Montgolfier, former nun",
1036,Montgolfier, Jacques-Étienne , , , , , (1745-1799), inventor of the hot air balloon," He married Mademoiselle Brun (d.1845), who had been a nun."
1037,Montgolfier, Joseph-Michel, , , , , (1740-1810), inventor of the hot air balloon,
1038,Montgomery, Kathleen, , , , , (?1863-1960)," contributor to <i>MP</i> (1896-8), with her sister Letitia, as ‘K.L. Montgomery’",
1039,Montgomery, Letitia, , , , , (d.1930)," contributor to <i>MP</i> (1896-8), with her sister Kathleen, as ‘K.L. Montgomery’",
1040,Montgomery, Jessie Douglas, , , , , , contributor to <i>MP</i> (1892-6),
1041,Montgomery Moore, Alexander George, General Sir, , , , (1833-17 January 1919), cousin-in-law of CMY,"  He was created KCB in 1900;  he married (1857) the Hon. Jane Colborne.

There is a magnificent image of him at http://www.hussards-photos.com/UK/UK_4_CDV_Moore.htm"
1042,Montgomery Moore, Jane,," (Colborne), the Hon. Mrs",, , (1826/7-1919),cousin of CMY," Daughter of the 1st Lord Seaton, she married (1857) General Sir Alexander George Montgomery Moore (1833-17 January 1919).  He was created KCB in 1900. They were childless and administration of both estates was granted  to Percy Frederick Higham Hodge:  he left £22,796, she £6083 [WWW; PB 1914; wills index]"
1043,Moor, Charles, The Rev., , , , (b.1857)," second son of the Rev. John Frewen Moor, jr."," He was curate of Grimsby for four years, then (1889) Vicar of Barton on Humber; he married (1889) Constance Mary Moon, and retired in 1901 to Westgate on sea; he had several children. [1861 census; <i>Erminois</i>]"
1044,Moor, Frances Dorothy, , (Grimston), , , (1825-1913)," wife of the Rev. John Frewen Moor, jr."," She married (1853) the Rev. John Frewen Moor, jr., Vicar of Ampfield. [<i>Erminois</i>].  Through her mother Jane Trench she was a first cousin of Maria (Trench) Wilson, the wife of the Rev. Robert Wilson, vicar of Rownhams."
1045,Moor, John Frewen, , , , , (1854-1874)," eldest son of the Rev. John Frewen Moor, jr.",  He drowned as a clergyman in the Bay of Islands [1861 census; <i>Erminois</i>]
1046,Moor, John Frewen, The Rev., , jr., , (1823-1906), Vicar of Ampfield," He was perpetual curate of Ampfield from 12 January 1853, and later Vicar of Ampfield. The only son of the Rev. John Frewen Moor, sr. (1798-1879), of Bradfield, and his first wife Mary Stevens (d. 1823), he married Frances Dorothy Grimston (1825/6-1913)  [<i>Alumni Oxonienses</i>; 1861 census]"
1047,Moor, Philip, , , , , (1863-20 June 1887)," fourth and youngest son of the Rev. John Frewen Moor, jr.", He died of typhoid on Golden Jubilee day [<i>Erminois</i>; 1871 census]
1048,Moor, Selina Mary, , , , , (b. 1860)," only daughter of the Rev. John Frewen Moor, jr.", She became a travelling spinster. [<i>Erminois</i>; 6 months at 1861 census] 
1049,Moor, Walter Vincent Wilberforce, , , , , (1859-12 Feb 1869)," third son of the Rev. John Frewen Moor, jr.", He died of diphtheria at Twyford school [<i>Erminois</i>; 1861 census]
1050,Moore,Stephen Roger,, , , , (fl. 1823-1845),cousin-in-law of FMY,"The Mr Moore mentioned in the 1840s is assumed to be Stephen Roger Moore, who married (Otterbourne 1823) FMY\'s first cousin Mary Kingsman (b.<i>c.</i> 1785).  They evidently lived in or near Otterbourne."
1051,Moore, Mary,,(Kingsman), , , (b.<i>c.</i>1785),cousin of FMY,"The Mr and Mrs Moore mentioned in these early letters are perhaps the same as Mrs More who gave warm shawls to Otterbourne schoolchildren in December 1844;  Mrs Moore sent a parcel 24 Sept 1846 including Mr Kingsman\'s chain.  All these references have therefore been rather boldly associated with Mary Kingsman, a niece of FMY\'s mother Mary (Kingsman) Bargus, daughter of her brother William George Kingsman (b.1755).  The younger Mary Kingsman married (Otterbourne 1823) Stephen Roger Moore. In 1848 she proved the will of her uncle John Kingsman (1764-1848) who left legacies to her, FMY, JBY, CMY and the Rev. Thomas Westcombe. She can probably be identified with the Maria Kingsman mentioned in the CMY\'s autobiographical chapters (Coleridge, <i>Life</i>, 7), the orphan niece who was a member of the Bargus household during FMY\'s childhood.  Details of the descendants of CMY\'s great-grandfather the Rev. Thomas Kingsman (1717-1779), Vicar of Botley, are at http://freepages.genealogy.rootsweb.ancestry.com/~kingsman/kingsman/england/indiI13063.html"
1052,Moore, Fanny G., , , , , , contributor to <i>MP</i> (1898),
1053,Moorsom, , Miss, , , , , correspondent,
1054,Morgan, Arthur Middlemore, The Rev., , , , (b.1831/2)," contributor to <i>MP</i> (1872-85), Rector of Huish",
1055,Morgan, Georgina  S., , , , , (b.1840/1)," novelist, contributor to <i>MP</i> (1881-99)"," She was wife of the Rev. Morgan Morgan, episcopal minister of  St. Peter’s, Peterhead."
1056,Moriston, Edith, , , , , , contributor to <i>MP</i> (1861),
1057,Morton, Matthew Calley, The Rev., , , , (1817/18-1850), Warden of St. Columba’s College, He may be the subwarden of St. Columba's referred to.
1058,Cowper-Temple, Georgiana, , (Tollemache), , Lady Mount Temple, (1821?-1901), wife of the 1st Lord Mount Temple,  Vice president of the anti-vivisection society.  
1059,Cowper-Temple, William Francis, , , , 1st Lord Mount Temp, (1811-1888), politician," He married (1848) Georgiana Tollemache; he offered to introduce CMY to De Kuyper. He was created a peer in 1880;   he lived at Broadlands, near Romsey. [ODNB] "
1060,Mowbray, Margaret Jane, , , , , (1858-1926), headmistress of Winchester High School,"  She was one of many women signatories to a pro-suffrage article, ‘Women’s Suffrage: A Reply’ <i>Fortnightly Review</i>  46 (July 1889) 123-40. Her obituary (<i>The Times</i>  15 September 1926) states that she was headmistress 1885-1916."
1061,Mozley, Anne, , , , , (1809-1891), journalist and editor," There is an obituary by CMY in <i>MP</i> (September 1891), 486."
1062,Mozley,Harriett Elizabeth, , (Newman), , , (1803-17 July 1852), writer for children," Sister of Cardinal Newman, she married (23 Sept 1836) Thomas Mozley (1806-1893).  Some sources spell her name Harriet. [NCBEL]"
1063,Mozley, Charles, , , , , (1808-1883), publisher," A partner in the firm of John and Charles Mozley, he disliked publishing and retired in 1874 after his brother’s death, handing the business on to Walter Smith, remaining officially a partner until 1879"
1064,Mozley, Jemima Charlotte, , (Newman), , , (1808-1879), sister of Cardinal Newman and wife of John Mozley,
1065,Mozley, John, , , , , (1805-1872), publisher," A partner in the publishing firm of John and Charles Mozley, he married (1835) Jemima Newman."
1066,Mozley, Thomas, The Rev., , , , (1806-1893), brother of John and Charles Mozley, he married (1836) Harriett Newman (1803-1852) and secondly (1861) Elizabeth Bradshaw. [ODNB]
1067,Mudge, , Miss, , , , (fl. 30 Oct 1844), a Plymouth cousin?, 
1068,Mukherji, Nitya Gopal, , , , , , contributor to <i>MP</i> (1888)," Probably the person of that name (d. 1907), senior officer of the Indian agricultural department."
1069,Mules, , Mr, , , , , tutor to the Heathcote boys, Possibly the Rev. Philip Mules (1812-1892).
1070,Muller, C. Wilhelm W., , , , , ,  contributor to <i>MP</i> (1870),
1071,Munch, Peter Andreas, , , , , (1810-1863), mediaeval historian,"He was author of <i>Det norske Folks Historie</i>, 6 vols (Christiania: Tønsberg 1852-9), and uncle of the painter Edvard Munch. He gave advice on CMY’s <i>Christian Names</i>."
1072,Murray, Edward A., , , , , ,  contributor to <i>MP</i> (1871),
1073,Murray, Henrietta, , , , , (b. Colchester 1838/9), editor of the short-lived <i>Events of the Month</i>,"  She was daughter of the Rev. William Murray (b. 1806/7), curate of Salcombe, and Frances St. Aubyn Hunter-Arundell [1871 census at the address given in letter to Macmillan 1865; 1861 census]"
1074,Murray, James Augustus Henry, Sir, , , , (1837–1915), editor of the <i>Oxford English Dictionary</i>,
1075,Musgrave, H., , , , , ,  contributor to <i>MP</i> (1886),
1076,Mylne, Louis George, The Rt. Rev., , , , (1843-1912)," Bishop of Bombay, contributor to <i>MP</i> (1885)","  He was consecrated Bishop of Bombay 1 May, installed 6 July 1876. [WWW; <i>Clergy List</i> 1877]"
1077,Nathusius, Marianne von, , ,, , , proposed German translator of <i>A Book of Golden Deeds</i>,She was probably a relation of the German novelist and dogooder Marie (Scheele) Nathusius (1817-1857).
1078,Neale, John Mason, The Rev. Dr., , , , (1818-1866)," hymnwriter, Warden of Sackville College"," He married (1842) Sarah Norman Webster (1814?-1873);  the letter (1880), was probably addressed to one of their four daughters."
1079,Necker, Suzanne, , (Curchod), , , (1739-1794), mother of Madame de Staël ,
1080,Necker, Albertine-Adrienne, , (de Saussure), , , (1766-1841), educational writer, She was married to a cousin of Madame de Staël.
1081,Nelson, Horatio, , (Bolton), , 3rd Earl Nelson, (1823-1913)," of Brickworth, Wiltshire","  He was grandson of the admiral's sister Mrs Bolton, brother of Lady Susan (Nelson) Blunt.  His father had changed his surname from Bolton to Nelson in 1835 on succeeding to the title, which had been secured by special remainder to descendants of the admiral’s sisters.  The 3rd Lord Nelson’s mother, Frances Eyre (d.1878), was a friend of FMY’s, and CMY therefore knew him and his sister as children."
1082,Nelson, William, The Rev., , ,  1st Earl Nelson , (1757-1835), brother of the admiral," He married first (1786) Sarah (d. 1828) daughter of the Rev. Henry Yonge, vicar of Great Torrington, Devon, and secondly (1829) Hilare Barlow (d. 1857).  The Rev. Henry Yonge (d. 1784) was of the family of Caynton, Shropshire, and not related to CMY [<i>Alumni Oxonienses</i>; PB]"
1083,Newland, , Mrs, , , , ," perhaps a neighbour, her children having a dancing lesson in Otterbourne", 
1084,Newman, John Henry, Cardinal, , , , (1801-1890), theologian,"  He became a Roman Catholic on 9 October 1845, causing consternation to Keble and many of his Anglican friends. [ODNB]"
1085,Nicholas I, , , , , Czar of Russia, (1796-1855), mentioned (9 June 1854), 
1086,Nightingale, Florence, , , , , (1820-1910), medical reformer,
1087,Nightingale, Frances, , (Smith), , , (1789-1880), mother of Florence Nightingale," She sent a better picture for <i>A Book of Golden Deeds</i>, 1865"
1088,de Normanville, F., , ,, , (b. 1770/1), French and Italian teacher,"A French emigré who taught CMY French and Italian, he appears in the 1841 Otterbourne  census with his wife Mary de Normanville (b. 1787/8).  He is probably the Francis de Normanville who married Mary Callendar in Chelsea in 1816."
1089,Norsworthy, Florence Gertrude, , (Bigg Wither), , , (b. 1853), niece of the Rev. William Bigg Wither," Seventh daughter of Harris Jervoise Bigg Wither (1806-1887) (who had proposed to Jane Austen), she was wife of George Norsworthy and niece of the Rev. W.H.W. Bigg Wither.  [Rev. Reginald Bigg-Wither, <i>Materials for a History of the Wither Family</i> (Winchester: Warren & Son 1907)]"
1090,North, , Miss, , , , , contributor to <i>MP</i> (1868), She translated an article by Mme de Witt published in <i>MP</i> (October 1868) as 'A good example'.
1091,Nott, George, The Rev. Dr., , , , (1767-1841), Italian scholar, His books were sold in Winchester in January 1842. [ODNB]
1092,Nutt, D., , , , , , bookseller,"  He had a shop in College Street, Winchester, and CMY paid him in 1855, 1856, 1857."
1093,O’Brien, Constance, , , , , ," contributor of articles on Shakespeare, etc., to <i>MP</i> (1878-90), possibly the playwright of that name.  She appears to have been President of a Shakespeare Society.",
1094,Ogilvy, David William Stanley, , , , 12th Earl of Airlie, (1856-11 June 1900), army officer," He married (1886) Lady Mabell Frances Elizabeth Gore (d. 1956) and was killed in action at Diamond Hill, Pretoria. [PB Airlie]"
1095,Ogilvy, Mabell Frances Elizabeth, , (Gore), , Countess of Airlie, (1866-1956), courtier, 
1096,O’Meara, Kathleen, , , , , (1839-1888), contributor to <i>MP</i> (1871-3)," A Roman Catholic journalist and novelist of Irish birth, she lived in France;  CMY thought her work sloppy."
1097,O’Neill, Moira, , , , , ,  contributor to <i>MP</i> (1892-5),
1098,Ogilvie-Grant, H. O., , , , , ,  contributor to <i>MP</i> (1883)," Perhaps Henry Oswin Ogilvie-Grant (1859-1919),  2nd West India Regiment, [PB 1948]"
1099,Oldfield, Cordelia Anne Duke, ,(Yonge), , ,(1807-1864),cousin of CMY,"Daughter of WCY’s eldest brother, the Rev. Duke Yonge, Vicar of Antony, and Cordelia (Colborne) Yonge, stepsister of FMY.  This younger Cordelia Yonge, known as Delia, married (1849), as his third wife, General John Oldfield (1789-2 Aug 1863), aide de camp to the Queen Her sole executor was her brother Dr John Francis Duke Yonge.  Her husband had 15 children by his first and second wives and none by her.  His executor was his son Colonel John Rawdon Oldfield of Oldfield Lawn, Westbourne  [information from Ian Yonge].  Delia Oldfield\'s dates were 25 Nov 1807-6 Sept 1864."
1100,Oldfield, John,General, ,RA, ,(1789-2 August 1863), army officer," He married, thirdly (12 March 1849), at Plymouth, Cordelia Anne Duke Yonge. [ODNB]"
1101,Oliphant, Margaret Oliphant, , (Wilson), , , (1828-1897)," novelist, contributor to <i>MP</i> (1891)",
1102,, , Olive, , , , , perhaps a sister of Bessie Collins (25 Feb 1854),
1103,Oram, Blanche, , , , , (1866-1930), contributor to <i>MP</i> (1891-7)," She married (1897) Charles Winder;  she also published as ‘Roma White’ and Blanche Winder. [Blain, <i>Feminist Companion</i>]"
1104,Orpen, , Mrs, , , , , contributor to <i>MP</i> (1897), Perhaps Adela Elizabeth (Richards) Orpen.
1105,Oswald, Elizabeth Jane, , , , , ,  contributor to <i>MP</i> (1889-91)," She wrote on Norse literature and published a travel book,  <i>By Fell and Fjord</i> (1882)."
1106,Oswald,Amelia Jane, ,"(Murray), Lady", ,, (1800-1892), mother of Elizabeth Jane Oswald, She ws the second wife and widow of General Sir John Oswald (1777-1840) of Dunnikier.
1107,Oswin, Ymal, , , , , ,  contributor to <i>MP</i> (1889),
1108,Ouston, Helen, , , , , , contributor to <i>MP</i> (1894-9),
1109,Oxenham, Nutcombe, The Rev., (Oxnam), , , (1811-1859), Vicar of Modbury,
1110,Owen, A. C., , , , , ,  contributor to <i>MP</i> (1873-4), Perhaps the Alice Owen to whom there are payments in the bank account;  Dr. Patricia Moberly may have letters to her?
1111,Owen, , Mr., , , , , correspondent (1857), 
1112,Packe,Penelope Anne Laura, ,"(Cator, afterwards Lennard)", , ,(b.1848-1927),ward of Anne Sturges Bourne,"She and her sister Laura were daughters of John Farnaby Cator (1816-1899), who assumed the surname Lennard and was created 1st Bt. in 1880.  Their mother was his first wife Laura Golding (d.1850), who was cousin to Anne Sturges Bourne.  Penelope Lennard married (1875) William Packe (d. 1880)."
1113,Pauli, Elizabeth, , (Ulrichs), , , , second wife of Reinhold Pauli,
1114,Pauli, Reinhold, , , , , (1823-1882), German historian," He married, secondly, Elizabeth Ulrichs. "
1115,Perrin, Alice, , , , , (b. Otterbourne 1864/5), domestic servant," She appears in the 1881 census as a domestic servant in Otterbourne.  Sister of Frances Elizabeth Perrin and daughter of George Perrin, labourer, of Otterbourne.  In the 1891 census she was married to a bricklayer named Edward Gray."
1116,Perrin, Frances Elizabeth, , , , , (b. Otterbourne 1862/3), domestic servant, She appears in the 1881 census only.  Sister of Alice Perrin.
1119,Rudolf, Edward de Montjoie, , , , , (1852-1933), founder of the Church of England Central Home for Waifs and Strays in 1881,
1120,Packer, H., , , , , , contributor to <i>MP</i> (1892-5),
1121,Paget, George, Sir, , , , (1809-1892), physician, Mentioned tending Sir William Heathcote in 1868.
1122,Paine, Cuthbert Macleod, , , , , ,  contributor to <i>MP</i> (1889),
1123,Palfrey, Sara Hammond, , , , , (1823-1914)," American novelist, contributor to <i>MP</i> (1891-5)",
1124,Palgrave, Francis Turner, , , , , (1824-1897)," anthologist and historian,  son of Sir Francis Palgrave, contributor to <i>MP</i> (1878-91)",
1125,Palgrave,Elizabeth, ,"(Turner), Lady",, , (1799–1852), wife of Sir Francis Palgrave,
1126,Palgrave, Francis, Sir, (Cohen), , , (1788-1861), historian, He was knighted in 1832;  he was born Cohen;  he married (1823) Elizabeth Turner.
1127,Palgrave," Mary E.,", , , , , ," novelist and historian, contributor to <i>MP</i> (1895-9)"," She might be the Mary Elizabeth Palgrave (b. 1858), daughter of Sir Reginald Palgrave, who married (1903) Augustus Crowder."
1128,Palmer, Edwin, The Ven, , , , (1824-1895), archdeacon of Oxford,
1129,Palmer, Roundell, , , , 1st Earl of Selborn, (1812-4 May 1895), lawyer and politician, He was created (1872) 1st Lord Selborne and (1882) 1st Earl of Selborne.  He was briefly engaged to Mary Coleridge in the summer of 1845; he then married (2 February 1848) Lady Laura Waldegrave (d. 1885).  [PB: ODNB]
1130,Palmer, William, The Rev., , , , (12 July 1811-5 April 1879), elder brother of the 1st Earl of Selborne," Educated at Rugby and Magdalen College, Oxford, of which he was a fellow 1832-55, he became a Roman Catholic in 1855."
1131,Palmer, Louisa Catherine, , , , , (d. 1868), sister of Caroline (Palmer) Abraham and Mary Anne Palmer,"  They were third cousins of Roundell Palmer, 1st Earl of Selborne,  and first cousins of Sarah Harriet (Richardson) Selwyn."
1132,Palmer, Mary Anne, , , , , (1805/6-1884), sister of Caroline (Palmer) Abraham," Daughter of Sir Charles Thomas Palmer, 2nd Bt.,  she lived near Mary Ann Dyson at Ewshott, Crondall, Hants, at the time of the 1871 census, when the Abrahams were staying with her.  Possibly the Miss Anne Palmer to whom there is a payment 1857."
1133,Palmer, Sophia Matilda, Lady, , , , (1852-1915)," contributor to <i>MP</i> (1886), daughter of the 1st Earl of Selborne", She married (1903) Count de Franqueville.
1134,Panton, N., , , , , , payment to 1854,
1135,Panton, Jane Ellen, , (Frith), , , (1848-1923),"  contributor to <i>MP</i> (1883), daughter of the painter W. P. Frith, journalist and novelist",
1136,Papillon, Emily Caroline, , (Garnier), , , (1839-1917),"  Granddaughter of the Rev. Thomas Garnier (1776-1873), the aged dean of Winchester"," she married (1862) Philip Oxenden Papillon (1826-1899) and had Pelham Rawstorn Papillon (1864-1940), Godfrey Keppel Papillon and Harold Garnier Papillon, (twins born 26 Sept 1867), Beatrice Emily Papillon, (1863/4-1870),  Muriel Caroline Papillon (b.1866), goddaughter of CMY (who married in 1897 the Rev. H. C. Lenox Tindall), Cicely Gertrude Papillon (alive 1952) and Bertha Sybil Papillon (alive 1952), who married Reginald Eves A.R.A.  Emily Caroline Papillon is presumably the E. C. Papillon who was a contributor to <i>MP</i> (1894).  Mrs Philip Papillon was on the Central Council of the GFS in 1878. [<i>The Times</i>, 13 January 1917; LG 1871, 1906, 1952, Papillon and Garnier ] "
1137,Papillon, Muriel Caroline, , , , , (b.1866), goddaughter of CMY," Daughter of Philip Oxenden Papillon and Emily Caroline Garnier, she married (1897) the Rev. H. C. Lenox Tindall. [His obituary, <i>The Times</i> (14 June 1940) states that she survived him]"
1138,Papillon, Cicely Gertrude, , , , , (after 1870-after 1952), presumably the C. G. Papillon who contributed to <i>MP</i> (1895), Daughter of Emily Caroline (Garnier) Papillon.
1139,Papillon, E. T., , , , , , contributor to <i>MP</i> (1895),
1140,Pardepp, R., , , , , , contributor to <i>MP</i> (1899),
1141,Parkinson, C., , , , , ,contributor to <i>MP</i> (1898),
1142,Parker, John Henry, , , , , (1806-1884), Tractarian publisher in Oxford," He was keeper of the Ashmolean Museum and the publisher of CMY’s <i>Kenneth, or the Rearguard of the Grand Army</i>, but should not be confused with John William Parker, who published <i>The Heir of Redclyffe</i>. [DLB 106]"
1143,Parker, John William, , ,  jr., , (1820-9 Nov 1860), publisher," In partnership with his father, John William Parker, sr., he published CMY’s early bestsellers of the 1850s such as <i>The Heir of Redclyffe</i>. The firm should not be confused with that of John Henry Parker of Oxford, who published <i>Kenneth</i>. [DLB 106] "
1144,Parker, John William, , , sr., , (1792-1870), publisher," He was  printer to Cambridge University Press and the publisher of CMY's early bestsellers of the 1850s.  After the death of his son John William Parker, jr.,  in 1860 he continued in partnership with William Butler Bourn but then sold the firm to Longmans in 1863. The firm should not be confused with that of John Henry Parker of Oxford, who published <i>Kenneth</i>. [DLB 106]"
1145,Parkinson, Elizabeth, , , , , (b. 1818), schoolmistress," She was owner of a girls\' school in Brighton recommended by CMY in 1866.  It was at 6 Peel Terrace, Dyke Road, Brighton, and appears in the censuses for 1871, 1881 and 1891."
1146,Pascoe, Charlotte Champion, , (Willyams), , , (1782-20 May 1874), writer," She was the daughter of James Willyams (1741-1828) and married the Rev. T. Pascoe, Vicar of St. Hilary. She was author with her sister Jane Louisa Willyams (d. unm) of a novel, <i>Coquetry</i> 3 vols (1818), and of <i>Walks about St. Hilary</i> which was published posthumously in 1879 edited by C.G.B. Rogers (her first cousin) and Mary Rogers, perhaps niece of the latter's husband.  Administration of her will was granted to her nephew Humphry Grylls.  Walter Scott had helped with the publication of <i>Coquetry</i>.  [will; LG 1906 Willyams, Rogers of Penrose;  <i>Bibliotheca Cornubienses</i>, has b.1781?]"
1147,Pascoe, Thomas, The Rev., , , , (1788-1870), Vicar of St Hilary, [<i>Bibliotheca Cornubienses</i>]
1148,Parr, Harriet, , , , , (1828–1900)," novelist as 'Holme Lee', contributor to <i>MP</i> (1882)", She lived on the Isle of Wight and may have known the Sewells.
1149,Paterson, Arthur, , , , , , contributor to <i>MP</i> (1898),
1150,Patteson, Frances Mary, , , , , (d. 28 Oct 1921), niece and residuary legatee of Fanny Patteson, Her address was Kilbury House Buckfastleigh; she left £6503 [will]
1151,Patteson, Frances Sophia Coleridge, , , , , (1825/6-27 April 1913), sister of the Rt. Rev. J. C. Patteson," She was daughter of Sir John Patteson by his second marriage to Frances Coleridge, and thus related to CMY. She died at 74 Via della Croce, Rome, and probate was granted to Arthur John Coleridge Mackarness; she left £16,044 [census, will] "
1152,Patteson, James Henry, , , , ,  (?1829-),  younger brother of the Rt. Rev. John Coleridge Patteson,
1153,Patteson, Janet Coleridge, , , , , (d. 22 Jan 1913), niece of Fanny Patteson," Her address was Barnsfield, Buckfastleigh,  probate to Frances Mary Patteson spinster."
1154,Patteson, Joanna Elizabeth, , , , , (1818/9-23 June 1884), half-sister of the Rt. Rev. John Coleridge Patteson,"  She was daughter of Sir John Patteson by his first wife Elizabeth Lee (d.1820) and half-sister of Fanny Patteson;  she died at Andover, and was buried at Feniton 28 June 1884. [will],."
1155,Patteson, John Coleridge, The Rt. Rev., , , ,(1827-20 Sept 1871), missionary Bishop of Melanesia," He was killed in the Santa Cruz or Queen Charlotte Islands, the outer part of the New Hebrides, now administratively part of the Solomon Islands  [ILN 9 Dec 1871 559 text 561 picture;  Oxford Hammond Atlas of the World; Sir John Gutch <i>Martyr of the Islands</i> (1971); ODNB]"
1156,Patteson, John, Sir, , , , (1790-1861)," judge, brother-in-law of Sir John Taylor Coleridge","  He married first (1818) his cousin Elizabeth Lee (d. 1820) and, secondly (1824), Frances Duke Coleridge (d.1842).  He was father of the Rt. Rev. John Coleridge Patteson, Frances Patteson and (by his first marriage) of Joanna Patteson."
1157,Paul, Margaret Agnes, , (Colvile), , , (1829-1905)," novelist,  first cousin of Jemima (Wedderburn) Blackburn"," Their fathers, Andrew Colvile <i>né</i> Wedderburn (1779-1856) and James Wedderburn (1782-1822) were brothers.  Colvile married (12 December 1856) the Rev. Charles Kegan Paul (1828-1902). Her first novel was <i>Dorothy: A Tale</i> (1856).  [ Burke, Peerage 1949, Ogilvy-Wedderburn, Bt.; ODNB Kegan Paul.]"
1158,Payne, H., , , , , ," payments to 1854, 1855",
1159,Peard, John Whitehead, , , , , (1811–1880)," known as Garibaldi's Englishman, uncle of Frances Peard.", He lived in Cornwall.
1160,Peard, Frances Mary, , , , , (1835-1923)," member of the Gosling Society,  novelist, contributor to <i>MP</i> (1866-85) and to the <i>Monthly Paper of Sunday Teaching</i>","  She was a Gosling as ‘Fernseed’ from about 1865.  She was the daughter of Captain Peard, RN, and lived at Sparnow, Torquay.  She was  sister of Charlotte (Peard) Kekewich. [Harris, <i>F. M. Peard</i>]"
1161,Pearson, Jane Frances, , , , , (b. Berks. 1846) ,  member of the Gosling Society," She was a Gosling with one (or perhaps both of her two sisters,  Frances Margaret and Mary Anne Pearson, as ‘Double Daisy’, 1869- 1876.  They were daughters of the Rev. Thomas Pearson (d. 1873), Vicar of Market Lavington, Devizes;  after his death they lived at The Old House, Market Lavington [his will]"
1162,Pedder,J., , , , , , contributor to <i>MP</i> (1896),
1163,Pennington, B. J., , , , , , contributor to <i>MP</i> (1897),
1164,Penny, Fanny Emily, , (Farr), , , (1847-1939)," novelist of empire, contributor to <i>MP</i> (1891)"," She married (1877) the Rev. Frank Penny, and lived in Madras until 1901."
1165,Perceval, Arthur, The Rev. and Hon., , , , (1799-1853), Rector of East Horsley, He was a pupil of Keble and the great friend and brother-in-law of Sir William Heathcote; he was the father of Fanny Perceval.
1166,Perceval, Frances Charlotte, , , , , (<i>c</i>. 1826-3 September 1846), daughter of the Rev. and Hon. Arthur Perceval,  She was known as ‘Fanny’ and is described as having been in a decline for a long time (19 Sept 1846).
1167,Perry, Mary, , , , , , contributor to <i>MP</i> (1889),
1168,Peters, Jessie, , , , , , member of the Gosling Society," She was a Gosling as ‘Firefly’ and lived at 4 Belmont, Brighton (a cul de sac off Dyke Road); she was probably daughter of Edward Peters who ran a \'Boarding School for young gentlemen\' at that address.  In the 1861 census the Gosling Paulina Martyn was living in Dawlish with her grandmother Sophia (Badcock) Coleridge and the latter\'s niece Sophia Peters, so possibly Jessie Peters was also a relation of some sort."
1169,Peterson, ,  Miss, , , , (fl. 1875)," of Cliff Cottage, the Lees, Folkestone"," This is a brief note to a stranger.

"
1170,Phillimore, Lucy, , , , , , contributor to <i>MP</i> (1878-87),"  Probably Lucy Phillimore (1850-1931), writer, secretary to Mrs Gladstone, mentioned (is this the same person?) in Octavia Wilberforce's autobiography as instrumental in her being sent to school.  Her correspondence with her family is in Hampshire Record Office.  But there was at least one other Lucy Phillimore with whom confusion is possible."
1171,Phillpotts, , Miss, , , , , letter rejecting a missionary paper,
1172,Pichot, Amedée, , , , , (1795-1877), French translator of <i>The Dove in the Eagles Nest</i>, 
1173,Pitcairn, E.H., , , , , , contributor to <i>MP</i>,
1174,Playne, F.C., , , , , , contributor to <i>MP</i> (1890),
1175,Plumptre, Edward Hayes, The Very Rev., , , , (1821-1891),"  chaplain of King’s College, London"," professor at Queen's College, Harley St; he became Dean of Wells in 1881;  he was the brother-in-law of F.D. Maurice [ODNB]"
1176,Plumptre,  C. E., , , , , , contributor to <i>MP</i> (1888),
1177,Plumridge, Henry, , , , , (b.1811/12), master of the Hursley village school in 1861," In the 1871 census he is postmaster, stationer and clerk to the Board of Guardians, Hursley [White, <i>Directory of Hampshire</i>, 1878; 1861 census; 1871 census]"
1178,Plumridge, Mary Elizabeth, , , , , (1841-?1917)," daughter of Henry Plumridge, mistress of the Otterbourne National School in 1867"," She was a boarder at Elderfield during 1871 census, and invited to the servants’ Christmas party at Hursley Park in 1867. [PO Hants 1867; 1871 census]

 She was probably the mistress whose nose was put out of joint by the reforms to the school instituted by the Rev. [[person:478]W. F. Elgie]. She appears to have married (1873), James Bowden, a printer\'s manager."
1179,Pode, Anne Duke, , (Yonge), , , (c. 1800-22? 25? June 1845), paternal aunt of CMY," Younger sister of WCY, she married (1830? 1831? Thomas Julian Pode (27 Sept 1799-Feb 1857), who remarried (22 September 1847) Hannah Aspinall [LG 1952 Pode]"
1180,Pode, Augusta Boevey, , (Crawley), , , (1829/30- 28 June 1900), cousin of CMY,"She was the youngest daughter of the Rev. Charles Crawley (cousin of WCY) and his wife, WCY\'s sister Catharina (Yonge) Crawley. She married (30 Aug 1860) her cousin John Duke Pode (nephew of WCY)."
1181,Pode, Beatrice Catharina, , , , , (11 Aug 1864-7 March 1947), daughter of Augusta and John Pode., 
1182,Pode, Charles Coleridge, , , , , (1840-1873), son of Thomas and Anne Pode," subject of Keble’s poems ‘More Stars’ and ‘Wakefulness’, became a doctor, died young. [<i>John Keble’s Parishes</i>, 113;  <i>Alumni Oxonienses</i>]"
1183,Pode, Ernest Duke Yonge, , , , , (1862-1892),  son of John and Augusta Pode, He drowned at Winchester.
1184,Pode, John Duke, , , , , (6 Nov 1832-5 Jan 1921), first cousin of CMY, He married (30 Aug 1860) his cousin Augusta Boevey Crawley (1829/30-1900).
1185,Pollard, Alfred William, , , , , (1859-1944),"  bibliographer, contributor to <i>MP</i> (1888)","Keeper of the Department of Printed Books at the British Museum, 1919-24.
<br/>

"
1186,Pollock, Edith Caroline, , , , , ,"  children’s writer, ornithologist, contributor to <i>MP</i> (1895-8)",
1187,Poole, Harriet, , , , ," (b. Mansfield, Nottingham 1843/4)", governess,"She was governess at the time of the 1871 census to the children of the Rev. Robert Hughes at Wyelands House, Matherne, Wales;  by 1881 she was living in London with her sister [[person:1188]Alice], both governesses.  In the 1901 census she is a Sister of Charity at the sisterhood of St. Thomas, Oxford. CMY implies that Mary Anne Dyson knew her, which increases the probability that she was the Elgies’ governess, who had previously worked in Miss Dyson’s school, and read German with Gertrude. Probably the Miss Poole who offered \'Rosa\'s Dream\' in 1867.  "
1188,Poole, Alice F. S., , , , ," (b. Newland, Gloucestershire 1850)", member of the Gosling Society," She was a Gosling as ‘Snowbird’ in 1876.  She was living at Uffington, Faringdon, on income from Funds without a servant, with her mother Catherine Poole (b. 1807/8), in whose memory a chalice was given to Uffington Church; she became an associate of the Wantage sisterhood in 1869; she later became a governess and at the time of the 1881 census was living in Camberwell with her sister Harriet Poole (b. Mansfield, Nottingham 1843/4), also a governess. [<i>Victoria County History</i>; information from Wantage; census]  "
1189,Porter, Alfrey, , , , , , contributor to <i>MP</i> (1897),
1190,Polson, Arthur, , , , , (b. 1831/2), son of the Rev. Hugh Polson and CMY’s first cousin Georgiana Crawley,
1191,Polson, George, , , , , (b. 1833/4), son of the Rev. Hugh Polson and CMY’s first cousin Georgiana Crawley,
1192,Polson, Rosalia, , , , , (b. ( 1834/5), daughter of the Rev. Hugh Polson and CMY’s first cousin Georgiana Crawley,
1193,Polson,  Catharina K., , , , , (b. 1835/6), daughter of the Rev. Hugh Polson and CMY’s first cousin Georgiana Crawley,
1194,Polson, Georgiana, , (Crawley), , , (b.1810/11), cousin of CMY," She was the daughter of Captain George Crawley and CMY’s aunt and godmother Charlotte (Yonge) Crawley, later Jones;  she married the Rev. Hugh Polson;  her daughter Georgiana Alethe married Charles Warren Adams."
1195,Polson, Hugh, The Rev., , , , (b.1807), husband of CMY’s first cousin Georgiana Crawley, He is a clergyman without cure of souls in 1811.  Were the family in South Africa at the time of Charles Warren Adams’s marriage to their daughter Georgiana Alethe Polson?
1196,Portal,Melville, , , , ,(1819-1904), landowner," A county landowner, he lived at Laverstoke, near Whitchurch, and, like Sir William Heathcote, had evidently enlisted in the Hampshire Yeomanry. D.H. Moutray Read, <i>Highways and Byways in Hampshire</i> (1923) mentions then surviving letters to him in CMY’s ‘clear and easy writing’ but his family do not seem to have them any more. [PB]"
1197,Postgate, Isa J., , , , , , contributor to <i>MP</i> (1892),
1198,Powell, Lucilla, , , , , , contributor to <i>MP</i> (1871),
1199,Powell,Thomas, , , , , , inhabitant of Otterbourne in 1838,
1200,Pratt, Henry, The Rev. Canon, , , , (b.1814/5-before 1888), husband of Mary Davys," He married (1844) Mary Anne Davys (1814/5-1888), daughter of George Davys, Bishop of Peterborough, and Marianne Mapletoft, schoofriend of FMY."
1201,Pratt,Mary Anne, ,(Davys), , ,1814/5-1888,daughter of the Rt. Rev. George Davys,"She was the daughter of the Rt. Rev. Dr. George Davys (1780-1864), Bishop of Peterborough, who owed his preferment to his having been chaplain to the young Queen Victoria. His wife Marianne Mapletoft (1788/9-1858) had been a childhood friend of FMY’s. Mary Davys before her marriage was Extra Woman of the Bedchamber to Queen Victoria. She married (1844) the Rev. Henry Pratt [Marriage index; Coleridge, <i>Life</i>;  Boyle’s Court Guide 1846]"
1202,Pratt, Fanny Mary Harriet, , , , , (b. 1850), eldest daughter of the Rev. Henry Pratt and Mary Anne Davys,
1203,Pratt, Florence Maria, , , , , (b. 1852), second daughter of the Rev. Henry Pratt and Mary Anne Davys,
1204,Pratt,  Ethel Julia, , , , , (b. 1853), twin youngest daughter of the Rev. Henry Pratt and Mary Anne Davys,
1205,Pratt, Mary Josephine, , , , , (b. 1853), twin youngest daughter of the Rev. Henry Pratt and Mary Anne Davys,
1206,Pressensé,Élise Françoise Louise , , (de Plessis-Gouret) de,, ,(1826-1901),"French novelist, contributor to <i>MP</i> (1886)",
1207,Prevost, Constance Margaret, , , , , (1858/9- after 1952), contributor to <i>MP</i> (1887-94)," Second daughter of Sir Charles Prevost, 3rd Bt. (1831-1902) and Sarah Margaret Keble (d.1919), daughter of the Rev. Thomas Keble, sr. and niece of the Rev. John Keble.
She published <i>Terra Cotta Plays</i> (London, Walter Smith 1888), as well as a later play and two later volumes of verse."
1208,Price, Bartholomew, The Rev., , , , (1818-1898), mathematician, Sedleian professor of natural philosophy at Oxford University and (from 1892) master of Pembroke College Oxford;  he was married to Amy Eliza Cole. 
1209,Price, Eleanor Catharine, , , , , (b. 1848?), contributor to <i>MP</i> (1882-98)," She was author of <i>One Only</i> (1874), <i>Valentina</i>  (1882), <i>A Lost Battle</i> (1878) and about 50 other titles to 1932. She was one of the co-authors (with CMY) of <i>The Miz-Maze</i>, and evidently a friend of Amelie Leroy and Anna Bramston’s. [norg@mc2.vicnet.net.au Mr Norman Gardiner, who is studying her; COPAC]"
1210,Prideaux, M. V., , , , , ,contributor to <i>MP</i> (1888),
1211,Pridham, Mary R., , , , , (b. 1849/50)," member of the Gosling Society, contributor to <i>MP</i> (1891)"," A Gosling as ‘Hedgerose’ from c. 1865, living then at 6 Trevor Terrace Rutland Gate, she was born Mauritius, daughter of John Pridham, schoolmaster; she was first cousin of Christabel Coleridge and Katherine Helmore.  Her mother remarried William Martyn MRCS (1815-96);  in 1881 she was living 63 Harcourt Terrace in the household of Thomas Leon Wilkinson, perhaps as a governess, in 1891 with her stepfather and mother at Westmoreland Lodge, Inner Park Rd. Wandsworth [1871, 1881 census; Plarr, <i>Lives of FRCS</i>; Hainton, <i>The Unknown Coleridge</i>; the <i>Plymouth Herald</i> (7 April 1838) records the death of John Drake Pridham (1777/8-1838), of the firm of Harris Rosdew and Co, bankers of this town;  he  was father of John Pridham, Mrs Helmore and Mrs Derwent Coleridge]"
1212,Proctor, Richard A., , , , , , contributor to <i>MP</i> (1870-3),
1213,Prout, Samuel, , , , , (1783-1852), topographical painter,His pictures of Normandy circulated widely in engravings.
1214,Prynne, George Rundle, The Rev., , , ,  (1818-1903)," Vicar of St. Peter’s, Plymouth"," He served from 16 Aug 1848 to his death as Vicar of St. Peter's, Plymouth; he married (17 April 1849) Emily Fellowes (d. 1901).  He was an enthusiastic Tractarian much involved in religious rows in Plymouth."
1215,Pusey, Edward Bouverie, The Rev., , , , (1800-1882), Regius Professor of Hebrew at Oxford University," He married (1828), Maria Catherine Barker (d. 1839).  He had three daughters and a son, of whom only one daughter survived him.  "
1216,Pusey,Lucy Maria Bouverie, , , , ,?1829-22 April 1844),eldest daughter of the Rev. E. B. Pusey,
1217,Putnam, George Palmer, , , , , (1814-72), American publisher, CMY was sent his photo 1865.
1218,Pye, Emily Charlotte, , (Wilberforce), , , (b.1830/1), daughter of the Rt. Rev. Samuel Wilberforce," She married (1851) the Rev. Henry John Pye (1827-1903), Rector of Clifton Campville; they both converted to Rome in 1868. [LG 1906; ODNB]"
1219,Quain, Richard, , , , , (1800-1887), physician,
1220,Quiller Couch, Mabel, , , , ," contributor to <i>MP</i> (1894, 98)", novelist, She was a sister of Sir Arthur Quiller-Couch (1863-1944).
1221,Raby, , , , , , ," Perhaps a Winchester nurse who attended Gertrude Walter, Marianne Bigg Wither and CMY", She or he is not found as nurse or doctor under that name in directories.
1222,Randall, Richard William, The Rev., , , , (1824-1906)," Vicar of All Saints, Clifton"," He became the first vicar of All Saints, Clifton in 1868."
1223,Raikes, Charles, , , , , (1812-1885)," Indian civil servant,  contributor to <i>MP</i> (1863-75)",
1224,Rawlinson, Robert, , , , , (1810-98), civil engineer.,
1225,Rawnsley, Willingham Franklin, , , , , (1845-1927), schoolmaster, He married (1880) Alice Julia Argles (b. 1848/9).
1226,Rawnsley, Alice Julia, , (Argles), , , (1849-1941)," author of books on the New Forest, sister of [[person:56]Edith Argles]",
1227,Read, Dorothy, , , , , ,contributor to <i>MP</i> (1881),
1228,Reason, Florence, , , , , ," contributor to <i>MP</i> (1891), perhaps an illustrator",
1229,Reed, Thomas, Sir, , , , , rented Ampfield House about 1865, [<i>Erminois</i>]
1230,Reeves, , Mrs, (Mason), , , (fl.22 July 1845) , schoolmistress," Probably Charlotte Mason, CMY’s former nurse, sister of the transported agitator Joseph Mason (1799-1863). She could be the Charlotte Reeves (1803/4-1871) who kept a lodging-house at Ventnor, IOW, but that person seems already to have been there in 1841. She could also be the ‘old nurse of mine who married a drum major’ mentioned in a letter to Ann Carter Smith (31 March 1864). Coleridge, <i>Life</i>, 80-1; <i>John Keble’s Parishes</i>, 96-7; Charlotte M. Yonge, <i>An Old Woman’s Outlook in a Hampshire Village</i> (London: Macmillan: 1892), 65-7; <i>Joseph Mason: Assigned Convict 1831</i>-1837ed. David Kent and Norma Townsend (Melbourne: Melbourne University Press 1996), 3."
1231,Revett, Amyas, , , , , , contributor to <i>MP</i> (1897),
1232,Richards, William Upton, The Rev., , , , (1811–1873),"Vicar of All Saints, Margaret Street, London, from 1845."," He was founder (1848), with Harriet Brownlow, of the Society of All Saints’ Sisters of the Poor, which ran a home for incurable women and children in Mortimer Street during the 1850s and in 1859 began to take over the nursing at UCH. [ODNB; Holloway 1959]"
1233,Richmond, D., , , , , ," children’s writer and novelist, contributor to <i>MP</i> (1861, 2)",
1234,Rickards, Edith C., , , , , ," children’s writer, biographer of Felicia Skene and Zoe Thomson, contributor to <i>MP</i> 1891","   She was  probably Edith Cordelia Rickards (b. 1846/7), daughter of George Rickards, barrister;  her mother Frances Lefroy (1811-1859) was a cousin of Fanny Caroline Lefroy’s."
1235,Rickett, Arthur, , , , , , contributor to <i>MP</i> (1896-7),
1236,Ricketts, , Mrs., , , , , payment to 1855,
1237,Ridding, George, The Rt. Rev., , , , (1828-1904)," headmaster of Winchester College, Bishop of Southwell","  He married, first (20 July 1858) Mary Louisa Moberly (d. 20 July 1859), and, secondly (October 1876) Lady Laura Palmer."
1238,Ridding, Laura Elizabeth, Lady, (Palmer), , , (1849-1939)," contributor to <i>MP</i> (1874, 91, 98)"," The daughter of the 1st Earl of Selborne, she married (October 1876), as his second wife, George Ridding. [ODNB]"
1239,Riley, John Athelstan Laurie, , , , , (1858-1945), vice-president of the Church Union," He was Chairman of the Anglican and Eastern Church Association, and Seigneur de la Trinité, Jersey. He married (1887) the Hon. Andalusia Molesworth.   [LG 1952, WWW]"
1240,Ritchie,Anne Isabella, ,"(Thackeray), Lady",, , (1837-1919), ,She lived with her brother-in-law Leslie Stephen until 1875 when she married Richmond Ritchie and had Hester (b. 1878) and William (b. 1880). [ODNB]
1242,Roberts, Elizabeth H., , , , , ,  contributor to <i>MP</i> (1854), Possibly a mistake for Elizabeth P.Roberts.
1243,Roberts,Elizabeth P., , , , , , contributor to <i>MP</i> (1852-9),"The author of the ‘Garland for the Year’, who preserved the letters which shed such a useful light on the early history of <i>MP</i>, signed her contributions E. P. R. or Elizabeth P. Roberts.  She may perhaps be identified with Elizabeth Piddocke Roberts (b. Kingswinford, Staffs. 1821) who published a book of verse in 1845. That person was the daughter of John Piddocke Roberts (b.1794/5) and his wife Susannah Maria Morris (b. 1789/90), who had been married at Kingswinford in 1819;  he is described in the 1841 census of Armitage, Staffs. as a land agent, and in the 1851 Isle of Man census as a landed proprietor.  By 1861 Elizabeth and her widowed mother were staying in West Bromwich, and she is described as a governess.  Since the \'Garland\' author\'s father evidently died in 1859 it is likely they are one and the same.

According to the IGI records  she was one of at least ten children, of whom several died young.  Survivors included Rebecca Surgy Roberts (b. 1831) who acted as a companion to a cousin in the Isle of Wight (1851, 1861 census), Phoebe Cordelia Roberts (1828-after 1881) and Martha Sarah Roberts (1835-1909) who married (1852) Thomas Oxenbould, a banker’s clerk.  

Roberts’s ‘Garland for the Year’ may possibly be the ‘semi botanical papers’ of which CMY wrote ‘I used to repent  - of admitting them’. 

[1841 census, Armitage with Handsacre, Staffs.;  parents Isle of Man 1851 census; 1861 census with cousin Lydia Morris, chemist, at West Bromwich;  Oxenboulds, 1871, 1891 census, Handsworth;  BMD indexes; IGI] "
1244,Roberts, Margaret Eliza, , , , , (1833-1919 Montreux), author of <i>Mademoiselle Mori</i>,"  She was educated by her stepfather, the Rev. Henry Latham (1794-1866 ODNB);  she was a contributor to <i>MP</i> (1864-92).  Her most successful work was  <i>Mademoiselle Mori:  A Tale of Modern Rome</i> (1860), which CMY encouraged Parker to print;  she published as ‘the author of <i>Mademoiselle</i> Mori’.  CMY had a  plan to co-author German history with her; she suffered a strain of the hip in 1873; and lived in Torquay.  She has titles in the <i>British Library Catalogue</i> 1857-1901.  A letter in the Bodleian from Roberts to Bullock calls Grace Latham her cousin, and perhaps there was a blood relationship with some of the Lathams. (ODNB; Blain, <i>Feminist Companion</i>;  Mary Harris, <i>Frances Mary Peard</i> says she died at Territet]"
1246,Roberts,Ralph, , , , , , contributor to <i>MP</i> (1894),
1247,Robins, G. M., , , , , , contributor to <i>MP</i> (1898),
1248,Robinson, Frederick S., , , , , , contributor to <i>MP</i> (1898),
1249,Robinson, Phil, , , , , (1847-1902),"writer on natural history, contributor to <i>MP</i> (1894)",
1250,Robertson, , Miss, , , , ," mentioned 30 Sept 1844, perhaps a friend of Alethea Yonge’s",
1251,Rogers, Charlotte Grenfell Bridgman, , (Willyams), , , (d. 1888), cousin of Charlotte (Willyams) Pascoe," Daughter of the Rev. Humphrey Willyams and Mary Grenfell, she married (14 Oct 1823) Captain Frederick Rogers (1794-1874), first cousin to Mrs Pascoe, whose book she edited;  her collaborator was perhaps Mary Sophia Rogers (d.1900), her  husband's niece [LG 1906 Willyams, Rogers]"
1252,Rogers, Frederic, Sir, , 8th Bt., 1st Lord Blachford, (1811-1889), landowner," He succeeded his father as 8th baronet in 1851 and was created (1871) 1st Lord Blachford; he  married (1847) Georgiana Mary Colvile (<i>d</i>. 13 July 1900), they had no children and lived at Blachford Park, near Cornwood [ODNB]"
1253,Rogers, Georgiana Mary, , (Colvile), , Lady Blachford, (d. 1900)," Known as ‘Gingy Colvile’ she was first cousin of Jemima Blackburn, and sister of Margaret Agnes (Colvile) Paul."," She married (1848) Frederic Rogers, who became Sir Frederic Rogers in 1851 and 1st Lord Blachford in 1871. [Fairley, <i>Jemima</i>,  128]"
1254,Rogers, Mary Sophia, , , , , (d. 1900), niece by marriage of Charlotte (Willyams) Rogers," She was probably the Mary Rogers who was co-editor with Charlotte (Willyams) Rogers of Charlotte (Willyams) Pascoe’s <i>Walks about St. Hilary</i>, and therefore possibly CMY\'s correspondent in 1879. [LG]"
1255,Rogers, Grace, , (Fursdon), , , (d. 24 Dec 1861), aunt of Henrietta Fursdon, She was the second wife of the Rev. John Rogers of Penrose. [LG]
1256,Rolfe, Alfred, , , , , (Andover 1858/9-1918), schoolmaster in Otterbourne, [1891 census]
1257,Rolfe, Alice, ,(Misselbrook), , ,(b. Otterbourne 1860/1), mistress of Otterbourne school,"  The wife of [[person:1256]Alfred Rolfe] and daughter of Robert Misselbrook, shoemaker, of Otterbourne, she was mistress of the infant school at Otterbourne, until she gave it up on marrying Alfred Rolfe, the schoolmaster in 1888.  She was the youngest sister of Ellen Misselbrook. [1861 census, Otterbourne; 1891 census]"
1258,Romanes, Ethel, , , , , (1856–1927), biographer of CMY," She married (1879) George John Romanes (1848–1894); they had six children, of whom two died in WW1;  the one girl became a nun and died young;  Ethel Romanes became a Roman Catholic in 1919 . [ODNB]"
1259,Romanoff, Harriet Catherine, , (Carr), , , (1827/8-1897),  contributor to <i>MP</i> (1861-77),"  CMY’s Russian correspondent, she came from a family who were friends and neighbours of Florence Wilford in Woolwich;  her mother Harriet Catherine Carr also contributed to <i>MP</i>. Monuments in St. George’s Beckenham include: James Joshua CARR of Old Charlton Kent 22 May 1865 aged 67. Harriet Catherine Carr widow of above 27 August 1895 aged 90. Samuel Sidney Carr 13 August 1842 aged 1 year 9 months. Captain James Sweet Carr of H M Bombay Staff Corps 28 February 1864 aged 31 sons of James Joshua and Harriet Catherine Carr. Also Janet Susan Carr youngest daughter of J J and H C Carr 16 July 1919 aged 75. Also Harriet Catherine ROMANOFF daughter of J J and H C Carr 10 August 1897 aged 69 at Kishinieff Russia. [This is now Kishinev, capital of Moldova, and was scene of a notorious pogrom in 1903]"
1260,Roscoe, William, , , , , (1753-1831), historian, He was the author of a life of Lorenzo de' Medici (1796) [DNB]
1261,Rosenthal, Michael, The Rev., , , ," (b. Wilma, Russia 1843/4)"," curate of St. Paul’s, Haggerston"," A convert from Judaism, he was made deacon 1877, priest 1881, curate of St. Paul's Haggerston in 1877; he was a widower by 1891) [<i>Clergy List</i>]"
1262,Rosenthal, Beatrice Esther, , , , , ((b. Hampstead 1875/6-1953), contributor to <i>MP</i> (1897)," Daughter of the Rev.Michael Rosenthal, Vicar of St. Mark's Aldgate, she published other religious works and hymns; and married Canon William Moore (d. 1943); she was editor of <i>Mothers in Council</i> until 1950."
1263,Leslie, Louisa,  , (Anderson Morshead), , Countess of Rothes, (d. 21 Jan 1886), sister of the Rev. John Philip Anderson Morshead,  She married  (7 May 1831) the 15th Earl of Rothes. [LG]
1264,Routledge, , Miss, , , , ," letter to, about Charles I",
1265,Royle, , Mrs, , , , , calling at Otterbourne House in 1838,
1266,Rudd, Margaret Blagrove, , , , , ," contributor to <i>MP</i> (1892, 97)",
1267,Rudd, , Mr., , , , ,  exceptionally tall,"  This person,  recently dead, unearthed by bodysnatchers, and evidently a coachman, was perhaps John Scholar Rudd (d.September 1838)."
1268,Ruskin, John, , , , , (1819-1900)," art critic, contributor to <i>MP</i> (1851-63)",  He married (1848) Euphemia Chalmers Gray (1828-1897); the marriage was annulled on grounds of non-consummation in 1854 and she married Millais in 1855.
1269,Rutter, J., , , , , , contributor to <i>MP</i> (1878-93),
1270,Russell, William Howard, , , , , (1820-1907), <i>The Times</i> correspondent in the Crimea (21 April 1854),
1271,Sanger, George, , , , , (1825?-1911), circus proprietor,
1272,Scarth, John, The Rev., , , , (1826-1909),"Vicar of Holy Cross, Bearsted, Kent, 1884-1902, and Hon. Secretary of St Andrew’s Waterside Church Mission, 1871-1900",
1273,Semmes, Raphael, Captain, , , , (1809-1877), captain of the <i>Alabama</i>,"  A confederate warship was built anonymously in the British shipyards at Birkenhead. When the Unionist government discovered this they demanded that it be detained in the yard, but in 1862, on the pretext of a trial run, Semmes and his crew escaped with it to the Azores where it was armed and proceeded to do immense damage to Unionist shipping, to the commercial benefit of the British. In 1864 the <i>Alabama</i> was sunk off Cherbourg but Semmes was picked up by an English yacht and brought to England. CMY referred to the <i>Alabama</i> affair disapprovingly in the <i>Barnacle</i>. "
1274,Seymour, Emily, , (Murray), , Countess of Hertfor, (1816-1902), supporter of the Mothers’ Union," She married (1839) the 5th Marquess of Hertford (1812-1884), who succeeded his notoriously dissolute cousin in 1870.  As a recent widow, she was an early and enthusiastic supporter of the Mothers’ Union."
1275,Simeon, Charles, The Rev., , , , (1759-1836)," Vicar of Holy Trinity, Cambridge",
1276,Somerset, Fitzroy, Lord, , , 1st Lord Raglan, (1788-1855), army officer, He commanded the British troops in the Crimea. 
1277,Stewart,Houston,Admiral Sir, , , , (1791-1875), naval officer, He was second in command of the Black Sea fleet in 1855.
1278,Strahan, Alexander Stuart, , , , , (1833–1918), publisher of <i>Good Words</i>,
1279,Taroniara, Stephen, , , , , (<i>c.</i>1846-1871),Melanesian missionary and martyr," A native of San Cristobal in the Solomon Islands, he died with Patteson."
1280,Thorold, Anthony Wilson, The Rt. Rev., , , , (1825–1895), Bishop of Winchester 1890-1895,
1281,Thring, George Herbert, , , , , (1859-1941)," solicitor, Secretary of the Society of Authors, 1891-1906","  He was the son of Edward Thring, the headmaster of Uppingham whose book on teaching CMY so admired."
1282,Saunders, , Miss, , , , (fl.24 Sept 1846), governess to the Moberlys,
1283,Savage, William, , , , , (1817-1887), photographer and publisher in Winchester," He published a series of illustrated guide books including J. Frewen Moor, <i>Guide to Hursley</i> (1869), and he photographed CMY."
1284,Scarlett, J. B., , , , , , correspondent 1887,
1285,Scarlett, Robert Lawrence, Major,  , , , (b.Yorks. 1848/9), purchaser of Otterbourne House," He bought Otterbourne House not in 1885 as Coleridge asserts but in 1891, the date CMY gives in <i>John Keble’s Parishes</i>, which explains why JBY still resident at the time of the 1891 census.  "
1286,Schneider, Lina, , , , , , contributor to <i>MP</i> (1866),
1287,Scott, Maria Henrietta, Lady, , , , (d. 1912), daughter of the 3rd Earl of Clonmell, She married (1864) the Hon. George Fitzclarence (1836-1894).
1288,Scott, Annette Louisa, Lady, , , , (d. 1920), daughter of the 3rd Earl of Clonmell," She married (1870) Percy La Touche,  brother of Rose La Touche (d.1875)."
1289,Scott,Rachel Mary,Lady, , , ,(d.1911),daughter of the 3rd Earl of Clonmell, She married (1866) Llewellyn Saunderson (d. 1913). [LGI 1914]
1290,Scott, Temple, , , , , , contributor to <i>MP</i> (1896),
1291,Scroffs, , Mrs., , , , , CMY lunched with her at Torquay in 1867," The name is odd, and perhaps a mistranscription by Coleridge."
1292,Sedgwick, Daniel, , , , , (1814-1879), hymnologist,  His correspondence forms part of the collections relating to the publication of John Julian’s <i>Dictionary of Hymnology</i> (1892)
1293,Selfe, Rose E., , , , , , contributor to <i>MP</i> (1891),
1294,Sellon, Priscilla Lydia, , , , , (1821-1876)," founder of the Society of Sisters of Mercy of the Holy Trinity, Devonport",  CMY gave regular sums to her from 1853 but was disappointed when she came to Hursley to see her Sisters off to Honolulu. She was known as Lydia.  [ODNB]
1295,Selwyn, George Augustus, The Rt. Rev., , , , (1809-11 Apr 1878), Bishop of New Zealand and subsequently of Lichfield,"  He married (1839) Sarah Harriet Richardson (d. 25 Mar 1907).  He was educated at Eton and St John’s College, Cambridge (BA 1831);  he became Bishop of New Zealand in  1841 and Bishop of Lichfield in 1868."
1296,Selwyn, John Richardson, The Rt. Rev., , , , (1844-12 Feb 1898), son of the Rt. Rev. George Augustus Selwyn," He was educated at St John's College Auckland, Eton, Trinity College Cambridge (BA 1866). He was ordained in 1869 and married, first (1872), Clara Innes.  He succeeded Patteson as Bishop of Melanesia (1877).  He married, secondly (1885), Annie Catherine Mort, retired and became Master of Selwyn Coll Cambridge [DNZB, ODNB] His biography makes it clear he was in England June 1889-January 1890, and then returned for good to Europe in September 1891;  this is obscured in ODNB."
1297,Selwyn,Sarah Harriet, ,(Richardson), , , (1809/10-25 March 1907),wife of the Rt. Rev. George Augustus Selwyn,"Daughter of Sir John Richardson and Harriet Palmer, she was Caroline Abraham\'s first cousin;  she married (1839) the  Rt. Rev. George Augustus Selwyn."
1298,Serg’eeff, Ivan, , , , , , contributor to <i>MP</i> (1895),
1299,Sewell, Eleanor L, , , , ,  (b. IOW 1838/9), niece of Elizabeth Missing Sewell," [1861, 1871 census]"
1300,Sewell,  Mary Ellen, , , , , (b. 1834/5), niece of Elizabeth Missing Sewell, She was the daughter of Henry Sewell.
1301,Sewell, Elizabeth Missing, , , , , (19 Feb 1815-17 Aug 1906)," novelist, schoolmistress, contributor to <i>MP</i> (1871-94)", [ODNB]
1302,Sewell, Ellen M., , , , , (b. IOW 1813/4)," schoolmistress, sister of Elizabeth Missing Sewell",
1303,Sewell, Emma F., , , , , (b. IOW 1816/7)," schoolmistress, sister of Elizabeth Missing Sewell", 
1304,Sewell,  James Edwards, The Rev., , , , (25 Dec 1810-29 January 1903)," brother of Elizabeth Missing Sewell and warden of New College, Oxford", He was a curate of Hursley in 1835; he was Warden of New College from 1860; where his sister Janetta kept house for him.   [ODNB]
1305,Sewell, Janetta, , , , , (1819/20-July 1890), sister of Elizabeth Missing Sewell and of the Rev. Edwards Sewell, [1861 census]
1306,Sewell, William, The Rev., , , , (23 Jan 1804-14 Nov 1874)," brother of Elizabeth Sewell, contributor to <i>MP</i> (1872)", [ODNB]
1307,Seymour, Elizabeth Welman, , (Noel), , ,  (d. 26 September 1868), aunt of Edith Jacob," She was wife of the Rev. George Augustus Seymour (1828/9-1909), Rector of Holy Trinity, Winchester."
1308,Seymour, , Miss, , , , ,  telling CMY Edith Jacob absent in 1871," She was probably Edith’s first cousin, daughter of Rev. George Augustus Seymour (1828/9-1909), Rector of Holy Trinity, Winchester, and Elizabeth (Noel) Seymour (d. 1868)."
1309,Seymour, George Augustus, The Rev., , , ,  (1828/9-1909)," Rector of Holy Trinity, Winchester"," He married Elizabeth Welman Noel (d. 1868), whose sister was married to the Ven. Philip Jacob."
1310,Shand, E. I., , , , , , contributor to <i>MP</i> (1888),
1312,Shipley, Charles, The Rev., , , , (1783-1834), Rector of Mappowder," He was deprived of an All Souls fellowship in 1810 accused of indecent assault on a boy, and served as Rector of Mappowder, Dorset, from 1814, see Coleridge, <i>Life</i>, 73 for his friendship with FMY and WCY [ODNB]"
1313,Shipley, Conway Mordaunt, , , , , (1824-1888), son of the Rev. Charles Shipley,"  He and his sister Anna Maria were described by CMY as ‘the first friends I had besides my cousins’  [LG 1906, see Coleridge, <i>Life</i>, 73]"
1314,Shipley, Anna Maria, , , , , , daughter of the Rev. Charles Shipley," Sister of Conway Shipley, she married (1840) Sir Walter Crofton. [LG 1906]"
1315,Shipley, Orby, The Rev., , , , (1832-1916)," theologian, son of the Rev. Charles Shipley", [ODNB]
1316,Shipton, A. C., , , , , , contributor to <i>MP</i> (1892)," She collaborated with Helen Shipton and was probably her sister Amy Cuthbert Shipton (b. Barlow, Derbyshire 1865). [census returns; register of birth]"
1317,Shipton, Helen, , , , , (b. 1857)," novelist, contributor to <i>MP</i> (1886-96)"," She collaborated with CRC and CMY; she was born at Barlow, Derbyshire, the daughter of the Rev. George Shipton, vicar of Brampton, Derbyshire. [census; Blain, <i>Feminist Companion</i>]"
1318,Shutte, Reginald Neale, The Rev., , , , (1829-1892)," vicar of St. Michael’s, Portsea, biographer, contributor to <i>MP</i> (1869, 71)",
1319,Shuttleworth, H. C., , , , , , contributor to <i>MP</i> (1895-6),
1320,Siddon, , Mr, , , , , discussing Coleridge’s <i>Life of Keble</i> 1869,  Perhaps Coleridge's misreading for Seddon.
1321,Sillence, , Mr, , , , , farmer," He is mentioned in a letter of Charles Wooldridge to JBY in 1877 as bankrupt and  temporarily employed on business, and was probably the Sillence,  farmer of New Barn, mentioned as a dealer in carthorses, one of his tenants, by Sir William Heathcote [Awdry, <i>Heathcote</i> 186; Wooldridge outletters]"
1322,Simeon, Charles, Captain, , , , (1816-29 May 1867), army officer,  He lived in Hursley;  he married (1842) Sarah Jane Williams and they had nine children who survived to adulthood. [Simeon Bt PB]
1323,Simeon, Sarah Jane, , (Williams), , , (d.1903), wife of Captain Charles Simeon,  She married (1842) Captain Charles Simeon (1816-1867).
1324,Simeon, Winifred Louisa, , , , , (1844-1920), second daughter of Captain Charles Simeon,
1325,Simeon, Edith Jane, , , , , (1843-1881), eldest daughter of Captain Charles Simeon,
1326,Simpson,Mary Emily, , , , ,(1820-1884),educational reformer,"The author of <i>Ploughing and Sowing</i> was the daughter of the Rev. Francis Simpson, Vicar of Boynton, and of Anne Strickland (d.1868), daughter of Sir William Strickland, 6th Bt.  She was not exactly niece of  Sir Henry Boynton 10th Bt. (1811-69) of Burton Agnes, as CMY says, but his first wife Louisa Strickland (d.1841) was her mother’s first cousin, and other marriages connected the two families.   There is a study: Clifford Ball Freeman,  <i>Mary Simpson of Boynton Vicarage, teacher of ploughboys and critic of Methodism</i>, East Yorkshire Local History Society Series 28 (1972)"
1327,Sinclair, Janet M., , , , , , contributor to <i>MP</i> (1896),
1328,Skene,Felicia Mary Frances, , , , , (1821-1899)," novelist, social reformer","She was editor of the <i>Churchman\'s Companion</i> from 1863, and not therefore CMY\'s correspondent in 1852."
1329,Skinner, James, The Rev., , , , (1818-1881)," Vicar of Newland, Worcs. and founder of the English Church Union",
1330,Skinner, John, , , , , , contributor to <i>MP</i> (1874),
1331,Slater, C. P., , , , , , contributor to <i>MP</i> (1893-4),
1332,Small,Marianne, , , , ,(b. 1838/9), pupil at Otterbourne school," She was the daughter of John Small, agricultural labourer, and was born in Otterbourne."
1333,Small, Jane, , , , , (fl. 1849), pupil at Otterbourne school, Probably the sister of Marianne Small.
1334,Smirke, Sydney, , , , , (1798-1877), architect, 
1335,Smith, Elizabeth, , , , , , contributor to <i>MP</i> (1851),
1336,Smith, Gerald W., , , , , , contributor to <i>MP</i> (1881-2),
1337,Smith, H. D’Artignan, , , , , , contributor to <i>MP</i> (1883-5),
1338,Smith, M., , , , , , contributor to <i>MP</i> (1898),
1339,Smith, Mary, , , , , , contributor to <i>MP</i> (1896),
1340,Smith, Merton, The Rev., , , , (1823-1883), Vicar of St. Mary’s Plympton," He disappeared while on holiday in the Pyrenees in August 1883 and his body was not found until April 1885. [<i>The Times</i> 28, 30 August, 7 November 1883;  <i>Pall Mall Gazette</i> 24 April 1885]"
1341,Smith, Richard, , , , , , an inhabitant of Otterbourne in 1838,
1342,Smith, W., , , , , , contributor to <i>MP</i> (1867),
1343,Smith, Goldwin, , , , , (1823-1910), regius professor of modern history at Oxford University 1858-65,
1344,Smith, Walter, , , , , , publisher," He ‘took the Mozleys’ business when John Mozley died . . . trained at Macmillans . . . a gentleman and pleasant to deal with in all ways’ (1882). He was associated with CMY 1874-1887.  He moved the office from 6 Paternoster Row to 34 King Street Covent Garden, in 1881.  The note (MS Ewelme Cottage Museum) accompanying payment for Annie Lush\'s article \'A Trip to Norfolk Island\' has the printed address in Paternoster Row crossed out and the new address written in;  it is dated 24 May 1881."
1345,Smith-Dampier, Jane Mary, , (Dampier), , , (1836/7-Dec 1906)," novelist, neighbour of CMY"," Jane Mary Dampier and her sister Emily Dampier (b.1838/9) lived at Twyford House, Twyford. This accounts for her visiting (1870) with Mrs Buston, the wife of the vicar of Twyford.  Jane married (1873) Alfred Fowler Smith and adopted the surname Smith-Dampier: she was the author of a novel, <i>Journal of Lady Beatrix Graham</i> (1870) which was published with an introduction by CMY.  Some of her work was published as by Mrs Fowler Smith. In the 1871 census Jane Mary Dampier was living unmarried at Twyford House with her sister Emily Dampier (b.1838/9), describes her occupation as 'keeping things in order'. By the time of her death she was calling herself Smith-Dampier. They were daughters of John L. Dampier and Margaret Dampier;  he was Vice-Warden of the Stannaries, and died 1851-61. [COPAC; 1871 census; 1841 census; death register]"
1346,Smythe, Charles, , , , , (d.1832), of Brambridge," nephew of Sir Edward Smythe, 4th Bt. (1719-1784), and brother of Mary Anne (Smythe) Fitzherbert (d.1837).  They were Roman Catholic. [PB 1914 Smythe of Eshe Hall, Bt.; <i>Hampshire Telegraph</i> 29 October 1832]."
1347,Smythe, William, , , , , (1803-1892)," of Methven Castle, brother-in-law of Elizabeth Jane Oswald"," He married Emily Oswald (1816-1902), half-sister of Elizabeth Jane Oswald."
1348,Snell, Frederick John, , , , , (b. 1863)," historian, novelist, contributor to <i>MP</i> (1892-7)",
1349,Soult, Nicolas-Jean de Dieu, Marshal, , , duc de Dalmatie, (1769-1851), , 
1350,Somerset, Sophia Vernon, , , , , ,"novelist, contributor to <i>MP</i> (1890-2)",
1351,Soulsby, Lucy Helen Muriel, , , , , (1856–1927)," headmistress, contributor to <i>MP</i> (1884)"," She was the daughter of Susan Soulsby and author of devotional and educational works, [ODNB]"
1352,Soulsby, Susan Sybilla, , (Thompson), , , (1833/4-1904), contributor to <i>MP</i> (1881), She married (1856) Percy Soulsby. [<i>The Letters of L. H. M. S. and S. S. S</i>. (1929)]
1353,Souvestre, Emile, , , , , (1806-1854),"  French novelist, father of Marie Souvestre, contributor to <i>MP</i> (1851, 60)",
1354,Souvestre,Marie Claire, , , , , (1835-1905)," translator, headmistress", Mentioned as deciding not to translate <i>The Dove in the Eagles Nest</i>.
1355,Spender, E., , , , , , contributor to <i>MP</i> (1893),
1356,Spender, Edward Harold, , , , , (1864-1926)," contributor to <i>MP</i> (1896,7)"," He was the son of Lily Spender and the father of Sir Stephen Spender, the poet."
1357,Spender, Lily, , (Headland), , , (22 Feb 1835-1895), novelist," She married (1858) John Kent Spender MRCS, and had eight children including J.A. Spender and Harold Spender. Being dead she was definitely not the person CMY met at garden party. [ODNB]"
1358,Spratt, Emmeline Mary, , , , , (b. 1857), infant school teacher," Niece of CMY’s maid Harriet Spratt, she married (1883) William John Gibson (b.Peshawur 1853), clerk.  She was living at Elderfield during the 1871 census.  She was daughter of William Spratt (1819-1872) and Ann Bond (1820-1863). [marriage certificate and tree from Barrie Spratt]"
1359,Spratt, Harriet, , , , , (July 1821-May 1895), CMY's maid," She was the daughter of Charles Spratt, shepherd. [information from Barrie Spratt]"
1360,Spratt, Sarah Mary, , (Sellwood), , , (1798-1876), mother of William and of Harriet Spratt, [information from Barrie Spratt]
1361,Spratt, Susan, , , , , (1826-1856)," schoolmistress, sister of Harriet Spratt"," She married (1848) George Wallingford.  She is probably to be identified with the aunt who went into a decline, referred to in the letter to Blanche C. Medhurst [info Barrie Spratt]"
1362,Spratt, William, , , , , (Oct 1819-26 March 1872), brother of Harriet Spratt,  He married (6 Aug 1844) Ann Bond (d. 9 Sept 1863) of peritonitis;  he was porter at Winchester <i>c</i>. 1847-63;  tide waiter at Liverpool. [information from Barrie Spratt]
1363,"Steele,", Francesca Maria, , , , , (1848-1931)," contributor to <i>MP</i> (1896), author as ‘Darley Dale’",
1364,Steer, Cordelia Yonge, , , , , (b. Jamaica 1887/8), cousin of CMY," Orphaned daughter of Katherine (Yonge) Steer, she married (1910) Frank Jesson."
1365,Steer, Katharine, , (Yonge), , , (1863-16 March 1895), daughter of the Rev. Duke Yonge," Eldest child of Rev. Duke Yonge and Cordelia Pode, who were both first cousins of CMY, she married (1886) Dr. Adam William Thorburn Steer, a surgeon, and had one child Cordelia before dying young. [window in Newton Ferrars church; LG Yonge <i>The Times</i> reports a legal case over her life insurance policy (25 July 1896)] "
1366,Stevenson, , Mrs, , , , (fl. 19 Sept 1846)," recommending a nurse to Alethea (Yonge) Anderson Morshead, widow of a Winchester clergyman",
1367,Stewart, J.A., , , , , , contributor to <i>MP</i> (1894),
1369,Stewart, , Mrs, , , , , contributor to <i>MP</i> (1861-2)," This is probably the novelist Mrs Louisa Stewart, and the Louisa Stewart who contributed to <i>MP</i> is no doubt her, and not the young Mary Louisa (Stewart) Molesworth."
1370,Stirling-Horne-Drummond, George, , , , , (1813-1876), of Blair Castle," He married, as his second wife, Mary (d. 1855), daughter of William Hay (1788-1876) of Dunse Castle, and Mary Garstin (d. 1863), who was first cousin of Lord Seaton, Aunt Duke and Aunt Yonge. Mary Hay's sister Cordelia married (1848) her second cousin John Bargus Yonge (1821-1863), of Puslinch."
1371,Stone, Samuel John, The Rev., , , , (1839-1900)," Vicar of St. Paul’s, Haggerston, contributor to <i>MP</i> (1865-84)","  He was vicar from 1874 of St Paul’s, Haggerston, and author of the famous Tractarian hymn 'The Church's One Foundation'. [<i>Clergy List</i> 1887; ODNB]"
1372,Stoppani, Antonio, , , , , ," Italian biographer and historian, contributor to <i>MP</i> (1875)",
1373,Canning, Stratford, Sir, , ,, (1786-1880)," 1st Viscount Stratford de Redcliffe, ambassador"," He married, secondly, Eliza Charlotte Alexander (d. 25 Nov 1882) He was ambassador to Constantinople 1825-9 and 1841-58. He was created a viscount in 1852. He was uncle to Emma (Barnett) Butler and first cousin once removed to Rev. W. J. Butler [<i>Complete Peerage; A.J. Butler</i>]"
1374,Canning,Eliza Charlotte, ,(Alexander), ,,(d.1882)," Viscountess Stratford de Redcliffe, widow of the 1st Viscount Stratford de Redcliffe",
1376,Strickland, Agnes, , , , , (1796-1874), historian,
1377,Strong, C. Sorel, , , , , , contributor to <i>MP</i> (1892),
1378,Stuart, G. B., Miss, , , , ," novelist and topographer, contributor to <i>MP</i> (1888-95)",
1379,Sturges Bourne, Anne, , , , , (1809-9 Dec 1891), landowner,"Daughter of William Sturges Bourne (1769-1845), she was a rich philanthropic spinster.  A lifelong friend of [[person:464]Mary Anne Dyson], they shared interests in educational and charitable work. Their very copious correspondence, with much detail on Tractarian projects and much gossip, survives in Hampshire Record Office.  Together they encouraged the young CMY’s philanthropic and literary work.  Anne Sturges Bourne appears to have been the author of the review of <i>My Life and What Shall I Do With It</i>? which appeared in 1861.   [Her death aged 92 was reported in the <i>Daily News</i> 15 Dec 1891]"
1380,Suckling, Florence Horatia Nelson,, (Suckling), , ,(1848-1923),Hon. Sec. of the Romsey [[other:265]Band of Mercy],"She married (1876) her cousin Commander Thomas Suckling, R. N., of Highwood, Romsey, and was deeply involved in animal welfare charities.  They were descended from Nelson\'s maternal uncle."
1381,Sumner, Mary Elizabeth, , (Heywood), , , (31 Dec 1828-11 Aug 1921), founder of the Mothers’ Union," She married (1848) the Rt. Rev. George Henry Sumner (1824-1909), Rector from 1851 of Old Arlesford and later Bishop of Guildford.  She founded the Mother's Union.  She was mother of Heywood Sumner the artist."
1382,Sumner, George Henry, The Rt. Rev., , , , (1824-1909),  Bishop of Guildford," He was son of the Rt. Rev. Charles Richard Sumner, Bishop of Winchester, and married (1848) Mary Elizabeth Heywood, founder of the Mothers’ Union."
1383,Sumner, Charles Richard, The Rt. Rev., , , , (1790-1874), Bishop of Winchester.,He was unpopular in Hursley as he refused to ordain the Rev. Peter Young.  He seems to have been a conscientious but mildly Evangelical bishop who shared the alarm felt by many at the extremism of the Tractarians. He retired owing to ill health in 1869. He was father of the Rt. Rev. [[person:1382]George Henry Sumner].
1384,Sunderland, Mary Eleanora, , , , , (1853/4-26 July 1877), member of the Gosling Society," A Gosling as Iceberg 1867-9, she lived at Swarthdale, Ulverston, Lancs, daughter of Commander George Henry Carleton Sunderland RN (1814-1876)  and his wife Margaret (d. 1860) daughter of Lt-Col Story RA [Bardsley, <i>Chronicles of Ulverston</i>]  She was first cousin to Mary Anderson Morshead, their mothers being sisters."
1385,, Susan,Reverend Mother,(Oldfield), , , (d.January 1887), head of the community of St. Peter’s Kilburn, [<i>In St. Peter’s Shadow</i>]
1386,Swinburne, Algernon Charles, , , , , 1837-1909), poet," He was nephew of Lady Elinor (Ashburnham) Wodehouse, who was a neighbour. It was probably not he, but one of his sisters who was the A. Swinburne who wrote to <i>MP</i> in 1870 in response to an article about their Austrian cousins.  His mother Lady Jane (Ashburnham) Swinburne appears in <i>MP</i> subscription lists, and his cousin Mary (Gordon) Leith was a contributor."
1387,Swinton, Anna Lydia Keith,, , , , (<i>c.</i> 1844-1875), member of the Gosling Society,"A Gosling as ‘Heather’ 1866-1868?, her address was Miss A. Swinton, 4 Athol Crescent, Edinburgh or Swinton, by Coldstream.  She was probably Anna Lydia Keith Swinton (c.1844-1875) daughter of Archibald Adam Swinton (1821-1894) ICS, who married the Rev. Robert Home, minister of Swinton [LG 1965 Swinton of Swinton]"
1388,Swinton, , Mrs, , , , (fl.1890s), perhaps a neighbour,
1389,Synge,Emily, , , , , (1835-1905), member of the Gosling Society," She was a Gosling as ‘Shamrock’ 1866/7, when her address was 3 Cranfield Villas/ 37 Oakley Square Chelsea.  She was daughter of the Rev. Edward Synge (1798-1859) perpetual curate of Trinity Church, Matlock, and Emily Steele; she seems to have lived with her brother, the Rev. Francis Synge (1837-98) curate of St. Luke's Chelsea.  The father had been chaplain to Bishop Barker of Sydney c. 1855 [IFR; <i>Alumni Cantabrigienses; Alumni Dublinenses</i>;  PO London 1864; Eton Lists]"
1390,Syrett, Janet, , , , , (1865-1943)," contributor to <i>MP</i> (1896-7), novelist and autobiographer as ‘Netta Syrett’",
1391,Tait, Archibald Campbell, His Grace, , , , (1811-1882), Archbishop of Canterbury, 
1392,Tait, E. C., , , , , , contributor to <i>MP</i> (1894).,
1393,Talbot, Catherine, , , , , (1721-1770), contributor to <i>MP</i> (1851),
1394,Talbot, J. C., Mrs, , , , , contributor to <i>MP</i> (1877),
1395,Tanner, Mary Elizabeth, , , , , , contributor to <i>MP</i> (1893),"  CMY suggested payment be sent to Henrietta Lear, the Close, Salisbury"
1396,von Tauchnitz,Christian Bernhard, , ,, Baron von Tauchnitz, (1816-1895), publisher of English books in Leipzig,"A letter of 1893 survives from his [[person:2124]son] to CMY, but her correspondence with Firma Tauchnitz must have dated from much earlier."
1397,Taylor, Emily, , , , , (1795-1872)," contributor to <i>MP</i> (1859-1869), sometimes as 'T.'"," A school teacher, partly deaf, she was born a Unitarian, and joined the Church of England under the influence of F. D. Maurice. See ‘New Year’s Words from the Editor’  <i>MP</i> 3s 11 (January 1886), 41: ‘Long ago, in the earlier agest of the ‘Monthly Packet,’ a New Year’s address used to come with unfailing briskness, force, and truth, from the pen of Miss Emily Taylor, then known to us only by her initial T.’"
1398,Taylor, Emily Constance, , , , , ," contributor to <i>MP</i> (1890-1), novelist",
1399,Temple, Crona, , , , , , contributor to <i>MP</i> (1893),
1400,Temple, Frederick, His Grace, , , , (1821-1902), Archbishop of Canterbury, He was successively headmaster of Rugby (1857);  Bishop  of Exeter(1869); Bishop of London(1885); then Archbishop  of Canterbury (1896).
1401,Thicknesse, Agnes Beatrice Jane, , (Argles), , , (1857-1944)," sister of Edith Argles, known as \'Dolly\'"," She married (1888) as his second wife, the Rt.Rev. Francis Thicknesse (1829-1921), appointed in that year the first suffragan Bishop of Leicester. As a child Dolly Argles was one of the correspondents of Lewis Carroll."
1402,Thompson, Edith, , , , , (1848–1929)," historian and lexicographer, contributor to <i>MP</i> (1889)","  She was author of the <i>History of England</i>  (1872), friend of E. A. Freeman and daughter of Thomas Perronet Thompson. [ODNB]"
1403,Thompson, Ellen Perronet, , , , , (1857–1930), contributor to <i>MP</i> (1887)," She was a  novelist and lexicographer, and a sister of Edith Thompson. [sister in ODNB]"
1404,Thompson, , Miss, , , , (fl.1879), letter to about <i>images d’Épinal</i> and fairy stories,  It refers to the pictures produced by the Imagerie Pellerin at Épinal from the late eighteenth century.  The recipient may be Edith or Ellen Thompson. 
1405,Thompson, Launt, Mrs, , , , , contributor to <i>MP</i> (1886),
1406,Thornton, A.F., , , , , , contributor to <i>MP</i> (1884),
1407,Thynne, Harriet Frances, , (Bagot), Lady Charles, , (1816-1881), author of novels as Lady Charles Thynne and contributor to <i>MP</i>,
1408,Ticknor, George, , , , , , contributor to <i>MP</i> (1869),
1409,Tillard, Margaret, , , , , , contributor to <i>MP</i> (1882),
1410,Tilly,Thomas Capel, , , , , ,"Master of the \'Southern Cross\', formerly Captain R. N., contributor to <i>MP</i> (1876)",
1412,Tod, Evelyn, , , , , , contributor to <i>MP</i> (1870-3),
1413,Tomlinson, M., , , , , , contributor to <i>MP</i> (1896),
1414,Townley, Cecil, , , , , , contributor to <i>MP</i> (1897),
1415,Townsend, Mary Elizabeth, , (Butler), , , (1841-1918),  founder of the Girls’ Friendly Society," She married (1863) Frederick Townsend (1823-1905);  they lived at Shedfield Lodge, near Wickham, Hants. [ODNB]"
1416,Trebeck, Mary, , (Wordsworth), , , (1845-1926), sister of Elizabeth Wordsworth, She married (1874) James Trebeck. [Battiscombe <i>Reluctant Pioneer</i>]
1417,Trench, Helena, Lady, (Perceval), , , (1790/1-17 March 1881), mother of Maria (Trench) Wilson," She was a sister of the 6th Earl of Egmont and of Sir William Heathcote's first wife; she married (9 Jan 1816) the Rev. Frederick Stuart Trench (19 March 1787-23 Nov 1860).  She lived with her daughter Mrs Wilson at Rownhams by 1867.  She was aunt by marriage to Frances Dorothy (Grimston) Moor;  another of her daughters Helena Trench (1820-1908) married the Very Rev. Jeffrey Lefroy, Dean of Dromore,  and was the mother of George Alfred Lefroy,  Bishop of Calcutta (1854–1919) [PB 1914 Ashtown;  PO Hants 1867;  <i>Erminois</i>; ODNB]"
1418,Trench, Maria, , , , , (19 April 1828-20 July 1917), contributor to <i>MP</i> (1883-6)," She was the  author of <i>Charles Lowder</i> and <i>Letters and Memorials of Richard Chenevix Trench</i>, sister of Thomas R. F. Cooke Trench, and a cousin of Maria (Trench) Wilson.  Her letters to Bullock (1894-6) in the Bodleian Library are written from Lisanskea, Blackrock, Dublin. [T.R.F. Cooke Trench, <i>A Memoir of the Trench Family</i> 1897; her tombstone Millicent church web]"
1419,Trench, Richard Chenevix, The Rt. Rev., , , , (9 Sept 1807-27 Mar 1886), Archbishop of Dublin, He married (1 June 1832) his cousin the Hon. Frances Mary Trench (d. 5 Nov 1890). He served as Archbishop of Dublin 1864-84; he was a distinguished philologist;  he was first cousin once removed to T.R.F. Cooke Trench.
1420,Tristram, H.B., , , , , , contributor to <i>MP</i> (1870),
1421,Tucker,Urania, ,(Leeke), Lady, , (b. 1791/2),cousin of CMY,"The eldest daughter of John Samuel Leeke of St John\'s I.O.W., and his wife Sophia Bargus, half-sister of FMY\'s father, she married (1817) Rear Admiral Sir Edward Tucker, Kt. (1813) KCB (1815), of  Park Place Wickham Hants.. [Dod 1844]"
1422,Tucker, Emma, Miss, , , , , inhabitant of Otterbourne in 1838,
1423,Tucker, Katherine, Miss, , , , , inhabitant of Otterbourne in 1838,
1424,Tucker, , Miss, , , , , corresponding with Warne in 1870," It could be the children's writer Charlotte Tucker (1821-1893), but there is not much evidence."
1425,Turgenef, T., , , , , , contributor to <i>MP</i> (1877),
1426,Turner, Harold Pilkington, , , , , , contributor to <i>MP</i> (1893).,  
1427,Twining, Louisa, , , , , (1820-1912)," poor law reformer and social worker, contributor to <i>MP</i> (1869-90)",
1428,Tyrwhitt, Richard St. John, The Rev., , , , (1827-1895)," art critic, contributor to <i>MP</i> (1877-81)",
1429,Tytler, M. F., , , , , , contributor to <i>MP</i> (1875),
1430,Uhland, Ludwig, , , , , (1787-1862)," German poet,  contributor to <i>MP</i> (1861-7)",
1431,Utterton, Harriet G., , , , , , contributor to <i>MP</i> (1886)," She was perhaps a relation of the Rt. Rev. John Sutton Utterton, Bishop of Guildford. "
1432,Walpole, Spencer Horatio, , , , , (1806-1898),  M.P. for Cambridge University (1856-1882),
1433,Warne, Frederick, , , , , (1825-1901),  publisher," He had offices at 15 Bedford Street, next door to Macmillan."
1435,Vaisse-Cibiel, Emile, , , , , , contributor to <i>MP</i> (1863),
1436,Vandegrift, Margaret, , , , , ,  contributor to <i>MP</i> (1891-2),
1437,Valentine, Laura Belinda Charlotte, , (Jewry), , , (1816?-1899)," contributor to <i>MP</i>, publishers’ editor"," She was born at Portsea, Hants., and gave different ages in several census returns. A governess in 1841;  she married (1853) the Rev. Richard John Scobell Valentine (d.1853/4), curate in charge of St. Mary, Portsea.  The birth to her of a posthumous stillborn son was reported in the <i>Morning Chronicle</i> (1 July 1854).  By 1861 she was living with her mother (widow of a lieutenant RN) at the Naval Asylum, Battersea, with her unmarried sister Mary Jewry. She worked for Warne as a children’s books editor."
1438,Vansittart, E. C., , , , , ,  contributor to <i>MP</i> (1893-7),
1439,Vaughan, Charles John, The Rev., , , , (1816-1897), headmaster of Harrow,  His career at Harrow 1844-1859 was ended by J. A. Symonds;  he was then vicar of Doncaster 1860-9.  He married (1850) Catherine Maria Stanley (1821-1899).
1440,Vere, E., , , , , ,  contributor to <i>MP</i> (1887-97),
1441,Vaughan,  John, , , , , , contributor to <i>MP</i> (1893-6)," He was perhaps also J. Vaughan, contributor to <i>MP</i> (1895) "
1442,Vernon Harcourt, Caroline Mary, The Hon., (Peachey), , , (d. 16 July 1871), godmother of CMY," She married (19 Aug 1814) the Rev. Leveson Vernon Harcourt.  Her will was proved (<i>c</i>. £45,000) by her adopted daughter the Hon. Caroline Mary Frances Jervis, of West Hay, Somerset and the Hon. William Monk Jervis. [PB; wills index]"
1443,Vernon Harcourt, Leveson, The Rev., , , , (1866-1860), Chancellor of York, He married (19 Aug 1814) the Hon. Caroline Mary Peachey.
1444,Villari, Linda Mary, , (White), , , (1836-1915)," contributor to <i>MP</i> (1878-85), novelist, translator"," She married, first (1861) at Holy Trinity, Brompton, Vincenzo Costanzo Mazini, and secondly, the Italian historian Pasquale Villari (1827-1917).  She published fiction both as Linda Mazini and as Linda Villari, and also translated  works by Villari and others."
1445,Vogel,  Jetty, , , , , ,  contributor to <i>MP</i> (1876-89),
1446,Von der Recke, Elisa, , , , , ,  contributor to <i>MP</i> (1859),
1447,Wabisane,Caroline, , , , , (b. <i>c</i>.1845),Christian convert," A native of New Caledonia, she was engaged to George Siapo (d.1853).  She was christened after Caroline Abraham and called Carry; she married a Maori named Simeona. [<i>Life of John Coleridge Patteson</i> 196, 284]."
1448,Waithman, H. M., , , , , , contributor to <i>MP</i> (1894),
1449,Walford, John Desborough, , , , , (1817-1879), schoolmaster," He was educated at Trinity College Cambridge, and became assistant master at Winchester, then Bursar [Parish, <i>List of Carthusians 1800-1879</i> (1879)]"
1450,Walford, Oliver, The Rev., , , , (1814- 3 April 1855), housemaster at Charterhouse," He married (1846 ) Isabella Margaret Saunders, [Parish, <i>List of Carthusians</i> R. L Arrowsmith, <i>Charterhouse Register (1769-1872</i>) 1974] "
1451,Walford, Lucy Bethia, , (Colquhoun), , , (1845-1915)," novelist,  contributor to <i>MP</i> (1894-6)", She was the mother of Olive Montagu Walford.
1452,Walford, Olive Montagu, , , , , (b. 1873/4), contributor to <i>MP</i> (1893-8), She was the daughter of Mrs Lucy Bethia Walford. [1881 census]
1454,Walker, M., , , , , ,  payment to 1857,
1455,Wallace, Maria S., , , , , ,  contributor to <i>MP</i> (1878-81),
1456,Wallace, Percy M., , , , , ,  contributor to <i>MP</i> (1892),
1457,Wallace, William, The Rev. Dr., , , , (b.Ireland 1828/9), contributor to <i>MP</i> (1869-79)," His contributions are all about the mission work of St. Luke’s, Burdett Road, Stepney; <i>The Times</i> (20 November 1915) records the dedication on 24 November of a chapel 'which has been added to St. Luke's Church, Burdett-road, Stepney as a memorial to the late Rev. Dr. William Wallace, who was vicar there for 44 years.’"
1458,Wallas, M. T., , , , , , contributor to <i>MP</i> (1892),
1459,Walpole, Frederick, Lieutenant the Hon., , R.N., , (1822-1876),  contributor to <i>MP</i> (1851),
1460,Waller, Charles Henry, The Rev., , , , (1840-1910)," principal of St. John’s Hall, Highbury"," He was author of <i>The Names on the Gates of Pearl</i>. He married (22 July 1865) Anna Maria Stubbs. He was tutor and then (1884) principal of St. John's Hall, Highbury, theological college.  His mother was the niece of Mary Martha Sherwood [ODNB]"
1461,Walter, Edward, Lieutenant Colonel, , , , (1804- 10 Dec 1862), father-in-law of JBY,"  He retired in 1851 as Lt-Col 3rd Bombay Light Cavalry.  He married, first, Mary Emma Coulthard and, secondly (1853), Caroline Jeannette [or Janetta] Bignell, who married subsequently the Rev. James Beck. He was the son of W. Walter, and descended from John Walter the founder of <i>The Times</i>.  His daughter Frances Walter married JBY;  his daughter Gertrude lived with CMY from the 1870s;  CMY also often mentions his daughters Mary (Walter) Woolcombe and Louisa (Walter) Halliday.  [BL OIOC MSS and East India Register Jan 1863; marriage index]"
1462,Walter,Gertrude, , , , , (Shotapoor 24 May 1849-20 May 1897)," housemate of CMY, sister-in-law of JBY","Daughter of Edward Walter and Mary Emma Coulthard.  Her sister Frances married (1858) CMY\'s only brother Julian Bargus Yonge.  She moved into Elderfield with CMY in about 1872.  Her illness began 8 years before 1871.
 [Bombay Baptisms N/3/24/118; \'she would have been 48 on the 24th\']   

CMY described her movingly in ‘Our Tender Ones’ <i>Mothers in Council</i> 9 (January 1899) 20-27, 26:

‘Let me draw the picture of a real invalid not long passed away.  She was a bright active girl of fourteen when rheumatic fever set in, followed by arthritis.  Gradually, during nearly twenty years, every power was taken from her;  first one knee was affected, then the other, then she could no longer sit at the piano, she moved on crutches, and drove in a donkey chaise;  but in time, always after severe illness and pain, these pleasures failed her, she could only be carried from one room to another or to church on a couch.  She lost her voice, and next the use of her right arm, and for several years was entirely confined to bed.’"
1463,Walter, Herbert Simcoe, , , , ," (b. Bishopstoke, Hants 1855-1897)", half-brother of Gertrude Walter and of Frances (Walter) Yonge,"  He appears in <i>Alumni Oxoniensis</i> as born 1855/6 which is consistent with the 1891 census, when he was with the Becks in Bildeston, described as MA Pembroke College Oxford and unmarried, although he could be the Herbert Simcoe Walter married in 1888 in Chelsea. [His death was reported in <i>Trewman’s Exeter Flying Post</i> 10 March 1897]"
1464,Walter, Edward Charles Lethbridge, , , , , (Bishopstoke Hants. 1854-5 May 1885 Alderney), half-brother of Gertrude Walter and of Frances (Walter) Yonge,"He was gazetted to the 83rd Foot Regiment in 1875.  He married Mabel Blanche Waller in July 1884.  His death from an accident was reported in the <i>Ipswich Journal</i> 14 May 1885.  He left a baby son, Edward Walter."
1465,Warburton, Isabel Mary, The Hon., (Lister), , , (<i>c</i>. 1830-1918), wife of the Rev. William Warburton.  Daughter of the 2nd Lord Ribblesdale, she married (1853) the Rev. William Parsons Warburton.
1466,Warburton, William Parsons, The Rev.Canon, , , , (1824/5-1913), school inspector," He was educated at Balliol College, Oxford, and was a Fellow of All Souls 1849-53.  He served as HM Inspector of Schools 1851-81, and of training schools 1881-5.  He was an honorary Canon of Winchester 1878-81, and was made a Canon in 1885.  He had three daughters Mary A. (b.1859/60), Katharine (b. 1861/2), and Charlotte (b. 1864/5) [<i>Rugby School Register, Alumni Oxonienses</i>]"
1467,Ward, Mary Augusta, , (Arnold), , , (1851-1920)," member of the Gosling Society, novelist as ‘Mrs Humphry Ward"," Daughter of Thomas Arnold (1823-1900) school inspector and teacher, she was the granddaughter of Dr. Arnold of Rugby; she married (1872) Thomas Humphry Ward.  She became a Gosling as ‘Windermere’ in 1869;  she was evidently a friend of Theodora Clarke."
1468,Waring, C. M., , , , , ,  contributor to <i>MP</i> (1862),
1469,Walpole, Maud, , , , , ,  contributor to <i>MP</i> (1890),
1470,Waring, H. F., , , , , ,  contributor to <i>MP</i> (1863),
1472,Warner, Henry James, The Rev., , , , (b.1862/3), Vicar of Brixham and subsequently of Yealmpton,"  He was ordained priest in 1888, and served from 1889 as Vicar of Brixham, Devon, until 1897 when he succeeded the Rev. George Woodhouse as Vicar of Yealmpton.  He married (1890) Edith Emma Morris."
1473,Warren, , Mrs, , , ,  (fl.6 August 1838), , 
1474,Warren, Nathaniel, , , , , (Southampton 1804/5-1866 Winchester), Winchester bookseller," His business was in High Street, Winchester (where it continues today, 2009, as a stationer).  He was the recipient of payments from 1854, 1855,1856, 1857;  he may have been the printer of <i>The Little Duke</i>. [1851, 61 census, register of deaths]"
1475,Warren, Susanna, , , , , (b. Edmonton 1814/5), author of fiction and non-fiction as ‘S.W.’,"  In the 1851 census she was living with her elder sister Selina Warren (b. 1812/3) at Hazlewood Farm, Hennock, near Bovey Tracey, Devon; she was staying with nephew William Henderson, woollen manufacturer, at 3 South Bailey Durham at the time of the 1861 census;  in the 1871 census she was again at Hazlewood, Hennock, with her eldest sister Charlotte Warren (b.1787/8).  It seems possible that in the 1860s she worked for the Rev. John Hawksley in Clifton as a governess.  She was author of fiction and non-fiction (tracts?) from 1860, under the initials S.W., for the SPCK."
1476,Warren, , Miss, , , , , ,"The Miss Warren and Gundred referred to by CMY in 1900 were possibly Louisa Warren and her sister Gundred (b. Shropshire 1822/3) who appear in the 1891 census living at Market Drayton, but not in any earlier one, though a Georgiana Gundred Warren (birth registered Market Drayton 1839) appears with oddly varying dates of birth in the census returns. 

Unusual as Gundred is as a name, it was that of the wife (d.1085), of William de Warenne (d.1088), and therefore seems to have been chosen by people named Warren unexpectedly often."
1477,Watkins, Morgan George, The Rev., , , , ," Rector of Kentchurch, Herefordshire, contributor to <i>MP</i> (1870-82), local historian",
1478,Wattus?,A M., , , , , , correspondent 1880,
1479,Webb, Alan Becher, The Rt. Rev., , , , (1839-1907), Bishop of Bloemfontein (1870-1883),
1480,Webber, Blanche C., , , , , (b. 1859/60),  daughter of Catharine Elgie,
1481,Webber, Francis P., , , , , (b. India 1863/4), son of Catharine Elgie,"  A pupil at St. Edward’s School, Oxford, in the 1881 census."
1482,Webber, Gertrude Margaret, , , , , (b.1861), daughter of Catharine Elgie's first marriage,
1483,Weber, Alice, , , , , (1844-1931)," contributor to <i>MP</i> (1874-93), novelist"," In the 1881 census she is an authoress living with a widowed mother, teacher sister and bank clerk brother in Paddington;  in 1888 she is at at 10 Randolph Road Maida Vale.

"
1484,Webster, T., , , , , , contributor to <i>MP</i> (1897),
1485,Weddle, Isabella, , , , , , contributor to <i>MP</i> (1889),
1486,Wellesley, Arthur, , , , 1st Duke of Welling, (1769-1852), prime minister,
1487,Werner, A., , , , , , contributor to <i>MP</i> (1883-5),  
1488,Wesley, Samuel Sebastian, Dr., , , , (1810–1876), organist of Winchester Cathedral, Mentioned  (16 Jan 1854).
1489,West, , Mr, , , , (fl.1871), cordially invited to lunch,
1490,Weyman, Stanley John, , , , , (1855-1928)," historical novelist, contributor to <i>MP</i> (1891-4)",
1491,Whidborne, C. M., , , , , , contributor to <i>MP</i> (1890-3),
1492,Whitaker, Evelyn, , , , , ," contributor to <i>MP</i> (1895), published as ‘the author of “Tip-Cat”’",
1493,White, , Miss, , , , ,calling on FMY (24 Sept 1846)," She may be the Miss White, later Mrs Gustard, dead by 1861, listed as a contributor to the <i>Hursley Magazine</i> in 1848.  The latter was perhaps Margaretta Sarah White, daughter of the Rev. John White (1761/2-1841), Vicar of Exminster, who married (Mangalore 4 December 1850) Captain H. F. Gustard, 6th Regiment of Native Infantry (<i>Morning Chronicle</i>, 22 January 1851; <i>Alumni Oxonienses</i>).  Or she may have been a member of the White family who occupied Ampfield House until at least the 1881 census, whose head in 1881 was another, different Rev. John White (b.Ampfield 1817). [Moor, <i>Erminois</i>, on Ampfield House]"
1494,White, , Mrs, , , , (fl. 1880s), a friend of Evelyn Gee,
1495,Fielder, Judith, , (Whorley), , , (Otterbourne 1822/3-1852)," widow of Thomas Fielder, railway porter"," She married (1850) Thomas Fielder (1812/3-1851). She is described by CMY as widowed and  dying of decline (15 March 1852), living at Bishopstoke.  She was the sister of Susan Whorley. They appear to have been daughters of Thomas Whorley (b. 1764/5), agricultural labourer, of Otterbourne. [1841, 51 censuses; marriage and death registers]"
1496,Fielder, Thomas, , , , , (1812/3-1851)," husband of Judith Whorley, railway porter",
1497,Whorley, Susan, , , , , (b.1814/5), sister of Judith (Whorley) Fielder.,"They appear to have been daughters of James Whorley (b. 1764/5), agricultural labourer, of Otterbourne and his wife Jane (b.1778).  [1841, 51 censuses]"
1498,Whorley, , Little, , , , , ill in the night in 1838, There were several families of Whorley or Worley living around Otterbourne in the 1841 census.
1499,Wickham, Charles, The Rev., , , , (b.1824/5), Rector of Compton," He was Rector of Compton from 1871; he was the third son of James Wickham, of Wonston, Hants.. [PO Hants 1875]"
1500,Wickham, Clara de Havilland, , , , , ," wife of the Rev. Charles Wickham, Rector of Compton",  This seems likely to be the ‘Mrs Wickham of Compton’ to whom CMY refers. [1891 census]
1501,Wickham, George Herbert, , , , , (b. 1834/5), son of the Rev. Robert Wickham, [<i>Alumni Oxonienses</i>]
1502,Wickham, Jane Susannah, , (Short), , , (b.1799), wife of the Rev. Robert Wickham," She lived with her brother, the Rev. Thomas Vowler Short, at Kingsworthy, Hants, from 1829-1834 when he was rector. She was born in Teignmouth, and her father the Rev William Short (d. 1829) was Archdeacon of Cornwall. [Short in ODNB]"
1503,Wickham, Latham, The Rev., , , , (b. 1833/4), son of Rev. Robert Wickham," He was master of Twyford School 1860-2, headmaster 1862-87 [Alumni Oxonienses]"
1504,Wickham, Laura Maria, , , , , (b. 1844), daughter of the Rev. Robert Wickham, mentioned (28 Oct 1844) 
1505,Wickham, Elizabeth Ann, , , , , (b.1832/3), daughter of the Rev. Robert Wickham, [1851 census]
1506,Wickham, Robert, The Rev., , , , (1802/3-21 Dec 1880), master of Twyford School,"  He was subsequently Vicar of Gresford, Denbigh, 1847. He was third son of William Wickham of Winchester [<i>Alumni Oxonienses</i>]  He is found in the 1851 census at Gresford  with his wife Jane Susannah, 52; daughters Elizabeth Ann, 18; and Laura Maria, 6;  in the 1871 census with wife Jane Susannah, 72 b. Teignmouth, daughter Laura Maria, 26, and brother in law Thomas Vowler Short (1790-1872) late Bp of St Asaph, 80."
1507,Short, Thomas Vowler, The Rt. Rev., , , , (1790-1872), Bishop of St. Asaph," Brother-in-law of the Rev. Robert Wickham, he lived at Kingsworthy with his sister 1829-34 when he was Rector there."
1508,Wickham, Thomas Vowler, The Rev., , , , (b. 1836/7)," son of Rev. Robert Wickham, Vicar of Rossett, Shropshire", [<i>Alumni Oxonienses</i>]
1509,Wigan, Emilie Thal, , (Brandram), , , (b.Kent 1832/3), wife of the Rev. Alfred Wigan," She married (1855) the Rev. Alfred Wigan (b.1818), Rector of Luddesdown;  they had six daughters and employed a governess during the 1881 census."
1510,Wilberforce, Henry, The Rev., , , , (1807-1873), Vicar of East Farleigh," Youngest son of William Wilberforce (1759-1833), he married Mary Sargent (1811-1878), whose sisters had married Manning and his brother Samuel Wilberforce. He was Vicar of Deal and then East Farleigh before he followed his wife into the Roman Catholic church on 15 September 1850."
1511,Wilberforce, Robert Isaac, The Ven., , , , (1802-1857), Archdeacon of the East Riding,"  He married, first, Agnes Wrangham (d. 1834) and, secondly (1837), Jane Legard (d.1853); he was  appointed Archdeacon of the East Riding in 1841;  and received into the Roman Catholic church 31 October 1853. "
1512,Wilberforce, Samuel, The Rt. Rev., , , , (1805-1873), Bishop of Winchester," He married (1828) Emily Sargent (1807-1841);  he served as Bishop of Oxford from December 1845 and, Bishop of Winchester from 1869 to his death [ODNB] "
1513,Wilbraham ,Frances Maria, , , , , (1816- 26 June 1905),"novelist, contributor to <i>MP</i> (1860-85)","She was the fifth of seven daughters (there were also four sons);  she was living in Chester with her mother and sisters in the 1861 and with her sisters in the 1881 census; a friend of Mrs Moberly;  she contributed to CMY’s <i>Musings over the Christian Year</i>. Her brother Richard Wilbraham was governor of the Royal Victoria Hospital, Netley. [LG 1906 Wilbraham of Delamere]"
1514,Wilbraham, Emily, , , , , (b. 1816/17), sister of Frances Maria Wilbraham,
1515,Wilbraham, Richard, General Sir, , , , (1811-1900)," Governor of the Royal Hospital, Netley","  He married (1846) Eliza Frances Egerton and had one daughter, Katherine (Wilbraham) Baker-Wilbraham.  He was confirmed as an adult after instruction by Keble, and may have inspired the episode in <i>The Young Stepmother</i>.  His papers are in Cheshire Record Office."
1517,Wilcox,Margaret , , , , , (1836-1887),cousin of Lewis Carroll,"Margaret Wilcox was the daughter of William Wilcox (1813-1872), Collector of Customs, and his wife Mary Anne Marwood (1813-1870), half-sister of the Rev. Charles Dodgson (1800-1868), father of Lewis Carroll.

They lived at Whitburn, Northumberland, near CMY\'s friends the Harrisons.  There were 14 children, of which she was the third. "
1518,Wilcox, W. E., , , , , , contributor to <i>MP</i> (1868),"Perhaps William Edward Wilcox (1835-1876), brother of Margaret Wilcox and cousin and friend of Lewis Carroll."
1519,Wilford, Emma, , , , , (b.1832/3), elder sister of Florence Wilford,
1520,Wilford, Florence, , , , , (Woolwich 29 Feb 1836-?1897)," novelist, contributor to <i>MP</i> (1866-83), member of the Gosling Society","Daughter of Major-General Edmund Neal Wilford (1800-1881), RA, Governor of the Royal Military Academy, Woolwich, until his retirement, she was a Gosling as ‘Turkscap’ from June 1865; her address then was c/o Mrs Chrystall\'s,. St. Cross, Winchester. In the 1851 census, she was 15 and was staying at Bromley Kent, in the company of Maria Cristall, whom CMY describes as her aunt.  In 1881 she and her elder sister Emma, 48, were living with their father in St. Leonards; in 1891 she and Emma were staying in Bournemouth.  Her Royal Literary Fund file indicates that she had suffered from mental illness intermittently since 1883 and was in a private asylum in 1889 when CMY wrote a letter to them on her behalf.  (Her application was refused on the grounds ‘authorship insufficient’, which seems rather harsh since she had published sixteen books since 1858.)  CMY assured Bullock (16 March 1895) that she was well and at home with her sister.  She was probably the Florence Wilford who died at Keynsham, Glos. in 1897. [IGI; RLF application 2311, born at Woolwich]"
1521,Wilford, Edmund Neal, Major-General, , , , (1800-15 Dec 1881), father of Florence Wilford," He served in the Royal Artillery and was Governor of the Royal Military Academy, Woolwich; he died at his residence at St. Leonard's on Sea, . [<i>The Times</i>, 19 Dec 1881 9f; ]"
1522,Williams, Leonard, , , , , , contributor to <i>MP</i> (1897),
1523,Williams, Isaac, The Rev., , , , (1802-1865)," poet, friend of Keble, autobiographer", [ODNB]
1524,Williams, , Mrs, , , ,  (fl.9 June 1854), ,
1525,Williams, Sarah, , , , , (fl.6 Aug 1838), 'a young lady whom I know very well',
1527,Williamson, Edmund Riland, The Rev., , , ,  (1795/6-1864)," Rector of Campton, uncle of Ann Carter Smith"," He was educated at Clare College, Cambridge,  succeeded his father as Rector of Campton 1839-64 and founded the Bedford Library; uncle of Ann Carter Smith. [<i>Alumni Cantabrigienses</i>]"
1528,Williamson, Richard, The Rev., , , , (1802-1865),"  Rector of Sutton Coldfield, uncle of Ann Carter Smith"," Educated at Westminster and Trinity College, Cambridge, priest 1829, Headmaster of Westminster School 1828-1846, Rector of Sutton Coldfield 1844-50, Vicar of Pershore 1850-66, Hon. Canon of Worcester;  he married (1833) Anne Gray, daughter of the Bishop of Bristol, uncle of Ann Carter Smith. [<i>Alumni Cantabrigienses</i>]"
1529,Williamson, William, The Rev., , , , (1804-1875)," Rector of Datchworth, uncle of Ann Carter Smith"," He was educated at Westminster and Clare College, Cambridge, 2nd Wrangler, Fellow of Clare 1827-50, barrister 1830-39, ordained 1841; he married  (1850) Jane Ferguson;  he was Rector of Datchworth 1849-74. [<i>Alumni Cantabrigienses</i>]"
1530,Willis, , Mr, , , , , payment to 1850,
1532,Wilson,Bernard Robert, The Rev.,  , , , (b. 1858/9-1909),"Vicar of Portsea, third son of the Rev. Robert Wilson, Vicar of Rownhams"," A scholar of Keble College, Oxford. [<i>Alumni Oxonienses</i> ; obituary <i>The Times</i>, 18 October 1909]"
1533,Wilson, Francis Heathcote, , , , , (b.1848/9-1886),  son of the Rev. Robert Francis Wilson," graduated Oxford, barrister, married Annie C. G. ---  (b.1851/2); collected stamps as a little boy.  [Vital Records, 1861, 1871, 1881 census]."
1534,Wilson, Thomas Percival, , , , , (b.1849/50), second son of the Rev. Robert Francis Wilson, He married (1882) Helen Margaret Heath.  [<i>The Times</i> 21 September 1882]
1535,Wilson, E. F., , , , , , contributor to <i>MP</i> (1879),
1536,Wilson, H. Mary, , , , , , contributor to <i>MP</i> (1892),
1537,Wilson, J. M., , , , , , contributor to <i>MP</i> (1871),
1538,Wilson, R., , , , , , contributor to <i>MP</i> (1892),
1539,Wilson, Maria, , (Trench), , , (1820/1-7 Dec 1908), wife of the Rev. Robert Francis Wilson," She married (6 May 1847) the Rev. Robert Francis Wilson, Vicar of Rownhams (d. 1888).  The <i>Court and Lady’s Magazine</i> (April 1847) 57 has ‘Trench, Maria, d. of the rev. Frederick S. Trench and lady Helen Trench, of Kilmorony, to the rev. Francis Wilson, son of Thomas Wilson esq. formerly M. P. for the city of London;  at the parish church of Athy, by the rev. John Keble, vicar of Hursley Hants, May 6 [1847]’ She was 1st cousin of T.R.F. Cooke Trench and, through her mother, of Sir William Heathcote\'s children by his first marriage. Frances Dorothy (Grimston) Moor was her first cousin, daughter of her aunt Jane Trench.  [PB 1914 Ashtown; <i>Erminois</i>]"
1540,Wilson, , Mrs, , , , ," of Broomfield, Davidsons Mains, Edinburgh", She was on the circulation list for <i>The Trial</i>.
1541,Wilson, Robert Francis, The Rev., , , , (1808/9-8 Oct 1888), Vicar of Rownhams,"  He married (6 May 1847) Maria Trench (1820/1-7 Dec 1908).  He was educated at Oriel College, Oxford, and served as curate of Hursley, then curate of Ampfield from April 1841;  he resigned Ampfield in October 1853;  he was perpetual curate of Baldersby Yorks 1858-63, and vicar of Rownhams 1863; he left issue [PB 1914 Ashtown; <i>Clergy List</i>]"
1542,Wiseman, Nicholas Patrick Stephen, Cardinal, , , , (1802-1865), Rector of the English College in Rome," He was president of Oscott College, Cardinal Archbishop of Westminster 1850."
1543,Wither, Charles, , , , , (1822-1896), youngest brother of the Rev. William Bigg Wither,
1544,Wither, William Harris Walter Bigg, The Rev., , , , (1809-1899)," curate of Otterbourne to 1871 and subsequently Rector of Hardwick, Bucks.","  His father Harris Bigg Wither had proposed to Jane Austen. [R. F. Bigg-Wither, <i>Materials for a History of the Wither Family</i> Winchester, Warren 1907]"
1545,Wither, Guy Carleton Bigg, , , , , (1836-1860), nephew of the Rev. William Bigg Wither, He was fifth child of Mr Bigg Wither's eldest brother; (22 July 1845) 'a very nice little boy of nine years old' ;  lost at sea. [LG 1871]
1546,Wither, Marianne Bigg, , , , , (11 August 1820- 1900), sister of the Rev. William Bigg Wither," She shared a birthday with CMY.  She lived with her sister Margaret in Southgate St., Winchester. "
1547,Wodehouse, Eleanor, Lady, (Ashburnham), , , (d. 1895), wife of the Rev. Algernon Wodehouse,"  She married (1844) the Rev. Algernon Wodehouse, Rector of Easton, near Winchester;  she was aunt of the poet Swinburne and of Mrs Disney Leith."
1548,Wodehouse, Algernon, The Rev., , , , (1814-1882),  Rector of Easton, He married (1844) Lady Eleanor Ashburnham (d.1895).
1549,Wood, T? S., Miss, , , , , member of the Gosling Society," A Gosling as Thistle in 1867, her address 50 Westbourne Park, London."
1550,Wood, Frances Hariott, , , , , (d.1930), contributor to <i>MP</i> (1874),"The <i>Literary Year Book</i> (1901), 239, lists \'WOOD, MISS FRANCES HARIOTT, Elmwood, 116 Bromley Road, Beckenham, Kent.\'  She published both fiction and plays between the 1870s and 1920s."
1551,Woodard, Nathaniel, , , , , (1811-1891), founder of the Woodard schools,
1552,Woodward, Herbert Hall, , , , , , contributor to <i>MP</i> (1876),
1553,Woodcock, , Mr, , , ,  (fl.9 June 1854), ,
1554,Woodgate, Henrietta Newman, , , , ,(1839-1924)," of Crowthorne, Wokingham","Eldest of the ten children of the Rev, Henry Arthur Woodgate, Rector of Bellbroughton, Worcs., she was living in Crowthorne with three unmarried younger sisters at the time of the 1891 census.  She was a friend and correspondent of  [[person:1084]John Henry Newman] (was she perhaps his goddaughter?)."
1555,Woodman, Thomas, The Rev., , , , , Vicar of Sparkwell in 1911," [tablet in All Saints, Sparkwell]"
1556,Woollcombe, Anne Catharina, ,(Pode), , ,  (d.1913), cousin of CMY," Daughter of WCY’s sister Anne (Yonge) Pode, she married (30 July 1861) William John Woollcombe (1832-1913)."
1557,Woollcombe, Richard, , , , , (1847-1936), brother of Robert and  William Woollcombe,
1558,Woollcombe, Mary, , (Walter), , , (1845-1930), sister of Gertrude Walter and of Frances (Walter) Yonge," She \'turned 25 in 1870\', and married (1871) Major Robert Woollcombe (1835-1920). "
1559,Woollcombe, Robert, Major, , RMA, , (1835-1920), brother-in-law of Gertrude Walter,"He married (1871) Mary Walter, whose sister Frances was married to CMY\'s brother JBY, and whose sister Gertrude Walter lived with CMY.  He came from a gentry family settled near Puslinch and his brother was married to Anne Catharina Pode, who was a cousin, niece of WCY."
1560,Woollcombe, William John, , , , , (1832-1913), brother of Robert and Richard Woollcombe," He married (1861) Anne Catharina Pode (d. 1913), cousin of CMY and sister of Charlotte Cordelia (Pode) Yonge.  "
1561,Woollcombe, Edward, , , , , (1842-1914)," brother of William, Richard and Robert Woollcombe",
1562,Woollcombe, George Ley, The Rev., , , , (1828-1902)," brother of William, Richard and Robert Woollcombe",
1563,Wordsworth, Dorothy, , , , , (1771-1855),"  the poet’s sister, contributor to <i>MP</i> (1891-2)",
1564,Wordsworth, Charles, The Rt. Rev., , , , (1806-1892)," Bishop of St Andrews, Dunkeld and Dunblane","  He became bishop in 1852.  Before that he had travelled in France with Roundell Palmer in 1834, and married (1835) Charlotte Day, who died giving birth to a daughter Charlotte Emmeline (b. 1839).  He was second master of Winchester College 1835-1846, and author of <i>Christian Boyhood at a Public School</i> (1846).  He was first headmaster of Trinity College Glenalmond, 1847.  He married, secondly (28 October 1846), Katharine Mary Barter (d. 23 Apr 1897), eldest daughter of the Rev. William Barter, Rector of Burghclere, and niece of Warden Barter; he had 12 children by his second marriage. Like the Rt. Rev. Christopher Wordsworth, Bishop of Lincoln, he was a son of the poet’s brother Christopher, master of Trinity College, Cambridge. [ODNB]"
1565,Wordsworth, Christopher, The Rt. Rev., , DD, ,  (1807-1885), Bishop of Lincoln," He married (6 December 1838) Susanna Hatley Frere (1811-1884);  he was father of Elizabeth Wordsworth, brother of the Rt. Rev. Charles Wordsworth, and nephew of the poet. [LG 1952, LG 1871]"
1566,Wordsworth, Elizabeth, , , , , (23 June 1840-30 Nov 1932)," contributor to <i>MP</i> (1871-1893), principal of Lady Margaret Hall"," Daughter of the Rt. Rev. Christopher Wordsworth, she was appointed Lady Principal of Lady Margaret Hall in 1878.  She contributed a poem to <i>MP</i> in 1871 under the name \'VERITAS\' and probably was the author of another 16 poems which appeared under that pseudonym to February 1883.  

 [Battiscombe, <i>Reluctant Pioneer</i>]"
1567,Wordsworth, John, The Rt. Rev., , , ,  (1843-1911), Bishop of Salisbury," Brother of Elizabeth Wordsworth, he married first (1870), Susan Esther Coxe (daughter of the Rev. Henry Coxe), with whom he had two children, and, secondly (1896), Mary Anne Frances William, and had four sons and two daughters."
1568,Wordsworth, Katherine Mary, , (Barter), , , (d.1897), daughter of the Rev. William Barter,"  She was the eldest daughter of the Rev. William Barter, Rector of Burghclere, and niece of the Rev. Robert Speckott Barter (1790-1861), Warden of Winchester College.  She married (28 October 1846), as his second wife, the Rev. Charles Wordsworth. She is not to be confused with her cousin Kate Barter, or the latter’s sister-in-law, Kitty (Moberly) Barter."
1569,Wordsworth, Susan Esther, , (Coxe), , , (1841/2-1894), first wife of the Rt. Rev. [[person:1567]John Wordsworth], She was the daughter of the Rev. [[person:377]Henry Octavius Coxe].
1570,Wordsworth, Susanna, , , , , (13 May 1846-30 Jan 1912), sister of Elizabeth Wordsworth,"  Head of the College of Greyladies which did social work in Southwark. [Wordsworth, <i>Glimpses of the Past</i>]"
1571,Worsley, P. S., , , , , , contributor to <i>MP</i> (1863),
1572,Wright, John P., , , , , , contributor to <i>MP</i> (1876),
1573,Wyan, Melicent, , , , , ," contributor to <i>MP</i> (1890), novelist",
1574,Wynyard, William, , , , , (b.1816/7), of Hursley,"  He was a JP, and retired from the Bengal Civil Service; he was dead by 1914. [his son in PB 1914; census 1891]"
1575,Wynyard, Isabella Sophia, , , , , (Switzerland 1838/9-1901), wife of William Wynyard, [death index; 1891 census]
1576,Wyse, W. M., , , , , , contributor to <i>MP</i> (1880),
1577,Yard, Adelaide, , , , , (b. Barbados 1806/7), sister of Eliza Yard," The Miss Yards were residents of Otterbourne 1848, 1859, 1861, living in Winchester Kingsgate St 1864 and 1871, and in 1881 with brother Frederick Yard 58, major in army;  they were friends of Elizabeth Sewell."
1578,Yard, Eliza, , , , , (b. London 1804/5), sister of Adelaide Yard," The Miss Yards were residents of Otterbourne 1848, 1859, 1861, living in Winchester Kingsgate St 1864 and 1871, and in 1881 with brother Frederick Yard 58, major in army;  they were friends of Elizabeth Sewell."
1580,Yonge, Alethea Henrietta, , (Bargus), , , (7 June 1789-28 Oct 1844)," aunt of CMY, half-sister of FMY","  Known as ‘Aunt Yonge’, she married (25 March 1813) the Rev. John Yonge of Puslinch. "
1581,Yonge, Alethea, , , , , (1876-1959), fourth daughter of Rev. Duke Yonge of Puslinch,
1582,Yonge, Anne, , , , , (28 March 1825-1 Sept 1869), cousin of CMY," Closest friend of CMY, she shared her birthday with her sister Alethea [Coleridge, <i>Life</i>, 66]"
1583,Yonge, Arthur Duke, , , , , (11 June 1820-1909), cousin of CMY," Son of the Rev. Duke Yonge, Vicar of Antony, he married (1870) Lucy Williams (d.1879).  He was educated at Exeter College, Oxford, became a landscape artist, had one daughter Alethea Yonge (b. Italy 1870/1).  He may have become a Roman Catholic like his brother John. [<i>Alumni Oxonienses</i>, Coleridge, <i>Life</i> 69]"
1584,Yonge, Alethea, , , , , (Italy 1870/1), daughter of Arthur Duke Yonge, 
1585,Yonge, Catherine, , (Crawley), , , (d. 9 Dec 1842), paternal grandmother of CMY,
1586,Yonge, Charles, The Rev., , , , (14 May 1781-July 1830)," uncle of CMY, master at Eton"," He married (4 Dec 1810) Elizabeth Lord (d. 11 Jan 1868).  He was father of Charles Duke Yonge, the writer (whom CMY never mentions, why?) and of the Rev. John Eyre Yonge."
1587,Yonge, Charlotte Cordelia, , (Pode), , , (1839/40- 7 Sept 1929), cousin and goddaughter of CMY," First cousin of CMY, she was daughter of WCY’s sister Anne (Yonge) Pode.  She married (26 Aug 1862) Rev. Duke Yonge (1823-1881), of Puslinch. [census, LG]"
1588,Yonge, Charlotte Fortescue, , , , , (d. 19 Jan 1940)," cousin of CMY, contributor to <i>MP</i> (1891)","  Daughter of the Rev. John Eyre Yonge, her address at death was Cotswold, Station Road, Brading Isle of Wight; probate was granted to Catherine Mildred Leser wife of Karl Frederick Leser [will]"
1589,Yonge, Charlotte Mary, , , , , (11 Aug 1823-24 March 1901)," novelist, editor and educational writer",
1590,Yonge, Cordelia, , (Hay), , , (1829/30-1886), wife of John Bargus Yonge," The daughter of William Hay of Duns Castle and Mary Garstin, she was connected to the Puslinch Yonges, her mother being a first cousin of Lord Seaton, Cordelia (Colborne) Yonge and Alethea Henrietta (Bargus) Yonge.  She married (28 June 1848) John Bargus Yonge of Puslinch (1821-1863). [LGI 1914 Garstin of Braganstown]"
1591,Yonge, Cordelia Anne, , (Colborne), , , (1775-20 July 1856)," CMY’s ‘Aunt Duke’, wife of the Rev. Duke Yonge"," Sister of Lord Seaton, half-sister of Alethea Henrietta (Bargus) Yonge and stepsister of FMY, she married (14 May 1806) the Rev. Duke Yonge (1779-1836), Vicar of Antony."
1592,Yonge, Cordelia Anne Margaret, , , , , (1864- 14 December 1865), niece of CMY, She died of whooping cough aged 16 months. [<i>Pall Mall Gazette</i> 16 December 1865]
1593,Yonge, Cordelia Elizabeth, , , , , (1874-1958), third daughter of the Rev. Duke Yonge of Puslinch, She married (1903) the Ven. Cyril Price (1866-1943).
1594,Yonge, Denys Nelson, The Rev., , , , ,Vicar of Broxted," He was Vicar of Broxted, Essex 1869-85, and Vicar of Boreham, Essex 1885-.  Not himself related to CMY, he married Mary Isabel Yonge, daughter of her cousin the Rev. John Eyre Yonge, and they had Frederick, b. 1874/5, Philip Caynton, b. 1877/8, Denys Nelson b. 1880, Isabel, b. 1882/3 and Horace b. 1883/4."
1595,Yonge, Duke Mohun, , , , , (1869-1948)," cousin of CMY, solicitor", He was the third son of the Rev. Duke Yonge of Puslinch and Charlotte Pode.  He married (1894) Isabella Sydney Bowen.  His elder brother Charles married her sister Catherine Ada Helena Bowen in 1899.
1596,Yonge, Duke Dowton, , , R. N., , (1840-1878), cousin of CMY," He was grandson of the Rev. Duke Yonge (1809-1846), Vicar of Antony, and son of the Rev. Duke John Yonge.  He (and ?three brothers) were living with their grandmother Cordelia (Colborne) Yonge at the time of the 1851 census."
1597,Yonge, Duke John, The Rev., , , , (9 May 1809-10 Jan 1846), cousin of CMY," The son of Rev. Duke Yonge, Vicar of Antony, he married (1840) Elizabeth Roberts, who married, secondly, Captain Scott;  his three sons were Duke Dowton Yonge, R.N., Kenneth Duke Yonge and Walter Duke Yonge. [The 1851 census suggests there was another, James]"
1598,Yonge, Duke, The Rev., , , , (13 Oct 1779-29 July 1836)," Vicar of Antony, paternal uncle of CMY","  Eldest brother of WCY, he married (14 May 1806) Cordelia Anne Colborne, who was FMY’s stepsister."
1599,Yonge, Duke, The Rev., , , , (21 June 1823-7 Oct 1881), cousin of CMY,"  The fourth and only surviving of the five sons of the Rev. John Yonge of Puslinch, and Alethea Henrietta (Bargus) Yonge, he inherited Puslinch in 1877 (John, James, John Bargus and Edmund Charles having predeceased him).  He was curate of Newton Ferrars in 1849, and subsequently Rector of Newton Ferrars like his father.  He married (26 Aug 1862) Charlotte Cordelia Pode (1839/40-7 Sept 1929), who was his second cousin (she was CMY's first cousin).  He shared two of her eight great-grandparents, whereas he shared four of CMY's eight great-grandparents.  According to a letter of his youngest daughter Alethea’s, he had wished to marry CMY."
1600,Yonge, Duke, The Rev., , , , (3 Dec 1750-3 Dec 1823)," Vicar of Cornwood, paternal grandfather of CMY."," He served as Vicar of Cornwood 1793-1811.  He married (12 Mar 1777) Catherine, sister of Sir Thomas Crawley-Boevey."
1601,Yonge, Edmund Charles, , , , , (11 Aug 1827-12 or 15  Jan 1847), cousin of CMY,"Known as Charles Yonge, he was the fifth son of Rev John Yonge of Puslinch and Alethea Bargus, CMY describes him as  \'born on my birthday in 1827\' [a tablet in Newton Ferrars church says \'d. Jan 15 1847 aged 19 years\']"
1602,Yonge, Edmund, Vice-Admiral, , R.N., , (1795-1868), younger brother of the Rev. John Yonge of Puslinch," He married (1835) Jane Ley Bennett, and had one son, James Edmund (b.1843)."
1603,Yonge, Elizabeth Catharine, , , , , (1847/8-1905)," member of the Gosling Society, cousin of CMY"," A Gosling as ‘Cricket’  1865-after 1869, she was daughter of the Rev. John Eyre Yonge, master at Eton, who was CMY’s first cousin.  Charlotte Fortescue Yonge was her sister."
1604,Yonge, Emma Frances, , (Walter), , , (Dehra Dun 18 Feb 1839-5 Aug 1913), sister-in-law of CMY,"  Known as Frances, she married (9 Sept 1858) Julian Bargus Yonge (1830-1891). [India Office, Bombay Baptisms]"
1605,Yonge, Frances Elizabeth, , , , , (21 May 1829-3 or 4  Dec 1893), cousin of CMY," Youngest daughter of the Rev. John Yonge of Puslinch, she seems to have been retarded following childhood measles [tomb Newton Ferrars church]"
1606,Yonge, Frances Mary, , (Bargus), , , (1795-28 Sept 1868), mother of CMY," FMY married (25 Oct 1822) William Crawley Yonge.  [Hampshire: - Marriage License allegations, Bishop of Winchester, 1689-1837 has: Yonge, William-Crawley, of Cornwood, co. Devon, gent., b., s. of Duke & Catherine Yonge, bap. 26 Jun 1795 , at C., by affidavit of John Yonge, of Puslink, co. Devon, clerk, & Frances-Mary Bargus, of Otterbourne, dau. of Thomas and Mary Bargus, b. 13 Jan , bap. 14 Jan 1793 , at St. Michael's, Winchester, at O., 23 Oct 1822.]"
1607,Yonge, Francis Arthur, , , , , (1861- 3 Jan 1918), nephew of CMY," He emigrated to the U.S.A. and married (1892) Edith Louise Isabel Shortride; they adopted a daughter Gwendolene Violet Yonge, who married – Jones. (two says Ian Yonge)"
1608,Yonge, Frederick Duke, Lieut., , R.N., , (24 March 1816-1889), cousin of CMY," Son of the Rev. Duke Yonge, Vicar of Antony, he was dismissed in disgrace for going AWOL 1855, emigrated to New Zealand, married (1859)  Charlotte Andrews (d. 1922), and has living descendants."
1609,Yonge, Geoffrey, The Rev., , , , (20 Sept 1867-24 Dec 1893), cousin and godson of CMY," Son of the Rev. Duke Yonge of Puslinch and Charlotte Pode, when he died he was in deacon’s orders only, [<i>Win Coll Reg</i>, LG 1952]"
1610,Yonge, George Alan [or Allan?] David, , , , , (1871-21/2 Oct 1899), nephew of CMY,"Son  of JBY.  He was killed at Rhodes Drift, Crocodile River, in what is now Zimbabwe, during the Boer War.  Recorded as a medical student aged 19 in 1881 census, probably in mistake for his brother Arthur, he emigrated to Rhodesia and also served in the Matabele War of 1896. [wills index, left £4881)"
1611,Yonge, George Edward, , , , , (4 July 1824-8 Dec 1904), cousin of CMY," He was treasurer of the county of Southampton, and son of CMY's Eton uncle.  He married (6 Oct 1859) Lucy Acland (Camberwell 1819-1902) daughter of Gideon Acland, lived at Stoke Lodge, Bishopstoke, formerly home of his elder brother James Arthur Yonge and Hannah (Rogers) Yonge, later Carey."
1612,Yonge, Gwendolen or Gwendolene Violet, , , , , , adopted daughter of Francis Arthur Yonge, She proved his will; she was married to a man named Jones.
1613,Yonge, Helen Emma, , , , , (24 October 1860-16 June 1941), niece of CMY," [Birth register; <i>Morning Post</i> 30 October 1860;
<i>Times</i> 19 June 1941]."
1614,Yonge, James, Dr., ," M.R.C.P., M.D. ", , (11 March 1793-3 Jan 1870)," uncle of CMY, physician"," He married, first (12 Jan 1820), his cousin Margaret Crawley (d. 22 Apr 1867), daughter of Sir Thomas Crawley-Boevey, 3rd Bt.  He married secondly (25 Aug 1868), Anna Susanna Couch (1801-1894).  The children of his first marriage, James \'a few months older than myself, Eleonora, and Edward, the last born in 1827\' all died in 1830. [DNB, LG, Coleridge, <i>Life</i> 67, Death index, census returns]"
1615,Yonge, James, , , , , (1816-2 Nov 1834)," cousin of CMY, second and eldest surviving son of the Rev. John Yonge of Puslinch"," Known as  'Jemmy Jummy' CMY wrote that he was  'a kind of special patron of mine';  he died at Otterbourne aged 18 [Coleridge, <i>Life</i> 65; tablet in Newton Ferrars church]"
1616,Yonge, Jane Duke, , , , , (1820/1-27 March 1855), cousin of CMY, Third dau of Rev. John Yonge of Puslinch and Alethea Henrietta Bargus. [tomb Newton Ferrars Church] 
1617,Yonge, John, , , , , (18 Dec 1864-26 May 1946)," cousin of CMY, eldest son of Rev. Duke Yonge of Puslinch",  He inherited Puslinch in 1881 and married (1899) Vera Vaughan Holberton.
1618,Yonge, John, , , , , (1814-2 Nov 1818), eldest son of the Rev. John Yonge of Puslinch,
1619,Yonge, John Bargus, , , , , (22 Nov 1821-12 Nov 1863), third son of the Rev. John Yonge of Puslinch," He married (28 June 1848), his second cousin Cordelia Hay, daughter of William Hay of Dunse Castle.  He died at Biarritz. CMY wrote of his  'sullen, rather whiny temper'. [Coleridge, <i>Life</i> 65, LG]"
1620,Yonge, John Eyre, The Rev., , , , (1818-1890), cousin of CMY," Son of the Rev. Charles Yonge, he was a master at Eton,  locum tenens in Otterbourne in 1872.  He married (19 Dec 1844) the Hon. Catherine Charlotte Lysaght (1822-1905).  He was father of Elizabeth Catherine and of Charlotte Fortescue Yonge."
1621,Yonge, Catherine Charlotte, The Hon., (Lysaght), , , (d.1905), wife of the Rev. John Eyre Yonge, Sometimes her letters are confused with CMY’s in libraries.  
1622,Yonge,John Francis Duke,Dr., ,M.D., ,(1814-25 Dec 1879),cousin of CMY,"The son of the Rev. Duke Yonge, Vicar of Antony, he married first (Brussels 12 August 1839) a widow with two children, Elizabeth Alice (Holmes) Reed (1799/1800-1863) and, secondly (1864) Mary Jones.  He seems to have converted to Roman Catholicism.  For that reason he was not welcome at WCY’s funeral. 

By his first marriage he had three sons, Francis Arthur Holmes Yonge, James Frederick Moore Yonge (b. Coblentz 1841/2?) and Stephen Duke Yonge (Coblentz 1844/5-1914).   In the 1871 census he and his second wife are living in Cornwall with three small grandsons, born in Mauritius, and probably the children of Francis, who had gone to live there.  The two younger sons had moved to Melbourne, Australia, by 1864. 

One of the \'grandsons\', Eugene Yonge (b. Mauritius 1867/8) appears in the 1881 census in Plymstock with his uncle the Rev. Theophilus Jones (1822/3-1886), Vicar of Bradstone, and as a medical student in the 1891 census.  [census; <i>Alumni Oxonienses</i> An obituary of \'Eugene Stephen Yonge, M.D.Edin., Physician, Manchester Hospital For Consumption\' appeared in the <i>The British Medical Journal</i> 1 (Feb. 3, 1912), p. 280;  advertisement <i>Morning Post</i> 16 April 1864, 1] "
1623,Yonge, John, The Rev., , , , (4 Nov 1788-23 Aug 1877), uncle by marriage of CMY," Rector of Newton Ferrars and squire of Puslinch, he was first cousin once removed and uncle by marriage of CMY.  His father was uncle to WCY, and he married (25 March 1813) Alethea Henrietta Bargus, half-sister of FMY."
1624,Yonge, Julian Bargus, , , , , (31 Jan 1830-17 October 1891), brother of CMY," He was educated at Eton and Balliol College Oxford (BA 1853).  He joined the Rifle Brigade 1851, entered the Middle Temple 1855.  He married (9 Sept 1858) Emma Frances Walter (1839-1913).  He was a J.P. for Hampshire;  sold Otterbourne House to Major Robert Scarlett in 1891 and died ‘a few days later’ (<i>John Keble’s Parishes</i>, 149), at 70 Kensington Gardens Square in the presence of his son Maurice [death certificate] but according to the probate of his will at 2 Radnor Place Hyde Park."
1625,Yonge, Margaret, , (Crawley), , , (d. 22 April 1867), cousin and aunt by marriage of CMY,"  She married (1820) her cousin Dr. James Yonge.  She was the daughter of Sir Thomas Crawley-Boevey, 2nd Bt..  Her three children all died in 1830, after which she never left the house except for church. [In the census returns she is 45 in 1841 and 62 in 1851??]"
1626,Yonge, Mary, , , , , (1816/7-2 April 1910), cousin of CMY," Second daughter of the Rev. John Yonge and Alethea Henrietta Bargus, she was the last surviving of their ten children."
1627,Yonge, Mary Anne, , , , , (1791-1853), cousin of CMY,"  Known as 'Aunt Marianne', she was the sister of the Rev. John Yonge of Puslinch."
1628,Yonge, Mary Isabel, , (Yonge), , , (d. 1915), cousin of CMY," The second daughter of the Rev. John Eyre Yonge, she married (1872), the Rev. Denys Nelson Yonge, Vicar of Boreham, Chelmsford (no relation). [LG 1952]"
1629,Yonge, Maude, , (Woods), , , (d. 3 Nov 1938), niece-in-law of CMY," Daughter of Lt-Col Woods of Llandaff, Glamorgan, she married (1899) Maurice Edward Yonge.  Her address was Lincolns, Boyatt Lane, Eastleigh, her estate was £157  and probate was granted to Maurice Yonge [will]"
1630,Yonge, Maurice Edward, , , , , (1867-6 Apr 1940),  nephew of CMY,"  He seems to have trained as an engineer.  He married (19 Apr 1899) Maude Woods (d.1938).  He died at St Faiths, Merdon Avenue, Chandlers Ford, Eastleigh, Probate was granted at Bristol 5 June 1940 to George Hubert Woods and Henry Jex Woods  for £221 4s. He went to Stubbington House school, near Fareham, a naval preparatory school. [1881 census; will]"
1631,Yonge, William Crawley, , , , , (2 June 1795-26 Feb 1854), father of CMY,"He married (25 Oct 1822) Frances Mary Bargus.
His funeral was held on Saturday 4 March 1854."
1632,Yonge,William Coulthard, , , , ,(September-December 1859),nephew of CMY,He died as a baby. Coleridge gives his names as William Keble Yonge (Keble was his godfather) but his birth and death were evidently registered as William Coulthard Yonge.  His maternal grandmother was born Mary Emma Coulthard.
1633,Young, Caroline, , (Coxwell), , , (b.1816/17-after 1871 census), first cousin and ward of Charlotte Keble," She married (20 Oct 1839) Rev. Peter Young. They had children James 7, John 5, William 4, Mary 2 and Elizabeth 1 in 1851 census; in 1871 George Edward 19 Frederick Coxwell 8, Mary Jane 22, Elizabeth Ann 21, Charlotte Lucy 17; in 1881 Mary Jane 32 and Charlotte L 27;  the last two still living with their father in Lincoln in 1901. [<i>Recollections of the Rev. Peter Young, M.A., late Rector of North Witham, Lincolnshire and Canon of Lincoln</i>, edited by his daughter (Grimsby: Albert Gait 1903), a pamphlet in London Library]"
1634,Young, James Gavin, The Rev., , , , (India 1818/9-1906), Vicar of Hursley," CMY calls him Jimmy Young. Brother of the Rev. Peter Young, he succeeded Keble as Vicar of Hursley, 1866; he had a wife Anna (b. Ilfracombe 1824/5), and children Frances (b. Brigstock Northants 1850/1), Elspeth Jane (b. 1853/4), Harry Gavin (b. Scotland 1854/5), Anna Edith (b.  1856/7), Louisa Caroline (b. 1858/9) and Marion Jemima (b. 1859/60). [1861, 81 census, <i>Recollections of the Rev. Peter Young</i>]"
1635,Young, James, The Rev., , , ,(b. 1843/4)," Vicar of St. James, Grimsby"," He was the son of the Rev. Peter Young, Rector of North Witham. [<i>Recollections of the Rev. Peter Young</i>, 1851 census]"
1636,Young, Peter, The Rev., , , , (Agra 1817-1902), curate of Hursley,"He served as curate of Hursley from 1841, but Bishop Sumner refused to ordain him, so he moved away in 1861 to become Rector of North Witham, Lincolnshire.  He married (20 Oct 1839) Mrs Keble’s ward and cousin Caroline Coxwell.   "
1637,Younghusband, Mary Frances, , , , , (1847-1899), member of the Gosling Society," She was a Gosling as Mignonette 1866/7-?9, her address 23 Maryon Road, Woolwich, and she was probably this person, who was daughter of Lt Gen. C. W. Younghusband (1821-1899), Superintendent of Royal Gun Factories, Woolwich.  If so, she married (1871) Lt.-Col. George O'Malley.  She was accused by C.R. Coleridge of carelessly mislaying the <i>Barnacle</i> [LG 1906 Younghusband, O'Malley]."
1638,Zimmern, Helen, , , , , (1846-1934)," contributor to <i>MP</i> (1892-6), author", 
1639,A\'Court,Margaret,The Hon.,,,,(1855-1933),nun,"Daughter of the 2nd Lord Heytesbury, she appears to have joined the Wantage Sisterhood.  She subscribed to The Net."
1641,A\'Court,William Ashe,,,,2nd Lord Heytesbury,(1809-1891),,
1642,Cox,?Agnes,Miss,,,,,,"It is possible that CMY\'s Miss Cox is the same as the Agnes Cox who published <i>Zenza and Ounah, the Indian sisters, and other poems</i> (Windermere: Johnson 1887).  Miss Cox evidently knew the author of [[otherbook:612]\'The Cardioscope\'], an early series in <i>MP</i>, and perhaps that was written by [[person:375]Harriet Lucy Cox], who is a probable early contributor.  However, there is little substantial evidence here."
1643,Holgate,Clifford Wyndham,,,,,1859-1903,local historian ,"He was an old boy of Winchester College and published extensively on that subject, on bibliography and on local history. "
1644,Crawley Boevey,Arthur William,,,,,1845-1913,cousin of CMY,"The son of Sir Martin Crawley Boevey, 4th Bt., who was CMY\'s second cousin, he published a biography, <i>The Perverse Widow</i>, of Catharina (Riches) Boevey (1670-1726), to whose husband they were related.  He was the brother of Sybella Crawley Boevey."
1645,Crawley Boevey,Martin,Sir,,4th Bt,,1812-1862,cousin of CMY,
1646,Boevey,Catharina,,(Riches),,,1670-1726,philanthropist,"She was connected by marriage to the Crawley family, to which CMY\'s paternal grandmother belonged."
1647,Green,,Mr,,,,,presumably a school inspector,
1648,Pond,Bessie Annie,,,,, (b.1871),"CMY\'s maid in 1901, see Coleridge, <i>Life</i> 346.","She had a younger sister named Edith Pond, who was housemaid to Maurice Yonge at the time of the 1901 census (just after CMY\'s death).  They were the daughters of Francis Pond, cabinet-maker, of Wantage."
1649,Alcott,Louisa May,,,,,1832-1888,novelist,
1650,Shorter,Clement King,,,,,1857-1926,journalist and man of letters,
1651,Wilson,Cecil,The Right Rev.,,,,1860-1941,missionary,"He served as Bishop of Melanesia (1894-1911) in succession to the Rt. Rev. J. R. Selwyn, and then as Bishop of Bunbury, Australia, 1918-1937."
1652,Besant,Walter,Sir,,,,1836-1901,novelist and founder of the Society of Authors,He was knighted in 1895.
1653,Gladstone,William Ewart,The Rt. Hon.,,,,1809-1898,Prime Minister,"He was loathed and mistrusted by CMY, no doubt because, being High Church and having begun as a Conservative, he should have known better than to associate with liberals and advocates of non-denominational education."
1654,Shorthouse,Joseph Henry,,,,,1834-1903,novelist,
1655,Parker,Mary,,(Grosvenor),,Ctss of Macclesfield,1822-1912,philanthropist,"She married (1842) the 6th Earl of Macclesfield (1811-1896) and had 15 children.  Her husband was succeeded by a grandson who did not marry till 1909, so she must be the person referred to."
1656,Yonge,Charles Burell,The Rev.,,,,(1866-1943),"Rector of Newton Ferrars, cousin of CMY","He was the son of the Rev. Duke Yonge of Puslinch and of Charlotte Cordelia Pode, who were both first cousins of CMY, on her mother\'s and father\'s sides respectively, and were each other\'s second cousins.  Charles Yonge married (1899) Catherine Ada Helena Bowen.  He is remembered for the collection of rare crocuses he naturalized in the churchyard at Newton Ferrars."
1657,Woodward,Julia Lucy,,,,,Cheltenham 1850-1910,probably a member of the Spider Society as \'Bath Brick\',"Daughter of Richard Woodward (d.1875), retired Bengal Civil Service, she lived in Bath in 1871 and 1881
and 1891 with her widowed mother at the Knoll, Clevedon.  She was a fellow
of the Royal Meterological Society, a member of the Ex Libris Society
(collecting bookplates), and a supporter of local history societies and
publications. She contributed a memoir of her uncle Vincent Stuckey Lean to
his book on proverbs (1902-4). She compiled the autograph album in which the
letters to Bath Brick were found;  since Bath Brick is known to have lived
near Clevedon they were probably the same person.
"
1658,Leeke,Sophia,,(Bargus),,,1761/2-1847,great-aunt of CMY,"The <i>European Magazine</i> 14  (1788) 231 recorded the marriage of Samuel Leake, esq., of the Isle of Wight, to Sophia Bargus, youngest daughter of Richard Bargus esq. of Fareham. She appears to have been a half-sister of the Rev. Thomas Bargus.  The <i>Gentleman’s Magazine</i> 182 (1847) 563 records her death at Cheltenham aged 85, spelling it Leeke, and stating that she was the mother of Captain Sir Henry Leeke, R.N. (1794-1870, <i>ODNB,/i>).  Lady Tucker, to whom CMY refers, would thus be her daughter and FMY’s first cousin. "
1659,Bogue,Mary,,(Bargus),,,1746-1806,great-aunt of CMY,"The Gentleman’s Magazine (1806) 760 records the death of the widow of Dr. Bogue, of Fareham, eldest daughter of Richard Bargus of Fareham.  If she was the Mary Bargus christened at Fareham in 1746 she was the child of Richard Bargus’s first wife Frances Eyer, and thus probably a full sister of CMY\'s maternal grandfather the Rev. Thomas Bargus. She was probably married at Fareham in 1775, though the IGI transcribes her husband’s name as Bogrie. The Rev. John Richard Bogue, whom CMY describes as her cousin, was probably her grandson."
1660,Bargus,Charlotte,,,,,b.1761,great-aunt of CMY,"The daughter of Richard Bargus and Ann Lock, she was christened at Fareham in 1761, and may have died young."
1661,Bargus,Richard,,,,,<i>c.</i>1722-1805,great-grandfather of CMY,"CMY describes him as \'a naval officer, who after sailing round the world with Lord Anson, had settled at Fareham, in Hampshire\' (Coleridge, <i>Life</i> 4). He died in his 83rd year at Fareham (<i>Gentleman’s Magazine</i>, 1805, 389).  He  married, first (Rowner 1745), Frances Eyer and, secondly (Fareham 1759), Ann Lock.  His second wife’s death is also recorded in the <i>Gentleman’s Magazine</i> (1814) 87.  According to the Hampshire Allegations for marriage licences they were 36 and 25 at marriage.  It appears from the IGI that the Rev. Thomas Bargus (christened Fareham 1753) and Mary (Bargus) Bogue were the children of his first marriage, Sophia (Bargus) Leeke, Charlotte Bargus and John Lock Bargus (b. 1762/3)  of the second.  There may have been other children."
1662,Bargus,John Lock,,,,,1762/3-1786,great-uncle of CMY,"Son of Richard Bargus and Ann Lock, and half-brother of CMY’s grandfather the Rev. Thomas Bargus. CMY in Coleridge, <i>Life</i>, 6 states that he died in the same epidemic as Lord Brooke (1772-1786), son of the 2nd Earl of Warwick and his first wife Georgiana Peachey (whose father Lord Selsey was Thomas Bargus’s patron).  John Lock Bargus appears in  Alumni Oxonienses and Register of Gray’s Inn."
1663,Perowne,,Mrs,,,,,Contributor to <i>Mothers in Council</i>,
1664,Wyndham,Constance Evelyn,,(Primrose),,Lady Leconfield,1846-1939,"Daughter of the Lady Dalmeny whose picture CMY admired, she married (1867) the 1st Lord Leconfield and had nine children.  ",
1666,Guille,Charlotte Esther Sophia,,,,,1852-1939,"member of the Gosling Society as Bessie (or Befsie)
","This letter was found in the Guille autograph album, and was almost certainly addressed to one of the eight daughters of the Rev. George de Cartaret Guille, Rector of Torrington, and his wife Sophia Stevens, heiress of Cross, near Torrington.  The most likely candidate seems to be the third sister, Charlotte Esther Sophia Guille  Other possibilities among the sisters are the eldest, Louisa Margaret A. Guille (b. 1849) who m. (1877) the Rev. Frederick Colby and then (1905) William Secker; or the second, Marian Elizabeth Guille (1851-1931) who married (1881) William George Le Cocq, RN (1842/3-1913).  Their younger sister Rosa Caroline (b.1858) became (1878) the wife of the poet William Johnson Cory. 
"
1667,Coleridge,Samuel Taylor,,,,,1772-1834,poet,"Grandfather of Christabel Rose Coleridge.  CMY was not related to him, but to his sister-in-law Frances Duke (Taylor) Coleridge (1760-1838), wife of his brother James (1759-1836).  Frances Duke Coleridge was first cousin of CMY\'s grandfather the Rev. Duke Yonge, their mothers being sisters called Duke."
1668,Bartram,,Mrs,,,,,correspondent of CMY,"Since CMY indicates she wrote from Ramsgate Vicarage, she was presumably the wife of the Rev. Canon Harry Bartram, Vicar of Ramsgate."
1669,Guslett,,Mrs ,,,,,contributor to <i>Mothers in Council</i>,
1670,Martin,Richard Edward Rowley,Sir,,,,(1847-1907),"British Commissioner in Swaziland, 1890–95; Deputy Commissioner and Commandant-General British Protectorate and Rhodesia, 1896–98. He was created KCB 1898; KCMG 1895. [WWW] ",
1671,Heller,Marie,Fraulein,,,,,German teacher,
1672,Scott,Walter,Sir,,Bt.,,(1771-1832),novelist and poet,
1674,Beach,F. E.,,,,,,novelist,
1675,Wharton,Edgar,The Rev. Canon,,,,,"Vicar of St. Mary-le-Wigford, Lincs..",This is a conjectural identification
1676,Knight,,Miss,,,,,perhaps connected with the GFS,
1677,Fletcher,John William,The Rev.,,,,(1729-1789),"Vicar of Madeley, Shropshire",
1678,Barker,,Mr,,,,,perhaps a neighbour of Mary Yonge\'s,
1679,Fay,Anne,,,,,,evidently a poor invalid,
1680,Steward,Edward,The Rev. ,,,,,Principal of the Sarum Training College from 1889,
1681,Diddams,A.,,,,,,a schoolmistress,
1682,Chester,Mrs,,,,,,a neighbour with daughters,Evidently associated with CMY\'s work for the Girls\' Friendly Society.
1683,Mackey,Donald John,The Rev. Canon,,,,,writer and clergyman of the Episcopal Church of Scotland,
1684,Barraud,Herbert Rose,,,,,(1845-1896),photographer,
1685,Selwyn,Annie Catherine,,(Mort),,,,second wife of the Rt. Rev. John Richardson Selwyn,She married in 1885.
1686,Wither,George,,,,,(1588-1667),poet,
1687,,William,,,,,(1792-1849),prince of Orange and King of the Netherlands,
1688,ffinch,M.M.,The Rev.,,,,,"warden of Huggens College, Northfleet","He acted as <i>locum tenens</i> for the Rev. Henry Bowles, Vicar of Otterbourne, during a holiday.  There is information about him and the college on the pages maintained by the Kent Archaeological Society at www.kentarchaeology.org.uk."
1689,Matthew,A. M.,Mrs,,,,,secretary of the Mothers\' Union 1893-1908,
1690,Heathcote,Isabella Margaretta Elizabeth,,(Walpole),,,(d.1938),She married (15 Jun 1869) her cousin George Parker Heathcote.,
1691,Talbot,Edward Stuart,The Rt. Rev.,,,,1844-1934,"first warden (1869) of Keble College, Oxford, subsequently Bishop of Rochester, Southwark and Winchester. He married (1870) the Hon. Lavinia Lyttelton.",
1692,Northcote,,,,,,,perhaps a tenant of the Rev. John Yonge\'s or of WCY\'s in Devon,
1693,Baring,Thomas,Sir,,2nd Bt.,,1772-1848,"of Stratton, Hants.",
1694,,Victoria,,,,,1819-1901,Queen of Great Britain and Empress of India,
1695,Stanier,,Mr,,,,,barber in Hursley,
1696,Jackson,,Miss,,,,,former employer of Judith (Whorley) Fielder,
1697,Mildmay,,M,,,,,probably a member of the St. John Mildmay family,
1698,Wortley,,Mr,,,,,"in charge of the Colborne boys in the 1830s, perhaps a schoolmaster",
1699,Keats,John,,,,,(1795-1821),poet,
1700,Bargus [formerly Colborne],Cordelia,,(Garstin),,,(1751-1791),first wife of CMY\'s grandfather,"No relation to CMY, this lady is all the same the key to the complex cousinhood which surrounded her.  She had two children, John and Cordelia Anne, by her first marriage to Samuel Colborne.  She then married the Rev. Thomas Bargus, and died giving birth to their daughter Alethea Henrietta Bargus.  He remarried, and had a daughter, CMY\'s mother Frances Mary Bargus.   Cordelia Colborne married the Rev. Duke Yonge.  Alethea married the latter\'s cousin the Rev John Yonge.  John Colborne married Elizabeth Yonge (sister of the Rev. John Yonge). Lastly, Frances married William Crawley Yonge (brother of the Rev. Duke Yonge)."
1701,Pell,,Mr,,,,,employer of a short Ethiopian,
1702,Mason,Maria,,,,,,CMY\'s nurse,"Sister of the transported rioter Joseph Mason (1799-1863), she may be the \'poor Mason (Mrs Reeves)\' referred to in 1844, and possibly also the nurse who married a drum major mentioned in 1864."
1703,Barter,William,The Rev.,,,,,"Rector of Burghclere, father of Katherine Mary (Barter) Wordsworth",
1704,Barter,Charles,The Rev.,,,,,"Rector of Sarsden, father of Catherine Barter",
1705,Huntingford,George William,The Rev.,,,,1815-1900,Commoner Tutor at Winchester College,"He was subsequently Vicar of Littlemore 1851-72. He was undoubtedly a relation (grandson?, great-nephew?) of the Rt. Rev. George Isaac Huntingford (1748-1832), Bishop of Hereford and Warden of Winchester College."
1706,Huntingford,George Isaac,The Rt. Rev.,,,,(1748-1832),Bishop of Hereford and Warden of Winchester College,
1707,Moberly,Charles,,,,,,nephew of the Rev. George Moberly,
1708,Gunner,William Henry,The Rev.,,,,(1812-1859),master at Winchester College,
1709,,Pius IX,,,,,(1792-1878),Pope,He was crowned on 21 June 1846.
1710,Crokat,,Mr,,,,,father of Mary Ann Moberly,
1711,Crokat,,Miss,,,,,sister of Mary Ann Moberly,
1712,Crawley,Catharina,,(Yonge),,,(d.1857),aunt of CMY,"Sister of WCY, she married (1811) her first cousin the Rev. Charles Crawley (1780-1856)."
1713,Prevost,George ,The Rev. Sir,,2nd Bt.,,(1804-1893),"curate of Stinchcombe, Glos..","He married (1828) Jane Williams, sister of Isaac Williams."
1714,Beresford Hope,Alexander James Beresford,,,,,(1820-1887),landowner and architectural writer,He married (1842) Lady Mildred Cecil.
1715,Bulteel,Elizabeth,Lady ,(Grey),,,(1798-1880),,"The references by Anne Yonge to Lady Georgiana Bulteel are mysterious, but may refer to Lady Elizabeth Bulteel, who married (1826) John Crocker Bulteel, a landowner near Puslinch."
1716,Anderson Morshead,Elizabeth,,,,,,cousin of CMY,"Elizabeth Yonge, sister of CMY\'s grandfather the Rev. Duke Yonge, married a local landowner, Philip Morshead of Widey Court, Egg Buckland, Plymouth.  They had an only daughter Elizabeth Morshead, who married Colonel Anderson and had 11 children called Anderson Morshead.  Of these the heir, the Rev. John Philip Anderson Morshead married (1845)his second cousin Alethea Yonge of Puslinch, Pentire was the father of Mary Anderson Morshead.  Their sister Elizabeth Morshead, referred to by Anne Yonge, died in Devon in 1849. [Burke LG 1871; death register]"
1717,Baker,Sophia,,,,,(b.1838/9),cousin of CMY,"Elder sister of [[person:97]Anne Baker], she was the daughter of Major Thomas Richard Baker (1802-1884), J.P., 7th Fusiliers, Rtd. and Mary Frances Anderson Morshead (d. 1843), whose grandmother Elizabeth Yonge was a sister of CMY\'s grandfather. [LG 1906 Baker of Bayfordbury for parents]"
1718,Westcombe,Sarah,,(Kingsman),,,(b.1759),great-aunt of CMY,"Younger sister of CMY\'s grandmother, she married (1784) Nicholas Westcombe and had a son, the Rev. Thomas Westcombe."
1719,Westcombe,Thomas,The Rev.,,,,,cousin of FMY,"Son of Sarah (Kingsman) Westcombe, his mother and FMY\'s were sisters."
1720,Warburton,Bartholomew Elliott George,,,,,"(1810-1852),",travel writer,He had several brothers of whom one was CMY\'s friend the Rev. William Parsons Warburton.
1721,Small,Elizabeth,,,,,(b.1837/8),pupil at Otterbourne School,"Marianne Small (b. 1839/40) and Elizabeth Small (b. 1837/8) were the daughters of John Small (b. 1797/8), of Allbrook, agricultural labourer."
1722,Southey,Robert,,,,,(1774-1843),poet,
1723,Yonge,Elizabeth Birt Alice,,"(Holmes, then Reed)",,,(1799/1800-1863),cousin-in-law of CMY,"Elizabeth (Holmes) Reed married, as her third  husband, CMY\'s cousin Dr. John Francis Duke Yonge, son of the Rev. Duke Yonge of Antony, who was about 14 years her junior:  they had three sons: Francis Arthur Holmes Yonge, James Frederick Moore Yonge, and Stephen Duke Yonge.  He became a Roman Catholic in the late 1840s, to the consternation of his family, but according to CMY, she did not. [ Her marriage, under the name Elizabeth Bird Alice Reed, is recorded in Brussels, 1839 by the IGI; advertisement for administration of estate of J.V.C. Reed in the <i>Morning Post</i> 16 April 1864, 1]

She was the daughter of Richard Holmes, of Westcott, St. Dominick, Cornwall, and Elizabeth Nash.

She was first married (18 November 1815), aged not quite 16, in the church at Antony, Cornwall, to Cavalie Shorthouse Mercer (1789-1819), with whom she had two children, Theodosia Alice Sterling Mercer (1817-1832) and Henrietta Fyers (Mercer) Muller (1818-1839). He died in Bermuda, leaving her a widow of 19.  She remarried (1822) Captain John Reed (d. 1835) with whom she had at least six children, including Eliza Holmes Reed, who married Thomas C. Watson, and John Vaughan Carden Reed (d. 1858) Lieutenant in the Royal Marine Light Infantry.  She had perhaps known the much younger John Francis Duke Yonge since his childhood, since he had been brought up in Antony.

Information from Mr Graeme Hicks."
1724,Martineau,Harriet,,,,,(1802-1876),writer and journalist,
1725,Gilbert,Tom,,,,,,,"Mentioned as a friend of the Anderson Morsheads, condoling with them on the birth of a fifth son."
1726,Percy,Hugh ,The Rt. Rev. and Hon,,,,(1784–1856),Bishop of Carlisle ,He served as bishop from 1827 to his death and was unpopular and eccentric.
1727,Onderdonk,Benjamin Treadwell,The Rt. Rev.,,,,(1791-1861),Bishop of New York,"He was consecrated bishop in 1831 but accusations of sexual misconduct resulted in his suspension in the 1840s.  Disputes raged over the justice of this between the tractarian and evangelical wings of the American episcopal church until his death.  It was not he, but the Bishop of western New York, the Rt. Rev. William Heathcote DeLancey, whom CMY met at the SPG meeting in Winchester in 1852."
1728,DeLancey,William Heathcote,The Rt. Rev. ,,,,(1797-1865),Bishop of Western New York,"It was certainly he, and not the Bishop of New York at this period, the Rt. Rev. Benjamin Treadwell Onderdonk, who attended the anniversary meeting of the Society for the Propagation of the Gospel as representative of the American Episcopal Church."
1729,Howitt,Mary,,(Botham),,,(1799-1888),writer,
1730,Collins,George ,,,,,(b.1839/40),brother of Bessie Collins,"The Collins family seem to have consisted of Martha (Andrews) Collins (b. 1805/6), postmistress, wife of George Collins, (b. 1818/9) of the Post Office, Otterbourne, groom and gardener, and their children George (b. 1839/40),  Charles (b.1840/1), Elizabeth (b. 1844/5),  and Anne (b. 1846/7).  "
1731,Richmond,George ,,,,,(1809-1896),artist,"Two portraits by Richmond of CMY exist, one in the NPG, the other a sketch of her head.  He also painted WCY (the picture reproduced in Coleridge <i>Life</i>), Keble (at the behest of Sir William Heathcote) and Mary Ann Moberly.  In Richmond\'s archive in the Royal Academy are some letters about the Keble commission, including one from Heathcote telling Richmond to ignore WCY\'s attempts to interfere with the design."
1732,Broughton,William Grant,The Rt. Rev.,,,,(1788-1853),Bishop of Australia,He was buried in the nave of Canterbury Cathedral on 26 February 1853.
1733,Bonaparte,Lucien,Prince,,,,(1813-1891),,
1735,,Napoleon,,,,,(1801-1874),duc de Montebello,
1736,,Albert,Prince,,,,(1819-18610,prince consort of Great Britain,
1737,,Marie Amelie,,,,,(1782-1866)," queen consort of France, wife of Louis Philippe",
1738,,Louis,,,,Duc de Nemours,(1814-1896),son of Louis Philippe,
1739,,Victoire,,,,duchesse de Nemours,(1822-1857),"daughter-in-law of Louis Philippe, born Princess Victoire of Saxe-Coburg",
1740,,Helene,,,,duchesse d\'Orleans,(1814-1858),"daughter-in-law of Louis Philippe

 
","She was the widow of Louis Philippe\'s eldest son Ferdinand Philippe d\'Orléans, duc d’Orleans (1810-1842)."
1741,,"Louis-Philippe,",,,,Comte de Paris, (1838-1894) ,elder grandson of Louis Philippe,
1742,,Robert,,,,duc de Chartres,(1840-1910),younger grandson of Louis Philippe,
1743,Wither,Jane,,,,,,,
1744,Chichester,Rosalie Amelia,,"(Chamberlayne), Lady",,,(1842/3-1908),daughter of Thomas Chamberlayne of Cranbury Park,"She married first (9 February 1865), Sir Alexander Palmer Bruce Chichester, 2nd Bt. (1842/3-1881), of Arlington Park, Devon, and secondly  (1883) his cousin Sir Arthur Chichester, 8th Bt. (1822/3-1898)."
1747,Waitoa,Rota,The Rev.,,,,(d.1866),the first Maori deacon,"A biography and a photograph are available at
 http://jktlibrary.wordpress.com/2010/02/03/letters-by-and-about-rota-waitoa-first-maori-ordained-minister/rota-waitoa-2/"
1748,Collins,Charles,,,,,," son of George and Martha Collins, of the Post Office, Otterbourne"," The Collins family consisted of George Collins, (b. 1818/9) of the Post Office, Otterbourne, groom and gardener, his wife Martha (Andrews) and several children of whom CMY mentions George (b. 1839/40), Elizabeth,  Charles (b.1840/1) and Anne (b. 1846/7). [1861 census] 

"
1749,Collins,Olive,,,,,(b.1841/2),daughter of George and Martha Collins,"The Collins family consisted of George Collins, (b. 1818/9) of the Post Office, Otterbourne, groom and gardener, his wife Martha (Andrews), postmistress, and their children George (b. 1839/40),  Charles (b.1840/1) Olive (b. 1841/2), Elizabeth (Bessie) and Anne (b. 1846/7).

At the time of the 1861 census Olive was housemaid to CMY\'s friend the Rev. W. J. Butler, Vicar of Wantage.  She married Francis Pond in 1869.  In 1891 she was still living in Wantage, working as a cook in a boys\' boarding school."
1750,Mason,Harry,,,,,,evidently a farm servant of the Yonges at Otterbourne,
1751,Harvey,Harriet,,,,,(1800/1-1854),former servant at Puslinch,"Harriet Harvey (Holbeton 1800/1-1854) is recorded in the 1841 census as a female servant at Puslinch, and in the 1851 census as a schoolmistress, living alone in the village of Torre in Newton Ferrars parish."
1752,Davis,Mary ,,,,,(fl. 1854),friend of Harriet Harvey,"An inhabitant of Newton Ferrars, perhaps a relation of Harriet Harvey."
1753,White,Mary ,,,,,,inhabitant of Otterbourne,"Mentioned as the daughter of a dying Mrs Barfoot, 1854."
1754,Winter,John,,,,,(fl.1854),lodger with Harriet Harvey,
1755,Barter,Mary ,,,,,,presumably a niece of the Rev. Robert Speckott Barter,
1756,Gresley,William,The Rev.,,,,(1801-1876),clergyman and author,
1757,Lyons,Edmund,Rear-Admiral Sir,,,,(1790-1858),naval officer,Second-in-command of the British fleet during the Crimean War.
1758,Paget,Francis Edward,The Rev.,,,,(1806-1882),"Rector of Elford, Staffs. 1835-1882, Tractarian novelist,",
1759,Harris,Maria Matilda,,(Hickley),,,(b.1817/18),"wife of Captain William Charles Harris, chief constable of Hampshire",She was born in Portsmouth and married Harris in 1837.
1760,Johnson,Samuel,Dr.,,,,(1709-1784),critic and lexicographer,
1761,Evans,Maria ,,,,,,"living at Boyatt Farm, Otterbourne",
1762,Simmonds,,,,,,,an Otterbourne family,
1763,Bigg Wither,Lovelace,,,,,(1805-1874),"of Manydown Park, landowner","Eldest brother of the curate of Otterbourne, the Rev. William Harris Walter Bigg Wither, he was a first cousin of Sir William Heathcote."
1764,Kelland,Lovedy,,,,,,referred to 1855,"She may be Lovedy (Saunder) Kelland (Chittlehampton 1824/5-1858 Lapford), wife of John Kelland of Kelland Barton, Lapford, farmer, since the name is uncommon, but these places are not particularly near Puslinch."
1765,Bigg Wither,Jane Dorothy,,,,,(1812-1858),sister of the Rev. William Bigg Wither,
1766,Whorley,Jane,,,,,(1778-?1855),"wife of James Whorley (b.1764/5) of Otterbourne, agricultural labourer.","She was mother of Judith (Whorley) Fielder and Susan Whorley, and probably the Jane Worley whose death was registered in Winchester in the April quarter of 1855."
1767,Knight,,Mrs,,,,<i>fl.</i> 1855,an inhabitant of Otterbourne,
1768,,Charles I,,,,,(1600–1649),"King of England, Scotland and Ireland","The Tractarians had a cult of Charles I, and CMY makes frequent reference to him in her works."
1769,Somerset,Henry,,,,1st Marquess of Worc,(1577-1646),,
1770,Grundtvig,N.F.S.,,,,,(1783-1872),Danish nationalist and philosopher,
1771,,Eugénie ,,,,, (1826-1920) ,Empress of France,
1772,, Eugène Louis John Joseph,,,,,(16 March 1856-1879),"Prince Imperial
",
1773,Primrose,Catherine Lucy,,(Stanhope),,Lady Dalmeny,(d.1901),"illustrator
","CMY\'s reference to a picture by Lady Dalmeny must be to Lady Catherine Lucy Wilhelmina Stanhope (d.1901) who married, first (1843), Lord Dalmeny (1809-1851) and, secondly (1854), the 4th Duke of Cleveland.  She was the mother of the 5th Earl of Rosebery (1847-1929), the Prime Minister, who was at this date a child and the holder of the courtesy title Lord Dalmeny."
1774,Dyson,Francis,The Rev. Canon,,,,(1784/5-1858)," Rector of North and South Tedworth. brother of the Rev. Charles Dyson, Rector of Dogmersfield. ", In the 1851 census Canon Dyson was living in Great Malvern. 
1775,Griffith,Harriet Dyke,,(Acland Troyte),,,(1841-1921),daughter of Arthur Acland Troyte,She married (1863) George Griffith.
1776,Blois,,Colonel,,,,(<i>fl.</i> 1857,fishing friend of JBY,
1777,Mudge,Zachary,,,,,(1813/4-1867),cousin of the Puslinch Yonges,"Zachary Mudge was first cousin of the Rev. John Yonge, their mothers being sisters named Anne (Grainger) Yonge and Jane (Grainger) Mudge.  His father was Admiral Zachary Mudge (1770–1852).  CMY describes visiting the elderly admiral and his wife in Coleridge, <i>Life</i>, 91."
1778,Phillpotts,Henry ,The Right Rev.,,,,(1778-1869),"Bishop of Exeter
",
1779,Prendergast,,Captain,,,,,,
1780,Middleton,,Captain,,,,(<i>fl.</i> 1857,ADC to Lord Seaton,
1781,Cornthwaite,,Mr,,,,(<i>fl.</i> 1857,associate of the Rev. John Yonge,
1782,Croad,,,,,,(<i>fl.</i> 1857,not going to Guernsey,
1783,Herbert,Sidney,The Hon.,,,1st Lord Herbert of ,(1810-1861),politician,
1784,Wood,Robert Blucher,Lieut-General,,,,(1814-1871),,He married Lady Constantia Lowther (d. 1864) in 1850.
1785,Wood,Constantia,Lady,(Lowther),,,(d.1864),,She married (1850) Colonel Robert Blucher Wood.
1786,Wood,Constantia Eleanor,,,,,(1851-1940),bridesmaid to Jane Colborne.,"Daughter of Colonel, later Lieutenant-General, Robert Blucher Wood, she married (1875) Edmund Fane."
1787,Scott,John Henry,,,,3rd Earl of Clonmell,(1817-1866),,"He was present at the wedding of Jane Colborne to Alexander Montgomery Moore because his wife\'s sister was married to Jane\'s brother.  
He married (1838) the Hon. Anne de Burgh (1818-1872), daughter of Ulysses de Burgh, 2nd Lord Downes of Aghanville."
1788,Learmonth,Alexander ,Major (later Lieut-C,,,,(1829-1887),best man at Jane Colborne\'s wedding,"His obituary, <i>The Times</i> (11 March 1887), 8."
1789,Brudenell,James Thomas,,,,7th Earl of Cardigan,(1797-1868),army officer,
1790,Freke,,Major,,,,,witness at Jane Colborne\'s wedding,
1791,Hare,,Mr,,,,,guest at Jane Colborne\'s wedding,
1792,Matcham,George,,,,,(1789-1877),uncle of Alexander Montgomery Moore,
1793,Taylor,Henry,Sir,,,,(1800-1886),poet,
1794,Scott,Anne,,(de Burgh),,Countess of Clonmell,(1818-1872),sister-in-law of James Colborne,"She was the daughter of Ulysses de Burgh, 2nd Lord Downes of Aghanville.  She married (1838) John Henry Scott, 3rd Earl of Clonmell.  Her sister was married to CMY\'s cousin James Colborne."
1795,,Larkie,,,,,,probably a servant of the Colbornes,
1796,Penprase,Teresa,,(Sholl),,,(b.1791/2),neighbour of the Puslinch Yonges,"In the 1881 census Teresa Penprase was a widow living at Bain\'s Cottage, Newton Ferrars.  She had married (1818) at Newton Ferrars, Alexander Penprase (1787/8-1869)."
1797,Whately,Richard,The Right Rev.,,,,(1787–1863),"Archbishop of Dublin from 1831
",
1798,Whately,Jane,,,,,(1822–1893),philanthropist,
1799,Whately,Mary,,,,,(1824–1889),philanthropist,
1800,Pollen,John Hungerford,,,,,(1820-1902),artist,"Pollen converted to Roman Catholicism in 1852 and was appointed by Newman in 1854  professor of fine arts at the Catholic university, where he designed the university church, St. Stephen’s Green, consecrated in 1856.
See Suzanne Fagence Cooper, ‘Pollen, John Hungerford (1820–1902)’, Oxford Dictionary of National Biography, Oxford University Press, 2004. "
1801,Tupper,Martin,,,,,(1810-1889),poet,
1802,Paget,James,Sir,,1st Bt.,, (1814–1899),physician,He was created a baronet in 1871.
1803,Bigg Wither,Elizabeth Mary Bramston,,,,,(1817-1879),"sister of the Rev. William Bigg Wither and of Marianne Bigg Wither
",
1804,Yonge,James Edmund,,,,,(b.1843),"cousin of CMY, son of Vice-Admiral Edmund Yonge",
1807,,Ellen,Sister,,,,,a nun at Clewer,
1808,Shadwell,Helen Frances,,(Coleridge),,,(1829-1893),daughter of the Rev. Edward Coleridge,She married (1853) General Lawrence Shadwell (1823-1887).
1809,Payne,,Mr,,,,,leaving his horse,
1810,Brontë ,Charlotte,,,,,(1816-1855),novelist,
1811,Whitford,Samuel,,,,,,secretary of Great Ormond Street Hospital for Sick Children,
1812,Addison,Joseph,,,,,(1672-1719),writer,
1813,Miller,Hugh,,,,,(1802-1856),geologist,
1814,Helps,Arthur,Sir,,,,(1813-1875),writer,
1815,Neale,Sarah Norman,,(Webster),,,(1814-1873),wife of the Rev. John Mason Neale,
1816,Gream,Sarah Ann,,,,,(b.1808),"Superior of the Sisters of St. Margaret, East Grinstead",
1817,Bishop,Isabella Lucy,,(Bird),,,(1831-1904),travel-writer,
1818,Whewell,William ,,,,,(1794-1866),"professor of moral philosophy at Cambridge, 1838-1855, and Master of Trinity College 1841-1866. ",
1819,Edgeworth,Maria,,,,,(1767-1849),novelist,
1820,Laidlaw,Ellen,,(Brown),,,(1825/6-1860),former employee of Anne Sturges Bourne,"CMY refers in 1871 to [[person:2269]Margaret Elizabeth Laidlaw], daughter of [[person:2270]William Laidlaw], Anne Sturges Bourne\'s farm bailiff.  Margaret\'s mother is described as a former lady\'s maid.  Ellen Brown (b. Cranbrook, Kent 1825/6) was lady\'s maid to Sturges Bourne at the time of the 1851 census.  She married Laidlaw in the New Forest in 1852, and had several small children at the time of her death in the April quarter of 1860.  [1851 census; death and marriage registers]

"
1821,,Hannah,,,,,,schoolmistress from a bad home,
1822,Shelley,Blanche,,,,,,"Perhaps Blanche Shelley (b.1835/6) only child of Sir John Villiers Shelley, 7th Bt. (1808-1867) of Maresfield Park. ",
1823,Gatty,Alfred,The Rev.,,,,(1813-1903),"Vicar of Ecclesfield, husband of Margaret Gatty and father of Juliana Horatia Ewing",
1824,Gurney,Anna,,,,,(1795-1857),philanthropist,She was the subject of an essay by Sarah Austin in the first series of <i>Biographies of Good Women</i> (1862).
1825,Grant,Anne,,(MacVicar),,,(1755-1838),biographer,She was the subject of a biography in the first series of <i>Biographies of Good Women</i> (1862).
1826,Fry,Elizabeth,,(Gurney),,,(1780-1845),prison visitor,She was the subject of a biography by Ann Carter Smith in the first series of <i>Biographies of Good Women</i> (1862).
1827,Perthes,Caroline,,(Claudius),,,(1774-1821),,She was the subject of a biography by \'the author of Magdalen Stafford\' in the first series of <i>Biographies of Good Women</i> (1862).
1828,Martin,Sarah,,,,,(1791-1843),prison visitor,She was the subject of a biography by CMY in the second series of <i>Biographies of Good Women</i> (1865).
1829,Acland,Christian Henrietta Caroline,Lady,(Fox),,,(1750-1815),diarist,
1830,Carter,Elizabeth,,,,,(1717-1806),scholar and translator,She was the subject of a biography in the first series of <i>Biographies of Good Women</i> (1862).
1831,Seymour,Frances,,(Thynne),,Countess of Hertford,(1699-1754),,
1832,Baillie,Grisell,Lady,(Hume),,,(1665-1746),,She was the subject of a biography by CMY in the first series of <i>Biographies of Good Women</i> (1862).
1833,Godolphin,Margaret,,(Blagge),,,(1652-1678),,
1834,Hutchinson,Lucy,,(Apsley),,,(1620-1681),biographer,She was the subject of a biography by the \'author of Magdalen Stafford\' in the first series of <i>Biographies of Good Women</i> (1862).
1835,Fanshawe,Ann,,"(Harrison), Lady",,,(1625-1680),autobiographer,She was the subject of a biography by CMY in the first series of <i>Biographies of Good Women</i> (1862).
1836,More,Hannah,,,,,(1745-1833),writer ,
1837,Schuyler,Catalina,,,,,(1701-1778),subject of Anne Grant\'s <i>Memoirs of an American Lady</i>.,
1838,Lush,Vicesimus,The Rev.,,,,(1817-1882),"Archdeacon of Waikato, New Zealand, brother of Elizabeth Lush and father of Annie Lush.",
1839,Lush,Elizabeth,,,,,,sister of the Rev. Vicesimus Lush,
1840,Alexander,William,The Rt. Rev.,,,,(1824-1911),"Dean of Emly (1864) Bishop of Derry (1867), later (1896) Archbishop of Armagh; husband of the hymn-writer Mrs. Cecil Frances Alexander.",
1841,Edgeworth,Richard Lovell ,,,,,(1744-1817),"father of Maria Edgeworth, education theorist",
1842,Digby,Venetia,,"(Stanley), Lady",,,(1600-1633),,
1843,Boynton,Henry,Sir,,10th Bt.,,(1811-1869),relation (not uncle) of Mary Emily Simpson,
1844,Simpson,Francis,The Rev.,,,,," Vicar of Boynton, father of Mary Emily Simpson",
1845,Sieveking,Amalie,,,,,(1794-1859),philanthropist,She was the subject of a biography by Emily Taylor in the first series of <i>Biographies of Good Women</i> (1862).
1846,Freeman,Elizabeth,,,(also known as Mum Bett),,(1742-1829),anti-slavery campaigner,She was the subject of a biography by Emily Taylor in the first series of <i>Biographies of Good Women</i> (1862).
1847,Russell,Rachel,,"(Wriothesley), Lady",,,(1636-1723),,She was the subject of a biography by the \'author of Magdalen Stafford\' in the first series of <i>Biographies of Good Women</i> (1862).
1848,Swetchine,Sophia Petrovna,,(Soymanof),,,(1782-1857),Russian mystic,She was the subject of a biography by CMY in the first series of <i>Biographies of Good Women</i> (1862).
1849,Morata,Olimpia,,,,,(1526-1555),,She was the subject of a biography by CMY in the first series of <i>Biographies of Good Women</i> (1862).
1850,Kepler,Johannes,,,,,(1571-1630,astronomer,
1851,Handel,George Frideric,,,,,(1685-1759),composer,
1852,Wallace,William,,,,,(<i>c.</i>1272-1305),Scottish patriot,The \'new\' view of Wallace to which CMY refers in 1861 was perhaps the celebratory one which led to plans for a national monument.
1853,Bruce,Robert,,,,,(1292-1314),King of Scotland,
1854,Lindsay,Elizabeth,,(Dalrymple),,Countess of Balcarre,(1759-1816),,She was the subject of a biography by CMY in the first series of <i>Biographies of Good Women</i> (1862).
1855,Garibaldi,Giuseppe,,,,,(1807-1882),Italian nationalist,
1856,Gibbs,Louisa Anne,,(Adams),,,(d.1895),wife of Henry Hucks Gibbs,
1857,Halliwell,James Orchard,,,(later Halliwell-Phillipps),,(1820-1889),philologist,
1858,Benson ,Margaret ,,,,,(1865-1916),Daughter of the Rt. Rev. Edward White Benson,
1859,Faber,Frederic William,Father,,,,1814-1863,"hymn-writer, Roman Catholic convert",
1860,Moberly,Alfred,,,,,(b. Surrey 1835/6),nephew of the Rev. George Moberly,Described as retired major of infantry in the 1881 census. 
1861,Jackson,,Miss,,,,,novelist,
1862,Blackburn,Hugh,,,,,(1823-1909),"professor of mathematics at Glasgow University, husband of Jemima Blackburn",
1863,Ashwell,,Miss,,,,,"illustrator, perhaps a sister of the Rev. Arthur Rawson Ashwell?",
1864,Chandler,,Mr,,,,,friend of a would-be contributor,
1865,Bath Brick,,,,,,,"\'Bath Brick\' made her first appearance in  <i>MP</i> in May 1876 as a participant in the [[other:116]Spider] competitions, when she was commended for a life of the Cid.  In June 1876 she appears as ‘A Bath Brick’.  Requested to describe ‘A  Parish Church’  she chose Clevedon (September 1876): \'on one of the rounded headlands of the Bristol Channel, between Brean Down and Portishead, nestles the old parish church of C____ , dedicated to St. Andrew.\'  
In March 1879 she described Wrington in answer to \'Describe the most interesting place in your neighbourhood\'.  Therefore it seems reasonable to assume that she resided in north Somerset.  As well as being a regular contestant in the Spider competitions, Bath Brick was also a frequent correspondent of the magazine. She is mentioned in the poem written by Mary Anderson Morshead to commemorate the ending of the Spiders in March 1887.  Subsequently she took part in the Debateable Ground essay society. Her last appearance was in September 1896.

As to her identity, one possibility is that she was Emma Caroline Scarth (Bath 1850-?1921), younger daughter of the Rev. Harry Scarth, Rector of Wrington. ",
1866,Kerr,Thomas,The Rev.,,,,,missionary in Melanesia,"There are details of his career, which has obscure patches, in the BLAIN BIOGRAPHICAL DIRECTORY of Anglican clergy in the South Pacific att www.anglicanhistory.org/nz/blain_directory/directory.pdf"
1867,Pritt,Lonsdale,The Rev.,,,,(1821/2-1885),missionary in Melanesia,He subsequently worked as a clergyman in New Zealand and became Archdeacon of Waikato.  See www.anglicanhistory.org/nz/blain_directory/directory.pdf
1868,Dudley,Bemjamin Thornton,The Rev.,,,,(1838-1901),missionary in Melanesia,He was subsequently Archdeacon of Auckland.  See www.anglicanhistory.org/nz/blain_directory/directory.pdf
1869,Sherwood,Mary Martha,,(Butt),,,(1775-1851),,
1870,La Beaune,Mary  ,,,,,(b. Middlesex 1820/1),"schoolmistress in Otterbourne in the 1860s, with her niece Mary Adams",
1871,Herbert,Lucy,,(Graham),,Countess of Powis,(1793-1875),"wife of 2nd Earl of Powis, mother of Lady Lucy Herbert",
1872,Colenso,John William,The Rt. Rev.,,,,(1814-1883),"Bishop of Natal, ",
1873,Grey,George,Sir,,,,(1812-1898),"Governor of New Zealand 1845-53 and 1861-8, and of Cape Colony 1854-61",
1874,Tennyson,Alfred,,,,1st Lord Tennyson,(1809-1892),poet,
1875,Aytoun,William Edmonstone,,,,,(1813-1865). ,poet,
1876,,Albert Edward,,,,,(1841-1910),King of Great Britain as Edward VII,
1877,,Alexandra Caroline Marie Charlotte Louise Julia,,,,,(1844-1925),"Queen consort of Great Britain, wife of Edward VII",
1878,Gilbert,Elizabeth Margaretta Maria,,,,,(1826-1885),campaigner for the blind,"The blind daughter of a bishop, she had founded the Association for Promoting the General Welfare of the Blind, starting with a school in Holborn in 1854;  see Gordon Goodwin, ‘Gilbert, Elizabeth Margaretta Maria (1826–1885)’, rev. Kenneth R. Whitton, Oxford Dictionary of National Biography, Oxford University Press, 2004.  
 "
1879,Austin,Sarah,,(Taylor),,,(1793–1867),"writer and translator, contributor to <i>Biographies of Good Women</i> (1862)",
1880, de Mornay,Charlotte ,,(Arbaleste de la Borde),,,(1550-1606),"biographer, wife of Philippe de Mornay, known as Duplessis Mornay",She was the subject of a biography by Emily Taylor in the second series of <i>Biographies of Good Women</i> (1865).
1881,Roper,Margaret,,(More),,,(1505-1544),daughter of Sir Thomas More,"She was the subject of a biography by \'F. C. D.\' , said by CMY to be a descendant, in the second series of <i>Biographies of Good Women</i> (1865)."
1882,Dundas,Elizabeth,,(Mackenzie),,,(d.1858),"sister of Anne Mackenzie, wife of George Dundas, Lord Manour (1802-1869)",
1883,Mackarness,Charles Coleridge,The Rev.,,,,(1850-1918),,
1884,Palmer,John,The Rev.,,,,(1837-1902),missionary to Melanesia,"See Blain, <i>Biographical Dictionary of Anglican Clergy in the South Pacific</i>, at http://anglicanhistory.org/nz/blain_directory/directory.pdf"
1885,Manning,Charles Augustus ,Captain,,,,(b.1800/1),Lord Lieutenant of the Isle of Wight and Governor of Portland Castle,
1886,Carter,Owen Browne,,,,,1802/3-1859),architect,"Carter was employed to draw plans for the church of St. Matthew Otterbourne, though CMY always maintained that her father did most of the work.  He was a Winchester architect, and worked on the restoration of the cathedral.  In 1856 he was accused, but acquitted, of forgery.  His obituary speaks darkly of eccentricities and a death in poverty.  [<i>Hampshire Advertiser</i> (9 February 1856) 6; <i>Salisbury Guardian</i> (2 April 1859) 4.]"
1887,Colson,John,,,,,(1820-1895),architect,"A Winchester architect, he seems to have disagreed with CMY about the extent to which O. B. Carter, rather than WCY, was responsible for the design of the church of St. Matthew, Otterbourne.

See Brenda Poole, <i>John Colson: A Hampshire Architect of the Victorian Age</i> (Winchester: Hampshire Record Office 2000)."
1888,Repton,,,,,,,"involved in the design of St. Matthew, Otterbourne",
1889,Patteson,Frances Duke,,(Coleridge),,,(d.1842),wife of Sir John Patteson and sister of Sir John Taylor Coleridge,
1890,Martyn,Thomas Waddon,The Rev.,,,,(1808-1846),Rector of Lifton and Vicar of Thorverton,"He married Sophia Coleridge, niece of Sir John Taylor Coleridge.  Their daughter Paulina was a member of the Gosling Society."
1891,Hornby,John James,,,,,(1868-1884),headmaster of Eton College 1868-1884,"He was at Eton and at Balliol College, Oxford, with the Rt. Rev. John Coleridge Patteson, and was consulted by CMY when writing the latter\'s biography."
1892,Coleridge,James Duke,The Rev.,,,,(1789-1857),Rector of Thorverton,He was eldest brother of Sir John Taylor Coleridge and father of Sophia (Coleridge) Martyn. [ODNB]
1893,Prichard,,,,,,,friend of Edward and Mary Coleridge,The Mrs Pritchard or Prichard referred to in letters to the Rev. Edward Coleridge and his wife Mary is assumed to be one person.
1895,Heitland,Margaret ,,(Bateson),,,(1860-1938),"Editor of <i>The Queen</i> magazine, suffragist.
",She married in 1901.
1896,Brandt,Francis,,,,, (1839/40-1925),"contributor to <i>MP</i>, judge of the High Court of Madras",See <i>Alumni Oxonienses</i> ; his  obituary <i>The Times</i> (18 July 1925) 14.  He is remembered by cricketers: www.cricinfo.com.
1897,Brandt,Emily Charlotte,,,,,(1835-1926),sister of Francis Brandt,
1898,Brandt,Margaret Sophia,,,,,(1831/2-1892),sister of Francis Brandt,
1899,Brandt,Margaret Adelaide,,,,,(1845/6-1904),sister of Francis Brandt,
1900,Coleridge,Derwent,The Rev.,,,,(1800-1883),"younger son of the poet, father of Christabel Coleridge",
1902,,Richards,Mrs,,,,,schoolmistress,
1903,Macmillan,William Alexander,,,,, (1864–1966),youngest son of Alexander Macmillan,
1904,Willoughby,George Dobson,Lieutenant,,,,(1828/9-11 May 1857),"The text of his memorial in Bath Abbey is at http://glosters.tripod.com/IM8.htm

\'Sacred to the memory of George Dobson Willoughby, 1st Lieut. Bengal Artillery and Commissary of Ordnance at Delhi, aged 28 years. As a brave and zealous soldier he stood firm in defence of his post intrusted to him, and when resistance failed blew up the Delhi Magazine on 11 May 1857 to prevent its falling into the hands of the mutineers and rebels. Burnt and wounded he subsequently fell a prey to insurgents. This tablet is erected by his sorrowing relatives.\'

CMY included his story in <i>A Book of Golden Deeds</i>, having read about him in <i>The Times</i>.",
1905,Yonge,Catharina,,(Crawley),,,(1753-1842),paternal grandmother of CMY,"She married (1777) the Rev. Duke Yonge, Vicar of Cornwood.  She was daughter of Sir Thomas Crawley Boevey, 2nd Bt. (1745-1818).  "
1906,Barker,Frederic,The Rt. Rev.,,,,(1808-1882),"Anglican Bishop of Sydney, Australia (1854-1882)",
1907,Nobbs,Edwin,,,,,(d.1864),Melanesian missionary,"He was the son of the Rev. George Nobbs, who ministered to the Pitcairn community at Norfolk Island.  He was killed with arrows on the island of Santa Cruz along with Fisher Young. "
1908,Young,Fisher,,,,,(d.1864),Melanesian missionary,"He was a native of the Pitcairn community living on Norfolk Island, and was killed with arrows on Santa Cruz Island, along with Edwin Nobbs."
1909,Coxwell,,Mr,,,,,,
1910,Bridges,,Miss,,,,,invalid,
1911,Millais,John Everett,Sir,,1st Bt.,,(1829-1896),painter,"He married (1856) Euphemia Chalmers (Gray) Ruskin, whose marriage to John Ruskin had been annulled on grounds of non-consummation.  He was created 1st baronet in 1885."
1912,Holman Hunt,William ,,,,,(1827-1910),painter,
1913,Bonham Carter,Joanna Hilary,,,,,(1821-1865),cousin of Florence Nightingale,Several of her portraits of Nightingale were engraved and circulated widely.
1915,Kane,Elisha Kent,Dr,,M.D.,,(1820-1857),"physician, Arctic explorer",CMY included Dr Kane in <i>A Book of Golden Deeds</i> though she calls him Dr. Edward Kane.
1916,O’Donovan,John,,,,,(1809-1861),"Celticist


",
1917,Pughe,William Owen,,,,, (1759-1835)," lexicographer and mediaevalist.

",
1918,Freytag,Gustav,,,,, (1816-1895),German novelist and historian,
1919,Calvert,Mary,,(Fowler),,,(1814-1882),"missionary in Fiji

","She was the wife of the Methodist missionary James Calvert (1813-1892), who worked in Mbau in the 1850s.  With Mrs Richard Lyth she pleaded for the lives of 14 women who were to be killed and eaten.  The incident is described in James Calvert, <i>Fiji and the Fijians</i> (London : Alexander Heylin, 1858, rpt. Suva: Fiji Museum 2003)  Chapter 8, 290-1.
"
1920,Lyth,,Mrs,,,,,missionary in Fiji,"She was wife of the medical missionary Richard Burdsall Lyth (1810-1887).  The incident when she and Mary (Fowler) Calvert successfully pleaded for the lives of 14 women who were to be killed and eaten is described in James Calvert, <i>Fiji and the Fijians</i> (1858, rpt Suva: Fiji Museum 2003) 290."
1921,,Anne-Paule-Dominique,,(de Noailles),,marquise de Montagu,, (1766-1839),
1922, Montagu,"Anne-Paule-Dominique, Marquise de",,(de Noailles),,,(1766-1839),,
1923,Otté,Élise Charlotte,,,,,(Denmark <i>c.</i> 1820-1903 Surrey),writer and translator ,She was the author of <i>Scandinavian History</i> (London: Macmillan 1874).
1924,Hughes,Thomas,,,,,(1822-1896),author of <i>Tom Brown\'s School Days</i>.,
1925,Eastlake,Elizabeth,,"(Rigby), Lady",,,(1809-1893),critic,She married the painter Charles Lock Eastlake in 1849;  he was knighted in 1850.
1926,Grant,Francis,Sir,,,,(1803-1878),painter,He was knighted in 1866.
1927,Millais,Euphemia Chalmers,,(Gray),,,(1828-1897),,"She married first (1846) John Ruskin and, after the annulment of that marriage on grounds of non-consummation, secondly (1856), John Everett Millais. He was created 1st baronet in 1885."
1928,Boxall,William,,,,,(1800-1879),Director of the National Gallery,
1929,Vaughan,Catherine Maria,,(Stanley),,,(1821-1899),"editor, wife of the Rev. C. J. Vaughan ",
1930,Bell,George,,,,,(1814-1890),"publisher, of George Bell & Sons, and of Bell & Daldy",
1931,Arbesser,Rose,,,,,,German governess to Princess Margherita of Savoy,"Identified from the letter quoted by Coleridge, <i>Life</i>, 348-50."
1932,Wilson,George,Dr,,,,(1818-1859),"chemist, museum director and science writer","CMY had probably read John Cairns, \'The late Dr. George Wilson, of Edinburgh\' <i>Macmillan\'s Magazine</i> I (1860) 199-203."
1933,Sutcliffe,James,,,,,(d.1878),"Principal of the Hindu (later Presidency) College Calcutta 1852-76, and Director of Public Instruction for Bengal 1876-78","He wrote to CMY about the publication in India of <i>Landmarks of History: Ancient History</i>, and his handwriting was so bad that she mistook his name for Ratcliffe.

British Library OIOC MSS Eur Photo Eur 232 consists of copies of letters from James Sutcliffe to his mother and family in England. "
1934,Helmore,Kate Wilson,,(Pridham),,,(1816/7-1886),mother of Katherine Olive Helmore,"She was the wife of the Rev. Thomas Helmore (1811-1890), Precentor of St. Mark\'s College Chelsea and master of the choristers of the Chapel Royal, and her sister was married to Derwent Coleridge. "
1935,Livingstone,David,Dr,,,,(1813-1873),missionary and explorer,
1936,Hemans,Felicia Dorothea,,(Browne),,,(1793-1835),poet,
1937,Appleton,William Henry,,,,,(1814-1899),"American publisher, of Daniel Appleton and Co.",
1939,Cleveland,Sarah Paine,,(Perkins),,,(d.1893),mother of Eliza Callahan Cleveland,"Mother and daughter were friends of Elizabeth Sewell\'s; see her autobiography (1907), 159, 208. See also <i>A Selection from the Writings of Henry R. Cleveland, with a Memoir</i> (Boston: private distribution 1844).  She married Henry Russell Cleveland (1808-1843) in 1838 and they had one daughter (b. 1839).  She was the sister of the art collector Edward Newton Perkins (1820-1899) and she and her daughter were with him in Perugia in 1859 when they were attacked by local revolutionaries, causing a diplomatic incident.

A large collection of their papers is in the New York Public Library."
1940,Kingsley,Henry,,,,,(1830-1876),"novelist, brother of Charles Kingsley",
1941,Humiston,Amos,Sergeant,,,, (1830-1863),Union soldier killed at the battle of Gettysburg,"Drew Gilpin Faust, <i>This Republic of Suffering: Death and the American Civil War</i> (New York: Vintage 2008), 11, describes the currency of this story: \'A dead Yankee soldier at Gettysburg was found with an ambrotype of three children \\""tightly clasped in his hands.\\"" The ultimately successful effort to identify him created a sensation, with magazine and newspaper articles, poems, and songs celebrating the devoted father, who perished with his eyes and heart focused on eight-year-old Franklin, six-year-old Alice, and four-year-old Frederick.\'

"
1942,Townsend,Meredith,,,,,(1831-1911),editor of the <i>Friend of India</i> in Calcutta 1853-9; editor of the <i>Spectator</i> 1861-98,
1943,Trevelyan,George Otto,Sir,,2nd Bt.,,(1838-1928),historian,
1944,Reid,Thomas Mayne,Captain,,,,(1818-1883),author of adventure stories for boys from 1850,
1945,Macmillan,Malcolm Kingsley,,,,,(1852-1889),eldest son of Alexander Macmillan,
1946,Macmillan,George Augustin ,,,,,(1855-1936),second son of Alexander Macmillan,
1947,Brooke,,Mr,,,,,lithographer,
1948,McDougall,Francis Thomas,The Rt. Rev.,,,,(1817–1886),Bishop of Labuan and Sarawak,He married Harriette Bunyon in 1843. He returned to England in the late 1860s and eventually became a Canon of Winchester Cathedral. 
1949,McDougall,Harriette,,(Bunyon),,,(1818–1886) ,missionary in Sarawak,"She married (1843) Francis Thomas McDougall.

She was author of  <i>Sketches of our life at Sarawak</i> (1882) and the subject of a 1911 biography by Mary Eliza Bramston.  Her husband was a canon of Winchester and CMY may have met her.
"
1950,Richardson,John ,Sir,,,,(1787–1865),"physician and Arctic explorer, father of Sarah Harriet Selwyn",
1951,Jowett,Benjamin,The Rev.,,,, (1817–1893) ,"Master of Balliol from 1870, liberal theologian",
1952,Robertson,Henrietta,,,,,(d.1864),missionary in Africa,"She was first married to a Mr Woodrow, and then to the Rev. R. I Robertson, who worked with Charles Frederick Mackenzie in central Africa.

Henrietta Robertson was the subject of  Anne Mackenzie\'s book [[otherbook:417]<i>Mission Life among the Zulu-Kafirs: Memorials of Henrietta Robertson wife of the Rev. R. Robertson compiled chiefly from letters and journals written to the late Bishop Mackenzie and his sisters</i>] (Cambridge: Deighton 1866) and she also figures in CMY’s [[cmybook:90]<i>Pioneers and Founders, or, Recent Workers in the Mission Field</i>]  (London: Macmillan 1871)."
1953,Robertson,R. I.,The Rev.,,,,,"missionary in Africa, husband of Henrietta Robertson",
1955,Heathcote,Elizabeth Mary,,(Deane),,,(1829/30-1892),widow of the Rev. William Beadon Heathcote ,"She had married in 1852, and died his widow.  She seems to have become a Roman Catholic."
1956,Herbert,Elizabeth Mary,,"(A Court), Lady Herbert",,,(1822-1911),"widow of Sidney, 1st Lord Herbert of Lea","She converted to Rome in January 1866, but rumours seem to have been circulating."
1957,,,,,,,,,
1958,Hudson,Charles,The Rev.,,,,(1828-1865),"Vicar of Skillington, Lincolnshire",He was a well-known mountaineer who had died in July 1865 while climbing the Matterhorn. His wife was Emily Antoinette Mylne.
1959,Hudson,Emily Antoinette,,(Mylne),,,,widow of the Rev. Charles Hudson,
1960,Eyre,Edward John,,,,,(1815-1901),explorer and Governor of Jamaica,
1961,Longfellow,Henry Wadsworth,,,,,(1807-1882),American poet,
1962,Jacson,Mary Beatrice,,,,,(b.Lancs.1850/1),"Associate of the G. F. S., living in Otterbourne.",
1964,Williams,Edmund Sydney,,,,,(1817-1891),"partner in Williams and Norgate, publishers specializing in foreign books",
1965,Gaskell,Elizabeth Cleghorn,,(Stevenson),,,(1810-1865),novelist,
1967,Bone,Martha,,,,,"(b.Wickham, Hants. 1832/3)",cook at Hursley Vicarage during the 1861 census,
1968,Blage,Ann,,,,,"(b.Marden, Kent 1835/6)",housemaid at Hursley Vicarage during the 1861 census.,"The name looks like Blage in the census return, but it may be a mistake because this person is hard to identify in any other record."
1969,Burrows,Henry William,The Rev. ,,,,(1815/6-1892),"Vicar of Christ Church, Albany Street, later Canon of Rochester",
1970,Hotaswol,Walter,,,,,(d. 1867),"Christian convert, a native of Motlav or Mota Lava in Vanuatu",
1971,Harrison,Thomas Elliot,,,,,(1808-1888),"railway engineer, husband of Sophia Jane Collinson",
1972,Carlyle,Thomas ,,,,,(1795-1881),historian and critic,
1973,Wheeler,Frances,,,,,,"headmistress of St. Michael\'s School, Bognor 1866-1895",
1974,Roscoe,Thomas,,,,,(1791-1871),historian,
1975,Tagalana,Henry,The Rev.,,,,(<i>c.</i>1849-1901),missionary in Melanesia,"Henry Tagalana\'s story was one of the elements omitted from the revised version of CMY\'s biography of Patteson.  His premarital relationship with his betrothed was a subject of much agonizing by Patteson.  For more details of his career see

See Blain, <i>Directory of Anglican Clergy in the Pacific</i> at http://anglicanhistory.org/nz/blain_directory/"
1976,Coleridge,Mary Simpson,,(Pridham),,,(1808-1887),"mother of Christabel Coleridge, wife of the Rev. Derwent Coleridge",
1977,Blake,William,,,,,(1757-1827),poet and visionary,
1978,Norton,Caroline Elizabeth Sarah,,(Sheridan),,,(1808-1877),poet and novelist,
1979,Atkin,Joseph,The Rev.,,,,(1844-1871),missionary and martyr,"Died of wounds just after the death of Bishop Patteson.  See Blain, <i>Biographical Dictionary of Anglicans in the Pacific</i>"
1980,Sarawia,George ,The Rev.,,,,(1845-1901),missionary,When he was ordained in 1873 he became the first Melanesian to be ordained a priest.  He came from Mota.
1981,Brooke,Charles Hyde,The Rev.,,,,(1841-1926),missionary in Melanesia,"See Blain, <i>Biographical Directory of Anglican Clergy in the South Pacific</i> at www.anglicanhistory.org/nz/blain_directory.pdf"
1982,Wilbraham ,Sibylla,,(Egerton),,,(1780/1-1868),mother of Frances Wilbraham and Richard Wilbraham,
1983,Robbins,Sarah Cook,,(Stuart),,,(1817-1910),American writer,
1984,Guérin du Cayla,Eugénie de ,,,,,(1805-1848),diarist,
1985,Guérin du Cayla,Georges Maurice de,,,,,(1810-1839),poet,
1986,Nobbs,George Hunn,The Rev.,,,,(1799-1884),chaplain to the Pitcairn community on Norfolk Island,
1987,Stanley,Arthur Penrhyn,The Very Rev.,,,,(1815-1881),"Dean of Westminster, theologian",
1988,La Ferronnays,Alexandrine de,,(d\'Alopeus),,,(1808-1848),,
1989,Strachey,Edward ,Sir,,3rd Bt.,,(1812-1901),,
1990,Peabody,George,,,,,(1795-1869),American philanthropist,"He was born in Danvers (later Peabody), Mass., U.S.A.."
1991,Rivington,Francis Hansard,,,,,(1834-1913),publisher,"In her ODNB article on the Rivington family, Barbara Laning Fitzpatrick observes that Francis Hansard Rivington dealt with the theological side of the busness, so it is presumably he to whom CMY refers."
1992,Low,Sampson,,,jr.,,(1822-1871),publisher and compiler of <i>The Charities of London</i>,
1994,Eliot,George,,,,,(1819-1880),novelist,
1995,Humbert,Lewis Henry De Blois,,,,,(1856/7-1867),"son of the Rev. Lewis Humbert, Warden of St. Cross Hospital","<i>The Hampshire Telegraph</i> (11 May 1867) recorded his death aged 10 years.
"
1996,Young,Harry Gavin,,,,,(b.Scotland 1854/5),"son of the Rev. James Gavin Young, Vicar of Hursley",He was at Uppingham School during the 1871 census and subsequently served in the Indian Police.
1997,,Arthur,Prince,,,,(1850-1942),"Duke of Connaught, son of Queen Victoria",
1998,Scroggs,Sydney Malet,The Rev.,,,,(1824/5-1893),curate of Kingsteignton,"He was one of the six former curates of Keble who carried his coffin.  He is listed in the 1861 census as curate of Pitt.  He is listed in the 1871 census as curate of Kingsteignton, Devon.  He married Emma Frances Stephens (1824/5-1876) in 1858."
1999,Scroggs,Emma Frances,,(Stephens),,,(1823.4-1876),"wife of the Rev. Sydney Scroggs, curate of Pitt, Hursley, and subsequently of Kingsteignton",
2001,Manning,Miss,,,,,,recipient of a letter from CMY,"She may be the novelist Anne Manning, but there is little firm evidence."
2002,Sarawia,Sara,,,,,(d.1873),wife of the Rev. George Sarawia,
2003,Wogale,Edward ,,,,,(before 1849-<i>c.</i> 1880),"brother of the Rev. George Sarawia, Melanesian missionary","See Blain, <i>Biographical Dictionary of Anglicans in the Pacific</i> at http://anglicanhistory.org/nz/blain_directory/"
2004,Pantatun,Robert,,,,,(d.1910),Melanesian missionary,"According to Blain\'s directory he was born in 1869, but this seems inconsistent with other evidence.  He was the brother of Fisher Pantatun.
See
http://anglicanhistory.org/nz/blain_directory/

Patteson married him to Emily Milerauwe."
2005,Pantatun,Fisher,,,,,,Melanesian missionary,brother of Robert Pantatun
2006,Terle,,Miss,,,,,,
2008,Eyre,,Miss,,,,,author of an MS novel called <i>Gabrielle and her Guardians</i>,
2009,Hutchinson,Maria Elizabeth,,(Latham),,,(1832/3-1869),stepsister of Margaret Eliza Roberts and sister of Diana Latham,"She married (1851) the Rev. Charles Henry Hutchinson (1823/4-1896), Vicar of West Dean, Sussex, and had at least eight children.  "
2010,Erle,,Miss,,,,,"invalid, perhaps named Margaretta",
2011,Jones,Agnes,,,,,(1832- 19 February 1868),lady superintendent of the Liverpool Workhouse Infirmary.,
2013,,Hundulu,,,,,,pupil of the Rt. Rev. Coleridge Patteson,
2014,Davies,Sarah Emily,,,,,(1830-1921),campaigner for women\'s education,
2016,Dyson,Charlotte Elizabeth,,,,,(Tidworth 1820/1-1886),"niece of Mary Anne Dyson, invalid","CMY describes this person as daughter of the Rev. Francis Dyson, Rector of Tidworth.  He had two daughters, who were both resident in Malvern in 1851, 1861 and 1871.  It has been assumed that CMY refers to the elder, and not to his younger daughter Frances Letitia Dyson (1829/30-1903)."
2017,Twemlow,Francis Randle,,,,,(1852-1908),"nephew of Fanny Wilbraham, pupil at Winchester College",Son of the Rev. Francis Cradock Twemlow and Charlotte Wilbraham;  he went to Winchester College in 1866;  he later joined the army and served in the Boer War.
2018,Jacob,Philip ,The Ven. Canon,,,,(1802/3-1884),"father of Edith Jacob, Rector of Crawley and Archdeacon of Winchester"," Daughter of the Venerable Canon Philip Jacob (1802/3-1884), rector from 1831 of Crawley with Hunton, north-west of Winchester, and canon and (from 1860) Archdeacon of Winchester,"
2019,Jacob,George Le Grand,Major-General Sir ,,,,(1805-1881),uncle of Edith and Gertrude Jacob,
2020,Hodson,Elizabeth ,,,,,,sister in charge at King\'s College Hospital,
2021,Collinson,Amelia,,(King),,,,mother of Sophia Jane Harrison,"The friendship between the Collinsons and CMY\'s mother\'s family is described by her in Coleridge, <i>[[otherbook:40]Life]</i> 31-2;  and also in the account she wrote of the novels of Julia (Collinson) Stretton (daughter of Amelia Collinson) in <i>[[cmybook:244]Women Novelists of Queen Victoria\'s Reign]</i>."
2022,Brownlow,Katharine Charlotte,,(Harrison),,,(1868-1955),"goddaughter of CMY, daughter of Thomas Elliot Harrison and Sophia Jane Collinson",She married (1894) the Rev. Harold Arthur Brownlow.
2023,Arnold,Thomas,,,Jr.,,(1823-1900),"son of Dr. Arnold of Rugby, father of Mary Augusta Ward",
2024,Latham,Mary Grace ,,,,,(1851-1937),"sister of Diana Latham, daughter of Dr Peter Mere Latham",CMY would have known about the Lathams because her friend Margaret Eliza Roberts was their uncle\'s stepdaughter.
2025,Llewellyn,,Miss,,,,,an unidentified aspirant member of the Gosling Society,
2026,Bice,Charles,The Rev.,,,,(1844-1922),"Melanesian missionary, later Vicar of Murrurundi, NSW","See Blain, <i>Biographical Dictionary of Anglicans in the Pacific</i> at http://anglicanhistory.org/nz/blain_directory/directory.pdf"
2027,Macrorie,William Kenneth,The Rt. Rev.,,,,(1831-1905),Bishop of Maritzburg,
2028,Street,George Edmund,,,,,(1824-1881,architect,
2029,Forrest,,Miss,,,,,contributor to <i>MP</i> as \'FF\' (1869?).,
2030,Wilcox,Mary Anne,,(Marwood),,,(1813-22 March 1870),"mother of Margaret Wilcox, half-aunt of Lewis Carroll","She married (1834) William Wilcox (1801-1872) and had 14 children.  She was a daughter of Lucy (Hume) Dodgson, Lewis Carroll\'s grandmother, by her second marriage."
2031,Melon,,Madame,,,,,,
2032,Michel,Francisque,,,,,(1809-1887),French author and translator, His translations of Tennyson included <i>Viviane</i> (1868) and <i>Genièvre</i> (1868).
2033,Monckton Milnes,Richard,,,,1st Lord Houghton,(1809-1885),writer and politician,
2034,Curteis,,Mrs.,,,,,author of \'Mrs. Twitch\',"\'Mrs. Twitch\' was a story, signed R. L. C., published in <i>MP</i> (June 1869) 606-12, which gave rise to a query answered in (October 1869) 415.  Two later stories, also about Mrs Twitch and presumably by the same author, were \'Pin-Baskets\' (June 1875) 639-646, and \'True and Just in All My Dealings\' (September 1881) 300-3.  \'St. Canace\'s Jackdaw\' was a poem, published in <i>MP</i> (August 1869) 140-1.  The other stories mentioned in CMY\'s letter to Mrs Curteis have not been traced.  

"
2035,,Isabella,,,,,(1830-1904),Queen of Spain 1833-1870,
2036,,Maria Luisa Fernanda,,,,,(1833-1897),Infanta of Spain,
2037,Peel,Robert ,Sir,,2nd Bt.,,(1788-1850),Prime Minister of Great Britain 1834-5 and 1841-6,
2038,,Louise Marie Adelaide Eugènie d’Orléans,,,,, (1777-1847),"princess of France, sister of Louis Philippe",
2039,,Louis Philippe,,,,,(1773-1850),"King of France 1830-1848

",
2040,,Maria Carolina,,,,,(1752-1814),"queen consort of Naples, mother of Queen Marie Amèlie of France",
2041,,Maria Antonietta,,,,,(1814-1898)," princess of the Two Sicilies, wife of Leopold II, Grand Duke of Tuscany.",
2042,,Ferdinand I,,,,,(1851-1825),King of the Two Sicilies,
2043,Nelson,Horatio,,,,1st Viscount Nelson,(1758-1805),naval hero,
2044,Gouvion,Laurent,,,,,(1764-1830),"Marshal of France, Marquis de Gouvion-Saint-Cyr ",
2045, Pélissier,Aimable Jean Jacques,,,,,(1794-1864),"Marshal of France, Duc de Malakoff ",
2046,Hugonin,Flavien-Abel-Antoinin,,,,,(d.1898),Bishop of Bayeux from 1866 to his death. ,
2047,Guizot,Maurice Guillaume,,,,,(1833-1892),son of Guizot,
2048,Buffham,Mary Ann,,,,,,ladies\' maid to Anne Sturges Bourne at the time of the 1871 census,
2049,Rogers,,Mr,,,,,probably a Plymouth physician,
2050,Bewick,John ,,,,,,"engraver of <i>Blossoms of Morality</i>, brother of the engraver Thomas Bewick",
2051,Huard,Louis,,,,,(1813-1874,French illustrator,Among other works he illustrated the Keary sisters <i>[[otherbook:534]The Heroes of Asgard]</i>.
2052,Dundas,Elizabeth Christian,,,,,(1841-1923),niece of Anne Mackenzie,She was living near Bedford with her sister Helen in the 1881 census.
2053,Dundas,Helen Anne,,,,,(b.1847),niece of Anne Mackenzie,
2054,Dundas,Katherine Louisa,,,,,(b.1849),niece of Anne Mackenzie,She was working as a Sister of Mercy at Cowley in the 1881 census.
2055,Arnold,Sarah,,(Vine),,,(Otterbourne 1821/2-1896),wife of James John Arnold,
2056,Moor,John Frewen,,,,,(b.1855),"son of the Rev. John Frewen Moor, Vicar of Ampfield",
2057,Yonge,Jane Ley,,(Bennett),,,(1807/8-1881),known as \'Aunt Edmund\',"She married (1835) Vice-Admiral Edmund Yonge, R.N. (1795-1868), younger brother of the Rev. John Yonge of Puslinch and cousin of CMY\'s father."
2058,Young,Anna,,(Thorp),,,(1824/5-1900),"wife of the Rev. James Gavin Young, Vicar of Hursley",She married in 1849.
2059,Pasvorang,William ,,,,,,"Melanesian missionary, a native of Rowa in the Banks Islands",
2060,Sawa,Marsden,,,,,,Melanesian missionary,He and his wife worked on Mota.  <i>Mission Field</i> (1874)
2061,Pantatun,Emily,,(Milerauwe),,,,wife of [[person:2004]Robert Pantatun],
2062,Pasvorang,Lydia,,(Lastitia),,,,wife of [[person:2059]William Pasvorang],
2063,Sawa,Rhoda,,(Titrakrauwe),,,,"missionary on Mota, wife of [[person:2060]Marsden Sawa]",
2064,Palmer,Sarah Matilda,,(Ashwell),,,(1841-1874),Melanesian missionary,She married (1868) her first cousin the Rev. [[person:1884]John Palmer].
2065,Pantatun,Charlotte,,,,,,wife of [[person:2005]Fisher Pantatun],She was married to Fisher Pantatun by Patteson (2 July 1868).  She was named after CMY.
2066,Vassil,Benjamin,,,,,,Melanesian missionary on Mota,He was married by Patteson to his wife Marion on 2 July 1868.
2067,Vassil,Marion,,,,,,"wife of [[person:2066]Benjamin Vassil], missionary on Mota",
2068,Woleg,Charles,,,,,,"Melanesian missionary, brother of George Sarawia",
2069,Woleg,Ellen ,,,,,,presumably wife of [[person:2068]Charles Woleg]?,
2070,Parnell,Ann,,,,,(b. Cornwall 1828/9),nurse to CMY\'s nephews and nieces,She is found at Otterbourne House in the censuses of 1861 and 1871.
2071,Kelsey,H. W. ,,,,,,"grocer, Mayor of Winchester in 1869",
2072,Rogers,Marcella,,,,,(b. Cork 1810/11),"mother of [[person:253]Hannah (Rogers) Yonge, later Carey]",[1871 census]
2073,Crawley,Charlotte Elizabeth,,,,,(b.1818),sister of [[person:1180]Augusta Pode] and [[person:899]Kate Low],
2074,Chambers,George H.,,,,,, chairman of the committee of the training ship Worcester, [<i>The Times</i> 29 September 1874]
2075,Baker,Harriet Emma Lockhart,,(Cox),,,(1824/5-1909),possibly the Mrs Baker whose paper on New Zealand CMY turned down ,"Although there is little evidence, the most likely candidate is this person, wife of the Rev. Arthur Baker (1816-1868), who returned from New Zealand under a cloud in 1859, the year of his marriage to Harriet Cox, sister of one of W. J. Butler\'s curates at Wantage.

[Blain, <i>[[otherbook:576]Biographical Directory of Anglicans in the Pacific]</i>]"
2076,Herbert,Edward James ,,,,3rd Earl of Powis,(1818-1891),,
2077,Blunt,Alexander Colvin,The Rev. Canon,,,,,Rector of Millbrook from 1866,"He married (27 June 1865) Lady Susanna Nelson.

 [<i>Jackson’s Oxford Journal</i>, 30 December 1865)]
"
2078,Holbeche,Helen,,,,,(1821-1895),contributor to <i>MP</i>,"An article signed \'H\', \'Blindness its Trials and Blessings\' <i>MP</i> (July 1861) 91-99, described several blind people, including a homeless, friendless orphan girl, and for the next few months acknowledgments of donations for the \'Blind Girl\' appear frequently in the magazine.  The letter to Miss Holbeche implies she was the author. The identity of Helen Holbeche of Sutton Coldfield with this Miss Holbeche is confirmed by <i>God is love, or, Memorials of Little Nony</i>(London: Nisbet 1883) 84. "
2079,Barlow,,Miss,,,,,,
2080,Yonge,John Harry,,,,,(1852-1934),"cousin of CMY, solicitor, brother of [[person:1588]Charlotte Fortescue Yonge]",He married (1883) Emma Caroline Isabel (or Isabella) Sherlock (1861-1917).  <i>Burke\'s Landed Gentry</i> calls him John Henry Yonge.
2081,Yonge,Emma Caroline Isabella,,(Sherlock),,,(1861-1917),sister-in-law of [[person:1588]Charlotte Fortescue Yonge],"She married (1883) [[person:2080]John Henry or Harry Yonge] (1852-1934), solicitor, son of CMY\'s first cousin the Rev. John Eyre Yonge."
2082,Talbot,Lavinia,The Hon.,(Lyttelton),,,(1849-1939),supporter of the education of women,
2083,Bigge,Matthew R.,,,,,,,
2084,Anderson Morshead,Mary,,(Fearon),,,(1843/4-1933),wife of Edmund Anderson Morshead,"Obituary in <i>The Times</i> (5 August 1933), 15."
2085,Buck,,Mr,,,,,a Devonshire clergyman?,
2086,Silver,Ernest Wollaston,The Rev. ,,,,(1862-1935),diocesan examiner in religious education,"<i>Hampshire Advertiser</i> (10 July 1895), 4."
2087,Tolcher,Catherine,,(Archer),,,(1826/7-1911),second cousin of CMY,"She married Henry John Tolcher in 1850. She was the sister of the Rev. [[person:52]Charles Harward Archer]. CMY\'s grandfather, the Rev. Duke Yonge, had a sister who married into the Archer family."
2088,Woollcombe,Henry Bedford,Vice-Admiral,,,,(1831-1904),brother of Robert Woollcombe,
2089,Lang,William Cosmo Gordon ,The Rev. ,,,,(1864-1945),later (1928) Archbishop of Canterbury and (1942) Lord Lang of Lambeth,
2090,Gordon,Charles,General,,,,(1833-1885),hero of Khartoum,
2091,Havergal,Frances Ridley,,,,,  (1836-1879),hymn-writer  ,
2092,Trimmer,Sarah,,(Kirby),,,(1741-1810),writer and educationist,
2093,Wooldridge,Charles Sylvester,,,,,1859-1941,"solicitor, son of Charles Wooldridge","He graduated BA from St. John\'s College, Oxford in 1882.  He several times played rugby for England and has a biography at www.scrum.com."
2094,Wooldridge,Charles,,,,,(1832/3-1913),solicitor,"<i>The Times</i> (4 December 1913), 6, refers to his 32-year tenure of the office of Diocesan Registrar for Winchester.

He married (1856) Margaret Sophia Bromley (1834/5-1888)."
2095,Kilner,Dorothy,,,,,(1755-1836),writer for children,
2096,Watson,M.,Miss,,,,,contributor to <i>MP</i> (1891),"CMY refers to \'Miss Watson and her German\', which suggests that she was the author of the series of articles \'Studies in German Literature\' which appeared in <i>MP</i> (January-June 1891).  These were accompanied by an essay competition, and contestants were asked to send answers to \'Miss Watson, Brightwell, Tetsworth, Oxon..
The 1891 census return shows a Margaret Watson (b. Oxfordshire 1858/9), sister of a land agent, living with him at Brightwell Baldwin, which is reasonably near Tetsworth, who seems a possible candidate."
2097,Church,Charles Marcus,,,,,(d.1915),brother of the Very Rev. [[person:297]Richard William Church],
2098,Church,Richard,General Sir,,,,(1784-1873),"liberator of Greece, uncle of the Very Rev. [[person:297]Richard William Church]",
2099,Bowles,Miss,,,,,,"recommending a cook, 1890","This Miss Bowles was evidently a neighbour of Anne Sturges Bourne.  The [[person:2]Elizabeth Savage] who was CMY\'s cook in 1891 had been born in Eling, which is near Anne Sturges Bourne\'s home at Testwood, but unfortunately in 1881 she was not working for anyone called Bowles, so it is impossible to determine either the identity of Miss Bourne or whether Savage was the cook in question."
2100,Mason,Charlotte,,,,,(1842-1923).,founder of the PNEU,
2102,Hill,Miss,,,,,,lame friend of the Jones-Batemans,"CMY describes this woman to [[person:1520]Florence Wilford] as \'sister of Mr Rowland Hill\'.  Unfortunately, there are several possible Rowland Hills, and it is uncertain which CMY means here."
2103,Cheyne,Thomas Kelly,The Rev. ,,,, (1841-1915), Oriel Professor of the Interpretation of Scripture at Oxford (1885-1908). ,
2104,Colborne,Alice Constantia Maria,The Hon.,,,,(1861/2-1943),"cousin of CMY, niece of [[person:1042]Jane Montgomery Moore]",
2105,Martin,Miss,,,,,,friend of [[person:1379]Anne Sturges Bourne],"CMY writes as if Miss Martin had attended Sturges Bourne on her deathbed, but she was not a member of Sturges Bourne\'s household at the time of the 1891 census, a few months earlier."
2106,Emery,Fanny Maria,,(Brady),,,(1840–1916),"great-niece of [[person:2095]Dorothy Kilner], wife of the Ven. William Emery",
2107,Emery,William,The Ven. Canon,,,,(1825–1910),Archdeacon of Ely,He became Archdeacon of Ely in 1864 and was prominent in the Church Congress movement. He married (1865) [[person:2106]Fanny Maria Brady].
2108,Abraham,Miss,,,,,,,
2109,Crocker,Mrs,,,,,,\'old fashioned goody soul\',
2110,Knapp,Miss,,,,,,would-be author,
2111,Ray,Charles ,,,,,(Otterbourne 1855-?1927),"gardener, parish clerk",He married (?1881) Ann ?Marsh.
2112,Brock,Carey,The Very Rev.,,,,1824-1892),"Dean of Guernsey, father of the Rev. [[person:201]Henry Brock], Vicar of Otterbourne",
2113,Chute,Charles Lennard,,,,,1879-1956,,
2114,Chamberlayne,Tankerville,,,,,(1843-1924),"M.P. for Southampton, son of [[person:282]Thomas Chamberlayne] of Cranbury Park","He was first elected in 1892.  He was found to have given a constituent money for a railway fare to vote, and his election in 1895 was therefore declared invalid.  He was defeated in the consequent by-election, and subsequently re-elected in 1900, serving until 1906."
2115,Myers,William Henry,,,,,(d.1933),"of Swanmore Park, M.P. for Winchester 1892-1906",
2116,Yonge,Lucy,,(Acland),,,(1819-1902),"cousin-in-law of CMY, wife of [[person:1611]George Edward Yonge]",
2118,Compton,Henry Francis,,,,,(b.16 January 1872),"landowner, of Minstead Manor House, Lyndhurst",
2119,Hamilton-Gordon,Ishbel Maria,,(Marjoribanks),,Countess of Aberdeen,(1857-1939),"campaigner for women\'s rights, philanthropist",She married (1877) the 7th Earl of Aberdeen (cr. 1916 1st Marquess of Aberdeen and Temair).
2120,Wilcox,Isabella Lucy,,,,,(Kent 1850-?1914),sister of [[person:1517]Margaret Wilcox],
2121,Riley,Andalusia Laura Charlotte Georgina,Hon.,(Molesworth),,,(d.1912),wife of [[person:1239]J. A. L. Riley],She married Riley in 1887.
2122,Norgate,Anne,,,,,(b. Otterbourne 1832/3),"mother of the blind Annie Norgate, wife of William Norgate.",
2123,Norgate,William,,,,,(b. Tichborne 1832/3),father of [[person:917]Anne Norgate],
2124,von Tauchnitz,Christian Karl Bernhard,,,,Baron von Tauchnitz,(1841-1904),"publisher of English books in Leipzig, son of [[person:1396]Christian Bernhard, Baron von Tauchnitz]",
2125,Smith,Robert Murdoch,Major-General Sir,,,,(1835-1900),Director of the Edinburgh Museum of Science,
2126,Stevenson,James,The Rev.,,,,,missionary with the China Inland Mission,Not identified.  Possibly a mistake for the Rev. John Whiteford Stevenson (1844-1918)?
2127,Yonge,Mary,,(Jones),,,(b.Plymstock 1829/30),second wife of CMY\'s cousin Dr. [[person:1622]John Francis Duke Yonge],
2128,Oldfield,John Rawdon,Colonel,,,,,"son of [[person:1100]General Oldfield], and stepson of CMY\'s cousin Delia (Yonge) Oldfield",
2129,Coward,-,The Rev.,,,,,locum tenens for the Vicar of Otterbourne,
2130,Hamilton-Gordon,Douglas,The Hon. and Rev. Ca,,,,(1824-1901),"Treasurer of Salisbury Cathedral, son of the 4th Earl of Aberdeen",
2132,Stannard,Henrietta Eliza Vaughan,,(Palmer),,,(1856-1911),novelist as \'John Strange Winter\',
2133,Chambers,Miss,,,,,,,A worker for the Girls\' Friendly Society in the Winchester Diocese.
2134,Bullock,Elizabeth,,,,,(b. Essex 1815/16),mother of the Rev. [[person:221]John Frederick Watkinson Bullock],
2135,Corelli,Marie,,,,,(1855-1924),novelist,
2136,Romanes,George John,,,,,(1848-23 May 1894).,,
2137,Denison,Edward,The Rt. Rev.,,,,(1801-1854),Bishop of Salisbury,
2138,Hamilton,Walter Kerr,The Rt. Rev.,,,,(1808-1869),Bishop of Salisbury,
2139,Grimshaw,Mr,,,,,,,
2140,Lock,Walter,The Rev.,,,,(1846-1920),"biographer of John Keble and Warden of Keble College, Oxford (1897-1920)",
2141,Ellicott,Charles John,The Rt. Rev.,,,,(1816-1905,Bishop of Gloucester,
2142,Spence,Henry ,The Very Rev.,,,,,Dean of Gloucester,
2143,Coleridge,Bernard John Seymour,,,,,(1851-1927),"2nd Lord Coleridge, cousin of CMY",
2144,Bowles,Francis Alfred ,The Rev. Canon,,,,(d.1894),uncle of the Rev. Henry Bowles,
2145,Steer,Adam William Thorburn,Dr.,,,,(b. Jamaica 1862/3),"husband of [[person:1365]Katharine (Yonge) Steer], eldest daughter of the Rev. Duke Yonge",He remarried after her early death.
2146,Houseman,Mr,,,,,,CMY\'s solicitor,"Though his firm survives, and some archives exist, none relating to CMY\'s affairs have been found."
2147,Hicks,Anne,,,,,(b.1852/3),sister of Edmund Hicks,
2148,Davis,Thomas,,,,,(b.1847/8),police constable,"He was living in Otterbourne at the time of the 1891 census, but CMY stated in 1895 that his successor was named Kemp."
2149,Light,Susan,,,,,(b.1837/8),inhabitant of Otterbourne in 1891,
2150,Sturges Bourne,William,,,,,(1769–1845),"father of Anne Sturges Bourne, politician","Born William Sturges, he changed his surname to Sturges Bourne in 1803."
2151,Mackarness,Katharine Emily Margaret,,,,,(1862/3-1946),third daughter of [[person:923]Alethea Mackarness],
2152,Tandy,Susanna,,,,,"(b. Redmarley, Worcs. 1844/5)",maid to [[person:351]Mary Coleridge],
2154,Hoskins,Eliza,,,,,,"mother of Ada Hoskins, wife of James Hoskins",
2155,Hawkins,Anthony Hope,,,,,(1863-1933),"novelist as \'Anthony Hope\', author of <i>The Prisoner of Zenda</i>",
2156,Haggard,Henry Rider,,,,,(1856-1925),"novelist, author of <i>King Solomon\'s Mines</i>",He was knighted in 1912.
2157,Crauford,Isolda Caroline,,Vereker,,,(1852/3-1927),,
2158,Arnold,Ellen,,Drane,,,(b.1853/4),second wife of James John Arnold,
2159,Lathbury,Daniel Conner,,,,,(1831-1922),editor of the <i>Guardian</i> 1883-1899,
2160,Lewes,George Henry,,,,,1817-1878,journalist and biographer,
2161,"Waldegrave,",William,,,,Viscount Chewton,(1816-1854),"army officer, eldest son of the 8th Earl Waldegrave and brother-in-law of the 1st Earl of Selborne",
2162,Gardiner,Rosa,,,,,,domestic servant,It is not possible to identify with any certainty which of the possible Rosa Gardiners is the one CMY employed.
2163,Wills,Jane,,,,,,an inhabitant of Yealmpton?,
2164,Collins,Frances,,,,,(b. Otterbourne 1876),schoolmistress,She was the daughter of [[person:357]George] and Emma Collins.  Her mother was the postmistress in Otterbourne in 1891.  She had a number of much older half-brothers and half-sisters to whom CMY frequently refers.
2165,Wathen,Mrs,,,,,,of Bournemouth,
2166,Walker,Alice Fielden,,(Ramsbotham),,,(1850/1-1939),"wife of Colonel John Bridges Walker, colonel commandant of the Gordon Boys\' Home, Woking",She married John Walker in 1874.  His obituary is in <i>The Times</i> (22 October 1925).
2167,Capes,Mr,,,,,,Roman Catholic neighbour,
2168,Collins,Emma,,,,,,"postmistress of Otterbourne, second wife of George Collins and mother of [[person:2164]Frances Collins]",
2169,Palmer,Jessie Mary Ann,,,,,(Essex 1855-1929),ladies\' maid to Gertrude Walter in 1891,"[census returns; birth and death registers]

Dr Chris Palmer, the Curator of Havant Museum, possesses some of CMY\'s novels inscribed to Jessie Palmer."
2170,Logan,Daniel,,,,,(b.Londonderry 1854/5),bailiff to the Heathcote family in 1891 and 1901,"In the 1891 census Selina, Lady Heathcote, and her daughters were living at Bartley, Eling, in the New Forest, and Daniel Logan was their bailiff and gardener.  He may have also collected some rents or other fees for them in Hursley and Otterbourne."
2171,Dennis,Mr,,,,,,organizing the beacon fire in 1897,
2172,Gunner,Maria Susan,,(Hale),,,(1832-1897),,"The <i>Morning Post</i> (21 June 1897) recorded the deaths of Maria Susan Gunner, 67, widow of Thomas Gunner, Recorder of Southampton, and her mother Caroline Hale, 91, widow of Edward Hale of Hambledon House, and daughter of Admiral Hugh Downman."
2173,Hale,Caroline,,(Downman),,,(1806-1897),,"The <i>Morning Post</i> (21 June 1897) recorded the deaths of Maria Susan Gunner, 67, widow of Thomas Gunner, Recorder of Southampton, and her mother Caroline Hale, 91, widow of Edward Hale of Hambledon House, and daughter of Admiral Hugh Downman."
2174,Compton,Mr,,,,,,ill in 1897,
2175,Simeon,Geoffrey Barrington,The Rev.,,,,(1848-1906),third son of Captain [[person:1322]Charles Simeon],
2176,Comely,John,,,,,(b.Otterbourne 1783-after 1861),perhaps CMY\'s \'old Mr Comely\',A small farmer.
2177,Warner,Edith Emma,,(Morris),,,(b. Dover 1864),"wife of the Rev. Henry James Warner, Vicar of Yealmpton",
2178,Yonge,Isabella Sydney,,(Bowen),,,(b.Ireland 1860/1-1954),wife of CMY\'s cousin Duke Mohun Yonge,"She married Duke Yonge, who was 9 years her junior, in 1890."
2179,Yonge,Charles Francis Lysaght,The Rev.,,,,(1858-1933),"cousin of CMY, Rector of Shottisham, Suffolk","At the time of the 1901 census he was living with his mother, his sisters Elizabeth and Margaret, and his aunt Anne, the 90-year-old widow of the writer Charles Duke Yonge."
2180,Davies,Lucy Sarah,,(Yonge),,,(1854/5-1905),"cousin of CMY, daughter of the Rev. John Eyre Yonge, sister of [[person:1588]Charlotte Fortescue Yonge], wife of the Rev. John Paget Davies, Rector of Twineham",
2183,Yonge,Stephen Duke,,,,,(Coblentz 1844/5-1912),third son of CMY\'s cousin Dr. [[person:1622]John Francis Duke Yonge],"Stephen Yonge had emigrated to Melbourne, Australia, by 1864.
The <i>Gentleman\'s Magazine</i> (1866), 399 records the marriage (18 July 1866) \'At the Roman Catholic Cathdral, Plymouth, Stephen Duke Yonge, esq., of Plymstock, to Madeline Bartlet, fourth daughter of the late Lieut.-Col.George Smith, Bombay Native Infantry, of The Lodge, Plymton.\'
However he does not appear in the 1871 or later English censuses, and in 1897 CMY evidently thought he was in California.
According to the Probate Records the will was proved in 1873  of \'Madeline Bartlett Yonge (Wife of Stephen Duke Yonge) formerly of Ladye Park near Liskeard in the County of Cornwall but late of Lower Lake, Lake County California . .  who died 19 November 1872 at Lower Lake\'.
According to data assembled by family genealogists at http://www.ilind.net/ancestry/jfdyDesc/p1.htm#i754, Stephen Yonge seems to have had two children."
2184,Wickham,Gordon Bolles,The Rev.,,,,(1850-1920),"Vicar of Crookham cum Ewshott, and later of Bradford Abbas"," The son of the Rev. Frederic Wickham, second master of Winchester College, and Emily Eliza Gordon, he was appointed Vicar of Crookham, the parish where Mary Anne Dyson lived, in June 1875. He married (1887) Sidney Katherine Kerr. "
2185,Wickham,Sidney Katherine,,(Kerr),,,(1848/9-1928),"wife of the Rev. Gordon Bolles Wickham, daughter of Admiral Lord Frederic Kerr",
2188,Crawley-Boevey,"Mary Albinia, Lady",,(Page),,,(d.1835),"mother of [[person:557]Blanche Gibbs], wife of Sir Thomas Crawley Boevey, 3rd Bt.",
2189,Mullins,John,,,,,(1838-1894),well-known water-diviner,
2190,Ray,Caroline,,,,,(b. Bishopstoke 1852/3),sister of [[person:2111]Charles Ray],"She was keeping the Otterbourne shop at the time of the 1901 census, and living with her father, also Charles Ray, 73."
2192,Reynolds,Annie,,,,,,an invalid?,Probably a candidate for admission to an infirmary or home of some kind.
2193,Salmon,Henry William,,,,,(1859-1940),"photographer, of 77 High Street, Winchester",The City of Winchester Trust holds many Salmon photographs in its archive.
2194,Oakley,,,,,,,photographer in Eastleigh,
2195,Frith,Francis,,,,,(1822-1898),photographer,
2196,Bacon,John,,,,,(1777-1859),sculptor,
2197,Haigh,Henry,The Ven. Canon,,,,(1837/8-1906),Vicar of Newport and Archdeacon of the Isle of Wight,
2198,Greville,Frances Evelyn,,(Maynard),,Countess of Warwick,(1861-1938),,
2199,Lawrence,Miss,,,,,,"schoolmate of FMY, grandmother of [[person:2234]Maria Edith Walker]",
2200,Layton,Monica Yonge,,,,,(1899-1984),"cousin of CMY, daughter of [[person:851]Dorothea (Yonge) Layton]",
2201,Horsley,John William,The Rev.,,,,(1845-1921),secretary of the Waifs and Strays Society,
2202,Baden-Powell,Robert Stephenson Smyth,,,,1st Lord Baden-Powel,(1857-1941),founder of the Scout Movement,
2203,Plumer,Herbert Charles Onslow,,,,1st Viscount Plumer, (1857–1932),army officer,
2204,Gatacre,William Forbes,General Sir,,,,(1843-1906),army officer,
2205,Dennis,Mrs ,,,,,,"helping at the Mothers\' Meeting in 1899, perhaps the wife of [[person:2171]Mr Dennis]",
2206,Mulready,William,,,,,(1786-1863),painter,
2207,Bonaparte,Napoleon,,,,,(1769-1821),Emperor of France,
2208,Mackintosh,James,Sir,,,,(1765-1832),historian,
2209,Stanford,Miss,,,,,,official of the GFS,
2210,Carey,Miss,,,,,,official of the GFS,
2211,Arnold,Edward Augustus,,,,,(1857-1942),publisher,
2212,Tryen,Mrs,,,,,,"employer of a member of the Girls\' Friendly Society, probably a neighbour of CMY\'s",
2213,Cronjé,Pieter Arnoldus,,,,,(1836-1911),Boer general,
2214,Awdry,Mary Louisa,,(Man),,,(d.1908),second wife of the Rev. [[person:84]Vere Awdry],
2215,Lowth,Alfred Charles,The Rev.,,,,(1857-1926),incumbent of Colden Common,
2216,Yonge,Grace,,,,,(b.1900),"cousin of CMY, daughter of the Rev. [[person:1656]Charles Burell Yonge]",
2217,Lyttelton,Arthur Temple,The Rt. Rev. and Hon,,,,(1852-1903),suffragan Bishop of Southampton from 1898,
2218,Scarlett,Arabella Lucy,,(Walsh),,,(b.1857),wife of Major[[person:1285] Robert Scarlett] of Otterbourne House,
2219,Nelson,Frances Elizabeth,,(Eyre),,Countess Nelson,(d.1878),"friend of FMY, mother of [[person:164]Susan Blunt]","Daughter of John Maurice Eyre of Brickworth, she married (1821) the second Earl Nelson of Trafalgar (d.1835).  Her husband was the son of Thomas Bolton and Susannah Nelson, sister of the naval hero.  He changed his surname to Nelson on inheriting the title by special remainder from another uncle shortly before his death."
2220,Sewell,Mrs,,,,,,calling in 1900,
2221,Brook,Mrs,,,,,,friend of Christabel Coleridge,
2222,,Helena Augusta Victoria,Princess,,,Princess Christian o,(1846-1923),third daughter of Queen Victoria ,
2223,Buller,Audrey Jane Charlotte,Lady,(Townshend),,,(d.1926),"wife of General Sir Redvers Buller (1839-1908), commander in chief during the Boer War.",
2226,Bowles,Edward,,,,,,brother of the Rev. [[person:184]Henry Bowles],
2227,Lias,John James,The Rev. Canon,,,,(1824-1923),Chancellor of Llandaff Cathedral ,His obituary is in <i>The Times</i> (19 March 1923).
2228,Bayly,Ada Ellen,,,,,(1857-1903),novelist under the pen name \'Edna Lyall\',
2229,Bradlaugh,Charles,,,,,(1833-1891),freethinker and politician,
2230,Crowfoot,John Henchman,The Rev. Canon,,,,(1841-1926),Chancellor of Lincoln Cathedral and Principal of Lincoln Theological College,WWW
2231,Pond,Edith,,,,,(b.1874/5),"sister of [[person:1648]Bessie Pond], housemaid","She is found working for Maurice Yonge in the 1901 census just after CMY\'s death.  She and her sister were daughters of Francis Pond, cabinet-maker, of Wantage."
2232,Baden-Powell,Olave St. Clair,,(Soames),,,(1889-1977),wife of [[person:2202]Lord Baden-Powell],
2233,Brownrigg,Mr,,,,,,presumably connected with the National Society,
2234,Walker,Maria Edith,,,,,(Middlesex 1843-1938),correspondent of CMY,"The letters from CMY to Miss M. E. Walker were presented to West Sussex Record Office in 1975 by the latter\'s niece Bertha Yeats, who was then 91. [Information from Alison McCann, West Sussex Record Office]  Bertha Margaret F. Yeats (1883-1976) was the daughter of the Rev. George Yeats (b. Yorks. 1826/7), Vicar of Heworth, York, and Rosa Bertha Walker (1852-1900).  Mrs Yeats\'s sister, Maria Edith Walker, was therefore the recipient of the letters from CMY.   The Walker sisters were the daughters of Francis Walker (1809-1874), entomologist, and his wife and cousin Mary Elizabeth Ford (b. 1814/15), daughter of John Ford of Ellel Hall, Lancashire and Elizabeth Lawson.  Francis Walker, son of John Walker (1766-1824)  was a member of a family of rich and philanthropic brewers living at Arnos Grove, Southgate, Middlesex.  The Miss Lawrence referred to in the correspondence, grandmother of Maria Walker, who had been at school with Frances Mary Yonge, was perhaps the wife of John Walker."
2235,Barton,Mrs,,,,,,thinking Irene had had a \'childish freak\',
2236,Roberts,?,The Rev.,,,,,"Newton Abbot curate, acting as <i>locum tenens</i> in Otterbourne in 1900",
2237,Warenne,Miss,,,,,,,
2238,Hoets,Edith Byard,,(Smith),,,,wife of the Rev. [[person:705]Maurice Hoets],
2239,Moberly,Walter Hamilton,Sir,,,,(1881-1974),"university administrator, son of the Rev. Robert Moberly",
2240,Lee,Godfrey Bolles,The Rev.,,,,(1817-1903),Warden of Winchester College 1861-1903.,"His obituary in <i>The Times</i> (31 January 1903), 8, notes that he died on the same day as the Rev. James Edwards Sewell, Warden of New College, and that he had married a Miss Crawford, daughter of a Winchester doctor, who predeceased him."
2241,Crawford,Agnes,,,,,(1830/1-1900),"sister-in-law of the Rev. Gordon Bolles Lee, Warden of Winchester College",
2243,Jenner,Mary Isabel,,(Finlaison),,,(d.1900),sister of [[person:512]Marion Finlaison] and wife of the Rt. Rev. [[person:758]Henry Lascelles Jenner],
2244,Bickersteth,Edward Henry,The Rt. Rev.,,,,(1825-1906),Bishop of Exeter 1885-1900,
2245,Beach,William Wither Bramston,,,,,(1826-1901),"M. P. for North Hampshire 1857- 1885, then MP for Andover till his death, he was Father of the House of Commons (longest-serving member) when he died.",
2246,Mallock,Richard,,,,,(1843/4-1900),"of Cockington Court, Torquay, M. P. for Torquay 1886-1895.",A picture of the memorial clock which stands in Torquay is at http://www.geograph.org.uk/photo/1446434
2247,Du Boulay,Mary,,,,,,probably a teacher at Winchester Girls\' High School,
2248,Ewan,Frances Ann E.,,,,,(1870-1965),illustrator,"She joined the St. Ives colony of artists during the First World War, and a painting is owned by Penlee House Museum.  "
2249,,Wilhelmina Helena Pauline Maria,,,,,(1880-1962),Queen of the Netherlands,
2250,Collins,William Edward ,Professor the Rev.,,,,(1867–1911),"Professor of Ecclesiastical History at King\'s College London, and subsequently (1904) Bishop of Gibraltar",
2251,Charles,J. E. ,,,,,,contributor to the <i>Churchwoman</i>,
2252,Villiers,?,The Rev.,,,,,Gertrude Ireland Blackburne\'s parish priest,
2253,Burrows,Anna L.,,,,,(b. 1861/2),"wife of the Rev. Leonard Burrows, Vicar of Godalming, Surrey",
2254,Watkins,Miss,,,,,,friend of [[person:1244]Margaret Roberts],
2255,Chute,Eleanor Jane,,(Portal),,,(1854/5-1944),wife of [[person:299]Chaloner Chute] and president of the council of the Girls\' Friendly Society,
2256,Yonge,Catherine Ada Helena,,(Bowen),,,,wife of the Rev. [[person:1656]Charles Burell Yonge],
2257,Buller ,Redvers ,General Sir,,,,"(1839-1908),", commander in chief during the Boer War.,
2258,Roberts,Frederick Sleigh,Field-Marshall,,,1st Earl Roberts,(1832–1914),,
2259,de Vere,Aubrey Thomas,,,,,(1814-1902),poet,
2260,Harrison,Fanny ,,,,,,"The Miss Harrison of St Cross, Weybridge with whom CMY corresponded in 1887 was probably the Fanny Harrison of that address who was a member of the London Library.  She may also have been the Fanny Harrison who published <i>Our Teacher\'s Stories: Attractive stories for Boys and Girls</i> (London: Mowbray 1888). ",
2262,Yonge,Anna Susanna,,(Couch),,,(1801/2-1894),aunt by marriage of CMY,"She married (1868), as his second wife, CMY\'s paternal uncle Dr. [[person:1614]James Yonge]"
2263,Papillon,Beatrice Emily,,,,,(1863/4-1870),Daughter of Philip and Emily (Garnier) Papillon,
2264,,Ivy,,,,,,an unidentified member of the Gosling Society,
2265,,Alexander Lycurgus,,,,,,Greek Orthodox Archbishop of the Cyclades,Mentioned in 1870 as present at the consecration of the Rt. Rev. John Fielder Mackarness as Bishop of Oxford.
2266,Dampier,William John,,,,,,brother of [[person:1345]Jane] and [[person:404]Emily Dampier],
2267,Bismarck,Otto Eduard Leopold von,,,,,1815-1898,German statesman,
2268,Moltke,Helmuth Karl von,,,,,(1800-1891),,
2269,Laidlaw,Margaret Elizabeth,,,,,(1855-1884),"daughter of William Laidlaw, farm bailiff to Anne Sturges Bourne at Testwood, and pupil of Mary Adams in Otterbourne in 1871.","[1861, 1871 census; birth and death registers]"
2270,Laidlaw,William,,,,,(Scotland 1819-1879),Anne Sturges Bourne\'s farm bailiff,"He married (1852) Miss Sturges Bourne\'s former ladies\' maid [[person:1820]Ellen Brown] (b. Cranbrook, Kent 1825/6), who died in 1860 leaving several young children. [1861 census;  marriage and death register]"
2271,Jacob,Marianne,,,,,(b.1824/5),sister-in-law of [[person:749]Edith Jacob],
2272,Munro,Miss,,,,,,Lady Superintendent of the Belgrave Hospital for Children,
2273,Humbert,Ann,,(Parker),,,(1823/4-1868),"wife of the Rev. Lewis Humbert, Master of St. Cross Hospital.",
2274,Dyer,Margaret Anne,,(Macmillan),,,(b.1857/8),daughter of Alexander Macmillan,"She married (1889) Louis Dyer (1851-1908), an American professor of Greek who settled in Oxford.  She seems to have been a member of the Gosling Society, perhaps only for a short time. See the husband\'s obituary, <i>The Times</i> (21 July 1908)."
2275,Hood,Dr,,,,,,physician recommended to Gertrude Walter,
2276,,Cherry,,,,,,an unidentified member of the Gosling Society,
2277,Herbert,Henry Howard Molyneux,,,,4th Earl of Carnarvo, (1831–1890),politician and landowner,
2278,Austen Leigh,Mary Augusta,,,,,1837/8-1922),daughter of the Rev. James Edward Austen Leigh,
2279,Fairbairn,Allison,,(Callaway),,,(b.1827),"of Brambridge House, Twyford","She was wife of Sir Thomas Fairbairn, 2nd Bt., of Brambridge House, Twyford, who succeeded his father 1874."
2280,Ensor,Miss,,,,,,training governesses in Exmouth,
2281,Selwyn,Laetitia Frances,,,,,(1807-1886),headmistress of a school for girls at Sandwell Hall,"She was sister of the Rt. Rev. [[person:1295]George Augustus Selwyn], Bishop of New Zealand and then of Lichfield."
2282,Lovelock,Steven,,,,,(b.1852/3),groom,"The Stephen Lovelock to whom CMY refers as looking after the Elgees\' pony was no doubt the Steven Lovelock who was born in Mary Anne Dyson\'s village of Dogmersfield, and was listed there in 1871 as the son of a farm labourer.   Probably CMY had got him the job at Dyson\'s request."
2283,Minipa,James,,,,,,Melanesian missionary,He accompanied the Rt. Rev. [[person:1155]John Coleridge Patteson] on the journey on which he was killed.
2284,Nonono,John,,,,,,Melanesian missionary,He accompanied the Rt. Rev. [[person:1155]John Coleridge Patteson] on the journey on which he was killed.  His name is sometimes written Ngongono.
2285,Anstice,Joseph,,,,,(1808-1836),"hymn-writer, professor of classics at King\'s College, London.",
2286,Sime,James ,,,,, (1843-1895).,journalist and historian,
2287,Spratt,Leslie William ,,,,,1849/50-1925,brother of Emmeline Spratt ,"Nephew of CMY\'s maid Harriet Spratt, he was a chorister at Winchester College.  In the 1871 census he was working as a shop assistant in a large shop in the Edgware Road in London;  by 1891 he was a draper on his own account."
2288,Hervey,Arthur Charles,Hon. and Rt. Rev. Lo,,,,(1808-1894),Bishop of Bath and Wells,
2289,Vaughan,Edward Protheroe ,The Rev.,,,,(1809/10-1891),Rector of Wraxall,
2290,Wallop,Eveline Alicia Juliana,,(Herbert),,Countess of Portsmou,(1834-1906),"wife of the 5th Earl of Portsmouth, whom she married in 1855",
2291,,Speedwell,,,,,,an unidentified member of the Gosling Society,
2292,D\'Ombrain,Henry Honywood,The Rev.,,,,,Rector of Framilode,
2293,,Misey,,,,,,"correspondent in 1874, known to the Wilsons of Rownhams",
2294,Codrington,Mrs,,,,,,"Probably a relation of the Rev. [[person:312]Robert Codrington], who was unmarried.",
2295,,Napoleon III,,,,,(1808-1873),Emperor of France,
2296,Wyatt,Thomas Henry,,,,, (1807-1880) ,architect,"He was the architect of the 1875 restoration of Otterbourne church, paid for by CMY."
2297,Smith,Hannah,,(Whitall),,,(1832-1911), religious writer,
2298,Smith,Robert Pearsall,,,,,(1827-1898),,
2299,Palmer,Laura,,(Waldegrave),,,(d.1885),"wife from 1848 of  Roundell Palmer, created  (1872)  Lord Selborne and (1882) Earl of Selborne. ",
2300,Huxley,Thomas Henry,,,,,(1825-1895),scientist,
2301,Beadon,Frederick ,The Rev. Canon,,,,(1777-1879),"Rector of North Stoneham and Canon of Wells Cathedral, centenarian",ODNB
2302,Wickham,Emily Eliza,,(Gordon),,,(1826/7-1910),mother of the Rev. Gordon Wickham,"Widowed in 1862, she lived with her son Gordon at Crookham in the 1881 census.  She continued to live there after he was succeeded as vicar by his brother."
2303,Bramston,Jane,,(Ady),,,(1849-1913),wife of the Rev. John Trant Bramston,"Jane Ady was the sister-in-law of Mary Eliza Bramston and Anna Rachel Bramston;  her husband was a master at Winchester College.  She was born in Essex, where her father, the Rev. William B. Ady, was Rector of Little Baddow."
2304,Shepherd,John,,,,,,gardener at Otterbourne House in 1876,
2305,Parsons,Eleanor Victoria,,(Mackarness),,,(1855-1936),"cousin of CMY, daughter of Alethea (Coleridge) Mackarness",She married (1876) the Hon. and Rev. Randal Parsons.
2306,Yonge,James Upton,The Rev.,,,,(1872-1958),"cousin of CMY, son of the Rev. Duke Yonge of Puslinch","He became Vicar of Merrifield, Cornwall, before going as a missionary to Madagascar, where he and his wife are said to have started a local branch of the Mothers\' Union."
2307,Kennedy,Julia Elizabeth,,,,,1839-1916,supporter of women\'s education,"See Christopher Stray, ‘Kennedy, Marion Grace (1836–1914)’, Oxford Dictionary of National Biography, Oxford University Press, 2004 [http://www.oxforddnb.com/view/article/
48417, accessed 2 Aug 2011]"
2308,Young,Allen,Sir,,,,(1827-1915),sailor and Arctic explorer,
2309,Atkinson,Edward,The Rev.,,,,(1819-1915),"Master of Clare College, Cambridge."," Atkinson married [[person:71]Frances Hester Carter Smith], sister of CMY\'s correspondent Ann Carter Smith, on becoming Master of Clare College, Cambridge in 1856 and held that office to his death."
2310,Craik,Fanny Esther,,(Duffield),,,(1849-1923),sister-in-law of George Lillie Craik,"She married (1873) Craik\'s younger brother Henry Craik (1846-1927), an examiner in the Education Department, later (1926) created 1st Bt.."
2311,Spratt,William Leslie,,,,,(1874-1961),nephew of Emmeline Spratt,
2312,Murray,John,,,,,(1808-1892),publisher,
2314,Sloggett,Charles,The Rev.,,,,(1819-1903),"Vicar of St. Bartholomew Hyde, Winchester (1869-1878) and then of Chiddingfold, Surrey, 1878-1899.",<i>Alumni Cantabrigienses</i>
2315,Scott,Thomas,The Rev.,,,,(1747-1821),"Rector of Aston Sandford, and author of a biblical commentary <i>The Holy Bible, containing the Old and New Testaments, with Original Notes and Practical Observations</i> 4 vols (1788-1792)","CMY had incorrectly stated in <i>[[cmybook:90]Pioneers and Founders]</i>, 96, that Thomas Scott was a Baptist."
2316,Godwin,Harriet ,,,,,(Otterbourne 1861-1924),"pupil teacher at Otterbourne School, 1878","She subsequently worked as a teacher in Melksham, Wiltshire, where she died unmarried in 1924."
2317,Mitchell,Mrs,,,,,,possible employer of Alice Perrin,
2318,Bigg Wither,Reginald Fitzhugh,The Rev.,,,,(1842-1929),"Rector of Worting, nephew of the Rev. William Bigg Wither",
2319,Earle,Annie Augusta H.,,(Macdonald),,,(Peshawur 1852/3-1935),"wife of Dr Beresford Nathaniel Earle, a Winchester doctor",
2321,Luke,Ethel Anderdon,,,,,(1862-1897),pupil of Marion Finlaison,"It is not certain that the Ethel Luke, pupil of Finlaison, referred to by CMY in 1879 is this person, but she seems the most likely candidate. She was the daughter of the Rev. William Henry Colbeck Luke, Vicar of St. Matthias, Earls Court, and she married (1895) George Herbert Munn."
2322,Woodman,Charles Bathurst,The Rev.,,,,(1807-1895),Moravian Minister,"Woodman seems to have been a well-off eccentric, who went mad towards the end of his life.  He inherited some of the correspondence of Jonathan Swift, and published on that subject. At one time he was a minister in the Moravian church."
2323,Greenaway,Kate,,,,,(1846-1901),illustrator,The illustrations she contributed to Macmillan\'s collected edition of CMY\'s fiction were not much admired.
2324,Shipley,Mrs,,,,,,"calling, perhaps about the GFS",
2325,Maclean,Miss,,,,,,wanting to insert material in <i>MP</i>,
2326,Bland,Frances Sibyl,,(Collinson),,,(1806/7-1897),sister of Sophia Jane Harrison,"She married the Ven. Canon George Bland, Archdeacon of Northumberland."
2327,"de Winton, later Stretton",Julia Cecilia,,(Collinson),,,(1812-1876),novelist,
2328,How,Ellen Frances,,,,,(1855-1924),daughter of the Rt. Rev. William Walsham How,
2329,Ashwell,Elizabeth,,(,,,(b.1823),wife of the Rev. Arthur Rawson Ashwell,
2330,Shirreff,Emily Anne Eliza,,,,,(1814-1897),educationist,
2331,Buckland,Anna Jane,,,,,(1827/8-1898),"novelist, educationist",
2332,Marenholtz-Bülow,"Bertha, Baroness von",,,,,(1810-1893),"Bertha, Baroness von  expounding Friedrich Fröbel",
2333, Fröbel,Friedrich Wilhelm August,,,,,(1782-1852),educationist,
2335,Chichester,Arthur,Sir,,8th Bt.,,(1822/3-1898),,
2336,Chichester,Beatrice,,(Chichester),,,(1850-1931),"daughter of Sir Arthur Chichester, 8th Bt.",
2337,Heathcote,Gertrude Mary Selina,,,,,(1856-1930),daughter of the Rev. Gilbert Vivyan Heathcote by his first marriage, 
2338,Heathcote,Helen Mary Caroline,,,,,(1875-1964),daughter of the Rev. Gilbert Vivyan Heathcote by his second marriage,   
2339,Heathcote,Margaret Mary Helen,,,,,(1882-1966),youngest daughter of the Rev. [[person:661]Gilbert Vivyan Heathcote by his second marriage,
2340,Harris,George Montagu,,,,,(1868-1951),"cousin of CMY, son of the Rev. George Collyer Harris","He had a distinguished career in local government;  WWW, obituary <i>The Times</i> (6 October 1951)."
2341,Harris,Edward Percy,,,,,(b.1867),"cousin of CMY, son of the Rev. George Collyer Harris",
2342,Ady,William Brise,The Ven.,,,,(d.1882), Rector of Little Baddow and Archdeacon of Colchester,
2343,du Boulay,Alice Mead,,(Cornish),,,(d.1925),wife of the Rev. James du Boulay,
2344,Cornish,George Kestell,,,,,(1856-1925),Bishop of Madagascar ,
2345,Villari,Pasquale,,,,,(1827-1917),historian,
2346,Smedley,Menella Bute,,,,,(1820-1877),"writer for children, poet and novelist",
2347,Clarke,James Langton ,The Rev.,,,,(1833/4-1916),curate of Whitburn,
2348,Wilcox,Ernest Shepley,,,,,(1854-1928),"civil engineer, brother of Margaret Wilcox",
2349,Parker,James,,,,, (1833–1912),"publisher, son of John Henry Parker",See his father\'s ODNB entry.
2350,Benson,Mary,,(Sidgwick),,,(1841-1918),wife of Edward White Benson,
2352,Macaulay,Anna Georgina,,,,,,"neighbour, known as \'Nina\'","She was probably Anna Georgina Macaulay (b.Antrim 1835), daughter of Anna (Hyndman) Macaulay (Belfast 1801- Winchester 1891), widow of Frederick William Macaulay.  The mother is found living in Winchester with another spinster daughter, Rebecca (1828-1912) in the 1881 and 1891 censuses. [[J.J.Howard and F. A. Crisp, <i>Visitation of Ireland</i>, 118]"
2353,Foster,Ellen,,,,,(Somerset 1841-?1889),ladies maid to Gertrude Walter ,"1881 census, birth and death registers"
2354,Cotton,James Sutherland,,,,,(1847-1918),editor of the <i>Academy</i>,
2355,Blatchford,Miss,,,,,,friend of Mildred Coleridge,
2356,Bennett,Louisa Jane ,,,,,(surrey 1832-1909 Surrey),Hon. Lady Superintendent and founder of the Wimbledon Art College for Ladies,"[Census returns, register of deaths]"
2357,Colborne,John ,Colonel the Hon.,,,,(1830-1890),"cousin of CMY, younger son of the 1st Lord Seaton,  a colonel in the Egyptian Army.",
2358,Stewart,Charles William Vanustegen,,,,,(1859-1943),"solicitor, brother-in-law of Mary Anderson Morshead",He married (25 April 1884) CMY\'s cousin Mildred Anderson Morshead.
2359,Cross,Mary Ann,,(Evans),,,(1819-1880),"novelist as \'George Eliot\', also known as Marian Lewes",
2360,Harper,Jane,,,,,,friend of Gertrude Walter,Mother of two children.
2361,Bassano,Alexander,,,,,(1829-1913),photographer,
2362,Cavendish,Spencer Compton,,,,,(1833-1908),"politician, known as the Marquess of Hartington until he succeeded his father as 8th Duke of Devonshire in 1891.",
2363,Northcote,Stafford Henry,,,,Earl of Iddesleigh,(1818-1887),"Conservative politician, created (1885) 1st Earl of Iddesleigh. 
",
2364,Carr,Joseph Comyns,,,,,(1849-1916),editor of the <i>English Illustrated Magazine</i>,
2365,Ponsonby,Henry ,Sir,,,,(1825-1895),private secretary to Queen Victoria,
2366,Crane,Walter,,,,,(1845–1915),illustrator,
2367,Osgood,James Ripley,,,,,(1836-1892),American publisher,
2368,Mazzini,Giuseppe,,,,,(1805-1872),Italian nationalist and politician,
2369,Beach,Mrs,,,,,,perhaps connected with the Girls\' Friendly Society?,
2370,Scarlett,John Robson,,,,,(1848-1902),autograph hunter and accountant,"He extracted autographs from Hardy and Swinburne using the same technique.[[[otherbook:1033]<i>Collected Letters of Thomas Hardy</i>], VII, 105 and [[otherbook:1032]<i>The Swinburne Letters</i>], V, 231; birth and death registers;  listed at 24 Cramer Terrace, Gateshead on Tyne, in 1891 census]"
2371,Gibbs,Antony,,,,,(1841-1907),eldest son of Matilda Blanche Gibbs,
2372,Gibbs,Janet Louisa,,(Merivale),,,(d.1909),"daughter-in-law of Matilda Blanche Gibbs, wife of Antony Gibbs",
2373,Gibbs,Albinia Anne,,,,,(1853-1874)," youngest of the seven children of [[person:557]Matilda Blanche] and William Gibbs
",
2374,Oldfield,Susan,,,,,(1830/31-1887),Reverend Mother of St. Peter\'s Kilburn,
2375,Maxwell-Lyte,Henry Churchill,,,,,(1848-1940),deputy keeper of the public records,
2376,Corti,"Lodovico, Conte",,,,,(1823-1888), Italian ambassador to Great Britain,
2377,Warren,William Thorn,,,,,(1840-1918),"printer, bookseller and newspaper publisher, of the High St., Winchester.",Son of [[person:1474]Nathaniel Warren].
2378,Kirke,Miss,,,,,,"collecting autographs, perhaps for a good cause",
2379,Jenkyns,Madalene Sabine,,(Pasley),,,(1848-1935),first editor of the <i>Mothers\' Union Journal</i>,"Daughter of Admiral Sir Thomas Sabine-Pasley, 2nd Bt., she married (1877) Henry Jenkyns, barrister, parliamentary counsel to the Treasury.  He was knighted in 1892 when she became Lady Jenkyns/."
2380,Fawcett,Millicent,,(Garrett),,,(1847–1929),suffragist,
2381,Levy,Amy Judith,,,,,(1861–1889),poet and novelist,
2382,Hiatt,Charles Thomas John,,,,,(1869-1904),autograph hunter ,"His mother ran a girls\' school in Wellington, Shropshire, which may explain his reading <i>Atalanta</i>.  He tried a similar trick on Thomas Hardy to obtain his autograph:  see Martin Ray, \'Thomas Hardy\'s Letter to Charles Hiatt\' <i>Notes and Queries</i> 53 (2006), 338."
2383,Freeman,Eleanor,,(Gutch),,,(1818-1903),wife of Edward Augustus Freeman,
2384, Roberts,Arthur Llewelyn,,,,,(1855-1919),Secretary of the Royal Literary Fund from 1884 to his death.,
2385,Coode,Clara Eleanor,,(Monro),,,(1856-1932),,"The Mrs Coode, living in Wells in 1889, who wrote to CMY about the Hannah More memorial, was probably this person, wife of the Rev. Athelstan Coode (1859-1897), who was living in Wells at the time of the 1891 census."
2386,Rodwell,John Medows,The Rev.,,,,(1808-1900),"theologian, translator, contributor to <i>MP</i> (1878)",[ODNB]
2387,Bonghi,Ruggero,,,,,(1826-1895),translator,
2388,Hall,Fitzedward,,,,,(1825-1901),Professor of Sanskrit at KCL,
2390,Peard,Frances Cooke,,(Ellicombe),,,(1805-1895),mother of Frances Mary Peard,
2391,Yonge,Samuel Humphreys,,,,,(1850-1935),"engineer, and possible correspondent of CMY",
2392,White,Ann,,,,,(b. Michelmersh  1857/8)," wife of Thomas White (b. Michelmersh 1851/2), ‘steam ploughman’ and ‘engine driver’","She was living at Silkstead, Compton in 1891."
2393,White,Thomas,,,,,(b. Michelmersh 1851/2),steam ploughman and engine-driver,"He was living at Silkstead, Compton in 1891."
2394,Fisher,Eliza?,,,,,(d.1880),wife of [[person:513]Walter Fisher],
2395,Fawcett,Miss,,,,,,visitor in 1889,
2396,Hall,Miss ,,,,,,Sister of Mercy at the College of Greyladies,
2397,Saxby,Stephen Henry ,The Rev.,,,,(1831-1886),"Vicar of All Saints, East Clevedon",He married (1862) Jane Euphemia Browne (1810/11-1898).
2398,Smedes,Susan,,(Dabney),,,(1840-1913),author of <i>Memorials of a Southern Planter</i>,
2399,Shipton,Mother,,,,,(<i>fl.</i> 1530),prophetess,
2400,Goodenough,James,Commodore,,R. N.,,(d. 1875),captain of H. M. S. Pearl,"He died on 20 August 1875 after being wounded by an arrow in the Santa Cruz Islands on 12 August, as reported in the <i>Morning Post</i> (18 October 1875)."
2401,Henderson,Jane,,(Melville),,,(d.1901),"wife of the Rev. W. G. Henderson

",
2403,Vaux,James Edward,The Rev.,,,,(1828-1907),author of <i>Church Folklore</i> (1894),
2405,Steele,Mrs,,,,,,lacking religion,
2406,Strachey,John St. Loe,,,,,(1860-1927),editor of the <i>Spectator</i> (1898-1925),
2407,Curwen,John Spencer,,,,,(1847-1916),editor of the <i>Musical Herald</i>,"He was the son of John Curwen (1816-1880), who had popularized the use of the tonic sol-fa method of teaching singing."
2408,Cary,Lettice,,(Morison),,Viscountess Falkland,(<i>c.</i> 1612-1646),,
2409,Yonge,Charles Duke,,,,,(1812-1891),"historian, cousin of CMY","CMY never mentions this cousin, who was the eldest son of her [[person:1586]Eton uncle], and some of whose long list of publications have sometimes been confused with some of hers.  The <i>Standard</i> (1 April 1837) records his appearance before the Insolvent Debtors Court in connection with a long list of debts, amounting to over £2000, which he was unable to pay.  He was described as the son of a widow who allowed him £250 a year, who had taken a first-class degree at Oxford, but had aspired \'to the reputation of fashionable men.\'  This episode is not mentioned by the ODNB, which records his later career, but might have created prejudice against him in the family."
2410,Godman,Alice Hilda,,,,,(1875-1925),daughter of Percy S. Godman,"Surrey History Centre has material on the history of the Godman family, some collected by Percy S. Godman."
2411,Redgrave,Miss ,,,,,,writing for <i>MP</i> in 1862,"CMY\'s correspondent may possibly be the Elizabeth Redgrave whose <i>The Word and the Work, or, The Harmony of Scripture with Geological Discoveries</i> (London: Mozley 1860) was praised in <i>MP</i> (January 1860), 111.  It was described as \'a series of conversations between a clergyman and a mechanic, intended to popularize Hugh Miller\'s views of the Periods of Creation, and to show how they may be reconciled with the Scriptural narrative.\'"
2412,Johnson,Edward Ralph,The Rt. Rev.,,,,(1828-1912),"Bishop of Calcutta, 1876-1898",
2413,Argles,Marsham Frederic,The Rev.,,,,(1852-1883),"missionary, fellow of St. John\'s College, Oxford, third son of [[person:57]Julia Argles]","Eric James, <i>The House of My Friends:  Memories and Reflections</i> (London: Continuum 2003), 133, states that Marsham Argles went out to join the Oxford mission in Calcutta as one of the founder members of the Brotherhood of the Epiphany. \'But, in 1883 Argles\' health had broken down, and he died a fortnight after his return to England.\'  His sister Edith Argles was subsequently secretary of the Oxford Mission. [<i>Alumni Oxonienses</i>, census returns, birth and death registers; http://www.oxford-mission.org/archives/p4/art0.html] He is not to be confused with his elder brother, the Rev. Canon George Marsham Argles (1841-1920), Rector of St. Clement\'s York 1871-1919."
2415,,Joséphine,,(Tascher de la Pagerie,,,(1763-1814),"Empress of France, first wife of Napoleon I",
2416,Murat,Joachim,,,,,(1767-1815),"Marshal of France, King of Naples, brother-in-law of Napoleon I",
2417,,Marie Antoinette,,,,,(1755-1793),"Queen Consort of France, wife of Louis XVI",
2418, Bossuet,Jacques-Bénigne,,,,,(1627-1704),"Bishop of Meaux, theologian",
2419,,Gustavus Adolphus,,,,,(1594-1632),"King of Sweden
",
2420,Robespierre,Maximilien de,,,,,(1758-1794),French statesman,
2421,Danton,Georges,,,,,(1759-1794),French statesman,
2422, Levasseur,Thérèse,,,,,(d.1801),mistress of Jean-Jacques Rousseau,
2423,Dodgson,Frances Jane,,,,,(1828-1903),"Elder sister of the Rev. Charles Lutwidge Dodgson, who wrote as \'Lewis Carroll\'.",
2424,Wyatt,James,,,,,(1746-1813),"architect, restorer of Salisbury Cathedral 1789-92.",
2425,Tanner,Thomas Slingsby,,,,,,partner of A. D. Innes,
2426,Doyne,Emily Sophia,,,,,b. 1829/30,"wife of the Rev. Philip Walter Doyne (d. 1862), Vicar of Barrow Gurney.  She was staying with Matilda Blanche Gibbs in London at the time of the 1881 census.  She seems to have lived at Wraxall Cottage near Tyntesfield, and was evidently a friend of Frances Mary Peard\'s.",
2427,Hibberd,Miss,,,,,,Looking for a servant in 1857.,
2428,Baker,Mrs,,,,,,Evidently a friend of Frances Mary Peard\'s.,
2429,Hall,Lt.-Col.,,,,,,"CMY sends him [[cmybook:]<i>The Dove in the Eagle\'s Nest</i>] via Macmillan, 1866.",
2430,Macmillan,Hugh,,,,The Rev.,(1833-1903),"Relation of Alexander Macmillan, author of <i>Bible Teachings in Nature</i> (1867), <i>etc</i>.",
2431,Trevelyan,Hannah More,,"(Macaulay), Lady",,, (1810-1873),Sister of Lord Macaulay,
2432,Pearson,Charles Henry,,,,,(1830-1894),historian,
2433,Wilbraham ,Henry,The Rev.,,,,(1825-1883),"Fellow of Trinity College, Cambridge, discoverer of the Gibbs Phenomenon in mathematics, Registrar of the Court of Chancery in Manchester, third cousin to Frances Maria Wilbraham.",
2434,Lawrence,Emily ,,,,,1831/2-1914,"SPG missionary at Tamatave, Madagascar.","She was the founder of several girls\' schools in Madagascar, and was invalided home by the SPG in 1899. She had also worked in Mauritius. She died in an SPG hostel in Worthing. Death announcement, <i>The Times</i> (14 October 1914)."
2435,Scott,Margaretta,,,,,1841-1913,U.S. missionary in Liberia,
2437,Lynch,Mrs,,,,,,"The Mrs Lynch whose story or article was considered in 1890 may be the E. M. Lynch whose \'Has Every Man his Price?\'  was published in <i>MP</i> (December 1887).  The <i>Wellesley Index</i> proposes Mrs Edward Melville Lynch, rather feebly I feel.",
2438,Streatfeild,William Champion,The Rev.,,,,1839-1912,"Rector of Kingsworthy, grandfather of the novelist Noel Streatfeild.",
2439,Fairbairn,Florence Margaret,,,,,1858-1875,"daughter of Sir Thomas Fairbairn, Bt.",
2440,Charlesworth,Maria Louisa,,,,,(1819-1880),writer for children,
2441,Mowbray,John Robert,Sir,,,,,M.P. for the University of Oxford,
2442,Durst,Edith Harriet,,Gibson,,Mrs,(1842-1922),"Wife  (married 1871) of the Rev. Canon William Durst (1838-1922), later Rector of St. Mary, Southampton.  Her mother Louisianna was a daughter of the Rt. Rev. Charles Sumner, Bishop of Winchester.",
