cmy_bookID,title,date,genre_old,genre,category,format,publisher,serialization,illustrator,notes,display_title,sort_title,","
1,"<i>Château de Melville, ou, Recréations du cabinet d’étude, Le</i>",1839,Fiction (modern),Fiction (modern),Fiction,Booklet,"Chez Jacob & Johnson, Impremeurs, a Winchester: et chez Harris, St. Paul\'s Church-yard, a Londres.",NA,NA,"One of CMY’s rarest works, there are copies at Girton College, Cambridge and in the Bodleian Library.  The characters reappear under other names in <i>Scenes and Characters. Although it was printed privately, it seems to have been advertised for sale by Simpkin, who may perhaps have bought what was left of the stock.</i>","Château de Melville, ou, Recréations du cabinet d’étude, Le","Château de Melville, ou, Recréations du cabinet d’étude, Le",
2,"<i>Abbeychurch, or, Self Control and Self Conceit.</i>",1844,Fiction (modern),Fiction (modern),Fiction,Book,"James Burns, Portman Street; London, and Henry Mozley and Sons, Derby.",NA,Unsigned frontispiece,NA,"Abbeychurch, or, Self Control and Self Conceit.","Abbeychurch, or, Self Control and Self Conceit.",
3,"<i>Scenes and Characters, or, Eighteen Months at Beechcroft.</i> By the author of “Abbey Church, or, Self Control and Self Conceit.”",1847,Fiction (modern),Fiction (modern),Fiction,Book,"James Burns, Portman Street; London; Henry Mozley and Sons, Derby.",NA,NA,The Mohun family appear in the later novels <i>Beechcroft at Rockstone </i>and <i>The Two Sides of the Shield.</i>,"Scenes and Characters, or, Eighteen Months at Beechcroft.By the author of “Abbey Church, or, Self Control and Self Conceit.”","Scenes and Characters, or, Eighteen Months at Beechcroft.",
5,"<i>Midsummer Day, or, The Two Churches</i>.",1848,Fiction (modern),Fiction (modern),Fiction,Booklet,"John and Charles Mozley, Paternoster Row, London, and Joseph Masters, New Bond Street, London.",NA,NA,This story was later reprinted in The Christmas Mummers.,"Midsummer Day, or, The Two Churches.","Midsummer Day, or, The Two Churches",
6,<i>Kings of England: A History for Young Children.</i>,1848,Non-fiction: history,Non-fiction: history,Non-fiction,Book,"John and Charles Mozley, Paternoster Row, London, and Joseph Masters, New Bond Street, London.",NA,NA,NA,Kings of England: A History for Young Children.,Kings of England: A History for Young Children.,
7,<i>Harriet and her Sister.</i>,1848,Fiction (modern),Fiction (modern),Fiction,Booklet,"John and Charles Mozley, 6, Paternoster Row, London, and Joseph Masters, 78, New Bond Street, London",NA,One unsigned plate,There are copies in the NLW and Lambeth Palace Library.  It was reprinted in <i>The Christmas Mummers and Other Stories</i> (1876).,Harriet and her Sister.,Harriet and her Sister.,
8,<i>London Pride.</i>,1848,Fiction (modern),Fiction (modern),Fiction,Book,"John and Charles Mozley, 6, Paternoster Row, London, and Joseph Masters, 78, New Bond Street, London",NA,Frontispiece,"Copies in Lambeth Palace Library,  University of Sheffield Library and the University of Delaware Library. It was reprinted in <i>The Christmas Mummers and Other Stories</i> (1876).",London Pride.,London Pride.,
9,<i>Langley School.</i> By the author of “The Kings of England.” Reprinted from the Magazine for the Young.,1850,Fiction,Fiction,Fiction,Book,"John and Charles Mozley, Paternoster Row, London, and Joseph Masters, New Bond Street, London.","Serialized in the <i>Magazine for the Young,</i> Sept. 1846 to Dec. 1848",NA,Twenty-seven Langley stories were published in the <i>Magazine for the Young</i> of which fifteen were reprinted in <i>Langley School.</i>,Langley School.By the author of “The Kings of England.” Reprinted from the Magazine for the Young.,Langley School.,
10,"<i>Kenneth, or, The Rear Guard of the Grand Army</i>. By the author of  “Scenes and Characters,” “Kings of England,” etc.",1850,Fiction (historical),Fiction (historical),Fiction,Book,"John Henry Parker, Oxford and London.",NA,NA,NA,"Kenneth, or, The Rear Guard of the Grand Army. By the author of  “Scenes and Characters,” “Kings of England,” etc.","Kenneth, or, The Rear Guard of the Grand Army",
11,"<i>Henrietta’s Wish, or, Domineering: A Tale.  </i>By the author of  “Scenes and Characters”<i>. </i>",1850,Fiction (modern),Fiction (modern),Fiction,Book,"Joseph Masters, Aldersgate Street, and New Bond Street, London.","Serialized in <i>The Churchman’s Companion</i>, January 1849 to May 1850",Unsigned Frontispiece,NA,"Henrietta’s Wish, or, Domineering: A Tale.  By the author of  “Scenes and Characters”.","Henrietta’s Wish, or, Domineering: A Tale.  ",
12,Mrs Elderney’s School,1850,Fiction (modern),Fiction (modern),Fiction,Serial in Journal,Published in the <i>Magazine for the Young</i> Jan 1850-Jan 1852,only appeared as a serial,NA,NA,Mrs Elderney’s School,Mrs Elderney’s School,
13,"<i>Two Guardians; or, Home in this World, The</i> By the author of “Henrietta’s Wish,” “Kenneth,” etc.",1852,Fiction (modern),Fiction (modern),Fiction,Book,"Joseph Masters, Aldersgate Street, and New Bond Street, London.",Serialized in the <i>Churchman’s Companion</i> July 1850-Feb 1852,NA,NA,"The Two Guardians; or, Home in this WorldBy the author of “Henrietta’s Wish,” “Kenneth,” etc.","Two Guardians; or, Home in this World",
14,<i>Landmarks of History 1. Ancient History from the Earliest Times to the Mahometan Conquest</i>. By the author of “The Kings of England.”,1852,Non-fiction: history,Non-fiction: history,Non-fiction,Book,"John and Charles Mozley, Paternoster Row, London; J.H. Parker, Oxford; and 337, Strand; London; and Joseph Masters, 78, New Bond Street, London.",NA,NA,NA,Landmarks of History 1. Ancient History from the Earliest Times to the Mahometan Conquest. By the author of “The Kings of England.”,Landmarks of History 1. Ancient History from the Earliest Times to the Mahometan Conquest,
15,"<i>Heir of Redclyffe, The</i> By the author of “The Two Guardians,” “Henrietta’s Wish,” “The Kings of England.” 2 vols.",1853,Fiction (modern),Fiction (modern),Fiction,Book,"John W Parker and Son, West Strand, London.",NA,NA,NA,"The Heir of RedclyffeBy the author of “The Two Guardians,” “Henrietta’s Wish,” “The Kings of England.” 2 vols.",Heir of Redclyffe,
16,"<i>Landmarks of History 2. Middle Ages: from the Reign of Charlemagne to that of Charles V</i>. By the author of “The Kings of England,” etc.",1853,Non-fiction: history,Non-fiction: history,Non-fiction,Book,"John and Charles Mozley, Paternoster Row, London; J.H. Parker, Oxford; and 337, Strand; London; Joseph Masters, 78, New Bond Street, London.",NA,NA,NA,"Landmarks of History 2. Middle Ages: from the Reign of Charlemagne to that of Charles V. By the author of “The Kings of England,” etc.",Landmarks of History 2. Middle Ages: from the Reign of Charlemagne to that of Charles V,
17,"<i>Herb of the Field, The</i> By the author of “The Kings of England”, “Langley School”, “Scenes and Characters”, etc..<i> </i>",1853,Non-fiction: natural history,Non-fiction: natural history,Non-fiction,Book,"John and Charles Mozley, 6, Paternoster Row, London.","Serialized as “Chapters on Flowers” in the<i> Magazine for the Young,</i> Feb 1850-Dec 1852",NA,NA,"The Herb of the FieldBy the author of “The Kings of England”, “Langley School”, “Scenes and Characters”, etc..",Herb of the Field,
18,"<i>Castle Builders, or, The Deferred Confirmation, The</i>. By the author of “Heartsease,” “The Heir of Redclyffe,” “Scenes and Characters,” etc.",1854,Fiction (modern),Fiction (modern),Fiction,Book,"John and Charles Mozley, 6 Paternoster Row, London","Serialized in<i> MP</i>, April 1851 to May 1853.",NA,The character of Constance recurs in <i>The Pillars of the House.</i>,"The Castle Builders, or, The Deferred Confirmation. By the author of “Heartsease,” “The Heir of Redclyffe,” “Scenes and Characters,” etc.","Castle Builders, or, The Deferred Confirmation",
19,"<i>Heartsease, or, The Brother’s Wife</i>. 2 vols. By the author of “The Heir of Redclyffe.”",1854,Fiction (modern),Fiction (modern),Fiction,Book,"John W Parker and Son West Strand, London.",NA,NA,‘Last Heartsease Leaves’ is a short sequel which seems to have been the original ending of the novel.,"Heartsease, or, The Brother’s Wife. 2 vols. By the author of “The Heir of Redclyffe.”","Heartsease, or, The Brother’s Wife",
20,"<i>Little Duke, or, Richard the Fearless, The</i>. By the author of “The Heir of Redclyffe”, “The Kings of England.”",1854,Fiction (historical),Fiction (historical),Fiction,Book,"John W Parker and Son, West Strand, London","Serialized in<i> MP</i>, January to October 1851","With illustrations, drawn and lithographed by J.B. [Jemima Blackburn]",NA,"The Little Duke, or, Richard the Fearless. By the author of “The Heir of Redclyffe”, “The Kings of England.”","Little Duke, or, Richard the Fearless",
21,"<i>The History of the Life and Death of the Good Knight Sir Thomas Thumb, with divers other matters concerning the court of good King Arthur of Britain</i>. By the author of “The Heir of Redclyffe,” “",1855,Fiction (historical),Fiction (historical),Fiction,Book,"Thomas Constable and Co., Edinburgh: Hamilton, Adams, and Co, London:.",NA,Illustrated by J.B [Jemima Blackburn],NA,"The History of the Life and Death of the Good Knight Sir Thomas Thumb, with divers other matters concerning the court of good King Arthur of Britain. By the author of “The Heir of Redclyffe,” “","History of the Life and Death of the Good Knight Sir Thomas Thumb, with divers other matters concerning the court of good King Arthur of Britain",
22,"<i>Railroad Children, The</i>. By the author of “The Heir of Redclyffe,” “Scenes and Characters,” &c.",1855,Fiction (modern),Fiction (modern),Fiction,Book,"John and Charles Mozley, 6, Paternoster Row, London; Masters and Co., 78, New Bond Street, London.",Serialized in <i>the Magazine for the Young</i> April - December 1849.,NA,NA,"The Railroad Children. By the author of “The Heir of Redclyffe,” “Scenes and Characters,” &c.",Railroad Children,
23,"<i>Lances of Lynwood, The</i>. By the author of “The Little Duke;” “Heartsease:” “Heir of Redclyffe;” Etc.",0.1855,Fiction (historical),Fiction (historical),Fiction,Book,"John W Parker and Son West Strand, London.","Serialized in<i> MP</i>, January 1853 to December 1854.",With Illustrations by J.B [Jemima Blackburn],NA,The Lances of Lynwood. By the author of “The Little Duke;” “Heartsease:” “Heir of Redclyffe;” Etc.,Lances of Lynwood,
24,"<i>Daisy Chain, or, Aspirations: A Family Chronicle, The</i>. By the author of “The Heir of Redclyffe.” 2 Vols",1856,Fiction (modern),Fiction (modern),Fiction,Book,"John W Parker and Son, West Strand, London.","Part 1 serialized in<i> MP</i>, July 1853 to December 1855.",NA,The May family appear again in <i>The Trial</i> and other novels.,"The Daisy Chain, or, Aspirations: A Family Chronicle. By the author of “The Heir of Redclyffe.” 2 Vols","Daisy Chain, or, Aspirations: A Family Chronicle",
25,"<i>Ben Sylvester’s Word</i>. By the author of “The Heir of Redclyffe,” “The Railroad Children,” &c.",1856,Fiction (modern),Fiction (modern),Fiction,Booklet,"John and Charles Mozley, 6, Paternoster Row, London. Masters and Co., 78, New Bond Street, London.","Serialized in the <i>Magazine for the Young</i>, March to June 1856",NA,NA,"Ben Sylvester’s Word. By the author of “The Heir of Redclyffe,” “The Railroad Children,” &c.",Ben Sylvester’s Word,
26,<i>Leonard the Lion-Heart</i>,1856,Fiction (modern),Fiction (modern),Fiction,Booklet,"John and Charles Mozley, 6, Paternoster Row, London; Masters and Co., 78, New Bond Street, London","Serialized in the <i>Magazine for the Young</i>, March to June 1856",NA,NA,Leonard the Lion-Heart,Leonard the Lion-Heart,
27,"<i>Dynevor Terrace, or, The Clue of Life</i>. 2 vols. By the author of “The Heir of Redclyffe.” .",1857,Fiction (modern),Fiction (modern),Fiction,Book,"John W Parker and Son West Strand, London.",NA,NA,NA,"Dynevor Terrace, or, The Clue of Life. 2 vols. By the author of “The Heir of Redclyffe.” .","Dynevor Terrace, or, The Clue of Life",
28,<i>Landmarks of History III. Modern History: From the Reformation to the Fall of Napoleon</i>. By the author of “The Heir of Redclyffe” and “The Kings of England.”,1857,Non-fiction: history,Non-fiction: history,Non-fiction,Book,"John and Charles Mozley, 6 Paternoster Row, London. Masters and Co. 78, New Bond Street, London.",NA,NA,NA,Landmarks of History III. Modern History: From the Reformation to the Fall of Napoleon. By the author of “The Heir of Redclyffe” and “The Kings of England.”,Landmarks of History III. Modern History: From the Reformation to the Fall of Napoleon,
29,"<i>Instructive Picture Book, or, Lessons from the Vegetable World, The</i>. By the author of “The Heir of Redclyffe,” and “The Herb of the Field”,",1857,Non-fiction: natural history,Non-fiction: natural history,Non-fiction,Book,"Edmonston & Douglas, 87 Princes Street, Edinburgh.",NA,"Illustrated with 31 coloured plates arranged by Robert M. Stark, Fellow of the Botanical and Royal Physical Societies, Edinburgh and author of “A Popular History of British Mosses”.",NA,"The Instructive Picture Book, or, Lessons from the Vegetable World. By the author of “The Heir of Redclyffe,” and “The Herb of the Field”,","Instructive Picture Book, or, Lessons from the Vegetable World",
30,"<i>Christmas Mummers, The</i> By the author of “The Heir of Redclyffe.”",1858,Fiction,Fiction,Fiction,Book,"John and Charles Mozley, 6, Paternoster Row, London. Masters and Co., 78, New Bond Street, London.","Serialized in the <i>Magazine for the Young</i>, May 1857 to March 1858",NA,NA,The Christmas MummersBy the author of “The Heir of Redclyffe.”,Christmas Mummers,
31,<i>Marie Therèse de Lamourous: foundress of the house of La Miséricorde at Bourdeaux </i>[sic]. A biography abridged from the Fr. [of F. Pouget] by the author of ‘The Heir of Redclyffe’.,1858,Edited translation,Edited translation,Editorial work and prefaces,Book,"John W Parker and Son West Strand, London.",NA,NA,"The title page may that CMY translated this work herself, which is not the case with all the translations from the French described as ‘edited’ by her.",Marie Therèse de Lamourous: foundress of the house of La Miséricorde at Bourdeaux [sic]. A biography abridged from the Fr. [of F. Pouget] by the author of ‘The Heir of Redclyffe’.,Marie Therèse de Lamourous: foundress of the house of La Miséricorde at Bourdeaux ,
32,<i>Conversations on the Catechism: The Commandments</i>. By the author of “The Heir of Redclyffe.”,1859,Non-fiction: theology,Non-fiction: theology,Non-fiction,Book,"John and Charles Mozley, 6, Paternoster Row, London.","Appeared in<i> MP</i>, 1851 to 1857",NA,NA,Conversations on the Catechism: The Commandments. By the author of “The Heir of Redclyffe.”,Conversations on the Catechism: The Commandments,
33,<i>Conversations on the Catechism: To the end of the Creed</i>. By the author of “The Heir of Redclyffe.”,1859,Non-fiction: theology,Non-fiction: theology,Non-fiction,Book,"John and Charles Mozley, 6, Paternoster Row, London.","Appeared in<i> MP</i>, 1851 to 1857",NA,NA,Conversations on the Catechism: To the end of the Creed. By the author of “The Heir of Redclyffe.”,Conversations on the Catechism: To the end of the Creed,
34,"<i>Pigeon Pie, The</i> By the author of “The Heir of Redclyffe.”",1860,Fiction (historical),Fiction (historical),Fiction,Book,"John and Charles Mozley, 6, Paternoster Row, London. Masters and Co., 78, New Bond Street, London.","Serialized in<i> MP</i>, November 1851 to October 1852","Illustrated frontispiece, but no artist named.",NA,The Pigeon PieBy the author of “The Heir of Redclyffe.”,Pigeon Pie,
35,"<i>Mice at Play, The</i>. By the author of  “The Heir of Redclyffe.”",1860,Fiction (historical drama),Fiction (historical drama),Fiction,Booklet,"Groombridge and Sons, 5, Paternoster Row, London.","No. 7 of the Magnet Stories for Summer Days and Winter Nights; 8 vols., 1860-5.","Illustrated. The frontispiece appears to be signed DHF, for David Henry Friston who also illustrated <i>The Strayed Falcon</i>.","Magnet Stories for Summer Days and Winter Nights; 8 vols., 1860-5. Advertised as “A new story every month - Each complete in itself.”",The Mice at Play. By the author of  “The Heir of Redclyffe.”,Mice at Play,
36,<i>Friarswood Post Office</i>. By the author of “The Heir of Redclyffe.”,1860,Fiction (modern),Fiction (modern),Fiction,Book,"John and Charles Mozley, 6, Paternoster Row, London. Masters and Co., 78, New Bond Street, London.","Serialized in the <i>Magazine for the Young</i>, August 1858 to August 1859.",There is one frontispiece signed F. Anderson Sc..,NA,Friarswood Post Office. By the author of “The Heir of Redclyffe.”,Friarswood Post Office,
37,"<i>Hopes and Fears, or, Scenes from the Life of a Spinster.</i> By the author of “The Heir of Redclyffe,” “Heartsease,” Etc.",1860,Fiction (modern),Fiction (modern),Fiction,Book,"London: John W Parker and Son, West Strand.","Part serialized in the<i> Constitutional Press</i>, Jun 1859-Dec 1860",NA,The Rev. Robert Fulmort and other characters recur in <i>The Pillars of the House.</i>,"Hopes and Fears, or, Scenes from the Life of a Spinster.By the author of “The Heir of Redclyffe,” “Heartsease,” Etc.","Hopes and Fears, or, Scenes from the Life of a Spinster.",
38,"<i>Young Step-mother, or, A Chronicle of Mistakes, The</i> By the author of “The Heir of Redclyffe,” “Heartsease,” etc.",1861,Fiction (modern),Fiction (modern),Fiction,Book,"London: Parker, Son, and Bourn, West Strand.","Serialized in<i> MP</i>, April 1856 to Dec 1860",NA,NA,"The Young Step-mother, or, A Chronicle of MistakesBy the author of “The Heir of Redclyffe,” “Heartsease,” etc.","Young Step-mother, or, A Chronicle of Mistakes",
39,"<i>Selections from the Hursley Magazine for the Years 1848 & 1849: With Facsimiles of the Original Title Pages and Other Illustrations. </i>[Edited by Selina, Lady Heathcote]",1861,"Fiction, history","Fiction, history",Miscellaneous,contributions to collection,"Hursley: Hursley Park, privately printed.",NA,Illustrated.,"‘Miss Yonge’ is credited with ‘Post Script’ [editorial], ‘A Legend of Hursley’ [historical fiction], ‘Funeral of Henry II’.","Selections from the Hursley Magazine for the Years 1848 & 1849: With Facsimiles of the Original Title Pages and Other Illustrations. [Edited by Selina, Lady Heathcote]",Selections from the Hursley Magazine for the Years 1848 & 1849: With Facsimiles of the Original Title Pages and Other Illustrations. ,
40,"<i>Stokesley Secret, The</i>. By the author of “The Heir of Redclyffe.”",1861,Fiction (modern),Fiction (modern),Fiction,Book,"John and Charles Mozley, 6, Paternoster Row, London. Masters and Co., 78, New Bond Street, London.","Serialized in the <i>Magazine for the Young</i>, January 1860 to April 1861",NA,NA,The Stokesley Secret. By the author of “The Heir of Redclyffe.”,Stokesley Secret,
41,"<i>Strayed Falcon, The</i>. By the author of “The Heir of Redclyffe.”",1862,Fiction (drama),Fiction (drama),Fiction,Booklet,"Groombridge and Sons, 5, Paternoster Row, London.","No. 21 of the Magnet Stories for Summer Days and Winter Nights; 8 vols., 1860-5.",Illustrated. The frontispiece is signed D[avid] H[enry] Friston.,"Magnet Stories for Summer Days and Winter Nights; 8 vols., 1860-5. Advertised as “A new story every month - Each complete in itself.”",The Strayed Falcon. By the author of “The Heir of Redclyffe.”,Strayed Falcon,
42,"<i>Chosen People: A Compendium of Sacred and Church History for School Children, The</i>. By the author of the “Heir of Redclyffe.”",1859,"Non-fiction: history, theology","Non-fiction: history, theology",Non-fiction,Book,"John and Charles Mozley, 6, Paternoster Row, London. Masters and Co., 78, New Bond Street, London.",NA,NA,NA,The Chosen People: A Compendium of Sacred and Church History for School Children. By the author of the “Heir of Redclyffe.”,Chosen People: A Compendium of Sacred and Church History for School Children,
43,"<i>Biographies of Good Women, chiefly by contributors to ‘The Monthly Packet’.</i> Edited by the author of “The Heir of Redclyffe.” First Series.",1862,Non-fiction: biography,Non-fiction: biography,Non-fiction,"Contributions to collection, edited collection","John and Charles Mozley, 6, Paternoster Row, London; Masters and Co., 78, New Bond Street, London.",NA,NA,"The biographies of Lady Grisell Baillie, Lady Fanshawe, the Countess of Balcarres, Elizabeth Smith and Madame Swetchine are “By the author of ‘The Heir of Redclyffe’”. 

Olympia Morata and Amalie Sieveking are signed E.T. and the work of Emily Taylor. So, according to CMY, is the unsigned article on Mum Bet (perhaps unsigned because derivative of the work of Harriet Martineau). Anna Gurney is signed by Sarah Austin. Princess Galitzin is signed H. D.. Mrs Hutchinson, Caroline Perthes and Lady Russell are attributed to \'the author of Magdalen Stafford\', who may have been Mrs Bromfield.   Elizabeth Carter and Anne Grant of Laggan are unsigned and the work of Ann Carter Smith.  Elizabeth Fry is unsigned.

 A second series of biographies was published in 1865.","Biographies of Good Women, chiefly by contributors to ‘The Monthly Packet’.Edited by the author of “The Heir of Redclyffe.” First Series.","Biographies of Good Women, chiefly by contributors to ‘The Monthly Packet’.",
44,<i>Countess Kate</i>. By the author of “The Heir of Redclyffe.”,1862,Fiction (modern),Fiction (modern),Fiction,Book,"John and Charles Mozley, 6, Paternoster Row, London. Masters and Co., 78, New Bond Street, London.","Serialized in the <i>Magazine for the Young</i>, October 1861 to December 1862",NA,The heroine also appears in <i>The Pillars of the House.</i>,Countess Kate. By the author of “The Heir of Redclyffe.”,Countess Kate,
45,<i>Last Heartsease Leaves.</i> By the author of “The Heir of Redclyffe.”,1862,Fiction (modern),Fiction (modern),Fiction,Booklet,500 printed privately for sale for a charity.,NA,NA,"Reprinted as “Lost Heartsease Leaves” in last number of <i>Events of the Month, </i>Jan 2, 1865, pp. 615-618. The letters from Keble reprinted in <i>Musings over the Christian Year</i> make it clear that this was originally written as the ending of <i>Heartsease</i>, and was not an afterthought.",Last Heartsease Leaves.By the author of “The Heir of Redclyffe.”,Last Heartsease Leaves.,
46,"<i>Sea Spleenwort, The</i>. By the author of “The Heir of Redclyffe.”",1862,Fiction (modern),Fiction (modern),Fiction,Booklet,"Groombridge and Sons, 5, Paternoster Row, London.",NA,Illustrated. The frontispiece is signed with a monogram and ‘E.Whimper Sc.’ ( the engraver).,"Magnet Stories for Summer Days and Winter Nights; 8 vols., 1860-5. Advertised as “A new story every month - Each complete in itself.”",The Sea Spleenwort. By the author of “The Heir of Redclyffe.”,Sea Spleenwort,
47,"<i>Sea Spleenwort and Other Stories, The</i>. By the author of “The Heir of Redclyffe.”",1862,Fiction,Fiction,Fiction,Book,"Groombridge and Sons, 5, Paternoster Row, London.","Appeared originally in the Magnet Stories for Summer Days and Winter Nights; 8 vols., 1860-5.",NA,"This contained ‘The Sea Spleenwort’, ‘The Mice at Play’ and ‘The Strayed Falcon’. A number of other Magnet stories by others seem also to have been bound up in this way and published in Groombridge’s gift book series (in which <i>Historical Dramas</i> also appeared).",The Sea Spleenwort and Other Stories. By the author of “The Heir of Redclyffe.”,Sea Spleenwort and Other Stories,
48,"<i>History of Christian Names, A</i>. 2 vols. By the author of “The Heir of Redclyffe,” “Landmarks of History.”",1863,"Non-fiction: history, onomastics.","Non-fiction: history, onomastics.",Non-fiction,Book,"John W Parker and Son West Strand, London","Part appeared in<i> MP</i> as ‘Name-Fancying’, May 1852 to August 1862",NA,"A revised edition was published in 1884.  The book drew on a long-standing interest of CMY\'s, which she had expressed in a series of articles on \'Name-fancying\', published in <i>MP</i> (May 1852-August 1862).","A History of Christian Names. 2 vols. By the author of “The Heir of Redclyffe,” “Landmarks of History.”",History of Christian Names,
49,<i>Conversations on the Catechism: Means of Grace</i>. By the author of “The Heir of Redclyffe.”,1863,Non-fiction: theology,Non-fiction: theology,Non-fiction,Book,"John and Charles Mozley, 6, Paternoster Row, London.","Series appeared in<i> MP</i>, 1851 to 1857.",NA,NA,Conversations on the Catechism: Means of Grace. By the author of “The Heir of Redclyffe.”,Conversations on the Catechism: Means of Grace,
50,Eugénie de Guérin. (Author not named),1864,Non-fiction: criticism,Non-fiction: criticism,Non-fiction,Article in Journal,"<i>Christian Remembrancer</i>, Vol. 47, pp. 1-26.",NA,NA,NA,Eugénie de Guérin. (Author not named),Eugénie de Guérin. (Author not named),
51,"<i>Book of Golden Deeds of all Times and all Lands Gathered and Narrated by the author of “The Heir of Redclyffe, A” </i>",1864,Non-fiction: history,Non-fiction: history,Non-fiction,Book,London and Cambridge: Macmillan and Company.,NA,Title page engraving of a statue of Florence Nightingale,Several abridged editions of this work were published.,"Book of Golden Deeds of all Times and all Lands Gathered and Narrated by the author of “The Heir of Redclyffe, A” ","Book of Golden Deeds of all Times and all Lands Gathered and Narrated by the author of “The Heir of Redclyffe, A” ",
52,Memoir of Bishop Mackenzie. (Author not named),1864,Non-fiction: biography,Non-fiction: biography,Non-fiction,Article in Journal,<i>Christian Remembrancer</i> Vol 47. pp. 401-426,NA,NA,NA,Memoir of Bishop Mackenzie. (Author not named),Memoir of Bishop Mackenzie. (Author not named),
53,"<i>Trial: More Links of the Daisy Chain, The</i> 2 vols. By the author of “The Heir of Redclyffe.”",1864,Fiction (modern),Fiction (modern),Fiction,Book,London and Cambridge: Macmillan and Company.,"Serialized in<i> MP</i>, Jan 1862-April 1864",NA,This is a sequel to <i>The Daisy Chain.</i> Characters reappear in <i>Modern Broods</i> and <i>The Long Vacation.</i>,The Trial: More Links of the Daisy Chain2 vols. By the author of “The Heir of Redclyffe.”,Trial: More Links of the Daisy Chain,
54,"<i> Apple of Discord, The</i> By the author of  “The Heir of Redclyffe.” [a play]",1864,Fiction (historical drama),Fiction (historical drama),Fiction,Book,"Groombridge and Sons, 5, Paternoster Row, London.",NA,NA,"Magnet Stories for Summer Days and Winter Nights; 8 vols., 1860-5. Advertised as “A new story every month - Each complete in itself.”",The  Apple of DiscordBy the author of  “The Heir of Redclyffe.” [a play],Apple of Discord,
55,"<i>Historical Dramas.</i> By the author of “The Heir of Redclyffe, etc.”",1864,Fiction (drama),Fiction (drama),Fiction,Book 8vo npn,"Groombridge and Sons, 5, Paternoster Row, London.","The plays appeared originally in the Magnet Stories for Summer Days and Winter Nights; 8 vols., 186",With the illustrations by D. H. Friston from the Magnet series.,"Contains The Mice at Play, The Apple of Discord, The Strayed Falcon. [plays]   It was one of Groombridge’s gift book series.","Historical Dramas.By the author of “The Heir of Redclyffe, etc.”",Historical Dramas.,
56,<i>The Wars of Wapsburgh</i>. By the author of  “The Heir of Redclyffe.”,1864,Fiction (fantasy),Fiction (fantasy),Fiction,Book,"Groombridge and Sons, 5, Paternoster Row, London.",NA,NA,NA,The Wars of Wapsburgh. By the author of  “The Heir of Redclyffe.”,Wars of Wapsburgh,
57,"<i>Biographies of Good Women, chiefly by contributors to ‘The Monthly Packet’</i>. Second series. Edited by the author of “The Heir of Redclyffe.”",1865,Non-fiction: biography,Non-fiction: biography,Non-fiction,"Contributions to collection, edited collection","John and Charles Mozley, 6, Paternoster Row, London. Masters and Co., 78, New Bond Street, London.","The biographies of Mrs Trimmer, Hannah More, The Five Sisters of Noailles, and Sarah Martin  are “B",NA,NA,"Biographies of Good Women, chiefly by contributors to ‘The Monthly Packet’. Second series. Edited by the author of “The Heir of Redclyffe.”","Biographies of Good Women, chiefly by contributors to ‘The Monthly Packet’",
58,"<i>Clever Woman of the Family, The</i>. 2 vols. By the author of  “The Heir of Redclyffe.”",1865,Fiction (modern),Fiction (modern),Fiction,Book,London and Cambridge: Macmillan and Company,"Serialised in<i> Churchman’s Family Magazine</i>, Jan 1864 to April 1865",NA,NA,The Clever Woman of the Family. 2 vols. By the author of  “The Heir of Redclyffe.”,Clever Woman of the Family,
59,\'Cawnpore\',1865,Non-Fiction: criticism,Non-Fiction: criticism,Non-fiction,Article in Journal,<i>Macmillan’s Magazine</i> 12 (July 1865) 267-274,NA,NA,This was a review of <i>Cawnpore</i> by George Otto Trevelyan. The author was not named.,'Cawnpore','Cawnpore',
60,\'Cawnpore\',1865,Non-Fiction: criticism,Non-Fiction: criticism,Non-fiction,Article in Journal,Not reprinted in volume form,<i>Literary Churchman</i>,NA,This was a review of <i>Cawnpore</i> by George Otto Trevelyan. The author was not named.,'Cawnpore','Cawnpore',
61,"<i>Prince and the Page: A Story of the Last Crusade, The</i> By the author of “The Heir of Redclyffe.”",1866,Fiction (historical),Fiction (historical),Fiction,Book,"London and Cambridge: Macmillan and Co.,","Serialized in<i> MP</i>, January to December 1865",With six illustrations by R. Farren.,NA,The Prince and the Page: A Story of the Last CrusadeBy the author of “The Heir of Redclyffe.”,Prince and the Page: A Story of the Last Crusade,
62,"<i>Dove In The Eagle’s Nest, The</i>. 2 vols. By the author of  “The Heir of Redclyffe.”",1866,Fiction (historical),Fiction (historical),Fiction,Book,Cambridge and London: Macmillan and Company.,Serialized in <i>Macmillan’s Magazine </i>May -Dec 1865,NA,NA,The Dove In The Eagle’s Nest. 2 vols. By the author of  “The Heir of Redclyffe.”,Dove In The Eagle’s Nest,
63,"<i>Danvers Papers: An Invention, The</i> By the author of  “The Heir of Redclyffe.”",1867,Fiction (historical),Fiction (historical),Fiction,Book,London: Macmillan and Co.,NA,NA,NA,The Danvers Papers: An InventionBy the author of  “The Heir of Redclyffe.”,Danvers Papers: An Invention,
64,The La Ferronnays Family (Author not named),1867,Non-fiction: criticism,Non-fiction: criticism,Non-fiction,Article in journal,Not reprinted in volume form,"<i>Christian Remembrancer</i>, Vol 53, pp-353-388",NA,.,The La Ferronnays Family (Author not named),La Ferronnays Family (Author not named),
65,Folk Lore and Old Stories (Author not named),1867,Non-fiction: history,Non-fiction: history,Non-fiction,Article in Journal,Not reprinted in volume form,"<i>Christian Remembrancer</i>, Vol. 54, pp.33-83.",NA,NA,Folk Lore and Old Stories (Author not named),Folk Lore and Old Stories (Author not named),
66,Lord Seaton and his Regiment (Author not named),1867,Non-fiction: biography,Non-fiction: biography,Non-fiction,Article in Journal,Not reprinted in volume form,"<i>Christian Remembrancer</i>, Vol 54, pp. 239-285.",NA,NA,Lord Seaton and his Regiment (Author not named),Lord Seaton and his Regiment (Author not named),
67,"<i>Six Cushions, The</i> By the author of “The Heir of Redclyffe.”",1867,Fiction (modern),Fiction (modern),Fiction,Book,"John and Charles Mozley, 6, Paternoster Row, London. Masters and Co., 78, New Bond Street, London.",Serialized in<i> MP</i> Jan-December 1866,The single frontispiece seems to be signed G Peen.,NA,The Six CushionsBy the author of “The Heir of Redclyffe.”,Six Cushions,
68,<i>New Ground</i> (<i>Kaffirland</i>). “By the author of “The Heir of Redclyffe.”,1868,Fiction (modern),Fiction (modern),Fiction,Book,"John and Charles Mozley, 6, Paternoster Row, Masters and Co., 78, New Bond Street","Serialized in the <i>Magazine for the Young</i>, January 1863 to November 1866.",NA,NA,New Ground(Kaffirland). “By the author of “The Heir of Redclyffe.”,New Ground,
69,"<i>Chaplet of Pearls, or, The White and Black Ribaumont, The</i>. By the author of  “The Heir of Redclyffe.”",1868,Fiction (historical),Fiction (historical),Fiction,Book,London: Macmillan and Company.,"Serialised in <i>Macmillan’s Magazine</i>, Vol 17, November, 1867 to Vol 19 December 1868",NA,<i>Stray Pearls</i> and <i>The Release</i> are sequels to this novel.,"The Chaplet of Pearls, or, The White and Black Ribaumont. By the author of  “The Heir of Redclyffe.”","Chaplet of Pearls, or, The White and Black Ribaumont",
70,<i>Sketches of the Rites and Customs of the Greco-Russian Church</i> By H. C. Romanoff.  With introduction by the author of “The Heir of Redclyffe”.,1868,Non-fiction: preface,Non-fiction: preface,Editorial work and prefaces,preface to book,London: Rivingtons,NA,NA,NA,Sketches of the Rites and Customs of the Greco-Russian ChurchBy H. C. Romanoff.  With introduction by the author of “The Heir of Redclyffe”.,Sketches of the Rites and Customs of the Greco-Russian Church,
71,<i>Historical Selections: A Series of Readings from the Best Authorities in English and European History.</i> Selected and arranged by E.M. Sewell and C.M. Yonge,1868,Non-fiction: history (by others),Non-fiction: history (by others),Editorial work and prefaces,Edited book,London: Macmillan and Company,NA,NA,Probably the earliest instance of CMY’s name being attached to one of her published works.,Historical Selections: A Series of Readings from the Best Authorities in English and European History.Selected and arranged by E.M. Sewell and C.M. Yonge,Historical Selections: A Series of Readings from the Best Authorities in English and European History.,
72,"<i>Pupils of St. John the Divine, The</i> By the author of “The Heir of Redclyffe.”",1868,Non-fiction: history,Non-fiction: history,Non-fiction,Book,London and New York: Macmillan and Company.,Macmillan\'s Sunday Library,Edward Armitage,Macmillan’s Sunday Library (originally the Sunday Library for Household Reading) was published in monthly parts at 1<i>s.</i> each (of which the <i>Pupils</i> formed the first 3 parts) and quarterly volumes at 4<i>s.</i> each (of which it formed volume I).,The Pupils of St. John the DivineBy the author of “The Heir of Redclyffe.”,Pupils of St. John the Divine,
73,<i>Cameos from English History: I. From Rollo to Edward.</i> By the author of “The Heir of Redclyffe.”,1868,Non-fiction: history,Non-fiction: history,Non-fiction,Book,London and New York: Macmillan and Company.,"Individual cameos appeared in<i> MP</i>, irregularly from 1856 to 1889.",NA,NA,Cameos from English History: I. From Rollo to Edward.By the author of “The Heir of Redclyffe.”,Cameos from English History: I. From Rollo to Edward.,
74,“Children’s literature of the last century: I. - Nursery books of the eighteenth century.” by Miss Yonge,1869,Non-fiction: criticism,Non-fiction: criticism,Non-fiction,Article in Journal,Not reprinted in volume form,"<i>Macmillan’s Magazine.</i> 20 (May, 1869): 229-237",NA,"An early instance of CMY allowing her name to appear, though not in the form she ultimately adopted.",“Children’s literature of the last century: I. - Nursery books of the eighteenth century.” by Miss Yonge,“Children’s literature of the last century: I. - Nursery books of the eighteenth century.” by Miss Yonge,
75,“Children’s literature of the last century: II. - Didactic fiction.” By Miss Yonge.,1869,Non-fiction: criticism,Non-fiction: criticism,Non-fiction,Article in Journal,Not reprinted in volume form,<i>Macmillan’s Magazine.</i> 20 (1869): 302-310,NA,NA,“Children’s literature of the last century: II. - Didactic fiction.” By Miss Yonge.,“Children’s literature of the last century: II. - Didactic fiction.” By Miss Yonge.,
76,“Children’s literature of the last century: III. - Class literature of the last thirty years.” By Miss Yonge.,1869,Non-fiction: criticism,Non-fiction: criticism,Non-fiction,Article in Journal,Not reprinted in volume form,"<i>Macmillan’s Magazine.</i> 20 (Oct, 1869): 448-456",NA,NA,“Children’s literature of the last century: III. - Class literature of the last thirty years.” By Miss Yonge.,“Children’s literature of the last century: III. - Class literature of the last thirty years.” By Miss Yonge.,
77,<i>Two years of School Life by Madame de Pressensé</i>. Edited by the author of “The Heir of Redclyffe.”,1869,Edited translation,Edited translation,Editorial work and prefaces,Edited book,"London: Frederick Warne and Co., Bedford Street, Covent Garden.",NA,Illustrated,"A translation of Élise Françoise de Pressensé, <i>Deux ans au lycée</i>.",Two years of School Life by Madame de Pressensé. Edited by the author of “The Heir of Redclyffe.”,Two years of School Life by Madame de Pressensé,
78,"<i>Seal, or, The Inward Spiritual Grace of Confirmation, The</i> by C.M. Yonge.",n. d. (1869),Non-fiction: theology,Non-fiction: theology,Non-fiction,Booklet,"London: John and Charles Mozley, 6, Paternoster Row. Masters and Son, 78, New Bond Street.",NA,NA,"An early instance of CMY allowing her name to appear, though not in the form she ultimately adopted.","The Seal, or, The Inward Spiritual Grace of Confirmationby C.M. Yonge.","Seal, or, The Inward Spiritual Grace of Confirmation",
79,<i>Key-notes of the First Lessons for Every Day in the Year.</i> By Miss Yonge,1869,Non-fiction: theology,Non-fiction: theology,Non-fiction,Book,"Published under the Direction of the Tract Committee. London: Society for Promoting Christian Knowledge. Sold at the Depositories 77 Great Queen’s Street, Lincoln’s Inn Fields Inn fields; 4 Royal Exc",NA,"Not illustrated, but each page surrounded with a red line with a cross on each corner. The lesson for the day at the top and the commentary below.","An early instance of CMY allowing her name to appear, though not in the form she ultimately adopted.",Key-notes of the First Lessons for Every Day in the Year.By Miss Yonge,Key-notes of the First Lessons for Every Day in the Year.,
80,"<i>Book of Worthies, gathered from the Old Histories and now written out anew, A</i> By the author of “The Heir of Redclyffe.”",1869,Non-fiction: history,Non-fiction: history,Non-fiction,Book,London and New York: Macmillan and Company.,NA,NA,NA,"A Book of Worthies, gathered from the Old Histories and now written out anewBy the author of “The Heir of Redclyffe.”","Book of Worthies, gathered from the Old Histories and now written out anew",
81,"<i>Caged Lion, The</i> By Charlotte M. Yonge, author of “The Heir of Redclyffe”.",1870,Fiction (historical),Fiction (historical),Fiction,Book,London: Macmillan and Co.,"Serialized in<i> MP</i> July 1868-Dec 1869, and before that in the<i> Barnacle</i>, 1866-67.",The illustrations are signed with a monogram.,This seems to be the first publication with “Charlotte M. Yonge” given as author.,"The Caged LionBy Charlotte M. Yonge, author of “The Heir of Redclyffe”.",Caged Lion,
82,<i>European History: Narrated in a series of Historical Selections from the Best Authorities</i> 2 vols. Selected and arranged by E.M. Sewell and C.M. Yonge,1870,Non-fiction: history (by others),Non-fiction: history (by others),Editorial work and prefaces,Edited book,London and New York: Macmillan and Co.,NA,NA,The first volume of this title is a renamed version of <i>Historical Selections: A Series of Readings from the Best Authorities in English and European History </i>(1868).,European History: Narrated in a series of Historical Selections from the Best Authorities2 vols. Selected and arranged by E.M. Sewell and C.M. Yonge,European History: Narrated in a series of Historical Selections from the Best Authorities,
83,"<i>Storehouse of Stories, A</i> Edited by Charlotte M. Yonge. First series",1870,Fiction (by others),Fiction (by others),Editorial work and prefaces,Edited book,London and New York: Macmillan and Co,NA,NA,"This was an anthology of reprinted eighteenth- and early nineteenth-century children’s stories by various hands;  a second series appeared in 1872.  The stories were ‘The History of Philip Quarll’,  ‘The Renowned History of little Goody Two-Shoes’, ‘The Governess, or, The Little Female Academy’, ‘Jemima Placid, or, The advantage of good-nature’, ‘The Life and Perambulations of a Mouse’, ‘The Village School’, ‘The Little Queen’ and ‘The History of little Jack’.",A Storehouse of StoriesEdited by Charlotte M. Yonge. First series,Storehouse of Stories,
84,"<i>Population of an Old Pear Tree, or, Stories of Insect Life, The</i> From the French of Ernest van Bruyssel.  Edited by the author of “The Heir of Redclyffe”.",1870,Edited translation,Edited translation,Editorial work and prefaces,Edited book,London and New York: Macmillan and Company.,NA,NA,"These translations \'edited\' by CMY were not translated by her, but she corrected the text.  This was almost certainly translated by Julian Bargus Yonge;  see the letters to Alexander Macmillan dated","The Population of an Old Pear Tree, or, Stories of Insect LifeFrom the French of Ernest van Bruyssel.  Edited by the author of “The Heir of Redclyffe”.","Population of an Old Pear Tree, or, Stories of Insect Life",
85,"\'Diplomate on the Fall of the First Empire, A\' (Author not named)",1871,Non-fiction: criticism,Non-fiction: criticism,Non-fiction,Article in Journal,Not reprinted in volume form,<i>Macmillan’s Magazine.</i> 24 August 1871,NA,NA,"'Diplomate on the Fall of the First Empire, A' (Author not named)","'Diplomate on the Fall of the First Empire, A' (Author not named)",
86,<i>Little Lucy’s Wonderful Globe.</i>,1871,Fiction (modern),Fiction (modern),Fiction,Book,London and New York: Macmillan and Company.,NA,Illustrated by Lorenz Froelich,This is a fictionalized geography book.,Little Lucy’s Wonderful Globe.,Little Lucy’s Wonderful Globe.,
87,<i>Scripture Readings for Schools and Families</i>. With comments by Charlotte M. Yonge. 5 vols,1871-1879,Non-fiction: theology (bible selections),Non-fiction: theology (bible selections),Editorial work and prefaces,Edited book,London and New York: Macmillan and Co,NA,NA,"Two versions were available: the teacher\'s with comments at  3<i>s.</i> 6<i>d.</i> and a cheaper one for the pupils without comments at 1<i>s.</i> 6<i>d.</i>.  In the former the \'Reading\' consists of about a page in small type;  the \'Comment\' slightly more in larger type. 
",Scripture Readings for Schools and Families. With comments by Charlotte M. Yonge. 5 vols,Scripture Readings for Schools and Families,
88,"<i>Musings over the “Christian Year” and “Lyra Innocentium” by Charlotte Mary Yonge together with a few gleanings of Recollections of the Rev. J. Keble, gathered by several friends. </i>",1871,"Non-fiction, criticism, biography","Non-fiction, criticism, biography",Non-fiction,Book,Oxford and London: James Parker and Co.,Serialized in<i> MP</i> Nov 1868-Nov 1870.,NA,"The other contributors were the Rev. T. Simpson Evans, Frances Maria Wilbraham and M.T..","Musings over the “Christian Year” and “Lyra Innocentium” by Charlotte Mary Yonge together with a few gleanings of Recollections of the Rev. J. Keble, gathered by several friends. ","Musings over the “Christian Year” and “Lyra Innocentium” by Charlotte Mary Yonge together with a few gleanings of Recollections of the Rev. J. Keble, gathered by several friends. ",
89,"<i>Parallel History of France and England, consisting of Outlines and Dates, A</i> By C.M. Yonge.",1871,Non-fiction: history,Non-fiction: history,Non-fiction,Book,London: Macmillan and Co.,NA,NA,NA,"A Parallel History of France and England, consisting of Outlines and DatesBy C.M. Yonge.","Parallel History of France and England, consisting of Outlines and Dates",
90,"<i>Pioneers and Founders, or, Recent Workers in the Mission Field.</i> By C. M. Yonge, author of “The Heir of Redclyffe”.",1871,Non-fiction: biography,Non-fiction: biography,Non-fiction,Book,London: Macmillan and Co.,It appeared in Macmillan\'s Sunday Library of Household Reading,The title page has an engraved portrait of Bishop Reginald Heber.,The preface is dated 17 March 1871.,"Pioneers and Founders, or, Recent Workers in the Mission Field.By C. M. Yonge, author of “The Heir of Redclyffe”.","Pioneers and Founders, or, Recent Workers in the Mission Field.",
91,"<i>Journal of the Lady Beatrix Graham, Sister of the Marquis of Montrose</i> [Preface by CMY]",1871,Non-fiction: preface,Non-fiction: preface,Editorial work and prefaces,Preface to book,"London: Bell and Daldy, York Street, Covent Garden",NA,Unsigned decorations,"This was an anonymous novel by Jane Mary Dampier.  The preface is dated August 1870.  It was reviewed in ‘Hints on Reading’ <i>MP</i> (April 1871) 420: \'<i>Journal of Lady Beatrix Graham</i> (Bell and Daldy) is a charming picture of the life of the great Marquis of Montrose and his loving admiring young sister, during the interval between his loyal exploits in Scotland and his death. We like it the best of all the imaginary diaries that have been so numerous.’ .","Journal of the Lady Beatrix Graham, Sister of the Marquis of Montrose[Preface by CMY]","Journal of the Lady Beatrix Graham, Sister of the Marquis of Montrose",
92,<i>Life and Adventures of Count Beugnot .</i> Edited by Charlotte M. Yonge. 2 vols.,1871,Edited translation,Edited translation,Editorial work and prefaces,Edited book,London : Hurst and Blackett.,"Translation of Comte Jacques-Claude Beugnot,<i> Mémoires du comte Beugnot, ancien ministre</i> (178",NA,Probably translated by Julian Yonge,Life and Adventures of Count Beugnot .Edited by Charlotte M. Yonge. 2 vols.,Life and Adventures of Count Beugnot .,
93,<i>Cameos from English History: II. The Wars in France.</i> By the author of “The Heir of Redclyffe.”,1871,Non-fiction: history,Non-fiction: history,Non-fiction,Book,London and New York: Macmillan and Company.,"Individual cameos appeared in<i> MP</i>, irregularly from 1856 to 1889.",NA,NA,Cameos from English History: II. The Wars in France.By the author of “The Heir of Redclyffe.”,Cameos from English History: II. The Wars in France.,
94,"<i> Mystery of the Cavern, The</i> (Published with reprint of <i>Abbeychurch</i>). By the author of “The Heir of Redclyffe.”",1872,Fiction (historical),Fiction (historical),Fiction,Book,"John and Charles Mozley, Paternoster Row, London. Joseph Masters, New Bond Street, London.","Serialized in<i> MP</i>, January to December 1867.",NA,NA,The  Mystery of the Cavern(Published with reprint of Abbeychurch). By the author of “The Heir of Redclyffe.”,Mystery of the Cavern,
95,"<i>P’s and Q’s, or, the Question of Putting Upon</i>. By Charlotte M. Yonge, author of “The Heir of Redclyffe.”",1872,Fiction (modern),Fiction (modern),Fiction,Book 8vo 150pp,London: Macmillan and Co.,NA,The illustrations appear to be signed C. O. Murray.,NA,"P’s and Q’s, or, the Question of Putting Upon. By Charlotte M. Yonge, author of “The Heir of Redclyffe.”","P’s and Q’s, or, the Question of Putting Upon",
96,"<i>Storehouse of Stories, A</i> Edited by C. M. Yonge. Second series",1872,Fiction (by others),Fiction (by others),Editorial work and prefaces,Edited book,London and New York: Macmillan and Company,NA,NA,"Like its 1870 predecessor, this was a volume of reprinted children’s stories by other hands. The stories were \'Family Stories\', \'Elements of Morality\', \'A Puzzle for a Curious Girl\' and \'Blossoms of Morality\'.",A Storehouse of StoriesEdited by C. M. Yonge. Second series,Storehouse of Stories,
97,<i>Scripture Readings for Schools and Families</i>. With Comments. From Joshua to Solomon.,1872,Non-fiction: theology,Non-fiction: theology,Editorial work and prefaces,Book,London and New York: Macmillan and Company,NA,NA,“Reading” about a page in small type. “Comment” slightly more in larger type.,Scripture Readings for Schools and Families. With Comments. From Joshua to Solomon.,Scripture Readings for Schools and Families,
98,<i>In Memoriam Bishop Patteson: Being with Additions the Substance of a Memoir Published in the ‘Literary Churchman’. </i>,1872,Non-fiction; biography,Non-fiction; biography,Non-fiction,Booklet,"London: William Skeffington, 163 Piccadilly.",Based on the memoir CMY had published in the <i>Literary Churchman</i>,NA,NA,In Memoriam Bishop Patteson: Being with Additions the Substance of a Memoir Published in the ‘Literary Churchman’. ,In Memoriam Bishop Patteson: Being with Additions the Substance of a Memoir Published in the ‘Literary Churchman’. ,
99,"<i>History of France.</i> Pt. 8 in <i>A Historical Course for Schools</i>, edited by E.A. Freeman",1879,Non-fiction: history,Non-fiction: history,Non-fiction,Book,London and New York: Macmillan and Company.,NA,NA,"Although this book is dated 1872 both by Coleridge, <i>Life</i> and in <i>A Chaplet for Charlotte Yonge</i>, followed by <i>NCBEL</i>, that seems to be the date of the commencement of Freeman\'s \'Historical Course for Schools\' series rather than of the publication of CMY\'s <i>France</i>. It was advertised as published \'this day\' in <i>John Bull</i> (26 April 1879) 257.

It is to be distinguished from the work of the same title, published in 1878, also by Macmillan,  which CMY contributed to the \'History Primers\' series edited by J. R. Green.  The latter has eight chapters rather than ten and is aimed at younger children.","History of France.Pt. 8 in A Historical Course for Schools, edited by E.A. Freeman",History of France.,
100,<i>Dames of High Estate</i> By Henriette de Witt.  The translations edited by Charlotte M. Yonge.,1869,Edited translation,Edited translation,Editorial work and prefaces,Edited book,"London: Frederick Warne and Co., Bedford Street, Covent Garden.",NA,NA,NA,Dames of High EstateBy Henriette de Witt.  The translations edited by Charlotte M. Yonge.,Dames of High Estate,
101,<i>Aunt Charlotte’s Stories of English History for the Little Ones.</i>,1873,Non-fiction: history,Non-fiction: history,Non-fiction,Book,"Marcus Ward & Co., Chandos St, W.C. London; and Royal Ulster Works, Belfast.",NA,Illustrated,NA,Aunt Charlotte’s Stories of English History for the Little Ones.,Aunt Charlotte’s Stories of English History for the Little Ones.,
102,"<i>Life of John Coleridge Patteson, Missionary Bishop of the Melanesian Islands, The</i> 2 vols",1873,Non-fiction: biography,Non-fiction: biography,Non-fiction,Book,London and New York: Macmillan and Company.,NA,NA,NA,"The Life of John Coleridge Patteson, Missionary Bishop of the Melanesian Islands2 vols","Life of John Coleridge Patteson, Missionary Bishop of the Melanesian Islands",
103,"<i>Recollections of a Page at the Court of Louis XVI</i>. Edited, from the French, by Charlotte M. Yonge.",1873,Edited translation,Edited translation,Editorial work and prefaces,Edited book,London : Hurst and Blackett.,"A translation of a work by Félix, Comte de France d’Hézecques",NA,Probably translated by Julian Bargus Yonge.,"Recollections of a Page at the Court of Louis XVI. Edited, from the French, by Charlotte M. Yonge.",Recollections of a Page at the Court of Louis XVI,
104,<i>Questions on the Epistles</i>. By the author of “The Heir of Redclyffe.” (Preface signed C.M. Yonge),1874,Non-fiction: theology,Non-fiction: theology,Non-fiction,Book,"John and Charles Mozley, 6, Paternoster Row, London.",NA,NA,NA,Questions on the Epistles. By the author of “The Heir of Redclyffe.” (Preface signed C.M. Yonge),Questions on the Epistles,
105,<i>Questions on the Gospels</i>. By the author of “The Heir of Redclyffe.” (Preface signed C.M. Yonge),1874,Non-fiction: theology,Non-fiction: theology,Non-fiction,Book,"John and Charles Mozley, 6, Paternoster Row, London.",NA,NA,NA,Questions on the Gospels. By the author of “The Heir of Redclyffe.” (Preface signed C.M. Yonge),Questions on the Gospels,
106,<i>Questions on the Collects</i>. By the author of “The Heir of Redclyffe.” (Preface signed C.M. Yonge),1874,Non-fiction: theology,Non-fiction: theology,Non-fiction,Book,"John and Charles Mozley, 6, Paternoster Row, London.",NA,NA,NA,Questions on the Collects. By the author of “The Heir of Redclyffe.” (Preface signed C.M. Yonge),Questions on the Collects,
107,<i>Aunt Charlotte’s Stories of French History for the Little Ones.</i>,1874,Non-fiction: history,Non-fiction: history,Non-fiction,Book,"Marcus Ward & Co., Chandos St, W.C. London; and Royal Ulster Works, Belfast.",NA,Illustrated,NA,Aunt Charlotte’s Stories of French History for the Little Ones.,Aunt Charlotte’s Stories of French History for the Little Ones.,
108,<i>Scripture Readings for Schools and Families</i>. With Comments. The Kings and the Prophets.,1874,Non-fiction: theology,Non-fiction: theology,Editorial work and prefaces,Selection with comments,London and New York: Macmillan and Co,NA,NA,NA,Scripture Readings for Schools and Families. With Comments. The Kings and the Prophets.,Scripture Readings for Schools and Families,
109,"<i>Pillars of the House, or, Under Wode, Under Rode, The</i>. 4 vols.",1874,Fiction (modern),Fiction (modern),Fiction,Book,London and New York: Macmillan and Company.,Serialized in<i> MP</i> January 1870-December 1873,Illustrated by Herbert Gandy.,"Characters from <i>Countess Kate</i>, <i>The Pillars of the House</i> and <i>The Castle Builders</i> appear in this novel.","The Pillars of the House, or, Under Wode, Under Rode. 4 vols.","Pillars of the House, or, Under Wode, Under Rode",
110,"<i>Lady Hester, or, Ursula’s Narrative</i>.",1874,Fiction (modern),Fiction (modern),Fiction,Book,London and New York: Macmillan and Company.,NA,NA,The Tauchnitz edition of this book (Leipzig 1874) also includes <i>The Mouth of the Leamy</i>.,"Lady Hester, or, Ursula’s Narrative.","Lady Hester, or, Ursula’s Narrative",
111,"<i>Aunt Charlotte’s Stories of Bible History for the Little Ones</i>. By Charlotte M. Yonge, author of “The Heir of Redclyffe,” “Stories of English History,” &c.",1875,Non-fiction: theology,Non-fiction: theology,Non-fiction,Book,"Marcus Ward & Co., Chandos St, W.C. London; and Royal Ulster Works, Belfast.",NA,Illustrated,NA,"Aunt Charlotte’s Stories of Bible History for the Little Ones. By Charlotte M. Yonge, author of “The Heir of Redclyffe,” “Stories of English History,” &c.",Aunt Charlotte’s Stories of Bible History for the Little Ones,
112,<i>My Young Alcides: A Faded Photograph.</i> 2 vols,1875,Fiction (modern),Fiction (modern),Fiction,Book,London and New York: Macmillan and Company.,NA,NA,NA,My Young Alcides: A Faded Photograph.2 vols,My Young Alcides: A Faded Photograph.,
113,"‘Memoir’ in <i>Sermons</i>. By the late Rev. George Collyer Harris, Prebendary of Exeter, and Vicar of St. Luke’s, Torquay.  With a memoir by Charlotte Mary Yonge.",1875,"Non-fiction: preface, biography","Non-fiction: preface, biography",Non-fiction,preface to book,London: Macmillan and Co.,NA,NA,NA,"‘Memoir’ in Sermons. By the late Rev. George Collyer Harris, Prebendary of Exeter, and Vicar of St. Luke’s, Torquay.  With a memoir by Charlotte Mary Yonge.","‘Memoir’ in Sermons. By the late Rev. George Collyer Harris, Prebendary of Exeter, and Vicar of St. Luke’s, Torquay.  With a memoir by Charlotte Mary Yonge.",
114,"<i>Recollections of Colonel de Gonneville</i>.  Published by his daughter, the Countess de Mirabeau. Edited, from the French, by Charlotte M. Yonge",1875,Edited translation,Edited translation,Editorial work and prefaces,Edited book,London : Hurst and Blackett 13 Great Marlborough Street.,NA,NA,Probably translated by Julian Bargus Yonge.,"Recollections of Colonel de Gonneville.  Published by his daughter, the Countess de Mirabeau. Edited, from the French, by Charlotte M. Yonge",Recollections of Colonel de Gonneville,
115,<i>Womankind.</i> By Charlotte Mary Yonge.,1876,Non-fiction: advice book,Non-fiction: advice book,Non-fiction,Book 327pp,"London: Mozley and Smith, 6 Paternoster Row.",Serialized in<i> MP</i> January 1874 to June 1877,NA,NA,Womankind.By Charlotte Mary Yonge.,Womankind.,
116,<i>Aunt Charlotte’s Stories of Greek History for the Little Ones</i>.,1876,Non-fiction: history,Non-fiction: history,Non-fiction,Book,"London: Marcus Ward & Co., Chandos St, Strand; and Royal Ulster Works, Belfast.",NA,Illustrated,NA,Aunt Charlotte’s Stories of Greek History for the Little Ones.,Aunt Charlotte’s Stories of Greek History for the Little Ones,
117,"<i>Christmas Mummers and Other Stories, The</i> By Charlotte M. Yonge.",1876,Fiction,Fiction,Fiction,Book,London: Mozley and Smith,NA,NA,"Reprints ‘The Christmas Mummers’, ‘The Railroad Children’, ‘Leonard the Lion-Heart’, ‘Ben Sylvester’s Word,’ ‘Midsummer Day, or, The Two Churches’, ‘Harriet and her Sister’ and ‘London Pride’.",The Christmas Mummers and Other StoriesBy Charlotte M. Yonge.,Christmas Mummers and Other Stories,
118,<i>Scripture Readings for Schools and Families</i>. With Comments. Fourth Series--The Gospel Times,1876,Non-fiction: theology (bible selections),Non-fiction: theology (bible selections),Editorial work and prefaces,Edited book,London and New York: Macmillan and Co,NA,NA,“Reading” about a page in small type. “Comment” slightly more in larger type.,Scripture Readings for Schools and Families. With Comments. Fourth Series--The Gospel Times,Scripture Readings for Schools and Families,
119,<i>Eighteen Centuries of Beginnings of Church History</i>.,1876,Non-fiction: history,Non-fiction: history,Non-fiction,Book,"John and Charles Mozley, 6, Paternoster Row, London.",<i>Monthly Paper of Sunday Teaching</i>,NA,NA,Eighteen Centuries of Beginnings of Church History.,Eighteen Centuries of Beginnings of Church History,
120,"<i>Three Brides, The</i> 2 vols",1876,Fiction (modern),Fiction (modern),Fiction,Book,London and New York: Macmillan and Company.,Serialized in<i> MP</i> Jan 1874-June 1876,NA,NA,The Three Brides2 vols,Three Brides,
121,<i>Aunt Charlotte’s Stories of Roman History for the Little Ones.</i>,1877,Non-fiction: history,Non-fiction: history,Non-fiction,Book,"Marcus Ward & Co., Chandos St, W.C. London; and Royal Ulster Works, Belfast.",NA,Illustrated,NA,Aunt Charlotte’s Stories of Roman History for the Little Ones.,Aunt Charlotte’s Stories of Roman History for the Little Ones.,
122,<i>Aunt Charlotte’s Stories of German History for the Little Ones</i>.,1877,Non-fiction: history,Non-fiction: history,Non-fiction,Book,"Marcus Ward & Co., Chandos St, W.C. London; and Royal Ulster Works, Belfast.",NA,Illustrated,NA,Aunt Charlotte’s Stories of German History for the Little Ones.,Aunt Charlotte’s Stories of German History for the Little Ones,
123,"<i>Man of Other Days. Recollections of the Marquis Henry Joseph Costa de Beauregard, A</i>. 2 vols.",1877,Edited translation,Edited translation,Editorial work and prefaces,Edited book,London : Hurst and Blackett.,NA,NA,Probably translated by Julian Bargus Yonge.,A Man of Other Days. Recollections of the Marquis Henry Joseph Costa de Beauregard. 2 vols.,Man of Other Days. Recollections of the Marquis Henry Joseph Costa de Beauregard,
124,<i>Cameos from English History: The Wars of the Roses. Third Series. </i>By the author of The Heir of Redclyffe.,1877,Non-fiction: history,Non-fiction: history,Non-fiction,Book,London: Macmillan and Co.,"Individual cameos appeared in<i> MP</i>, irregularly from 1856 to 1889.",NA,NA,Cameos from English History: The Wars of the Roses. Third Series. By the author of The Heir of Redclyffe.,Cameos from English History: The Wars of the Roses. Third Series. ,
125,"<i>Disturbing Element, or, Chronicles of the Blue-bell Society, The</i> By Charlotte M. Yonge, author of “The Heir of Redclyffe”<i> </i>",1878,Fiction (modern),Fiction (modern),Fiction,Book 8vo 240pp,"London: Marcus Ward & Co., 67, 68 Chandos Street and Royal Ulster works, Belfast",NA,Illustrated by Percy Macquoid.,One of the Blue-Bell series of 14 one-volume novels.,"The Disturbing Element, or, Chronicles of the Blue-bell SocietyBy Charlotte M. Yonge, author of “The Heir of Redclyffe”","Disturbing Element, or, Chronicles of the Blue-bell Society",
126,"<i>Story of the Christians and the Moors in Spain, The</i>.",1878,Non-fiction: history,Non-fiction: history,Non-fiction,Book,London and New York: Macmillan and Company.,NA,NA,NA,The Story of the Christians and the Moors in Spain.,Story of the Christians and the Moors in Spain,
128,<i>Burnt Out: A Story for Mothers’ Meetings</i>.,1879,Fiction (modern),Fiction (modern),Fiction,Book,"Walter Smith (late Mozley), 6 Paternoster Row, London.",NA,NA,NA,Burnt Out: A Story for Mothers’ Meetings.,Burnt Out: A Story for Mothers’ Meetings,
129,<i>Scripture Readings for Schools and Families</i>. With Comments. Apostolic Times.,1879,Non-fiction: theology (Bible selections),Non-fiction: theology (Bible selections),Editorial work and prefaces,Edited book,London and New York: Macmillan and Co,NA,NA,“Reading” about a page in small type. “Comment” slightly more in larger type.,Scripture Readings for Schools and Families. With Comments. Apostolic Times.,Scripture Readings for Schools and Families,
131,"<i>Magnum Bonum, or, Mother Carey’s Brood.</i> 3 vols.",1879,Fiction (modern),Fiction (modern),Fiction,Book,London and New York: Macmillan and Company.,Serialized in<i> MP</i> January 1877-December 1879,NA,NA,"Magnum Bonum, or, Mother Carey’s Brood.3 vols.","Magnum Bonum, or, Mother Carey’s Brood.",
132,"<i>Girls’ Friendly Society: A Short Account of its Working in the Diocese of Winchester to the end of the year 1878, The</i>",1879,Non-fiction: instructions to charity workers,Non-fiction: instructions to charity workers,Non-fiction,Pamphlet,Winchester: privately printed.,NA,NA,There is a copy of this pamphlet in Lambeth Palace Library.,The Girls’ Friendly Society: A Short Account of its Working in the Diocese of Winchester to the end of the year 1878,Girls’ Friendly Society: A Short Account of its Working in the Diocese of Winchester to the end of the year 1878,
133,"<i>Youth of Queen Elizabeth 1533-1558, The</i> By Louis Wiesener",1879,Edited translation,Edited translation,Editorial work and prefaces,Edited book,London : Hurst and Blackett.,NA,NA,NA,The Youth of Queen Elizabeth 1533-1558By Louis Wiesener,Youth of Queen Elizabeth 1533-1558,
134,<i>Cameos from English History: IV. Reformation Times.</i> By the author of “The Heir of Redclyffe.”,1879,Non-fiction: history,Non-fiction: history,Non-fiction,Book,London and New York: Macmillan and Company.,"Individual cameos appeared in<i> MP</i>, irregularly from 1856 to 1889.",NA,NA,Cameos from English History: IV. Reformation Times.By the author of “The Heir of Redclyffe.”,Cameos from English History: IV. Reformation Times.,
135,<i>Bye-words: A Collection of Tales Old and New.</i>,1880,Fiction,Fiction,Fiction,Book,London and New York: Macmillan and Company.,Collected from various sources.,NA,"The stories included were ‘The Boy Bishop’ (first publishedin  <i>MP</i> Christmas 1878, 620-624); ‘One will and three ways’ (<i>MP</i> Christmas 1877) 124-8; ‘Kaspar\'s summer dream’ (<i>MP</i> Christmas 1876, 16-34); ‘Buy a Broom’; ‘The Travels of Two Kits’; Selma\'s secret sighs’ (published under the pseudonym \'Euphemia Arrowsmith\' in <i>MP</i> Christmas 1874, 97-108); ‘Our ghost at Fantford; ‘Anna\'s Wedding Cake’;<i> </i>‘Autobiography of Patty Applecheeks’; and ‘A Holiday Engagement; or, The Campbells are Coming’",Bye-words: A Collection of Tales Old and New.,Bye-words: A Collection of Tales Old and New.,
136,<i>Verses on the Gospels for Sundays and Holydays</i> By Charlotte M. Yonge.,1880,Non-fiction: theology (verse),Non-fiction: theology (verse),Non-fiction,16pp,London: Walter Smith,NA,NA,NA,Verses on the Gospels for Sundays and HolydaysBy Charlotte M. Yonge.,Verses on the Gospels for Sundays and Holydays,
137,<i>Love and Life: An Old Story in Eighteenth Century Costume. </i>2 vols.,1880,Fiction (historical),Fiction (historical),Fiction,Book,London and New York: Macmillan and Company.,NA,NA,NA,Love and Life: An Old Story in Eighteenth Century Costume. 2 vols.,Love and Life: An Old Story in Eighteenth Century Costume. ,
138,"<i>Gold Dust : A Collection of Golden Counsels for the Sanctification of Daily Life.</i> Translated and abridged from the French, by E.L.E.B. With a preface by Charlotte M. Yonge.",1880,Non-fiction: preface,Non-fiction: preface,Editorial work and prefaces,Preface to book,"London: J. Masters & Co., 78, New Bond Street",NA,NA,E.L.E.B. is possibly CMY’s neighbour Ella L.E.Burlton.,"Gold Dust : A Collection of Golden Counsels for the Sanctification of Daily Life.Translated and abridged from the French, by E.L.E.B. With a preface by Charlotte M. Yonge.",Gold Dust : A Collection of Golden Counsels for the Sanctification of Daily Life.,
139,"<i>Lads and Lasses of Langley. </i>By Charlotte M. Yonge, author of “Langley School”",1881,Fiction,Fiction,Fiction,Book,"Walter Smith (late Mozley), 34 King Street, Covent Garden",NA,NA,"The stories are ‘Cheap Jack’,  ‘Frank’s Debt’,  ‘Curiosity Trap’,  ‘Drumbledore Bill’ and ‘Wolf’.","Lads and Lasses of Langley. By Charlotte M. Yonge, author of “Langley School”",Lads and Lasses of Langley. ,
140,"<i>Practical Work in Sunday Schools.</i> By Miss Yonge, author of “The Heir of Redclyffe”.",1881,"Non-fiction, theology, advice to church workers","Non-fiction, theology, advice to church workers",Non-fiction,Booklet,"National Society’s Depository, Broad Sanctuary, London.",In a series of <i>Religious Manuals for Sunday and Day School Teaching</i>,NA,NA,"Practical Work in Sunday Schools.By Miss Yonge, author of “The Heir of Redclyffe”.",Practical Work in Sunday Schools.,
141,<i>Questions on the Psalms.</i>,1881,Non-Fiction: theology,Non-Fiction: theology,Non-fiction,Book,"Walter Smith (late Mozley), 34 King Street, Covent Garden, London.",NA,NA,NA,Questions on the Psalms.,Questions on the Psalms.,
142,<i>Questions on the Prayer Book</i>.,1881,Non-Fiction: theology,Non-Fiction: theology,Non-fiction,Book,"Walter Smith (late Mozley), 34 King Street, Covent Garden, London.",NA,NA,NA,Questions on the Prayer Book.,Questions on the Prayer Book,
143,"<i>Aunt Charlotte’s Evenings at Home with the Poets : A Collection of Poems for the Young, with Conversations, Arranged in Twenty-Five Evenings.</i> By Charlotte M. Yonge, author of “The Heir of Redcl",1881,Non-fiction: critical anthology,Non-fiction: critical anthology,Editorial work and prefaces,Edited book,"Marcus Ward & Co., Chandos St, W.C. London; and Royal Ulster Works, Belfast.",NA,Illustrated by Mrs J. W. Whymper.,NA,"Aunt Charlotte’s Evenings at Home with the Poets : A Collection of Poems for the Young, with Conversations, Arranged in Twenty-Five Evenings.By Charlotte M. Yonge, author of “The Heir of Redcl","Aunt Charlotte’s Evenings at Home with the Poets : A Collection of Poems for the Young, with Conversations, Arranged in Twenty-Five Evenings.",
144,<i>How to Teach the New Testament</i>. By Charlotte Mary Yonge (author of “The Heir of Redclyffe”) A Teacher of Many Years’ Standing.,1881,"Non-fiction, theology, advice to church workers","Non-fiction, theology, advice to church workers",Non-fiction,Booklet,"London: National Society’s Depository, Broad Sanctuary, Westminster.",NA,NA,In a series of <i>Religious Manuals for Sunday and Day School Teachers.</i>,How to Teach the New Testament. By Charlotte Mary Yonge (author of “The Heir of Redclyffe”) A Teacher of Many Years’ Standing.,How to Teach the New Testament,
145,<i>Wolf.</i>,1881,Fiction (modern),Fiction (modern),Fiction,Booklet,"London: Walter Smith (late Mozley), 34 King Street, Covent Garden.",NA,NA,"Also in collection, <i>Lads and Lasses of Langley</i> (1881)",Wolf.,Wolf.,
146,<i>Frank’s Debt</i>,1881,Fiction (modern),Fiction (modern),Fiction,Booklet,"London: Walter Smith (late Mozley), 34 King Street, Covent Garden.",NA,NA,"Also in collection, <i>Lads and Lasses of Langley</i> (1881)",Frank’s Debt,Frank’s Debt,
147,<i>Cheap Jack.</i>,1881,Fiction (modern),Fiction (modern),Fiction,Booklet,"London: Walter Smith (late Mozley), 34 King Street, Covent Garden.",NA,NA,"Also in collection, <i>Lads and Lasses of Langley</i> (1881)",Cheap Jack.,Cheap Jack.,
148,"<i>Beneath the Cross: Readings for Children in Our Lord’s Seven Sayings.</i> By Florence Wilford. Edited by Charlotte M. Yonge. With a preface by the Rev. R.F. Wilson, M.A., Vicar of Rownhams.",1869,Non-fiction: theology (by another),Non-fiction: theology (by another),Editorial work and prefaces,edited book,"London: J. Masters & Co., 78, New Bond Street",NA,NA,NA,"Beneath the Cross: Readings for Children in Our Lord’s Seven Sayings.By Florence Wilford. Edited by Charlotte M. Yonge. With a preface by the Rev. R.F. Wilson, M.A., Vicar of Rownhams.",Beneath the Cross: Readings for Children in Our Lord’s Seven Sayings.,
149,<i>Militant Here on Earth </i>By Charlotte M. Yonge.,1882-3,Non-fiction: theology,Non-fiction: theology,Non-fiction,Articles in journal,Not separately published,"<i>The Watchword</i> (printed by Warren, Winchester, for the SWW) 1882-3",NA,"The <i>Watchword</i> was the journal of the Society of Watchers and Workers: An Association of Mutual Help and Service for Invalids, founded by Edith Sophia Jacob in 1879.  These articles may have been reprinted from elsewhere (perhaps from the <i>Monthly Paper of Sunday Teaching</i>?).",Militant Here on Earth By Charlotte M. Yonge.,Militant Here on Earth ,
150,"<i>English History Reading Books, adapted to the requirements of the New Code</i>. Parts 1-5. Part 6: The Young Student’s History Reading Book.",1881-1883,Non-fiction: history,Non-fiction: history,Non-fiction,Book,"London: National Society’s Depository, Broad Sanctuary, Westminster.",NA,NA,NA,"English History Reading Books, adapted to the requirements of the New Code. Parts 1-5. Part 6: The Young Student’s History Reading Book.","English History Reading Books, adapted to the requirements of the New Code",
151,"<i>Catharine of Aragon and the Sources of the English Reformation.</i> By Albert Du Boys. Edited from the French, with notes, by Charlotte M. Yonge, author of “The Heir of Redclyffe” &c. &c.. 2 vols",1881,Edited translation,Edited translation,Editorial work and prefaces,Edited book,"London : Hurst and Blackett, 13 Great Marlborough Street.",NA,NA,NA,"Catharine of Aragon and the Sources of the English Reformation.By Albert Du Boys. Edited from the French, with notes, by Charlotte M. Yonge, author of “The Heir of Redclyffe” &c. &c.. 2 vols",Catharine of Aragon and the Sources of the English Reformation.,
152,<i>Langley Little Ones: Six Stories by Charlotte M. Yonge</i>,1882,Fiction (modern),Fiction (modern),Fiction,Book,"Walter Smith (late Mozley), 34 King Street, Covent Garden, London","The stories are ‘Quack, Quack’; ‘Bully Brindle’; ‘Snowdrop’s Eggs’; ‘Fanny’s Doll’; ‘A Miller, a Mo",NA,NA,Langley Little Ones: Six Stories by Charlotte M. Yonge,Langley Little Ones: Six Stories by Charlotte M. Yonge,
153,<i>Whispers of Love and Wisdom. </i>Collected and arranged by Annie Cazenove; with a preface by C.M. Yonge.,1882,Non-fiction: critical preface,Non-fiction: critical preface,Editorial work and prefaces,Preface to book,"Griffith and Farran, London.",NA,NA,NA,Whispers of Love and Wisdom. Collected and arranged by Annie Cazenove; with a preface by C.M. Yonge.,Whispers of Love and Wisdom. ,
154,"<i>Pickle and his Page Boy, or, Unlooked For: A Story.</i>",1882,Fiction (modern),Fiction (modern),Fiction,Book,"Walter Smith (late Mozley), 34 King Street, Covent Garden, London.",NA,NA,NA,"Pickle and his Page Boy, or, Unlooked For: A Story.","Pickle and his Page Boy, or, Unlooked For: A Story.",
155,"<i>Millar, a Mollar, a Ten o’clock Scholar, A</i>",n.d.,Fiction,Fiction,Fiction,Booklet,"Walter Smith (late Mozley), 34 King Street, Covent Garden, London.","Also in collection, <i>Langley Little Ones</i> (1882)",NA,NA,"A Millar, a Mollar, a Ten o’clock Scholar","Millar, a Mollar, a Ten o’clock Scholar",
156,"<i>Historical Ballads Arranged to meet the New Code of 1882</i>, Schedule II, English.",1882,Non-fiction: critical anthology,Non-fiction: critical anthology,Editorial work and prefaces,Edited book,"National Society’s Depository, Broad Sanctuary, London.",NA,NA,"This seems to have been a work in three parts of which the first two were entitled Historical Ballads, and the third (aimed at older children) Historical Poetry.
Historical Ballads: Part I., for Standards II. and III
Historical Ballads: Part II., for Standards IV. and V.
Historical Poetry: Part III, for Standards VI. and VII edited and annotated by Charlotte M. Yonge, author of \'Cameos from English history\', \\""The heir of Redclyffe\', &c.; arranged to meet the New Code of 1882, Schedule II., English.","Historical Ballads Arranged to meet the New Code of 1882, Schedule II, English.",Historical Ballads Arranged to meet the New Code of 1882,
157,<i>Unknown to History: A Story of the Captivity of Mary of Scotland.</i> 2 vols.,1882,Fiction (historical),Fiction (historical),Fiction,Book,London and New York: Macmillan and Company.,NA,Illustrated by W. Hennessy.,NA,Unknown to History: A Story of the Captivity of Mary of Scotland.2 vols.,Unknown to History: A Story of the Captivity of Mary of Scotland.,
158,"<i>Pictorial History of the World’s Great Nations, from the Earliest Dates to the Present Time, A</i>. 2 vols",1882,Non-fiction: history,Non-fiction: history,Non-fiction,Book,New York: Selmar Hess.,NA,Illustrated,NA,"A Pictorial History of the World’s Great Nations, from the Earliest Dates to the Present Time. 2 vols","Pictorial History of the World’s Great Nations, from the Earliest Dates to the Present Time",
159,<i>Given to Hospitality.</i>,1882,Non-fiction: advice to charity workers,Non-fiction: advice to charity workers,Non-fiction,Pamphlet,"Walter Smith (late Mozley), 34 King Street, Covent Garden, London.",Reprinted from<i> MP</i> May 1882,NA,A pamphlet encouraging people to have convalescents to stay.,Given to Hospitality.,Given to Hospitality.,
160,"<i>Talks about the Laws we Live under, or, At Langley Night-School.</i>",1882,Non-fiction: advice book,Non-fiction: advice book,Non-fiction,Book,"Walter Smith (late Mozley), 34 King Street, Covent Garden, London.",NA,NA,NA,"Talks about the Laws we Live under, or, At Langley Night-School.","Talks about the Laws we Live under, or, At Langley Night-School.",
161,"<i>Sparks of Light for Everyday. </i>Collected by Madame Guizot de Witt, done into English by the translator of ‘Gold Dust’ [E.L.E.B.]. Edited by Charlotte M. Yonge.",1882,Edited translation,Edited translation,Editorial work and prefaces,Edited book,"London: J. Masters & Co., 78, New Bond Street",NA,NA,E.L.E.B. is possibly CMY’s neighbour Ella L.E.Burlton.,"Sparks of Light for Everyday. Collected by Madame Guizot de Witt, done into English by the translator of ‘Gold Dust’ [E.L.E.B.]. Edited by Charlotte M. Yonge.",Sparks of Light for Everyday. ,
162,"<i>Behind the Hedges, or, The War in La Vendée.</i> By Madame de Witt, the translation edited by Charlotte M. Yonge, author of \""The Heir of Redclyffe\""",1882,Edited translation,Edited translation,Editorial work and prefaces,Edited book,"London: Frederick Warne and Co., Bedford Street, Covent Garden.",NA,Illustrated,"Later editions credit the translator as E[mily]. M[illard]., who translated a number of other works by Henriette de Witt.","Behind the Hedges, or, The War in La Vendée.By Madame de Witt, the translation edited by Charlotte M. Yonge, author of \""The Heir of Redclyffe\""","Behind the Hedges, or, The War in La Vendée.",
163,"<i>Langley Adventures</i>. By Charlotte M. Yonge, author of “Langley School”",1883,Fiction:,Fiction:,Fiction,Book,"Walter Smith (late Mozley), 34, King Street, Covent Garden, London.",‘Burrs’ seems to have been published slightly earlier in a parish magazine.,NA,Contains: ‘A Patchwork fever’; ‘Widow Wilder’s Windfall’; ‘Burrs’; ‘Left Out’; and ‘Horse Sausage’.,"Langley Adventures. By Charlotte M. Yonge, author of “Langley School”",Langley Adventures,
164,"<i>New National Poetry Cards, Standards 6 and 7.</i>  Edited and Annotated by Charlotte M. Yonge.",1883,Non-fiction: critical anthology,Non-fiction: critical anthology,Editorial work and prefaces,18cm [???],"London: National Society’s Depository, Broad Sanctuary, Westminster.",NA,NA,NA,"New National Poetry Cards, Standards 6 and 7.Edited and Annotated by Charlotte M. Yonge.","New National Poetry Cards, Standards 6 and 7.",
165,"<i>Miz Maze, or, The Winkworth Puzzle: A Story in Letters by Nine Authors, The</i>",1883,Fiction,Fiction in collaboration,Fiction,Book,"Macmillan and Co., London.",NA,NA,"The signatures of the nine authors appear on the reverse of the title page. They are: Frances Awdry, Mary Bramston, Christabel Rose Coleridge, A.E. Mary Anderson Morshead, Charlotte Mary Yonge, Frances Mary Peard, Mary Susanna Lee, Eleanor C. Price, Florence Wilford.","The Miz Maze, or, The Winkworth Puzzle: A Story in Letters by Nine Authors","Miz Maze, or, The Winkworth Puzzle: A Story in Letters by Nine Authors",
166,<i>Sowing and Sewing: A Sexagesima Story.</i> By Charlotte M. Yonge.,1883,Fiction,Fiction,Fiction,Book,"Walter Smith (late Mozley), 34 King Street, Covent Garden, London.",NA,NA,NA,Sowing and Sewing: A Sexagesima Story.By Charlotte M. Yonge.,Sowing and Sewing: A Sexagesima Story.,
167,<i> Shakespeare’s Plays for Schools. </i> Prepared and annotated for school use by Charlotte M. Yonge. 5 vols,1883-5,Non-fiction: edited drama,Non-fiction: edited drama,Editorial work and prefaces,"Book, 5 vols","London: National Society’s Depository, Broad Sanctuary, Westminster.",NA,NA,"Contains <i>Henry IV</i> parts I and II, <i>Henry V, Richard II </i>and <i>Julius Caesar.</i>", Shakespeare’s Plays for Schools. Prepared and annotated for school use by Charlotte M. Yonge. 5 vols, Shakespeare’s Plays for Schools. ,
168,"<i>Aunt Charlotte’s Stories of American History for the Little Ones</i>. By Charlotte M. Yonge and H. Hastings Weld, D.D..",1883,Non-fiction: history,Non-fiction: history,Non-fiction,Book,"London: Marcus Ward & Co., Chandos St, W.C. ; and at Belfast and New York",NA,Illustrated,NA,"Aunt Charlotte’s Stories of American History for the Little Ones. By Charlotte M. Yonge and H. Hastings Weld, D.D..",Aunt Charlotte’s Stories of American History for the Little Ones,
169,"<i> English Church History, Adapted for Use in Day and Sunday Schools and for General Family Reading</i>.   By Charlotte M. Yonge, author of “The Heir of Redclyffe.”",1883,Non-fiction: history,Non-fiction: history,Non-fiction,Book,"London. National Society’s Depository,  Sanctuary, Westminster.",NA,Illustrated,NA," English Church History, Adapted for Use in Day and Sunday Schools and for General Family Reading.   By Charlotte M. Yonge, author of “The Heir of Redclyffe.”"," English Church History, Adapted for Use in Day and Sunday Schools and for General Family Reading",
170,"<i>Stray Pearls: Memoirs of Margaret de Ribaumont, Viscountess of Bellaise</i>. 2 vols",1883,Fiction (historical),Fiction (historical),Fiction,Book,London and New York: Macmillan and Company.,Serialized in<i> MP</i> Jan 1881-May 1883,Illustrated by W.J. Hennessy.,This is a sequel to <i>The Chaplet of Pearls.</i>,"Stray Pearls: Memoirs of Margaret de Ribaumont, Viscountess of Bellaise. 2 vols","Stray Pearls: Memoirs of Margaret de Ribaumont, Viscountess of Bellaise",
171,"<i>Armourer’s \'Prentices, The</i>",1883,Fiction (historical),Fiction (historical),Fiction,Book,London and New York: Macmillan and Company.,Serialized in the <i>English Illustrated Magazine</i> Oct 1883-Aug 1884,NA,NA,The Armourer’s \'Prentices,Armourer’s \'Prentices,
172,"<i>Landmarks of Recent History, 1770-1883.</i>",1883,Non-fiction: history,Non-fiction: history,Non-fiction,Book,"Walter Smith, 34 King Street, Covent Garden, London.",NA,NA,NA,"Landmarks of Recent History, 1770-1883.","Landmarks of Recent History, 1770-1883.",
173,"<i>Spring Buds: Counsels for the Young</i>. Translated and abridged from the French, by E. L. E. B. With a preface by Charlotte M. Yonge.",1883,Non-fiction: advice book (by another),Non-fiction: advice book (by another),Editorial work and prefaces,Preface  to book,"London: J. Masters & Co., 78, New Bond Street",NA,NA,E.L.E.B..is possibly CMY’s neighbour Ella L.E.Burlton.,"Spring Buds: Counsels for the Young. Translated and abridged from the French, by E. L. E. B. With a preface by Charlotte M. Yonge.",Spring Buds: Counsels for the Young,
174,<i>Cameos from English History: V. England and Spain.</i> By the author of “The Heir of Redclyffe.”,1883,Non-fiction: history,Non-fiction: history,Non-fiction,Book,London and New York: Macmillan and Company.,"Individual cameos appeared in<i> MP</i>, irregularly from 1856 to 1889.",NA,NA,Cameos from English History: V. England and Spain.By the author of “The Heir of Redclyffe.”,Cameos from English History: V. England and Spain.,
175,<i>Faith: Scripture Texts and Sacred Song.</i>,1884,Non-fiction: theology,Non-fiction: theology,Editorial work and prefaces,Edited selection,"Griffith and Farran, London.",NA,NA,NA,Faith: Scripture Texts and Sacred Song.,Faith: Scripture Texts and Sacred Song.,
176,<i>Hope: Scripture Texts and Sacred Song.</i>,1884,Non-fiction: theology,Non-fiction: theology,Editorial work and prefaces,Edited selection,"Griffith and Farran, London.",NA,NA,NA,Hope: Scripture Texts and Sacred Song.,Hope: Scripture Texts and Sacred Song.,
177,<i>Mercy and Peace: Scripture Texts and Sacred Song.</i>,1884,Non-fiction: theology,Non-fiction: theology,Editorial work and prefaces,Edited selection,"Griffith and Farran, London.",NA,NA,NA,Mercy and Peace: Scripture Texts and Sacred Song.,Mercy and Peace: Scripture Texts and Sacred Song.,
178,<i>Charity: Scripture Texts and Sacred Song.</i>,1884,Non-fiction: theology,Non-fiction: theology,Editorial work and prefaces,Edited selection,"Griffith and Farran, London.",NA,NA,NA,Charity: Scripture Texts and Sacred Song.,Charity: Scripture Texts and Sacred Song.,
179,"<i>Memoirs of Marshal Bugeaud from his private correspondence and original documents 1784-1849.</i>  By the Count H. D’Ideville. Edited from the French by Charlotte M. Yonge,  2 vols",1884,Edited translation,Edited translation,Editorial work and prefaces,Edited book,"London : Hurst and Blackett, 13 Great Marlborough Street.",NA,NA,Probably translated by Julian Bargus Yonge.,"Memoirs of Marshal Bugeaud from his private correspondence and original documents 1784-1849.By the Count H. D’Ideville. Edited from the French by Charlotte M. Yonge,  2 vols",Memoirs of Marshal Bugeaud from his private correspondence and original documents 1784-1849.,
180,"<i>Higher Reading-Book for Schools, Colleges and General Use.</i> Edited with introduction and notes by Charlotte M. Yonge.",1885,Non-fiction: edited selection,Non-fiction: edited selection,Editorial work and prefaces,Edited book,"National Society’s Depository, Broad Sanctuary, London.",NA,NA,NA,"Higher Reading-Book for Schools, Colleges and General Use.Edited with introduction and notes by Charlotte M. Yonge.","Higher Reading-Book for Schools, Colleges and General Use.",
181,"<i>English History Reading Books, Adapted to the Requirements of the New Code</i>. With “the Advanced Part”.",1885,"Non-fiction, history, edited selection","Non-fiction, history, edited selection",Editorial work and prefaces,Edited book,"National Society’s Depository, Broad Sanctuary, London.",NA,NA,NA,"English History Reading Books, Adapted to the Requirements of the New Code. With “the Advanced Part”.","English History Reading Books, Adapted to the Requirements of the New Code",
182,‘Pixie Lawn’ in <i>Please Tell me a Tale: A Collection of Short Original Stories for Children from Four to Ten Years of Age  </i>,1885,Fiction,Fiction,Fiction,Story in collection,London: Skeffington & Son,NA,NA,NA,‘Pixie Lawn’ in Please Tell me a Tale: A Collection of Short Original Stories for Children from Four to Ten Years of Age,‘Pixie Lawn’ in Please Tell me a Tale: A Collection of Short Original Stories for Children from Four to Ten Years of Age,
183,<i>Nuttie’s Father.</i>,1885,Fiction (modern),Fiction (modern),Fiction,Book,London and New York: Macmillan and Company.,NA,NA,NA,Nuttie’s Father.,Nuttie’s Father.,
184,"<i>Two Sides of the Shield, The</i> By Charlotte M. Yonge, author of “The Heir of Redclyffe,” “Unknown to History,” etc.. 2 vols.",1885,Fiction (modern),Fiction (modern),Fiction,"Book 8vo 2 vols 208, 209 pp",London: Macmillan and Co.,Serialized in<i> MP</i> Jan 1884-Jun 1885,NA,This is a sequel to <i>Scenes and Characters </i>and <i>The Stokesley Secret.</i>,"The Two Sides of the ShieldBy Charlotte M. Yonge, author of “The Heir of Redclyffe,” “Unknown to History,” etc.. 2 vols.",Two Sides of the Shield,
185,"<i>Modern Telemachus, A</i>",1886,Fiction (historical),Fiction (historical),Fiction,Book,London and New York: Macmillan and Company.,"Serialized in<i> MP</i>, as “A Modern Quest of Ulysses”, Jan-Dec 1886",Illustrated by W. J. Hennessy.,NA,A Modern Telemachus,Modern Telemachus,
186,"<i>Chantry House</i>.  By Charlotte M. Yonge. author of “The Heir of Redclyffe,” “Unknown to History,” etc.. 2 vols",1886,Fiction (modern),Fiction (modern),Fiction,Book,London and New York: Macmillan and Co.,NA,NA,NA,"Chantry House.  By Charlotte M. Yonge. author of “The Heir of Redclyffe,” “Unknown to History,” etc.. 2 vols",Chantry House,
187,"<i>Little Rick-Burners, The</i>",1886,Fiction,Fiction,Fiction,Booklet,"London: William Skeffington, 163 Piccadilly.",NA,NA,NA,The Little Rick-Burners,Little Rick-Burners,
188,"<i>Talisman, The</i> by Sir Walter Scott, preface by CMY, edited by Dwight Holbrook",1886,Non-fiction: criticism,Non-fiction: criticism,Editorial work and prefaces,Preface to book,Boston: Ginn & Co.,NA,NA,"Like <i>Quentin Durward</i>, this appeared in Ginn’s ‘Classics for Children’ series.","The Talismanby Sir Walter Scott, preface by CMY, edited by Dwight Holbrook",Talisman,
189,"<i>Victorian Half-Century: A Jubilee Book, The</i> By Charlotte M. Yonge, author of ‘<i>The Heir of Redclyffe</i>,’ ‘<i>Unknown to History</i>,’ etc..",1886,Non-fiction: history,Non-fiction: history,Non-fiction,Book,London and New York: Macmillan and Company,NA,With a portrait of her Majesty the Queen,The preface is dated December 1886.  This is a historical survey of Queen Victoria’s reign.,"The Victorian Half-Century: A Jubilee BookBy Charlotte M. Yonge, author of ‘The Heir of Redclyffe,’ ‘Unknown to History,’ etc..",Victorian Half-Century: A Jubilee Book,
190,<i>Teachings on the Catechism for the Little Ones. </i>By Charlotte Mary Yonge.,1886,Non-fiction: theology,Non-fiction: theology,Non-fiction,Book,"London: Walter Smith, 34 King Street, Covent Garden",Serialized in the <i>Monthly Paper of Sunday Teaching,NA,"</i>The preface is dated 30 December 1885, and explains that these lessons had appeared originally in the <i>Monthly Paper of Sunday Teaching.</i>",Teachings on the Catechism for the Little Ones. By Charlotte Mary Yonge.,Teachings on the Catechism for the Little Ones. ,
191,Story in <i>Just One More Tale:  A Second Collection of Stories for Children from Four to Twelve Years of Age.  Being a Companion volume to “Please Tell Me a Tale”</i>,1886,Fiction,Fiction ,Fiction,Story in collection,London:  Skeffington & Son,NA,NA,NA,Story in Just One More Tale:  A Second Collection of Stories for Children from Four to Twelve Years of Age.  Being a Companion volume to “Please Tell Me a Tale”,Story in Just One More Tale:  A Second Collection of Stories for Children from Four to Twelve Years of Age.  Being a Companion volume to “Please Tell Me a Tale”,
192,‘Nurse’s Pocket’ in <i>Jack Frost’s Little Prisoners. : A Collection of Stories for Children from Four to Twelve Years of Age</i>. By Stella Austin. S. Baring-Gould. Caroline Birley. Lord Brabourne. (,1886,Fiction,Fiction,Fiction,Story in collection.,"London: William Skeffington, 163 Piccadilly.",NA,NA,NA,‘Nurse’s Pocket’ in Jack Frost’s Little Prisoners. : A Collection of Stories for Children from Four to Twelve Years of Age. By Stella Austin. S. Baring-Gould. Caroline Birley. Lord Brabourne. (,‘Nurse’s Pocket’ in Jack Frost’s Little Prisoners. : A Collection of Stories for Children from Four to Twelve Years of Age. By Stella Austin. S. Baring-Gould. Caroline Birley. Lord Brabourne. (,
193,"<i>Astray: A Tale of a Country Town</i>. By Charlotte M. Yonge, Mary Bramston, Christabel Coleridge, Esmé Stuart.",1887,Fiction (modern),Fiction (modern),Fiction ,Book 8vo 407pp,"London: Hatchards, Piccadilly. Serialized in<i> MP</i>, July 1885 to February 1886",NA,The single frontispiece is signed G B 86.,NA,"Astray: A Tale of a Country Town. By Charlotte M. Yonge, Mary Bramston, Christabel Coleridge, Esmé Stuart.",Astray: A Tale of a Country Town,
194,"<i>Under the Storm, or, Steadfast’s Charge.</i>",1887,Fiction (historical),Fiction (historical),Fiction,Book,"National Society’s Depository, Broad Sanctuary, London.",NA,NA,NA,"Under the Storm, or, Steadfast’s Charge.","Under the Storm, or, Steadfast’s Charge.",
195,"<i>Chips from the Royal Image,  Being fragments of the Eikon Basilike of Charles I</i>.  Arranged by A. E. M. Anderson Morshead.  Edited by Charlotte M. Yonge.",1887,Non-fiction: edition (by another),Non-fiction: edition (by another),Editorial work and prefaces,Edited book,London: J. Masters & Co.,NA,NA,NA,"Chips from the Royal Image,  Being fragments of the Eikon Basilike of Charles I.  Arranged by A. E. M. Anderson Morshead.  Edited by Charlotte M. Yonge.","Chips from the Royal Image,  Being fragments of the Eikon Basilike of Charles I",
196,"<i>What Books to Lend and What to Give.</i>  By Charlotte M. Yonge, author of ‘The Heir of Redclyffe’ ‘Cameos from English History’ etc.,",1887,Non-fiction: advice to charity workers,Non-fiction: advice to charity workers,Non-fiction,"Pamphlet, 126pp","London: National Society’s Depository, Sanctuary, Westminster.",NA,NA,NA,"What Books to Lend and What to Give.By Charlotte M. Yonge, author of ‘The Heir of Redclyffe’ ‘Cameos from English History’ etc.,",What Books to Lend and What to Give.,
197,<i>Cameos from English History: VI. Forty Years of Stewart Rule.</i> By the author of “The Heir of Redclyffe.”,1887,Non-fiction: history,Non-fiction: history,Non-fiction,Book,London and New York: Macmillan and Company.,"Individual cameos appeared in<i> MP</i>, irregularly from 1856 to 1889.",NA,NA,Cameos from English History: VI. Forty Years of Stewart Rule.By the author of “The Heir of Redclyffe.”,Cameos from English History: VI. Forty Years of Stewart Rule.,
198,"<i>Our New Mistress, or, Changes at Brookfield Earl.</i> By Charlotte M. Yonge.",1888,Fiction (modern),Fiction (modern in collaboration),Fiction,Book,"National Society’s Depository, Broad Sanctuary, London.",NA,Illustrated by C.J. Staniland.,NA,"Our New Mistress, or, Changes at Brookfield Earl.By Charlotte M. Yonge.","Our New Mistress, or, Changes at Brookfield Earl.",
199,<i>Hannah More</i>. By Charlotte M. Yonge. Eminent Women<i> </i>Series.,1888,Non-fiction: biography,Non-fiction: biography,Non-fiction,Book,"London : W. H. Allen & Co., 13 Waterloo Place, S.W.",NA,NA,The <i>Eminent Women </i>series was edited by John H. Ingram.,Hannah More. By Charlotte M. Yonge. Eminent Women Series.,Hannah More,
200,<i>Nurse’s Memories.</i>,1888,Fiction,Fiction,Fiction,Book,London: Eyre and Spottiswoode,NA,Illustrated by Frederick Marriott and Florence Maplestone.,NA,Nurse’s Memories.,Nurse’s Memories.,
201,<i>Beechcroft at Rockstone.</i> 2 vols.,1888,Fiction (modern),Fiction (modern),Fiction,Book,London and New York: Macmillan and Company.,Serialized in<i> MP</i> January 1887- Dec 1888,NA,This is a sequel to <i>Scenes and Characters</i> and <i>The Two Sides of the Shield.</i>,Beechcroft at Rockstone.2 vols.,Beechcroft at Rockstone.,
202,<i>Preparation of Prayer-Book Lessons.</i>,1888,Non-fiction: theology,Non-fiction: theology,Non-fiction,Book,London: Smith and Innes,<i>MP</i> (January 1884-October 1888),NA,NA,Preparation of Prayer-Book Lessons.,Preparation of Prayer-Book Lessons.,
203,"<i>Cunning Woman’s Grandson: A Tale of Cheddar a Hundred Years Ago, The</i>",1889,Fiction (historical),Fiction (historical),Fiction,Book,"National Society’s Depository, Broad Sanctuary, London.",NA,NA,"Leeds University Library has <i>A Tale of Cheddar Caves One Hundred Years Ago</i>, with illustrations by W. S. Stacey, published in Wells: Dowman Woodhams n.d, which is presumably a reprint of this book.",The Cunning Woman’s Grandson: A Tale of Cheddar a Hundred Years Ago,Cunning Woman’s Grandson: A Tale of Cheddar a Hundred Years Ago,
204,"<i>Parent’s Power, The</i> Address to the Conference of the Mother’s Union",1889,Non-fiction: advice to charity workers,Non-fiction: advice to charity workers,Non-fiction,Pamphlet,Winchester: Warren,NA,NA,NA,The Parent’s PowerAddress to the Conference of the Mother’s Union,Parent’s Power,
205,"<i>Reputed Changeling, or, Three Seventh Years Two Centuries Ago, A</i> 2 vols.",1889,Fiction (historical),Fiction (historical),Fiction,Book,London and New York: Macmillan and Company.,NA,NA,NA,"A Reputed Changeling, or, Three Seventh Years Two Centuries Ago2 vols.","Reputed Changeling, or, Three Seventh Years Two Centuries Ago",
206,"‘Neighbour’s Fare’ in <i>Stories Jolly, Stories New, Stories Strange & Stories True: A Series of New and Original Tales for Boys and Girls from Six to Fourteen Years Old</i>",1889,Fiction,Fiction,Fiction,Story in collection,London: Skeffington & Son,NA,NA,NA,"‘Neighbour’s Fare’ in Stories Jolly, Stories New, Stories Strange & Stories True: A Series of New and Original Tales for Boys and Girls from Six to Fourteen Years Old","‘Neighbour’s Fare’ in Stories Jolly, Stories New, Stories Strange & Stories True: A Series of New and Original Tales for Boys and Girls from Six to Fourteen Years Old",
207,"<i>Slaves of Sabinus, Jew & Gentile, The</i>",October 1890,Fiction (historical),Fiction (historical),Fiction,Book,"National Society’s Depository, Broad Sanctuary, London.",NA,NA,NA,"The Slaves of Sabinus, Jew & Gentile","Slaves of Sabinus, Jew & Gentile",
208,<i>Life of H.R.H. the Prince Consort.</i>,1890,Non-fiction: biography,Non-fiction: biography,Non-fiction,Book,London: W. H. Allen,NA,NA,NA,Life of H.R.H. the Prince Consort.,Life of H.R.H. the Prince Consort.,
209,"<i>More Bywords.</i> By Charlotte M. Yonge, author of ‘The Heir of Redclyffe’, ‘Unknown to History,’ etc..",1890,Fiction,Fiction,Fiction,Book,London and New York: Macmillan and Co.,various,NA,"Like <i>Bye-Words</i> (<i>sic</i> note different spelling), a collection of stories earlier printed elsewhere: ‘The price of blood’,  ‘The cat of Cat Copse’, ‘De facto and de jure’,  ‘Sigbert\'s Guerdon’, ‘The beggar\'s legacy’, ‘A review of nieces’, ‘Come to her kingdom’, ‘Mrs. Batseyes’, and ‘Chops’.","More Bywords.By Charlotte M. Yonge, author of ‘The Heir of Redclyffe’, ‘Unknown to History,’ etc..",More Bywords.,
210,"<i>Quentin Durward</i> by Sir Walter Scott Edited, with a historical introduction, by CMY",1890,Non-fiction: criticism,Non-fiction: criticism,Editorial work and prefaces,Preface to book,Boston: Ginn and Company,NA,NA,"Ginn’s Children’s Classics series, in which  <i>The Talisman</i> also appeared with a preface by CMY, although she is not credited as its editor.","Quentin Durwardby Sir Walter Scott Edited, with a historical introduction, by CMY",Quentin Durward,
211,Warne’s Victoria Tales and Stories series. Edited by the author of “The Heir of Redclyffe.,n.d. [1868-1871],Edited fiction (by others),Edited fiction (by others),Editorial work and prefaces,Edited booklet series,London: Frederick Warne and Co.,NA,Illustrated by the Dalziel Brothers.,"The volumes in this series are not by CMY, but are sometimes catalogued as by her.  Titles include <i>Ella’s Dream</i> [1870], <i>Mary, Mary, Quite Contrary</i> [1870], <i>Cloudland</i>, <i>Esther Stanhope, or, The Crowning Delight, Lost in the Lebanon, The Knight of the Feathery Sword,  Sarah Watkins, or, Crumbs for the Birds.</i> By E. E. G. B., <i>Hasty Harry, A Bit of Fun, The Old School-room Piano, The Virtue of Patience, Alice\'s Watch, Wax Matches and Wooden Ones, Carrie\'s Two Victories, Harry\'s Snow-shoes, Lost on the Line, Summer Arithmetic </i>and <i>The Flax Gatherers</i>.   The <i>MP</i> (April 1871), 418, recommended <i>Mrs Filby\'s Maria</i> and <i>Silvertongue</i> from the same series. The former is referred to in a letter by CMY and was probably by her correspondent Anne Mercier. Although neither of the latter has a separate entry in either COPAC or WorldCat, Cambridge University Library holds a group catalogued as \'Victoria Tales and Stories, Packet F\', 12 volumes in paper wrapper, which consist of: <i>A Bit of Fun, Cloudland, Found in the Fog, Hasty Harry, Lost on the Line, The Flax Gatherers, Wax Matches and Wooden Ones, The Old Bottle, Mrs. Filley\'s Maria, The Hunt Ribbon, The story of Dog Acis, Silver Tongue</i> and <i>Responsibility</i>  It also holds a similar \'Packet N\', consisting of <i>Alice\'s Watch, Carrie\'s Two Victories, Ella\'s Dream, The Old Schoolroom Piano, The Knight of the Feathery Sword, A Girl\'s Adventure, To-Morrow, The Virtue of Patience, Lost in the Lebanon, Henry\'s Snow-Shoes, Mary, Mary, quite Contrary and Summer Arithmetic</i>

See also Warne’s Star of Hope series, for another group of tales sometimes erroneously attributed to CMY.",Warne’s Victoria Tales and Stories series. Edited by the author of “The Heir of Redclyffe.,Warne’s Victoria Tales and Stories series. Edited by the author of “The Heir of Redclyffe.,
212,Warne’s Star of Hope series. Edited by the author of “The Heir of Redclyffe “.,n.d.,Edited fiction (by others),Edited fiction (by others),Editorial work and prefaces,Edited booklet series,"London: Frederick Warne and Co., Bedford Street, Covent Garden.",NA,NA,"This series includes <i>Mary and Norah, or, Queen Katherine’s School</i>;  <i>Willie’s trouble, and How He Came Out of it</i>; <i>New Friends, or, St Cadog’s Well; King Tolv’s Bride</i>; <i>Thomas Green’s Adventure, or, A Young Quixote</i>; and<i> Alice, or, The Little Sentinel</i>. See also Warne’s Victoria Tales and Stories, for another group of texts sometimes erroneously attributed to CMY. <i> The Virtue of Patience</i>, <i>Esther Stanhope </i>and<i> Lost on the Line</i> appear in both series.",Warne’s Star of Hope series. Edited by the author of “The Heir of Redclyffe “.,Warne’s Star of Hope series. Edited by the author of “The Heir of Redclyffe “.,
213,<i>Cameos from English History: VII. The Rebellion and Restoration.</i> By the author of “The Heir of Redclyffe.”,1890,Non-fiction: history,Non-fiction: history,Non-fiction,Book,London and New York: Macmillan and Company.,"Individual cameos appeared in<i> MP</i>, irregularly from 1856 to 1889.",NA,NA,Cameos from English History: VII. The Rebellion and Restoration.By the author of “The Heir of Redclyffe.”,Cameos from English History: VII. The Rebellion and Restoration.,
214,"<i>Constable’s Tower, or, The Times of Magna Charta, The</i> By Charlotte M. Yonge, author of ‘The Heir of Redclyffe’ ‘Under the Storm’ etc.",October 1891,Fiction (historical),Fiction (historical),Fiction,Book 8vo 214pp,"London: National Society’s Depository, Broad Sanctuary, Westminster New York: Thomas Whittaker, 2 & 3 Bible House.",NA,Four illustrations signed C. O. Murray.,NA,"The Constable’s Tower, or, The Times of Magna ChartaBy Charlotte M. Yonge, author of ‘The Heir of Redclyffe’ ‘Under the Storm’ etc.","Constable’s Tower, or, The Times of Magna Charta",
215,<i>Seven Heroines of Christendom.</i>,September 1891,Non-fiction: biography,Non-fiction: biography,Non-fiction,Book,London: Sonnenschein,NA,NA,NA,Seven Heroines of Christendom.,Seven Heroines of Christendom.,
216,<i>Two Penniless Princesses.</i>,1891,Fiction (historical),Fiction (historical),Fiction,Book,London and New York: Macmillan and Co.,Serialized in<i> MP</i> Jan-Dec 1890,NA,NA,Two Penniless Princesses.,Two Penniless Princesses.,
217,"<i>Simple Stories Relating to English History</i>, Part 1 of the Westminster Historical Reading Books, Adapted to the Requirements of the New Code of 1891.",1891,Non-fiction: history,Non-fiction: history,Non-fiction,Book,"National Society’s Depository, Broad Sanctuary, London.",NA,NA,NA,"Simple Stories Relating to English History, Part 1 of the Westminster Historical Reading Books, Adapted to the Requirements of the New Code of 1891.",Simple Stories Relating to English History,
218,<i>Old Times at Otterbourne.</i>,[September] 1891,Non-fiction: history,Non-fiction: history,Non-fiction,Book,"Winchester: Warren and Son, Printer and Publisher, High Street, London: Simpkin and Co. Limited, Stationers’ Hall Court",NA,NA,NA,Old Times at Otterbourne.,Old Times at Otterbourne.,
219,"<i>Twelve Stories from Early English History</i>, Part 2 of the Westminster Historical Reading Books, Adapted to the Requirements of the New Code of 1891.",1891,Non-fiction: history,Non-fiction: history,Non-fiction,Book,"National Society’s Depository, Broad Sanctuary, London.",NA,NA,NA,"Twelve Stories from Early English History, Part 2 of the Westminster Historical Reading Books, Adapted to the Requirements of the New Code of 1891.",Twelve Stories from Early English History,
220,"<i>Twenty Stories and Biographies from 1066 to 1485</i>, Part 3 of the Westminster Historical Reading Books, Adapted to the Requirements of the New Code of 1891.",1891,Non-fiction: history,Non-fiction: history,Non-fiction,Book,"National Society’s Depository, Broad Sanctuary, London.",NA,NA,NA,"Twenty Stories and Biographies from 1066 to 1485, Part 3 of the Westminster Historical Reading Books, Adapted to the Requirements of the New Code of 1891.",Twenty Stories and Biographies from 1066 to 1485,
221,"<i>Cross Roads, or, A Choice in Life: A Story for Young Women and Older Girls, The</i>",October 1892,Fiction,Fiction,Fiction,Book,"National Society’s Depository, Broad Sanctuary, London.",NA,NA,NA,"The Cross Roads, or, A Choice in Life: A Story for Young Women and Older Girls","Cross Roads, or, A Choice in Life: A Story for Young Women and Older Girls",
222,"<i>Tudor Period, with Biographies of Leading Persons, The</i>Part 4 of the Westminster Historical Reading Books, Adapted to the Requirements of the New Code of 1891.",1892,Non-fiction: history,Non-fiction: history,Non-fiction,Book,"National Society’s Depository, Broad Sanctuary, London.",NA,NA,NA,"The Tudor Period, with Biographies of Leading PersonsPart 4 of the Westminster Historical Reading Books, Adapted to the Requirements of the New Code of 1891.","Tudor Period, with Biographies of Leading Persons",
223,"<i>Stewart Period, with Biographies of Leading Persons, The</i>, Part 5 of the Westminster Historical Reading Books, Adapted to the Requirements of the New Code of 1891.",1892,Non-fiction: history,Non-fiction: history,Non-fiction,Book,"National Society’s Depository, Broad Sanctuary, London.",NA,NA,NA,"The Stewart Period, with Biographies of Leading Persons, Part 5 of the Westminster Historical Reading Books, Adapted to the Requirements of the New Code of 1891.","Stewart Period, with Biographies of Leading Persons",
224,"<i>Hanoverian Period, with Biographies of Leading Persons, The </i>Part 6 of the Westminster Historical Reading Books, Adapted to the Requirements of the New Code of 1891.",1892,Non-fiction: history,Non-fiction: history,Non-fiction,Book,"National Society’s Depository, Broad Sanctuary, London.",NA,NA,NA,"Hanoverian Period, with Biographies of Leading Persons, The Part 6 of the Westminster Historical Reading Books, Adapted to the Requirements of the New Code of 1891.","Hanoverian Period, with Biographies of Leading Persons, The ",
225,"<i>Old Woman’s Outlook in a Hampshire Village, An</i>  By Charlotte M. Yonge.",1892,"Non-fiction, reminiscences, natural history","Non-fiction, reminiscences, natural history",Non-fiction,Book,London and New York: Macmillan and Company.,Serialized in<i> MP</i> Jan-Dec 1892,NA,NA,An Old Woman’s Outlook in a Hampshire VillageBy Charlotte M. Yonge.,Old Woman’s Outlook in a Hampshire Village,
226,<i>That Stick.</i>,1892,Fiction (modern),Fiction (modern),Fiction,Book,London and New York: Macmillan and Company.,"Serialized in<i> MP</i>, January to December 1891",NA,NA,That Stick.,That Stick.,
227,"<i>Treasures in the Marshes, The</i> By Charlotte M. Yonge, author of ‘The Cross Roads’ ‘The Constable’s Tower’ etc.",n.d. [September 1893],Fiction,Fiction,Fiction,Book,"London: National Society’s Depository, Broad Sanctuary, Westminster, New York: Thomas Whittaker, 2 & 3 Bible House.",NA,Illustrated by W. S. Stacey,NA,"The Treasures in the MarshesBy Charlotte M. Yonge, author of ‘The Cross Roads’ ‘The Constable’s Tower’ etc.",Treasures in the Marshes,
228,"<i>Grisly Grisell, or, The Laidly Lady of Whitburn: A Tale of the Wars of the Roses.</i> 2 vols.",1893,Fiction (historical),Fiction (historical),Fiction,Book,London and New York: Macmillan and Company.,NA,NA,NA,"Grisly Grisell, or, The Laidly Lady of Whitburn: A Tale of the Wars of the Roses.2 vols.","Grisly Grisell, or, The Laidly Lady of Whitburn: A Tale of the Wars of the Roses.",
229,<i>Strolling Players: A Harmony of Contrasts. </i>By Charlotte M. Yonge and Christabel R. Coleridge.,1893,Fiction (modern),"Fiction (modern, in collaboration)",Fiction,Book,London and New York: Macmillan and Co.,Serialized in<i> MP</i> Jan 1892-Mar 1893,NA,It includes some of the Merrifield family from <i>The Stokesley Secret</i> and <i>The Two Sides of the Shield.</i>,Strolling Players: A Harmony of Contrasts. By Charlotte M. Yonge and Christabel R. Coleridge.,Strolling Players: A Harmony of Contrasts. ,
230,“Authorship” in <i>Ladies at Work: Papers on Paid Employments for Ladies by Experts in the Several Branches</i> ed. Lady Jeune,1893,Non-fiction: advice to aspirant writers,Non-fiction: advice to aspirant writers,Non-fiction,Book,London: A.D. Innes & Co.,Published in<i> MP</i> September 1892.,NA,NA,“Authorship” in Ladies at Work: Papers on Paid Employments for Ladies by Experts in the Several Branches ed. Lady Jeune,“Authorship” in Ladies at Work: Papers on Paid Employments for Ladies by Experts in the Several Branches ed. Lady Jeune,
231,"<i>Girl’s Little Book, The </i>",1893,Non-fiction: advice book,Non-fiction: advice book,Non-fiction,Booklet,"London: William Skeffington, 163 Piccadilly.",NA,NA,"This is an advice book and has been reprinted in the microfilm series Women and Victorian Values, 1837-1910 Advice Books, Manuals and Journals for Women.","Girl’s Little Book, The ","Girl’s Little Book, The ",
232,<i>Chimes for the Mothers: A Reading for Each Week in the Year.</i> By Charlotte M. Yonge,November 1893,Non-fiction: selection,Non-fiction: selection,Editorial work and prefaces,Edited book,"London: Wells Gardner, Darton.",NA,NA,NA,Chimes for the Mothers: A Reading for Each Week in the Year.By Charlotte M. Yonge,Chimes for the Mothers: A Reading for Each Week in the Year.,
233,"<i>Cook and the Captive, or, Attalus the Hostage, The</i> By Charlotte M.Yonge, author of ‘The Constable’s Tower’ ‘The Slaves of Sabinus’ etc.",September 1894,Fiction (historical),Fiction (historical),Fiction,Book 8vo 228pp,"London: National Society’s Depository, Broad Sanctuary, Westminster, New York: Thomas Whittaker, 2 & 3 Bible House.",NA,Illustrated by W. S. Stacey,NA,"The Cook and the Captive, or, Attalus the HostageBy Charlotte M.Yonge, author of ‘The Constable’s Tower’ ‘The Slaves of Sabinus’ etc.","Cook and the Captive, or, Attalus the Hostage",
234,"<i>Rubies of St Lô, The</i>",1894,Fiction,Fiction,Fiction,Booklet,London and New York: Macmillan and Company.,Originally published in<i> MP</i> (Christmas 1892),NA,NA,The Rubies of St Lô,Rubies of St Lô,
235,"<i>Story of Easter, The</i>",1894,Non-fiction: theology,Non-fiction: theology,Non-fiction,Book,"Marcus Ward & Co., Chandos St, W.C. London; and Royal Ulster Works, Belfast.",NA,NA,NA,The Story of Easter,Story of Easter,
236,"<i>Carbonels, The</i> By Charlotte M. Yonge, author of “Under the Storm,” “The Cook and the Captive,” etc.",n.d. [September 1895],Fiction (historical),Fiction (historical),Fiction,Book,"London: National Society’s Depository, Broad Sanctuary, Westminster, New York: Thomas Whittaker, 2 & 3 Bible House.",NA,Illustrated by W. S. Stacey.,"This story, and its sequel <i>Founded on Paper</i> are set in rural Hampshire, starting in the early 1820s, at the time CMY’s parents settled in Otterbourne.","The CarbonelsBy Charlotte M. Yonge, author of “Under the Storm,” “The Cook and the Captive,” etc.",Carbonels,
237,"<i>Long Vacation, The</i>",1895,Fiction (modern),Fiction (modern),Fiction,Book,London and New York: Macmillan and Company.,NA,NA,"This includes characters from <i>Scenes and Characters, The Pillars of the House, The Two Sides of the Shield </i>and <i>Beechcroft at Rockstone.</i>",The Long Vacation,Long Vacation,
238,"<i>Wardship of Steepcombe, The</i>",September 1896,Fiction (historical),Fiction (historical),Fiction,Book,"National Society’s Depository, Broad Sanctuary, London.",NA,Illustrated by W. S. Stacey.,NA,The Wardship of Steepcombe,Wardship of Steepcombe,
239,"<i>Release, or, Caroline’s French Kindred, The</i>",September 1896,Fiction (historical),Fiction (historical),Fiction,Book,London and New York: Macmillan and Company.,The first chapter published as ‘Caroline’s Defiance’ in<i> MP</i> Dec 1894,NA,This is a sequel to <i>The Chaplet of Pearls </i>and <i>Stray Pearls.</i>,"The Release, or, Caroline’s French Kindred","Release, or, Caroline’s French Kindred",
240,<i>Cameos from English History: VIII. The End of the Stewarts.</i> By the author of “The Heir of Redclyffe.”,1896,Non-fiction: history,Non-fiction: history,Non-fiction,Book,London and New York: Macmillan and Company.,"Individual cameos appeared in<i> MP</i>, irregularly from 1856 to 1889.",NA,NA,Cameos from English History: VIII. The End of the Stewarts.By the author of “The Heir of Redclyffe.”,Cameos from English History: VIII. The End of the Stewarts.,
241,"<i>Sintram and his Companions and Undine</i> By Friedrich, Baron La Motte Fouqué. With introduction by Charlotte M. Yonge.",1896,Non-fiction: criticism,Non-fiction: criticism,Editorial work and prefaces,Preface to book,"London: Gardner, Darton & Co.",NA,Illustrated by Gordon Browne.,NA,"Sintram and his Companions and UndineBy Friedrich, Baron La Motte Fouqué. With introduction by Charlotte M. Yonge.",Sintram and his Companions and Undine,
242,"<i>Founded on Paper, or, Uphill and Downhill between the Two Jubilees. </i>By Charlotte M. Yonge, author of ‘Under the Storm,’ ‘The Carbonels,’ etc.",October 1897,Fiction (modern),Fiction (modern),Fiction,Book,"National Society’s Depository, Broad Sanctuary, London.",NA,Illustrated by W. S. Stacey.,This is a sequel to <i>The Carbonels.</i>,"Founded on Paper, or, Uphill and Downhill between the Two Jubilees. By Charlotte M. Yonge, author of ‘Under the Storm,’ ‘The Carbonels,’ etc.","Founded on Paper, or, Uphill and Downhill between the Two Jubilees. ",
243,"<i>Pilgrimage of the Ben Beriah: A Novel, The</i>",1897,Fiction (historical),Fiction (historical),Fiction,Book,London and New York: Macmillan and Company.,Originally published in the American children\'s magazine <i>St.Nicholas</i>?,NA,NA,The Pilgrimage of the Ben Beriah: A Novel,Pilgrimage of the Ben Beriah: A Novel,
244,"<i>Women Novelists of Queen Victoria’s Reign : A Book of Appreciations </i>by Mrs. Oliphant <i>et aliae</i> CMY contributed essays on Lady Georgiana Fullerton, Julia Stretton and Anne Manning.",1897,"Non-fiction, biography, criticism","Non-fiction, biography, criticism",Non-fiction,Contributions to collection.,"London: Hurst & Blackett, Limited.",NA,NA,NA,"Women Novelists of Queen Victoria’s Reign : A Book of Appreciations by Mrs. Oliphant et aliae CMY contributed essays on Lady Georgiana Fullerton, Julia Stretton and Anne Manning.",Women Novelists of Queen Victoria’s Reign : A Book of Appreciations ,
245,"<i>History of the Universities’ Mission to Central Africa 1859-1896, The</i>  By A.E.M. Anderson-Morshead.  With a Preface by Charlotte Mary Yonge.",1897,Non-fiction: preface,Non-fiction: preface,Editorial work and prefaces,Preface to book,London: The Universities’ Mission to Central Africa.,NA,with maps,NA,The History of the Universities’ Mission to Central Africa 1859-1896By A.E.M. Anderson-Morshead.  With a Preface by Charlotte Mary Yonge.,History of the Universities’ Mission to Central Africa 1859-1896,
246,"<i>Patriots of Palestine: A Story of the Maccabees, The</i> By Charlotte M. Yonge, author of ‘Under the Storm’ ‘The Slaves of Sabinus’ etc.",October 1898,Fiction (historical),Fiction (historical),Fiction,Book,"London: National Society’s Depository, Broad Sanctuary, Westminster, New York: Thomas Whittaker, 2 & 3 Bible House.",NA,Illustrated by W. S. Stacey.,NA,"The Patriots of Palestine: A Story of the MaccabeesBy Charlotte M. Yonge, author of ‘Under the Storm’ ‘The Slaves of Sabinus’ etc.",Patriots of Palestine: A Story of the Maccabees,
247,"<i>John Keble’s Parishes: A History of Hursley and Otterbourne.</i> By Charlotte M. Yonge, An Old Inhabitant.",1898,"Non-fiction: history, topography","Non-fiction: history, topography",Non-fiction,Book,London and New York: Macmillan and Co.,NA,Illustrated,NA,"John Keble’s Parishes: A History of Hursley and Otterbourne.By Charlotte M. Yonge, An Old Inhabitant.",John Keble’s Parishes: A History of Hursley and Otterbourne.,
248,"<i>Herd-boy and His Hermit, The</i>",October 1899,Fiction (historical),Fiction (historical),Fiction,Book,"London: National Society’s Depository, Broad Sanctuary, Westminster.",NA,NA,NA,The Herd-boy and His Hermit,Herd-boy and His Hermit,
249,<i>Cameos from English History: IX. The Eighteenth Century. </i>By the author of “The Heir of Redclyffe.”,1899,Non-fiction: history,Non-fiction: history,Non-fiction,Book,London and New York: Macmillan and Company.,"Individual cameos appeared in<i> MP</i>, irregularly from 1856 to 1889.",NA,NA,Cameos from English History: IX. The Eighteenth Century. By the author of “The Heir of Redclyffe.”,Cameos from English History: IX. The Eighteenth Century. ,
250,"<i>Making of a Missionary, or, Daydreams in Earnest, The</i> By Charlotte M. Yonge, author of ‘The Herd Boy and his Hermit’ ‘The Patriots of Palestine’ etc.",n.d. [October 1900],Fiction (modern),Fiction (modern),Fiction,Book,"National Society’s Depository, Broad Sanctuary, Westminster, New York: Thomas Whittaker, 2 & 3 Bible House.",NA,Illustrated by W. S. Stacey.,NA,"The Making of a Missionary, or, Daydreams in EarnestBy Charlotte M. Yonge, author of ‘The Herd Boy and his Hermit’ ‘The Patriots of Palestine’ etc.","Making of a Missionary, or, Daydreams in Earnest",
251,"<i>Modern Broods, or, Developments Unlooked For. </i>",1900,Fiction (modern),Fiction (modern),Fiction,Book,London and New York: Macmillan and Company.,NA,NA,"This includes characters from <i>The Castle Builders,</i> <i>The Daisy Chain, The Stokesley Secret, Hopes and Fears, The Pillars of the House, The Two Sides of the Shield, Beechcroft at Rockstone, The Long Vacation </i>and<i> </i>‘Come to her Kingdom’.","Modern Broods, or, Developments Unlooked For. ","Modern Broods, or, Developments Unlooked For. ",
252,<i> Reasons why I am a Catholic and not a Roman Catholic</i>. By the late Charlotte Mary Yonge. With a preface by G. M. Ireland Blackburne.,1901,Non-fiction: theology,Non-fiction: theology,Non-fiction,Pamphlet,"London: Wells Gardner, Darton & Co.","Originally serialized in <i>The Churchwoman</i>, edited by G. M. Ireland Blackburne.",NA,NA, Reasons why I am a Catholic and not a Roman Catholic. By the late Charlotte Mary Yonge. With a preface by G. M. Ireland Blackburne., Reasons why I am a Catholic and not a Roman Catholic,
253,<i>Questions on the Catechism</i>. Reprinted from The Monthly Paper of Sunday Teaching.,1869,theology,theology,Non-fiction,book,London: J. and C. Mozley,The Monthly Paper of Sunday Teaching.,NA,"CMY refers to this among her own works in a letter to Macmillan, so although the book is anonymous, and not listed by Coleridge, the attribution seems safe.  It is listed, undated, by Battiscombe and Laski as owned by a member of the CMY Society.",Questions on the Catechism. Reprinted from The Monthly Paper of Sunday Teaching.,Questions on the Catechism,
254,"\'Real Childhood, A\' By Miss Yonge",1892,"Non-Fiction, reminiscences.","Non-Fiction, reminiscences.",Non-fiction,Article in Journal,<i>Mothers in Council</i> 2:5 (April 1892) 87-94,NA,NA,NA,"'Real Childhood, A' By Miss Yonge","'Real Childhood, A' By Miss Yonge",
255,\'My Reading\' By the Editor,1892,"Non-fiction, literary criticism","Non-fiction, literary criticism",Non-fiction,Article in Journal,<i>Mothers in Council</i> 2:5 (April 1892) 87-94,NA,NA,NA,'My Reading' By the Editor,'My Reading' By the Editor,
256,"\'Meeting at Sion College, The\' by C. M. Yonge",1892,Non-fiction,Non-fiction,Non-fiction,Article in Journal,<i>Mothers in Council</i> 2: 8 (October 1892) 193-194,NA,NA,NA,"'Meeting at Sion College, The' by C. M. Yonge","'Meeting at Sion College, The' by C. M. Yonge",
257,"\'Real Childhood- My Play Times, A\'",1892,"Non-fiction, reminiscences","Non-fiction, reminiscences",Non-fiction,Article in Journal,<i>Mothers in Council</i> 2:8 (October 1892) 204-10,NA,NA,NA,"'Real Childhood- My Play Times, A'","'Real Childhood- My Play Times, A'",
258,"\'Real Childhood- the Teens, A\' by C. M. Yonge",1893,"Non-fiction, reminiscences","Non-fiction, reminiscences",Non-fiction,Article in Journal,<i>Mothers in Council</i> 3: 9 (January 1893) 15-21,NA,NA,NA,"'Real Childhood- the Teens, A' by C. M. Yonge","'Real Childhood- the Teens, A' by C. M. Yonge",
259,"\'World, The\' by C. M. Yonge",1893,Fiction (modern),Fiction (modern),Fiction,Short Story in Journal,<i>Mothers in Council</i> 3:9 (April 1893) 65-7,NA,NA,NA,"'World, The' by C. M. Yonge","'World, The' by C. M. Yonge",
260,"\'Annunciation, The\' by C.M.Yonge",1893,verse,verse,Non-fiction,Poem in Journal,<i>Mothers in Council</i> 3:10 (April 1893) 65-67,NA,NA,NA,"'Annunciation, The' by C.M.Yonge","'Annunciation, The' by C.M.Yonge",
261,\'Mothers to the Front\' by C. M. Yonge,1893,Non-fiction,Non-fiction,Non-fiction,Article in Journal,<i>Mothers in Council</i> 3:10 (April 1893) 67-73,NA,NA,NA,'Mothers to the Front' by C. M. Yonge,'Mothers to the Front' by C. M. Yonge,
262,"\'Real Childhood- Young Ladyhood, A\' by C. M. Yonge",1893,Non-fiction,Non-fiction,Non-fiction,Article in Journal,<i>Mothers in Council</i> 3:12 (October 1893) 218-223,NA,NA,NA,"'Real Childhood- Young Ladyhood, A' by C. M. Yonge","'Real Childhood- Young Ladyhood, A' by C. M. Yonge",
263,\'Literature for Mothers and Children\' by C. M. Yonge,1894,"Non-fiction, literary criticism","Non-fiction, literary criticism",Non-fiction,Article in Journal,<i>Mothers in Council</i> 4:13 (January 1894) 49-60,NA,NA,NA,'Literature for Mothers and Children' by C. M. Yonge,'Literature for Mothers and Children' by C. M. Yonge,
264,\'What can be done for our women?\' By C. M. Yonge,1894,Non-fiction,Non-fiction,Non-fiction,Article in Journal,<i>Mothers in Council</i> 4:14 (April 1894) 115-123,NA,NA,NA,'What can be done for our women?' By C. M. Yonge,'What can be done for our women?' By C. M. Yonge,
265,\'Three Generations- Heredity\' by C. M. Yonge,1895,Fiction (modern),Fiction (modern),Fiction,Short Story in Journal,<i>Mothers in Council</i> 5:18 (April 1895) 74-78,NA,NA,NA,'Three Generations- Heredity' by C. M. Yonge,'Three Generations- Heredity' by C. M. Yonge,
266,\'Doctrine and Practice\' by C. M. Yonge,1895,"Non-fiction, theology","Non-fiction, theology",Non-fiction,Article in Journal,<i>Mothers in Council</i> 5:19 (July 1895) 151-157,NA,NA,NA,'Doctrine and Practice' by C. M. Yonge,'Doctrine and Practice' by C. M. Yonge,
267,\'Three Generations- Crude Girlhood\' by C. M. Yonge,1895,Fiction (modern),Fiction (modern),Fiction,Short Story in Journal,<i>Mothers in Council</i> 5:20 (October 1895) 217-226,NA,NA,NA,'Three Generations- Crude Girlhood' by C. M. Yonge,'Three Generations- Crude Girlhood' by C. M. Yonge,
268,\'John Keble\',1888,"Non-fiction, biographical article","Non-fiction, biographical article",Non-fiction,Article in Journal,<i>Atalanta</i> (May 1888) 466-71,NA,NA,NA,'John Keble','John Keble',
269,<i>Deacon\'s Book of Dates</i>,1888,"Non-fiction, historical reference book","Non-fiction, historical reference book",Non-fiction,book,London: C.W.Deacon & Co,NA,NA,NA,Deacon\'s Book of Dates,Deacon\'s Book of Dates,
270,<i>Historical Poetry</i> see <i>Historical Ballads</i>,1883,NA,NA,Editorial work and prefaces,NA,NA,NA,NA,NA,Historical Poetrysee Historical Ballads,Historical Poetry,
271,Conchology articles,1894-7,"Non-fiction, natural history","Non-fiction, natural history",Non-fiction,Articles in Journal,Monthly Packet,NA,NA,"This series of articles on shells, published without any overall title, consisted of the following:
\'The Sailors who Swim from the Head’ MP (September 1894) 310-7
‘Ancient Dyers’ MP (June 1895) 704-11
‘Marble Makers’ MP (September 1895) 331-6
\'Cameos and Porcelain\' MP (March 1896) 317-322
‘Snails’ MP (June 1896) 691-6
‘Venus and Hearts’ MP  (March 1897) 324-7
‘The Sluggish Race’ MP (June 1897) 642-7
‘Bores and Borers’ MP (August 1897) 182-8.",Conchology articles,Conchology articles,
272,\'In memoriam Anne Mozley\' By the Editor,1891,"Non-fiction, obituary","Non-fiction, obituary",Non-fiction,Article in Journal,MP (September 1891) 341,NA,NA,NA,'In memoriam Anne Mozley' By the Editor,'In memoriam Anne Mozley' By the Editor,
273,\'Preface- Arachne in her spectacles\',1875,"Fiction, didactic allegory","Fiction, didactic allegory",Fiction,Article in Journal,MP (Christmas 1875) [v-vi],NA,NA,NA,'Preface- Arachne in her spectacles','Preface- Arachne in her spectacles',
274,\'Arachne\'s Farewell\' signed C. M. Y,1887,verse,verse,Non-fiction,Poem in Journal,MP (April 1887) 394,NA,NA,NA,'Arachne's Farewell' signed C. M. Y,'Arachne's Farewell' signed C. M. Y,
275,\'Arachne\'s Speech\',1874,"Non-fiction, report on submissions","Non-fiction, report on submissions",Non-fiction,Article in Journal,MP (Christmas 1874) 1-3,NA,NA,NA,'Arachne's Speech','Arachne's Speech',
276,"\'Authorship\' [12 in the series \'Work and Workers, by the actual Workers\']",1892,Non-fiction,Non-fiction,Non-fiction,Article in Journal,MP (September 1892) 296-304,NA,NA,"Reprinted in Battiscombe and Laski, 185-92.","'Authorship' [12 in the series 'Work and Workers, by the actual Workers']","'Authorship' [12 in the series 'Work and Workers, by the actual Workers']",
277,Note to \'The Canterbury Relics\',1888,"Non-fiction, history","Non-fiction, history",Non-fiction,Article in Journal,MP (April 1888) 369,NA,NA,NA,Note to 'The Canterbury Relics',Note to 'The Canterbury Relics',
278,\'Charles Kingsley\' by C. M. Yonge,1891,"non-fiction, review","non-fiction, review",Non-fiction,Article in Journal,MP (September 1891) 283-290,NA,NA,NA,'Charles Kingsley' by C. M. Yonge,'Charles Kingsley' by C. M. Yonge,
279,"\'Church of the Holy Trinity, Winchester\' by C. M. Y. [No. 11 in the Cathedral Sketches series]",1857,"Non-fiction, history","Non-fiction, history",Non-fiction,Article in Journal,MP (March 1857) 303-18,NA,NA,NA,"'Church of the Holy Trinity, Winchester' by C. M. Y. [No. 11 in the Cathedral Sketches series]","'Church of the Holy Trinity, Winchester' by C. M. Y. [No. 11 in the Cathedral Sketches series]",
280,"\'Conversation on Books, A\'",1881-1890,"Non-fiction, literary criticism","Non-fiction, literary criticism",Non-fiction,Articles in Journal,MP,NA,NA,"This series of articles, consisting of a conversation about recent publications, ran frequently from January 1881 to June 1890.  By no means all the articles were written by CMY, for some are signed by others.  However, many are attributed to the Editor, and others include \'Arachne\' a character she assumed in dealings with the Spiders and who voices her opinions.","'Conversation on Books, A'","'Conversation on Books, A'",
281,"\'Conversation on the Girls\' Friendly Society, A\' By the Editor",1882,Non-fiction,Non-fiction,Non-fiction,Article in Journal,MP (September 1882) 254-261,NA,NA,NA,"'Conversation on the Girls' Friendly Society, A' By the Editor","'Conversation on the Girls' Friendly Society, A' By the Editor",
282,"\'Conversation on Pictures, A\' by C. M. Yonge",1882,"Non-fiction, art criticism","Non-fiction, art criticism",Non-fiction,Article in Journal,MP (June 1882) 586-90,NA,NA,It describes her impressions of the Royal Academy Summer Exhibition of 1882.,"'Conversation on Pictures, A' by C. M. Yonge","'Conversation on Pictures, A' by C. M. Yonge",
283,\'Conversation on the Mothers\' Union\' by the Editor,1887,Non-fiction,Non-fiction,Non-fiction,Article in Journal,MP (September 1887) 287-292,NA,NA,NA,'Conversation on the Mothers' Union' by the Editor,'Conversation on the Mothers' Union' by the Editor,
284,"\'Cumberland Street Children\'s Hospital, The\'",1871,Non-fiction,Non-fiction,Non-fiction,Article in Journal,<i>MP</i> (January 1871) 92-96,NA,NA,NA,"'Cumberland Street Children's Hospital, The'","'Cumberland Street Children's Hospital, The'",
285,"\'East Winds of Lent, The\' by C. M. Yonge",1891,Non-fiction,Non-fiction,Non-fiction,Article in Journal,MP (March 1891) 272-6,NA,NA,NA,"'East Winds of Lent, The' by C. M. Yonge","'East Winds of Lent, The' by C. M. Yonge",
286,\'George Eliot and her Critics\' By the Editor and the author of \'Charles Lowder\' [Maria Trench],1885,"Non-fiction, literary criticism","Non-fiction, literary criticism",Non-fiction,Article in Journal,MP (May 1885) 471-495,NA,NA,NA,'George Eliot and her Critics' By the Editor and the author of 'Charles Lowder' [Maria Trench],'George Eliot and her Critics' By the Editor and the author of 'Charles Lowder' [Maria Trench],
287,\'Hackneys\',1892,"Non-fiction, literary criticism","Non-fiction, literary criticism",Non-fiction,Article in Journal,MP (October 1892) 413-417,NA,NA,The article discusses novel-writing cliches.,'Hackneys','Hackneys',
288,\'Introductory Letter\',1851,Non-fiction,Non-fiction,Non-fiction,Article in Journal,MP (January 1851) i-iv,NA,NA,NA,'Introductory Letter','Introductory Letter',
289,"\'Ladies\' Association, or, Great Causes helped by Small Means, The\'  by the Editor",1867,Non-fiction,Non-fiction,Non-fiction,Article in Journal,MP (May 1867) 510-14,NA,NA,NA,"'Ladies' Association, or, Great Causes helped by Small Means, The'  by the Editor","'Ladies' Association, or, Great Causes helped by Small Means, The'  by the Editor",
290,"\'Lectures on Church History, given at Winchester\'  by the Editor",1889,"Non-fiction, theology, history","Non-fiction, theology, history",Non-fiction,Articles in Journal,MP (January 1889-August 1890),NA,NA,"These articles, which appear as both \'Lectures on church history\' and \'Lectures on English church history\' appeared in two series.  It is not clear who the original audience in Winchester were.","'Lectures on Church History, given at Winchester'  by the Editor","'Lectures on Church History, given at Winchester'  by the Editor",
291,\'Letter from Arachne\' in \'Two Girls\' views of the Girlhood Question\',1886,Non-fiction,Non-fiction,Non-fiction,Article in Journal,MP (May 1886) 482-84,NA,NA,NA,'Letter from Arachne' in 'Two Girls' views of the Girlhood Question','Letter from Arachne' in 'Two Girls' views of the Girlhood Question',
292,\'Lifelong Friends\',1894,"Non-fiction, reminiscences","Non-fiction, reminiscences",Non-fiction,Article in Journal,MP (December 1894) 694-8,NA,NA,"Reprinted in Battiscombe and Laski, 181-4.",'Lifelong Friends','Lifelong Friends',
293,\'New Year\'s Words\' from the Editor,1886,Non-fiction,Non-fiction,Non-fiction,Article in Journal,MP (January 1886) 41-8,NA,NA,NA,'New Year's Words' from the Editor,'New Year's Words' from the Editor,
294,"\'Nous avons change tout cela, 1850-1890\' by the Editor",1891,Non-fiction,Non-fiction,Non-fiction,Article in Journal,MP (January 1891) 25-30,NA,NA,NA,"'Nous avons change tout cela, 1850-1890' by the Editor","'Nous avons change tout cela, 1850-1890' by the Editor",
295,\'Preface - Noblesse Oblige\',1876,Non-fiction,Non-fiction,Non-fiction,Article in Journal,MP (Christmas 1876) 588-91,NA,NA,"CMY\'s introduction to the Christmas number opens with a poem, entitled \'Noblesse Oblige\' which is signed E. E. B. and therefore not by her.",'Preface - Noblesse Oblige','Preface - Noblesse Oblige',
296,\'Seed time at Oxford\',1891,"Non-fiction, literary criticism","Non-fiction, literary criticism",Non-fiction,Article in Journal,MP (May 1891) 495-502,NA,NA,This is a review of Anne Mozley\'s edition of Newman\'s early correspondence and of R. W. Church\'s The Oxford Movement.,'Seed time at Oxford','Seed time at Oxford',
297,\'Easter-tide at Hursley (1866)\',1866,"Non-fiction, biographical article","Non-fiction, biographical article",Non-fiction,Article in Journal,MP (May 1866) 385-91,NA,NA,Obituary of the Rev. John Keble.,'Easter-tide at Hursley (1866)','Easter-tide at Hursley (1866)',
298,"\'Fairford and Hursley Windows, The\'",1866,Non-fiction,Non-fiction,Non-fiction,Article in Journal,<i>MP</i> (June 1866) 483-90,NA,NA,NA,"'Fairford and Hursley Windows, The'","'Fairford and Hursley Windows, The'",
299,\'Hints on Writing\',1861,Non-fiction,Non-fiction,Non-fiction,Article in Journal,MP (July 1861) 109-13,NA,NA,NA,'Hints on Writing','Hints on Writing',
300,\'One Tragedy averted by Another\',1880,"Non-fiction, translation","Non-fiction, translation",Non-fiction,Article in Journal,MP (May 1880) 499-510,NA,NA,This is described as \'abridged from the French [of Emile Souvestre] by Charlotte M. Yonge\'.,'One Tragedy averted by Another','One Tragedy averted by Another',
301,\'Thoughts on Pictures\',1853,"Non-fiction, art criticism","Non-fiction, art criticism",Non-fiction,Article in Journal,<i>Magazine for the Young</i> (March 1853-October 1856),NA,NA,There is a fictional frame story into which the descriptions of pictures are fitted.,'Thoughts on Pictures','Thoughts on Pictures',
302,“Female Education.”,1866,Non-fiction,Non-fiction,Non-fiction,Article in Journal,<i>Christian Remembrancer</i> Vol 51 (Jan. 1866): 21-49,NA,NA,"Review of <i>Principles of Education, drawn from Nature and Revelation and applied to Female Education in the Upper Classes</i> by Elizabeth Missing Sewell (1865). Identified in letter (20-03-1869) to Alexander Macmillan, MS British Library Add MSS 54920: 227-8



",“Female Education.”,“Female Education.”,
303,\'The American Sanitary Commission\',1866,Non-fiction,Non-fiction,Non-fiction,Article in Journal,<i>Christian Remembrancer</i> Vol 52 (Oct. 1866): 296-323,NA,NA,"Identified in a letter (20-03-1869) to Alexander Macmillan, MS British Library Add MSS 54920: 227-8

",'The American Sanitary Commission','The American Sanitary Commission',
304,“The difficulty of obtaining places for our younger members. By Miss Yonge.” The Girls’ Friendly Society. Sixth Winchester Diocesan Meeting.,1882,Non-fiction,Non-fiction,Non-fiction,paper in conference proceedings,Winchester: Warren & Son. October 1882: 29-31,NA,NA,"

",“The difficulty of obtaining places for our younger members. By Miss Yonge.” The Girls’ Friendly Society. Sixth Winchester Diocesan Meeting.,“The difficulty of obtaining places for our younger members. By Miss Yonge.” The Girls’ Friendly Society. Sixth Winchester Diocesan Meeting.,
305,“The Literature Department.”   The Girls’ Friendly Society. Sixth Winchester Diocesan Meeting.,1882,Non-fiction,Non-fiction,Non-fiction,article in conference proceedings,Winchester: Warren & Son. October 1882: 41-42,NA,NA,"

",“The Literature Department.”   The Girls’ Friendly Society. Sixth Winchester Diocesan Meeting.,“The Literature Department.”   The Girls’ Friendly Society. Sixth Winchester Diocesan Meeting.,
306,“Manners and Morals. By Miss Yonge.”,1884,Non-fiction,Non-fiction,Non-fiction,Article in Journal,Girls’ Friendly Society Associates’ Journal and Advertiser. March 1884: 34-35,NA,NA,NA,“Manners and Morals. By Miss Yonge.”,“Manners and Morals. By Miss Yonge.”,
307,\'paper on boy literature\',1865,literary criticism,literary criticism,Literary criticism,Article in Journal,<i>Literary Churchman</i>,NA,NA,Mentioned to Alexander Macmillan and not yet identified.,'paper on boy literature','paper on boy literature',
308,\'The Little Maid\'s Text Book\',1880,verse,verse,Non-fiction,poem in journal,"<i>Friendly Leaves</i> (December 1880), 268",NA,NA,The poem is signed C. M. Yonge,'The Little Maid's Text Book','The Little Maid's Text Book',
309,\'Manners and Morals\'. By Miss Yonge,1884,Non-fiction,Non-fiction,Non-fiction,Article in Journal,<i>Girls\' Friendly Society Associates\' Journal and Advertiser</i> (March 1884) 34-35,NA,NA,NA,'Manners and Morals'. By Miss Yonge,'Manners and Morals'. By Miss Yonge,
310,\'Books for Young People\',1887,Non-fiction,Non-fiction,Non-fiction,Article in Journal,<i>Girls\' Friendly Society Associates\' Journal and Advertiser</i> (June 1887) 75,NA,NA,The article is signed C.M. Yonge.,'Books for Young People','Books for Young People',
311,\'The Trusty Servant\',1890,Non-fiction,Non-fiction,Non-fiction,Article in Journal,<i>Friendly Leaves</i> (1890) 143-145,NA,NA,The article is signed Charlotte M. Yonge.,'The Trusty Servant','The Trusty Servant',
312,\'On my Word and Honour\',1891,Non-fiction,Non-fiction,Non-fiction,Article in Journal,<i>Friendly Leaves</i> (1891) 336-7,NA,NA,The article is signed Charlotte M. Yonge.,'On my Word and Honour','On my Word and Honour',
313,\'Three Generations: The Book Box\'  By The Editor,1896,Fiction (modern),Fiction (modern),Fiction,Short Story in Journal,"<i>Mothers in Council</i> 6.21 (Jan, 1896) 14-21",NA,NA,NA,'Three Generations: The Book Box'  By The Editor,'Three Generations: The Book Box'  By The Editor,
314,\'Stepmothers\' By C. M. Yonge,1896,Non-fiction,Non-fiction,Non-fiction,Article in Journal,"<i>Mothers in Council</i> 6.23 (July, 1896) 130-135",NA,NA,NA,'Stepmothers' By C. M. Yonge,'Stepmothers' By C. M. Yonge,
315,\'Books Recommended\'  By Lady Frederick Bruce and Miss Yonge,1896,Non-fiction,Non-fiction,Non-fiction,Article in Journal,"<i>Mothers in Council</i> 6.23 (July, 1896) 182-188",NA,NA,Very short notices of a large number of books.,'Books Recommended'  By Lady Frederick Bruce and Miss Yonge,'Books Recommended'  By Lady Frederick Bruce and Miss Yonge,
316,\'Three Generations: So-so or Cela Fera\',1896,Fiction (modern),Fiction (modern),Fiction,Short Story in Journal,<i>Mothers in Council</i> 6.24 (Oct 1896) 215-220,NA,NA,No author is given but it is part of a series written by CMY,'Three Generations: So-so or Cela Fera','Three Generations: So-so or Cela Fera',
317,"\'Books\'  By Mrs. Sumner, Lady Frederick Bruce and Miss Yonge",1896,Non-fiction,Non-fiction,Non-fiction,Article in Journal,<i>Mothers in Council</i> 6.24 (Oct 1896) 241-248,NA,NA,Very short notices of a large number of books.,"'Books'  By Mrs. Sumner, Lady Frederick Bruce and Miss Yonge","'Books'  By Mrs. Sumner, Lady Frederick Bruce and Miss Yonge",
318,\'G.F.S. Holiday visits of two London girls\'. By Miss Yonge.,1897,Fiction (modern),Non-fiction,Non-fiction,Short Story in Journal,<i>Friendly Leaves</i> (July 1897) 232-4.,NA,NA,"In the form of 2 letters sent from \'Langley\' showing contrasting responses to the country: one bored, one enchanted.",'G.F.S. Holiday visits of two London girls'. By Miss Yonge.,'G.F.S. Holiday visits of two London girls'. By Miss Yonge.,
319,\'The truest gentility.\' By Charlotte M. Yonge,1897,Non-fiction,Non-fiction,Non-fiction,Article in Journal,<i>The Girls\' Quarterly</i> (April 1897)124-5,NA,NA,NA,'The truest gentility.' By Charlotte M. Yonge,'The truest gentility.' By Charlotte M. Yonge,
320,\'Three Generations: Humanity\',1897,Fiction (modern),Fiction (modern),Fiction,Short Story in Journal,"<i>Mothers in Council</i> 7.27 (July, 1897) 173-178",NA,NA,No author is given but it is part of a series written by CMY,'Three Generations: Humanity','Three Generations: Humanity',
321,\'A wheel and a fall\'. By C.M. Yonge,1898,Fiction (modern),Fiction (modern),Fiction,Short Story in Journal,<i>Friendly Leaves</i> (December 1898) 2-9.,NA,NA,NA,'A wheel and a fall'. By C.M. Yonge,'A wheel and a fall'. By C.M. Yonge,
322,\'Three Generations: In Praise of Dulness\',1898,Fiction (modern),Fiction (modern),Fiction,Short Story in Journal,<i>Mothers in Council</i> 8.29 (Jan 1898) 38-46,NA,NA,No author is given but it is part of a series written by CMY,'Three Generations: In Praise of Dulness','Three Generations: In Praise of Dulness',
323,\'Three Generations: Marriage\',1898,Fiction (modern),Fiction (modern),Fiction,Short Story in Journal,<i>Mothers in Council</i> 8.31 (July 1898) 141-151,NA,NA,No author is given but it is part of a series written by CMY,'Three Generations: Marriage','Three Generations: Marriage',
324,\'Our Tender Ones.\' By C.M. Yonge,1899,Non-fiction,Non-fiction,Non-fiction,Article in Journal,<i>Mothers in Council</i> 9.33 (Jan 1899) 20-27,NA,NA,NA,'Our Tender Ones.' By C.M. Yonge,'Our Tender Ones.' By C.M. Yonge,
325,The Queen-Woman.\' By C.M. Yonge,1899,Non-fiction,Non-fiction,Non-fiction,Article in Journal,<i>Mothers in Council</i> 9.34 (April 1899) 65-71.,NA,NA,NA,The Queen-Woman.' By C.M. Yonge,Queen-Woman.' By C.M. Yonge,
326,\'Dulness.\' By C.M. Yonge,1899,Non-fiction,Non-fiction,Non-fiction,Article in Journal,<i>Mothers in Council</i> 9.35 (July 1899) 157-165.,NA,NA,NA,'Dulness.' By C.M. Yonge,'Dulness.' By C.M. Yonge,
327,\'Great Old Books.\' By C.M. Yonge,1899,Non-fiction,Non-fiction,Non-fiction,Article in Journal,<i>Mothers in Council</i> 9.35 (July 1899) 174-178.,NA,NA,NA,'Great Old Books.' By C.M. Yonge,'Great Old Books.' By C.M. Yonge,
328,\'The Anatomy of Prigs\'. By C.M. Yonge,1899,Non-fiction,Non-fiction,Non-fiction,Article in Journal,<i>Mothers in Council</i> 9.36 (Oct 1899) 202-207.,NA,NA,NA,'The Anatomy of Prigs'. By C.M. Yonge,'The Anatomy of Prigs'. By C.M. Yonge,
329,"‘\\""With All My Mind\\"": A Few Words on Reading.’ By C.M. Yonge",1899,Non-fiction,Non-fiction,Non-fiction,Article in Journal,"<i>Mothers in Council</i>. 9.33 (Jan, 1899) 51-53",NA,NA,NA,‘\'With All My Mind\': A Few Words on Reading.’ By C.M. Yonge,‘\'With All My Mind\': A Few Words on Reading.’ By C.M. Yonge,
330,‘Forget-Me-Nots.\' By Charlotte M. Yonge,1900,Fiction (modern),Fiction (modern),Fiction,Serial story in journal,<i>Friendly Leaves</i> (January -November 1900),Not reprinted in volume form,NA,NA,‘Forget-Me-Nots.' By Charlotte M. Yonge,‘Forget-Me-Nots.' By Charlotte M. Yonge,
331,‘Princess Mary Adelaide.’ By C.M. Yonge,1900,Non-fiction,Non-fiction,Non-fiction,Article in Journal,"<i>Friendly Leaves</i> (April 1900), 143-4.",NA,NA,NA,‘Princess Mary Adelaide.’ By C.M. Yonge,‘Princess Mary Adelaide.’ By C.M. Yonge,
332,‘The Empress Elizabeth: A bit of true history.’,1900,Non-fiction,Non-fiction,Non-fiction,Article in Journal,<i>Friendly Leaves</i> (January 1900) 48-49.,NA,NA,Signed C.M. Yonge.,‘The Empress Elizabeth: A bit of true history.’,‘The Empress Elizabeth: A bit of true history.’,
333,‘In Time of War.’ By C.M. Yonge,1900,Non-fiction,Non-fiction,Non-fiction,Article in Journal,<i>Mothers in Council</i> 10.37 (Jan. 1900) 3-4.,NA,NA,NA,‘In Time of War.’ By C.M. Yonge,‘In Time of War.’ By C.M. Yonge,
334,‘Temper.’ By Charlotte M. Yonge,1900,Non-fiction,Non-fiction,Non-fiction,Article in Journal,<i>Mothers in Council</i> 10.37 (Jan. 1900) 26-33,NA,NA,NA,‘Temper.’ By Charlotte M. Yonge,‘Temper.’ By Charlotte M. Yonge,
335,‘A few thoughts on bulbs.’ By C.M. Yonge,1900,Non-fiction,Non-fiction,Non-fiction,Article in Journal,<i>Mothers in Council</i> 10.37 (April 1900) 119-121,NA,NA,NA,‘A few thoughts on bulbs.’ By C.M. Yonge,‘A few thoughts on bulbs.’ By C.M. Yonge,
336,‘Modern Perplexitie.’ By C.M. Yonge,1900,Non-fiction,Non-fiction,Non-fiction,Article in Journal,<i>Mothers in Council</i> 10.38 (July 1900) 159-167,NA,NA,NA,‘Modern Perplexitie.’ By C.M. Yonge,‘Modern Perplexitie.’ By C.M. Yonge,
337,‘A very friendly leaf.’,1901,Non-fiction,Non-fiction,Non-fiction,Article in Journal,<i>Friendly Leaves</i></i> (January 1901) 45-46.,NA,NA,"This series, \'Leaves for the Months\', is identified as by CMY in an obituary in <i>Friendly Leaves</i>, April 1901.",‘A very friendly leaf.’,‘A very friendly leaf.’,
338,‘Leaves of promise.’ Signed C.M. Yonge.,1901,Non-fiction,Non-fiction,Non-fiction,Article in Journal,<i>Friendly Leaves</i> (February 1901) 83-4.,NA,NA,"In series \'Leaves for the Months\', several which are unsigned, but which are attributed to CMY in her obituary in <i>Friendly Leaves</i>.",‘Leaves of promise.’ Signed C.M. Yonge.,‘Leaves of promise.’ Signed C.M. Yonge.,
339,‘Patient Leaves.’ Unsigned.,1901,Non-fiction,Non-fiction,Non-fiction,Article in Journal,<i>Friendly Leaves</i> (April 1901)  136-7.,NA,NA,This series \'Leaves for the Months\' is identified as by Yonge in the obituary in <i>Friendly Leaves</i> (April 1901).,‘Patient Leaves.’ Unsigned.,‘Patient Leaves.’ Unsigned.,
340,‘Leaves of Promise: April.’ Unsigned.,1901,Non-fiction,Non-fiction,Non-fiction,Article in Journal,<i>Friendly Leaves</i> (April 1901) 138-9.,NA,NA,"This series, \'Leaves for the Months\', is identified as by Yonge in the obituary in <i>Friendly Leaves</i> (April 19010.",‘Leaves of Promise: April.’ Unsigned.,‘Leaves of Promise: April.’ Unsigned.,
341,‘Wind-flower Leaves: May.’ Signed C.M. Yonge.,1901,Non-fiction,Non-fiction,Non-fiction,Article in Journal,<i>Friendly Leaves</i> (May 1901) 171-3.,NA,NA,"This series, \'Leaves for the Months\', some of which are unsigned, is attributed to CMY in her obituary in <i>Friendly Leaves</i> (April 1901).",‘Wind-flower Leaves: May.’ Signed C.M. Yonge.,‘Wind-flower Leaves: May.’ Signed C.M. Yonge.,
342,‘Sweet yet Prickly Leaves: June’. Unsigned.,1901,Non-fiction,Non-fiction,Non-fiction,Article in Journal,<i>Friendly Leaves</i> (July 1901) 242-3,NA,NA,"This series, \'Leaves for the Months\', is identified as by CMY in the obituary in <i>Friendly Leaves</i>, April 1901. A footnote to this paper says ‘This is the last paper Miss Yonge wrote for us.’",‘Sweet yet Prickly Leaves: June’. Unsigned.,‘Sweet yet Prickly Leaves: June’. Unsigned.,
343,‘Reviews\'. By Miss C.M. Yonge,1901,Non-fiction,Non-fiction,Non-fiction,Article in Journal,<i>The Girls\' Quarterly</i> (January 1901) 107-8.,NA,NA,NA,‘Reviews'. By Miss C.M. Yonge,‘Reviews'. By Miss C.M. Yonge,
344,"‘Forewarned, Forearmed: In the Person of a Thoughtful Aunt.’ By C.M. Yonge",1901,Fiction (modern),Fiction (modern),Fiction,Short Story in Journal,<i>Mothers in Council</i> 11.40 (Jan. 1901) 21-26,NA,NA,NA,"‘Forewarned, Forearmed: In the Person of a Thoughtful Aunt.’ By C.M. Yonge","‘Forewarned, Forearmed: In the Person of a Thoughtful Aunt.’ By C.M. Yonge",
345,‘A Lot in Life.’ By C.M. Yonge,1901,Non-fiction,Non-fiction,Non-fiction,Article in Journal,<i>Mothers in Council</i> 11.41 (April 1901) 21-26,NA,NA,NA,‘A Lot in Life.’ By C.M. Yonge,‘A Lot in Life.’ By C.M. Yonge,
346,Review of <i>John Inglesant</i>,1880?,literary criticism,literary criticism,Literary criticism,Article in Journal,"<i>Guardian, The</i>",NA,NA,CMY refers to reviewing <i>John Inglesant</i> in <i>The Guardian</i> in a letter to Sir Walter Besant (?1899).,Review of John Inglesant,Review of John Inglesant,
347,\'Harvest Home in Normandy\' Translated by the Author of the \'Heir of Redclyffe\' from the French of Mde de Witt nee Guizot in <i>Warne\'s Home Annual</i>,1868,translation,translation,Editorial work and prefaces,story in collection,London: Warne,NA,NA,<i>Warne\'s Home Annual</i> ed. Laura Valentine,'Harvest Home in Normandy' Translated by the Author of the 'Heir of Redclyffe' from the French of Mde de Witt nee Guizot in Warne's Home Annual,'Harvest Home in Normandy' Translated by the Author of the 'Heir of Redclyffe' from the French of Mde de Witt nee Guizot in Warne's Home Annual,
348,\'Polyglott Parsing\',1869-1870,Non-fiction; philology,Non-fiction; philology,Non-fiction,articles in journal,<i>MP</i> (July 1869-August 1870),NA,NA,NA,'Polyglott Parsing','Polyglott Parsing',
349,Obituary of Anne Sturges Bourne,1891,obituary,obituary,Non-fiction,article in journal,"possibly in <i>The Guardian</i>, perhaps 18 or 25 December 1891?",NA,NA,NA,Obituary of Anne Sturges Bourne,Obituary of Anne Sturges Bourne,
350,article on French history,1892?,"non-fiction, history","non-fiction, history",Non-fiction,article in journal,Cassell?,NA,NA,"Letters to Arthur John Butler, then working for Cassell, suggest that CMY contributed an article on French mediaeval history to one of their journals in 1892.",article on French history,article on French history,
351,"Introduction to John Keble, <i>The Christian Year</i>",1894,"Non-fiction, criticism","Non-fiction, criticism",Editorial work and prefaces,Book,London: Macmillan,NA,NA,This appeared in the \'Golden Treasury Series\'.,"Introduction to John Keble, The Christian Year","Introduction to John Keble, The Christian Year",
352,Review of <i>Vanity and Vexation</i>,1899,"Non-fiction, literary criticism","Non-fiction, literary criticism",Non-fiction,Article in Journal,<i>The Guardian</i>,NA,NA,"Referred to in a letter to Christabel Coleridge, October 1899, and presumably published about that time.",Review of Vanity and Vexation,Review of Vanity and Vexation,
353,<i>History of France</i>,1878,"Non-fiction, history","Non-fiction, history",Non-fiction,Book,Macmillan,NA,NA,"This appeared in the \'History Primers\' series edited by J. R. Green.  It had eight chapters, whereas the work of the same title, published in 1879, which CMY contributed to the \'Historical Course for Schools\' edited by E. A. Freeman, had ten chapters.  The latter was also aimed at older children.",History of France,History of France,
354,<i>Buy a Broom</i>,1880,fiction,fiction,Fiction,Book,Rochester NY: Fitch,NA,NA,"This is am American reprint, possibly pirated.  \'Buy a Broom\' has not been identified, but  \'Kaspar\'s Summer Dream\' <i>MP</i> (Christmas 1876) 16-32, and \'Early Dew, or, the Boy Bishop\' <i>MP</i> (Christmas 1878), 6-20, were certainly by CMY.",Buy a Broom,Buy a Broom,
355,<i>The Daisy Chain Birthday Book</i> Gathered by Eadgyth,1885,anthology,anthology,Miscellaneous,Book,London: Walter Smith,NA,NA,NA,The Daisy Chain Birthday BookGathered by Eadgyth,Daisy Chain Birthday Book,
356,\'Mothers in Council\',"<i>MP</i> (June 1886), 572-577.",Fiction,Fiction,Fiction,Article in Journal,NA,NA,NA,Written in collaboration with Christabel Coleridge.,'Mothers in Council','Mothers in Council',
357,\'Householders\',1856-1860,"Non-fiction, natural history","Non-fiction, natural history",Non-fiction,articles in journal,<i>Magazine for the Young</i> (January 1856-August 1860),NA,NA,A series of articles on shells.,'Householders','Householders',
358,\'Biographies of Eminent Anglicans\',1890s,"Non-fiction, biography","Non-fiction, biography",Non-fiction,"MS Bodleian Library, unpublished",NA,NA,NA,"CMY contributed to a series of short biographies of Anglican saints at the behest of the Rev. [[person:221]J. F. W. Bullock], Rector of Radwinter.   In 1902 he finally published the first three volumes of a projected six volume work called <i>Daily Lections for every Morning and Evening throughout the Year</i> (London: Rivington 1902).  Volume V of this work, described in his preface, was to have consisted of \'Lections on Anglican Worthies, arranged as additional Readings for Sunday\'.  These \'Biographies of Eminent Anglicans\' exist in MS and are catalogued under that name among the Bullock papers in the Bodleian Library, Oxford, but were never published, since no more of the <i>Daily Lections</i> ever appeared.",'Biographies of Eminent Anglicans','Biographies of Eminent Anglicans',
359,"<i>Millar, a Mollar, a Ten o’clock Scholar, A</i>",n.d.,Fiction,Fiction,Fiction,Booklet,"Walter Smith (late Mozley), 34 King Street, Covent Garden, London.",NA,NA,NA,"A Millar, a Mollar, a Ten o’clock Scholar","Millar, a Mollar, a Ten o’clock Scholar",
360,"<i>Quack, Quack</i>",n.d.,Fiction,Fiction,Fiction,Booklet,"Walter Smith (late Mozley), 34 King Street, Covent Garden, London.",NA,NA,NA,"Quack, Quack",,
361,<i>Bully Brindle</i>,n.d.,Fiction,Fiction,Fiction,Booklet,"Walter Smith (late Mozley), 34 King Street, Covent Garden, London.",NA,NA,NA,Bully Brindle,,
362,<i>Snowdrop's eggs</i>,n.d.,Fiction,Fiction,Fiction,Booklet,"Walter Smith (late Mozley), 34 King Street, Covent Garden, London.",NA,NA,NA,Snowdrop'sEggs,,
363,<i>Fanny's Doll</i>,n.d.,Fiction,Fiction,Fiction,Booklet,"Walter Smith (late Mozley), 34 King Street, Covent Garden, London.",NA,NA,NA,Fanny's Doll,,
364,<i>The Third Standard</i>,n.d.,Fiction,Fiction,Fiction,Booklet,"Walter Smith (late Mozley), 34 King Street, Covent Garden, London.",NA,NA,NA,The Third Standard,,
