"general_bookID","author_surname","author_prefix","author_first_name","author_suffix","title","vols","imprint","date","notes"
"1",""," "," "," "," ‘Books for the Young’","0"," <i>Christian Remembrancer </i>10  377-407"," (October 1845)",""
"2",""," "," "," "," ‘Castren’s <i>Travels among the Laps</i>’","0"," <i>Quarterly Review </i>94, 196-212"," (December 1853)",""
"3",""," "," "," "," ‘Christmas Books and Christmas Boxes’","0"," <i>Saturday Review </i>4  557-9"," (19 December 1857)",""
"4",""," "," "," "," ‘Periodicals’","0"," <i>The Literary Churchman</i>"," page 344"," (16 Sept 1859)"
"5",""," "," "," "," <i>An Object in Life</i> By the Author of <i>Sunlight in the Clouds</i>","0"," London: "," 1860"," This was serialized in <i>MP</i> from July 1857. When <i>Sunlight in the Clouds was </i>published in <i>MP</i> (1851) it was signed H. L. C., and it seems possible that the works published by ‘the Author of <i>Sunlight in the Clouds’</i> are by Harriet Lucy Cox."
"6",""," "," "," "," <i>Old Danish Ballads, Translated from Grimm’s</i> <i>collection by an Amateur</i>","0"," London: Hope"," 1856",""
"7",""," "," "," "," Review of William Wordsworth, <i>The Prelude</i>","0"," <i>The Christian Remembrancer </i>XX  332-73"," (October 1850)",""
"8",""," "," "," "," <i>Sunlight in the Clouds;  Some Providences in a Life-time;  The Shoemaker’s Daughters</i>","0"," London: Mozley"," 1852"," Another work entitled <i>Sunlight in the Clouds</i> is attributed by the <i>British Library Catalogue</i> to a Mrs Benson, but that seems to be a different book.  When <i>Sunlight in the Clouds was </i>published in <i>MP</i> (1851) it was signed H. L. C., and it seems possible that the works published by ‘the Author of <i>Sunlight in the Clouds’</i> are by Harriet Lucy Cox."
"9",""," "," "," "," <i>The Reign of Terror: A Collection of Authentic Narratives . . written by Eyewitnesses &c. during the years 1817, 1818, 1819, and 1820</i>","2"," London"," 1821-1822",""
"10","Abraham"," The Rev.","Charles John"," ","<i>The Unity of History</i>","0"," Eton: Williams"," 1845",""
"11","Alexander"," "," Cecil Frances"," "," <i>Hymns for Little Children</i>","0"," London: Masters","1848",""
"12","Alexander"," "," Cecil Frances"," "," <i>Moral Songs</i>","0"," London: Masters"," 1848",""
"13","Alexander"," "," Cecil Frances"," "," <i>Verses for Holy Seasons</i>","0"," Manchester: Rivington and Oxford: Parker"," 1846",""
"14","Awdry"," "," Frances"," "," <i>A Country Gentleman of the Nineteenth Century: Being a Short Memoir of the Right Honourable Sir William Heathcote, Bart., of Hursley 1801-1881</i>","0"," Winchester: Warren and London: Simpkin"," 1906","See also [[person:82]Frances Awdry]."
"15","Barbauld"," "," Anna Laetitia"," "," <i>Hymns in Prose for Children</i> ","0"," London: Johnson"," 1781",""
"16","Barber"," "," Mary Ann Serrett"," "," <i>Missionary Tales for Little Listeners</i>","0","  London: Nisbet","  1840",""
"17","Battiscombe"," "," Georgina"," ","<i>Charlotte Mary Yonge: The Story of an Uneventful Life</i>","0"," London: Constable"," 1943",""
"18","Bigg Wither"," "," R. F.","  ","<i>Materials for a History of the Bigg Wither Family</i>","0"," Winchester: Warren"," 1907"," "
"19","Blackburn"," "," Jemima"," and James Wilson"," <i>Illustrations of Scripture</i>. By an Animal Painter, with notes by a Naturalist","0"," Edinburgh: Constable"," 1855"," "
"20","Blakeway"," ","Alys"," ","‘Towards a study of Marianne Dyson’","0","Unpublished paper given to the Charlotte Yonge Society"," April 2002",""
"21","Browning"," "," Elizabeth Barrett"," "," <i>The Poems of Elizabeth Barrett Browning</i>","0"," London: Warne"," 1850",""
"22","Budge"," "," Gavin"," "," ‘Realism and Typology in Charlotte M. Yonge’s <i>The Heir of Redclyffe</i>’","0","<i>Victorian Literature and Culture </i>31, 193-223"," 2003"," "
"23","Budgen"," "," L.M."," "," <i>Episodes of Insect Life</i>","3"," London: Reeve"," 1849-51"," This work appeared under the pseudonym 'Acheta Domestica'."
"24","Bulwer Lytton"," "," Edward"," "," <i>What Will He Do With It?</i>","0"," London: Routledge"," 1852",""
"25","Burke"," Sir"," Bernard"," and Ashworth Burke","<i> A Genealogical and Heraldic Dictionary of the Peerage and Baronetage</i>","0"," London: Harrison"," 1910",""
"26","Butler"," "," Arthur John"," "," <i>Life and Letters of William John Butler, late Dean of Lincoln</i>","0"," London: Macmillan"," 1897",""
"27","Butler"," Father"," Alban"," "," <i>The Lives of the Fathers, Martyrs, and other Principal Saints</i>","4"," London"," 1756-9",""
"28","Butler"," The Rt. Rev."," Joseph"," ","<i>The Analogy of Religion, Natural and Revealed, to the Constitution and Course of Nature</i>","0"," London: Knapton"," 1736",""
"29","Cameron"," ","Lucy Lyttelton"," ","<i>The Faithful Little Girl</i>","0"," Wellington: Houlston"," 1823",""
"30","Carové"," ","Friedrich Wilhelm"," "," <i>Kinderleben oder das Mährchen ohne Ende</i>","0"," "," 1830",""
"31","Carter Smith"," ","Ann Maria"," ","<i>Lucy and Christian Wainwright and Other Tales</i>","0","London: Masters","1863","The title story originally appeared as \'Lucy and Christian Wainwright, or, The One Eternal Meeting, 1781\' in <i>MP</i> (February 1856) 111-38.  The volume also includes ‘Some Thorns and Roses from a Homely Life’, ‘Bygone Days’, ‘A Household Record’, ‘The Two Beauties’, ‘Will No One do Likewise?’ and ‘The Lost are Found’."
"32","Cervantes Saavedra"," "," Miguel"," de","  <i>El ingenioso hidalgo don Quijote de la Mancha</i>","2"," Madrid: Robles"," 1605, 1615",""
"33","Chadwick"," ","Owen"," ","<i>The Spirit of the Oxford Movement</i>","0"," Cambridge: Cambridge University Press"," 1990",""
"34","Church"," The Very Rev."," Richard William"," "," <i>The Oxford Movement: Twelve Years, 1833-1845</i>","0"," London: Macmillan"," 1891",""
"35","Clarendon"," "," Edward Hyde, Earl of"," ","<i>The True Historical Narrative of the Rebellion and Civil Wars in England</i>","3"," Oxford: printed at the Theater"," 1702-4",""
"36","Cobb"," "," Peter G."," "," ‘Sellon, (Priscilla) Lydia (1821–1876)’","0"," <i>Oxford Dictionary of National Biography</i>, Oxford University Press","  2004",""
"37","Cobbold"," ","Richard"," ","<i>The History of Margaret Catchpole: A Suffolk Girl</i>","0"," "," 1845",""
"38","Coleridge"," "," John Duke"," 1st Lord Coleridge"," ‘In Memoriam M.A.D.’","0","<i>Monthly Packet, </i>3rd series 2  521, 523."," (December 1878)","See also [[person:343]John Duke Coleridge], 1st Lord Coleridge."
"39","Coleridge"," "," Mary Frances Keble"," "," <i>Michael the Chorister</i>","0"," London: Mozley"," "," "
"40","Coleridge"," ","Christabel"," "," <i>Charlotte Mary Yonge: Her Life and Letters</i> ","0"," London: Macmillan"," 1903","See also [[person:329]Christabel Coleridge]."
"41","Coleridge"," ","Mary Frances Keble"," ","<i>Sister’s Care </i>By the Author of <i>Michael the Chorister</i>","0"," London, Derby: Mozley"," 1849",""
"42","Coleridge","Sir","John Taylor"," ","<i>A Memoir of the Rev. John Keble</i>","0","Oxford: Parker","1869",""
"43","Colvile"," "," Margaret Agnes"," "," <i>Dorothy: A Tale</i>","0"," London: Parker"," 1856",""
"44","Cooper"," "," Suzanne Fagence"," "," ‘Pollen, John Hungerford (1820–1902)’","0"," <i>Oxford Dictionary of National Biography,</i> Oxford University Press"," 2004",""
"45","Coore"," "," Henry"," "," <i>The Story of Queen Elizabeth Woodville</i>","0"," Halifax: Hartley"," 1845",""
"46","D'Azeglio"," "," Massimo"," "," <i>The Maid of Florence, or, Niccolò de Lapi</i>, tr. W. Felgate","0"," London: Bentley"," 1853"," The novel was first published in Italian in 1841."
"47","D’Israeli"," "," Isaac"," "," <i>Commentaries on the Life and Reign of Charles the First, King of England</i>","5"," London: Colburn"," 1828-31",""
"48","Darling"," "," James"," ","<i>Catalogue of books in the library of Sir William Heathcote, Bart., M.P., at Hursley Park, in the county of Southampton","0"," London: Darling"," 1865"," A revised version of the edition of 1834"
"49","Davies"," "," Edward"," "," <i>Celtic Researches: On the Origin, Traditions & Language, of the Ancient Britons</i>","0"," London: the Author"," 1804",""
"50","De Gruchy"," "," Amy"," "," ‘<i>The Monthly Packet</i>.’","0"," <i>Proceedings of the Inaugural Conference of the Charlotte Mary Yonge Society Fellowship</i>"," 1995"," "
"51","De Gruchy"," "," L. Amy"," "," ‘ “<i>The Monthly Packet</i>” : a study of C.M. Yonge's Editorial Aims and Practice’","0"," University of London MPhil thesis"," 1986",""
"52","De la Rue"," "," Charles"," "," <i>P. Vergili Maronis Opera interpretatione et notis illustravit Carolus Ruaeus ad usum serenissimi Delphini</i>","0"," Paris: Apud Simonem Benard"," 1675",""
"53","Deane"," "," William John"," "," <i>Lyra sanctorum : Lays for the minor festivals of the English Church</i>","0"," London: Masters"," 1850",""
"54","Dennett"," "," John Frederick"," (editor)"," <i>The Voyages and Travels of Captains Parry, Franklin, Ross, and Mr. Belzoni</i>","0"," London: Jaques and Wright"," 1826",""
"55","Dennis"," "," Barbara"," ","<i>Charlotte Yonge (1823-1901) Novelist of the Oxford Movement</i>","0"," Lampeter: Edwin Mellen"," 1992",""
"56","Drury"," "," Anna Harriet"," "," <i>Friends and Fortune: A Moral Tale</i>","0"," London: Pickering"," 1849",""
"57","Dumas"," "," Alexandre"," <i>père</i>"," <i>La Bouillie de la comtesse Berthe</i>","0"," Paris : Hetzel"," 1845"," This work appeared in several English translations; CMY refers to the 1846 Chapman & Hall edition with 100 illustrations done by Albert Bertall for the French edition."
"58","Dyson"," "," Mary Anne ",""," <i>Ivo and Verena, or, The Snowdrop</i>","0"," London: Burns"," 1842",""
"59","Dyson"," "," Mary Anne"," (mother)"," <i>Memorials of a Departed Friend</i>","0"," London: Hansard"," 1833",""
"60","Dyson"," "," Mary Anne"," "," <i>Conversations with Cousin Rachel</i>","0"," London: Burns"," 1844","See also [[person:464]Mary Anne Dyson]."
"61","Evelyn"," "," John"," "," <i>Sylva, or, A Discourse of Forest Trees</i>","0"," London: Martyn and Allestry"," 1664",""
"62","Facciolati"," "," Jacopo"," and Egidio Forcellini"," <i>Totius Latinitatis Lexicon</i>","4"," Padua: Typis Seminarii"," 1771",""
"63","Fairley"," "," Robert "," "," <i>Jemima: Paintings and Memoirs of a Victorian Lady </i>","0"," Edinburgh: Canongate"," 1988",""
"64","Faught"," "," C. B."," "," <i>The Oxford Movement: A Thematic History of the Tractarians and their Times</i> ","0"," University Park, PA: Pennsylvania State University Press"," 2003",""
"65","Forbes"," "," James"," "," <i>Oriental Memoirs</i>","4"," London: Bensley"," 1813",""
"66","Formby"," "," Henry"," ","<i>A Visit to the East Comprising Germany and the Danube, Constantinople, Asia Minor, Egypt and Idumea</i>","0"," London: Burns"," 1840",""
"67","Franklin"," Sir"," John"," "," <i>Narrative of a Journey to the Shores of the Polar Sea</i>","0"," London: Murray"," 1823",""
"68","Fullerton"," Lady"," Georgiana"," "," <i>Ellen Middleton: A Tale</i> ","3"," London: Moxon"," 1844",""
"69","Gaskell"," "," Elizabeth"," "," <i>Mary Barton: A Tale of Manchester Life</i>","2"," London: Chapman & Hall"," 1848",""
"70","Gaskell"," "," Elizabeth"," "," <i>The Life of Charlotte Brontë</i>","2"," London: Smith, Elder"," 1857",""
"71","Goethe"," "," Johann Wolfgang"," von"," <i>Götz von Berlichingen mit der eisernan band: Ein schauspiel</i>","0"," "," 1773",""
"72","Goethe"," "," Johann Wolfgang von",""," <i>Iphigenie auf Tauris</i>","0"," "," 1787"," The play was first published in <i>Goethes Schriften</i> Leipzig: Goschen 1787-90, Vol 3."
"73","Goldsmith"," "," Oliver"," "," <i>The Vicar of Wakefield: A Tale, supposed to be written by himself</i>","0"," Salisbury: Newbery"," 1766"," "
"74","Grant"," "," Anne"," "," <i>Letters from the Mountains: Being the real correspondence of a lady between the years 1773 and 1803</i>","3"," London: Longman"," 1806",""
"75","Green"," "," David Bonnell"," "," ‘Two Popular Novelists of the 'Fifties and Their Publisher: Letters from G. J. Whyte-Melville and Charlotte M. Yonge to John William Parker, Jr.’ ","0"," <i>Notes & Queries </i>10, 450-454"," 1963",""
"76","Greener"," "," William"," "," <i>The Gun, or, A Treatise on the Various Descriptions of Small Fire-arms</i>","0"," London: Longman and Edinburgh: Cadell"," 1835",""
"77","Grossi"," "," Tommaso"," "," <i>Marco Visconti, storia del trecento cavata dalle cronache di quel secolo</i>","4"," Milan"," 1834"," The translation referred to is probably that by Caroline Ward, published as <i>Marco Visconti: A Romance of the Fourteenth Century </i>- 2 vols (London 1836)."
"78","Harriett"," "," Mozley"," "," <i>The Lost Brooch or, The History of Another Month: A Tale for Young People</i>","2"," London: Burns "," 1841"," "
"79","Heber"," The Rt. Rev."," Reginald"," "," <i>Hymns, Written and Adapted to the Weekly Church Service of the Year</i>","0"," London: Murray"," 1827",""
"80","Helps"," Sir"," Arthur"," "," <i>Friends in Council</i>","2"," London: Pickering"," 1847-9",""
"81","Herbert"," The Rev."," George"," ","<i>The Temple: Sacred Poems and Private Ejaculations</i>","0"," Cambridge: Buck and Daniel"," 1633",""
"82","Holt"," "," Geoffrey"," "," ‘Coleridge, Henry James (1822–1893)’<i>Oxford Dictionary of National Biography</i>","0"," Oxford: Oxford University Press"," 2004",""
"83","Hooker"," Sir"," William Jackson"," "," <i>Icones plantarum, or, Figures, with Brief Descriptive Characters and Remarks, of New or Rare Plants, Selected from the Author's Herbarium</i>","10"," London: Longman"," 1837-54",""
"84","Howard"," Lady"," Harriet "," "," <i>The Birthday: A Tale for the Young</i>","0"," London: Burns"," 1844",""
"85","Howitt"," "," William"," and Mary Howitt"," <i>The Literature and Romance of Northern Europe, constituting a complete History of the Literature of Sweden, Denmark, Norway and Iceland</i>","2"," London: Colburn"," 1852",""
"86","Huc"," "," Évariste Régis"," "," <i>Travels in Tartary, Thibet and China, during the years 1844, 5, 6, </i>Tr. William Hazlitt","2"," London: National Illustrated"," 1852",""
"87","Jameson"," ","Anna Brownell"," "," <i>Sacred and Legendary Art</i>","2"," London: Longman","1848","Anna Brownell Jameson, <i>Sacred and Legendary Art</i> 2 vols  (1848), <i>Legends of the Monastic Orders</i> (1850) and <i>Legends of the Madonna</i> (1852) formed a series under the title of the first, with a later volume published in 1864."
"88","Jay"," ","  Elisabeth"," "," ‘Charlotte Mary Yonge and Tractarian Aesthetics’","0"," <i>Victorian Poetry </i>44, 43-59"," 2006",""
"89","Jordan"," "," Ellen"," "," ‘Charlotte Yonge’s First Publishers’","0","Unpublished paper given to a meeting of the Charlotte Mary Yonge Fellowship"," April 2006",""
"90",""," "," "," "," <i>Journal of a Fisherman</i>","0"," London: Routledge"," 1859",""
"91","Kavanagh"," "," Julia"," "," <i>Women of Christianity Exemplary for Acts of Piety and Charity</i>","0"," London: Smith, Elder"," 1852",""
"92","Keble "," The Rev."," John"," and others"," <i>Lyra Apostolica</i>","0"," Derby: Mozley, Rivington"," 1836",""
"93","Keble"," The Rev."," John"," "," ‘Adherence to the Apostolical Succession the Safest Course’","0","<i>Tracts for the Times</i>, no 4"," 1833","See also [[person:798]John Keble]."
"94","Keble"," The Rev."," John"," "," <i>Sermons Occasional and Parochial</i>","0","Oxford: Parker"," 1868",""
"95","Keble"," The Rev."," John"," "," <i>The Christian Year</i>: <i>Thoughts in Verse for the Sundays and Holydays throughout the Year</i>","2"," Oxford: Parker and London: Rivington"," 1827"," "
"96","Keble"," The Rev."," John"," "," <i>The Life of the Right Reverend Father in God, Thomas Wilson, Lord Bishop of Sodor and Man</i>","2"," Oxford: Parker"," 1893",""
"97","Keble"," The Rev."," John"," "," <i>The Psalter, or, Psalms of David in English Verse</i>","0"," Oxford: Parker and Rivington"," 1838",""
"98","Keble"," The Rev."," John"," and the Rev. J. H. Newman, editors"," <i>Remains of the late Reverend Richard Hurrell Froude, M.A.</i>","2"," London and Derby: Rivington"," 1838, 1839",""
"99","Keightley"," ","  Thomas"," ","  <i>The Fairy Mythology: Illustrative of the Romance and Superstition of Various Countries</i>","2"," London: Ainsworth"," 1828",""
"100"," à Kempis"," "," Thomas",""," <i>De Imitatione Christi</i>","0"," "," c. 1420",""
"101","Kent"," "," David"," ","<i>Popular Radicalism and the Swing Riots in Central Hampshire</i>","0","Hampshire Papers 11"," 1997",""
"102","La Motte Fouqué"," "," Friedrich"," Freiherr von"," <i>Die jahreszeiten, eine vierteljahrsschrift fur romantische dichtungen </i>","0"," Berlin: Hitzig"," 1811-14"," The four seasons were each represented by one or two stories. <i>Fru?hlings-Heft. Undine</i>;<i>  Sommer-Heft. Die beiden Hauptleute</i>;<i> Herbst-Heft. Aslauga's Ritter</i>  and<i> Alpin und Jucunde</i>;<i> Winter-Heft. Sintram und seine Gefa?hrten.</i>"
"103","Liddell"," The Very Rev."," Henry"," and the Very Rev. Robert Scott"," <i>A Greek-English Lexicon</i>","0"," Oxford"," 1843"," "
"104","Lindsay"," "," Alexander Crawford, Lord"," later 25th Earl of Crawford"," <i>Sketches of the History of Christian Art</i>","3"," London: Murray"," 1847",""
"105","Lockhart"," "," John Gibson"," "," <i>Memoirs of the Life of Sir Walter Scott, Bart</i>.","7"," Edinburgh: Cadell and London: Murray"," 1837-1838",""
"106","Lodge"," "," Edmund"," "," <i>Portraits of Illustrious Personages of Great Britai</i>","4"," London: Lackington, Hughes, Harding, Mavor, and Lepard : and Longman, Hurst, Rees, Orme, and Brown","  1821-1834",""
"107","Long"," Lady"," Catherine"," "," <i>Sir Roland Ashton: A Tale of the Times</i>","2"," London: Nisbet"," 1844",""
"108","Loudon"," "," Jane"," "," <i>The Ladies’ Flower Garden of Ornamental Perennials</i>","0"," London: Orr"," 1859",""
"109","Loudon"," "," John Claudius"," "," <i>Arboretum et fruticetum brittanicum, or, The Trees and Shrubs of Britain</i>","8"," London: Longman"," 1838",""
"110","MacCulloch"," "," John"," "," <i>Proofs and Illustrations of the attributes of God from the facts and laws of the physical universe: being the foundation of natural and revealed religion</i>","3"," London: Duncan"," 1837",""
"111","Manning"," "," Anne"," "," <i>The Provocations of Madame Palissy</i>","0"," London: Hall, Virtue"," 1853",""
"112","Mant"," The Rev."," Richard "," and George D’Oyly","<i>The Holy Bible, according to the Authorized Version: with notes, explanatory and practical</i>","0"," Oxford: Clarendon Press"," 1817",""
"113","Manzoni"," "," Alessandro"," "," <i>I promessi sposi: storia milanese del secolo XVII</i> ","3"," Milano: Ferrario"," 1825-6",""
"114","Martineau"," "," Harriet"," ","<i> Deerbrook: A Novel</i>","3"," London: Moxon"," 1839"," "
"115","Mason","","  Joseph"," ","<i>Joseph Mason: Assigned Convict 1831-1837 </i>ed. David Kent and Norma Townsend","0"," Melbourne: Melbourne University Press"," 1996",""
"116","Michaud"," "," J.-F. "," "," <i>Histoire des Croisades</i>","7"," Paris: Michaud"," 1812-22",""
"117","Miller"," "," Hugh"," "," <i>The Old Red Sandstone, or, New Walks in an Old Field</i>","0"," Edinburgh: Johnstone"," 1841"," "
"118","Millington"," "," Ellen J."," (tr.)"," <i>Christian iconography, or, the history of Christian art in the Middle Ages</i>","0"," London: Bohn"," 1851",""
"119","Millington"," "," Ellen J."," (tr.)"," <i>The Aesthetic and Miscellaneous Works of Frederick von Schlegel</i>","0"," London: Bohn"," 1849",""
"120","Millington"," "," Ellen J."," "," <i>Characteristics of the Gods of Greece. A Manual for Schoolgirls</i>","0"," Bristol: Chilcott"," 1867","See also [[person:1000]Ellen Millington]."
"121","Millington"," "," Ellen J."," "," <i>Heraldry in History, Poetry, and Romance</i>","0"," London: Chapman and Hall"," 1858",""
"122","Moberly"," "," Charlotte Anne Elizabeth"," ","<i>Dulce Domum: George Moberly, his Family and Friends </i> ","0"," London: John Murray"," 1911",""
"123","Monro"," The Rev."," Edward"," "," <i>The Combatants: An Allegory</i>","0"," London: Masters"," 1848"," "
"124","Moor"," The Rev.","  John Frewen"," "," <i>A Guide to the Village of Hursley, the Home of Keble, author of ‘The Christian Year’</i>","0"," Winchester: Savage"," 1869",""
"125"," Mozley"," "," Anne"," "," <i>Days and Seasons, or, Church Poetry for the Year</i>","0"," Derby: Mozley"," 1845",""
"126","Murray"," "," Lindley"," ","<i> English Grammar, Adapted to the Different Classes of Learners</i>","0"," York: Wilson"," 1795",""
"127","Newland"," The Rev."," Henry Garrett"," "," <i>Forest Life in Norway and Sweden: Being Extracts from the</i>","0"," "," ",""
"128","Newsome"," "," David"," "," <i>The Parting of Friends: A Study of the Wilberforces and Henry Manning</i>","0"," London: Murray"," 1966",""
"129","Opie"," ","Iona"," and Peter Opie","  <i>Oxford Dictionary of Nursery Rhymes</i> ","0"," Oxford: OUP"," 1951",""
"130","Paget","  The Rev."," Francis Edward"," ","<i> Tales of the Village Children</i>","2"," London: Masters"," 1845",""
"131","Palgrave"," Sir"," Francis"," "," <i>Truths and Fictions of the Middle Ages: The Merchant and the Friar</i>","0"," London: Parker"," 1837",""
"132","Percy"," The Rt. Rev."," Thomas"," "," <i>Reliques of Ancient English Poetry</i>","3"," London: Dodsley"," 1765",""
"133","Porter"," Sir"," Robert Ker"," "," <i>Travels in Georgia, Persia, Armenia, ancient Babylonia, &c.</i>","0"," London: Simpkin and Marshall"," 1826",""
"134","Reed","  ","John Shelton"," ","<i>Glorious Battle: The Cultural Politics of Victorian Anglo-Catholicism</i>","0"," Nashville: Vanderbilt University Press"," 1996",""
"135","Reynolds"," Sir"," Joshua"," "," <i> Seven Discourses delivered in the Royal Academy by the President</i>","0"," London: Cadell"," 1778",""
"136","Roberts"," "," Margaret"," "," <i>The Two Mottoes</i>","0"," London, Parker"," 1858",""
"137","Rowell"," The Rt. Rev."," Geoffrey"," "," <i>The Vision Glorious: Themes and Personalities of the Catholic Revival in Anglicanism</i>","0"," Oxford: Oxford University Press"," 1983",""
"138","Ruskin"," "," John"," "," <i>The Seven Lamps of Architecture</i>","0"," London: Smith, Elder"," 1849",""
"139","Sale"," <i>et al. </i> "," George"," "," <i>An Universal History</i> ","7"," London: Batley, Symon, Osborne and Crokatt"," 1736-50",""
"140","Schlegel"," "," Friedrich"," von","<i> Philosophie der Geschichte</i>","2"," Vienna: Schaumberg","1829",""
"141","Scott"," Sir"," Walter"," "," <i>The Lay of the Last Minstrel: A Poem</i>","0"," London and Edinburgh: Longman"," 1805",""
"142","Scott"," Sir"," Walter"," "," <i>Count Robert of Paris</i>","0"," Edinburgh: Cadell"," 1829",""
"143","Scott"," Sir"," Walter"," "," <i>Guy</i> <i>Mannering, or, The Astrologer</i>","3"," Edinburgh: Constable and London: Longman"," 1815",""
"144","Sévigné"," "," Marie"," Marquise de"," <i>Lettres de Marie Rabutin-Chantal, marquise de Sévigné, à madame la comtesse de Grignan sa fille</i> ","0"," Paris"," 1726",""
"145","Sewell"," "," Elizabeth Missing"," "," <i>Amy Herbert</i>","2"," London: Longman"," 1844","See also [[person:1301]Elizabeth Sewell]."
"146","Sewell"," "," Elizabeth Missing"," "," <i>Cleve Hall</i>","2"," London: Longman"," 1855","See also [[person:1301]Elizabeth Sewell]."
"147","Sewell"," ","Elizabeth Missing"," "," <i>Gertrude </i>By the Author of <i>Amy Herbert</i>","2"," London: Longman"," 1845","See also [[person:1301]Elizabeth Sewell]."
"148","Smedley"," "," Menella Bute"," "," <i>The Story of a Family</i>","0"," London: Hoby"," 1851"," The story was published under the initials ‘S.M.’."
"149","Smith"," "," Charles Piazzi"," "," <i>Tenerife, An Astronomer's Experiment, or, Specialities of a Residence Above the Clouds</i>","0"," London: Reeve"," 1858",""
"150","Smith"," Sir"," James Edward"," "," <i>English Botany</i>","8"," London: Davis","  1790-1814",""
"151","Southey"," "," Robert"," ","  <i>Thalaba the Destroyer: A Metrical Romance</i>","0"," London and Bristol: Longman and Rees"," 1801","See also [[person:1722]Robert Southey]."
"152","Southey"," "," Robert"," "," <i>The Pilgrim's Progress with a Life of John Bunyan</i>","0"," London: Murray"," 1830",""
"153","Southey"," "," Robert"," ","<i>The Life and Correspondence of Robert Southey </i>ed. Cuthbert Southey","6"," London: Longman"," 1849-50",""
"154","Souvestre"," "," Émile"," "," <i>Un philosophe sous les toits: journal d’un homme heureux</i>","0"," Paris: Lévy"," 1851",""
"155","Spenser"," "," Edmund"," "," <i>The Faerie Queene</i>","2"," London: Ponsonbie"," 1590"," "
"156","Stanley"," "," Joan C."," ","  'Kissling, Margaret 1808-1891'","0"," <i>Dictionary of New Zealand Biography</i> online at www.dnzb.govt.nz"," 1990",""
"157","Strickland"," ","Agnes"," ","<i>Lives of the Queens of England</i>","12"," London: Colburn"," 1841-8",""
"158","Sturrock"," "," June"," "," ‘Establishing Identity: Editorial Correspondence from the Early Years of <i>The Monthly Packet</i>’","0"," <i>Victorian Periodicals Review </i>39.3  266-279"," 2006",""
"159","Sullivan"," "," Arabella"," "," <i>Tales of the Peerage and the Peasantry</i>","3"," London: Bentley"," 1835",""
"160","Taylor"," "," Ann"," and Jane Taylor"," <i>Original Poems for Infant Minds by Several Young Persons</i>","1"," London: Harvey and Darton"," 1804",""
"161","Taylor"," "," Ann"," and Jane Taylor"," <i>Rhymes for the Nursery</i>","0"," London: Harvey and Darton"," 1806",""
"162","Taylor"," "," Emily"," ","<i> Chronicles of an Old English Oak, or, Sketches of English Life and History</i>","0"," London: Groombridge"," 1860",""
"163","Taylor"," "," Emily"," "," <i>The Boy and the Birds</i>","0"," London: Harvey and Darton"," 1840",""
"164","Taylor"," Sir"," Henry"," "," <i>Philip van Artevelde: A Dramatic Romance, in two parts</i>","0"," London: Moxon"," 1834",""
"165","Taylor"," The Rt. Rev."," Jeremy"," "," <i>The Rules and Exercises of Holy Dying</i>","0"," London: Royston"," 1651",""
"166","Taylor"," The Rt. Rev."," Jeremy"," "," <i>The Rules and Exercises of Holy Living</i>","0"," London: Royston"," 1650",""
"167","Tennyson"," "," Frederick"," "," <i>Days and Hours</i>","0"," London:  Parker"," 1854",""
"168","Thierry"," Augustin "," "," "," <i>Récits des temps mérovingiens: précédés de considerations sur l'histoire de France</i> ","2"," Paris: Just Tessier"," 1840",""
"169","Trollope"," "," Anthony"," "," <i>Barchester Towers</i>","3"," London: Longman"," 1857",""
"170","Trollope"," "," Anthony"," "," <i>The Warden</i>","0"," London: Longman"," 1855",""
"171","Tupper"," "," Martin"," "," <i>Proverbial Philosophy: A Book of Thoughts and Arguments, originally treated</i>","0"," London: Rickerby "," 1838","See also [[person:1801]Martin Tupper]"
"172","Turner"," "," Sharon"," ","<i>The History of England from the Norman Conquest to </i>. . [the reign of] <i>Henry VII</i>","3"," London: Longman"," 1814-23",""
"173","Tytler"," "," Sarah"," pseud. of Henrietta Keddie"," <i>The Nut-Brown Maids, or, The First Hosier and his Hosen: A Family Chronicle of the Days of Queen Elizabeth</i>","0"," London: Parker"," 1859"," "
"174","Vickers"," "," John A."," ","<i>The Religious Census of Hampshire 1851</i>","0"," Hampshire Record Series 12."," 1993",""
"175","Warburton"," "," Eliot"," "," <i>Memoirs of Prince Rupert and the Cavaliers, including their Private Correspondence, Now First Published from the Original Manuscripts</i>","3"," London, Bentley"," 1849",""
"176","Warburton"," "," Eliot"," "," <i>The Crescent and the Cross, or, Romance and Realities of Eastern Travel</i>","2","London: Colburn"," 1845",""
"177","Warburton"," The Rev."," T. A."," "," <i>Rollo and his Race, or, Footsteps of the Norman</i>","2"," London: Bentley"," 1848",""
"178","Whewell"," "," William"," "," <i>Dialogue on the Plurality of Worlds, being a Supplement to the Essay on that subject</i>","0"," London: Parker"," 1854",""
"179","Whewell"," "," William"," "," <i>Of the Plurality of Worlds: An Essay</i>","0"," London: Parker"," 1853",""
"180","Wilbraham"," "," Frances Maria"," "," <i>The Cheshire Pilgrims, or, Sketches of Crusading Life in the Thirteenth Century</i>","0"," London: Morgan"," 1862",""
"181","Williams"," The Rev."," Isaac"," (and others)"," <i>Plain Sermons by Contributors to the ‘Tracts for the Times’</i>","10","London: Rivington"," 1839-48",""
"182","Williams"," The Rev."," Isaac"," "," ‘Reserve in Communicating Religious Knowledge’ <i>Tracts for the Times </i>No 80","0"," "," 1838",""
"183","Williams"," The Rev."," Isaac"," "," <i>The Baptistery, or, The Way of Eternal Life</i>","2"," Oxford: Parker and London: Rivington"," 1842-4",""
"184","Williams"," The Rev."," Isaac"," "," <i>Thoughts in Past Years</i>","0"," Oxford: Parker and London: Rivington"," 1838",""
"185","Withering"," "," William "," "," <i>A Systematic Arrangement of British Plants, </i>corrected and condensed by William MacGillivray","0"," London: Dove"," 1830",""
"186","Yonge"," "," Frances Mary","  (editor)"," <i>The Child’s Christian Year: Hymns for every Sunday and Holyday, compiled for the Use of Parochial Schools</i>","0","Oxford: Parker"," 1841"," An anthology, with a preface by Keble signed J. K.."
"187","Young"," The Rev."," Peter"," "," <i>Recollections of the Rev. Peter Young, M.A., late Rector of North Witham, Lincolnshire and Canon of Lincoln</i>","0"," Grimsby: Albert Gait"," 1903"," "
"188","Coleridge","Sir","John Duke","1st Lord Coleridge","\'Miss Yonge\'s Novels\'","1","Christian Remembrancer 26, 33-63","1853","This article caused offence to CMY\'s family despite its approving tone."
"189","Fell-Smith","","Charlotte","","\'Philip, Robert Kemp (1819-1882) rev. Stephen Roberts","1","Oxford Dictionary of National Biography, Oxford University Press","2004",""
"190","Courtney","","Julia","","\'The Barnacle: A Manuscript Magazine of the 1860s\' ","1","in The Girl\'s Own: Cultural Histories of the Anglo-American Girl 1830-1915 ed. Claudia Nelson and Lynne Vallone.  Arkansas and London: University of Georgia Press","1994",""
"191","Bebbington","","D. W.","","\'Miall, Edward (1809-1881)","1","Oxford Dictionary of National Biography,  University Press","2004",""
"192","Scott","Sir","Walter","Bt.","<i>Old Mortality</i>","1","in <i>Tales of My Landlord</i> Edinburgh: Blackwood 1816","1816",""
"193","Marryat","Captain","Frederick","","<i>Peter Simple</i>","3","London: Saunders and Otley","1834",""
"194","Lever","","Charles","","<i>The Confessions of Harry Lorrequer</i>","1","Dublin: Curry","1839",""
"195","Scott","Sir","Walter","Bt.","<i>Waverley, or, \'Tis Sixty Years Since</i>","3","Edinburgh: Constable ","1814",""
"196","Dickens","","Charles","","<i>The Posthumous Papers of the Pickwick Club</i>","1","London: Chapman and Hall","1837",""
"197","Carroll","","Lewis","","<i>Alice\'s Adventures in Wonderland</i>","1","London: Macmillan","1866",""
"198","Gerard","","Emily","","<i>Reata: What\'s in a Name?</i>","1","Edinburgh: Blackwood","1880",""
"199","Finnemore","","Emily Pearson","","<i>The Postwoman</i>","1","London: SPCK","1898",""
"200","Finnemore","","Emily Pearson","","<i>Uncle Isaac\'s Money</i>","1","London: SPCK","1898",""
"201","Campbell","","John Francis","","<i>Popular Tales of the West Highlands</i>","4","Edinburgh: Edmonston and Douglas","1860-1862",""
"202","Allen","","Phoebe","","<i>May-Duke Blossoms: A story for Mothers\' Meetings</i>","1","London: SPCK","1898",""
"203","Goldsmith","","Oliver","","<i>The Roman History from the Foundation of the city of Rome to the Destruction of the western Empire</i>","2","London: Baker, Leigh, Davies and Davis","1769",""
"204","Royal Commission on the Law of Marriage (1847-8)","","","","Report","1","London: Benning","1849",""
"205","Coleridge","","Christabel","","<i>Waynflete</i>","2","London: Innes","1893",""
"206","Coleridge","","Christabel","","<i>The Main Chance</i>","1","London: Hurst and Blackett","1899",""
"207","Coleridge","","Christabel","","<i>The Tender Mercies of the Good</i>","1","London: Isbister","1895",""
"208","Butler","","Mary",""," ‘An Interpretation of Hans Christian Andersen’s Story of the “Snow Queen”’","1","<i>Mothers in Council</i> 9 (April 1899) 109-113.","(April 1899)","See also [[person:239]Mary Caroline Butler]."
"209","Siborne","Major-Gen.","H.T.","R.E.","<i>Waterloo letters. A selection from original and hitherto unpublished letters bearing on the operations of the 16th, 17th, and 18th June 1815, by officers who served in the campaign</i> ","1","London: Cassell","1891",""
"210","Gomm","Field Marshal Sir","William","","<i>Letters and journals of Field-Marshal Sir William Maynard Gomm from 1799 to Waterloo, 1815</i> ","1","London: Murray","1881",""
"211","Baring-Gould","The Rev.","Sabine","","<i>The Two John Brents</i> ","1","London: SPCK","1893",""
"212","Keightley","","Thomas","","<i>The Crusaders, or, Scenes, Events and Characters from the Times of the Crusades</i> ","1","London: Parker","1834",""
"213","Fletcher","The Rev.","John William","","<i>Wesley’s Designated Successor: The Life, Letters and Literary Labours of the Rev. John William Fletcher, Vicar of Madeley</i>","1","London: Hodder","1882",""
"214","Alison","Sir","Archibald","1st Bt.","<i>History of Europe during the French Revolution. (History of Europe from the commencement of the French Revolution ... to the Restoration of the Bourbons.)</i>","10","Edinburgh: Blackwood and London: Cadell","1833-1842","	"
"215","Besant","Sir","Walter","","<i>The Pen and the Book</i>","1","London: Burleigh","1899",""
"216","Thorne-Murphy","","Leslee","","\'The Charity Bazaar and Women\'s Professionalization in Charlotte Mary Yonge\'s <i>The Daisy Chain</i>\' ","1","i>Studies in English Literature 1500-1900</i> 47, 881-9","2007",""
"217","Harris","","William Cornwallis","","<i>The Highlands of Aethiopia</i>","3","London: Longman","1844",""
"218","Trimmer","","Sarah","","<i>The Guardian of Education: A Periodical Work</i>","5","London: Hatchard","1802-6",""
"219","Froissart","","Jean","","<i>Chroniques de France, d’Angleterre et des pais voisins </i>","1","","<i>c.</i>1400","It is not known which edition CMY used."
"220","Southey","","Robert","","<i>The Curse of Kehama</i>","1","London: Longman, Hurst, Rees, Orme and Brown","1810",""
"222","Southey","","Robert","","<i>Roderick, the Last of the Goths</i>","1","London: Longman, Hurst, Rees, Orme and Brown","1814",""
"223","Keble","The rev.","John","","<i>Keble’s Lectures on Poetry 1832-1841]</i> tr. E. K. Francis","2","Oxford: Clarendon Press","1912",""
"224"," Bunyan","","John","","<i>The Pilgrim\'s Progress from this World to that which is to come</i>","1","London: Ponder","1678",""
"225","Roberts","","Elizabeth P.","","A Garland for the Year","1","<i>MP</i> 3-4 ","(January-December 1852)","This series of papers on flowers associated with particular religious seasons and saints does not seem to have been published separately."
"226","Coleridge","Sir","John Taylor","","<i>A Memoir of the Rev. John Keble M.A., late Vicar of Hursley</i>","1","London: Parker","1869",""
"227","D\'Israeli","","Isaac","","<i>Commentaries on the Life and Reign of Charles the First, King of England</i>","5","London: Colburn ","1828-31","CMY may have read the 1851 edition."
"228","Cooper","","Susan Fenimore","","<i>Rural Hours</i>","2","London","1850",""
"230","Williams","The Rev.","Isaac","","<i>Thoughts on the study of the holy gospels intended as an introduction to a harmony and commentary</i>","1","London: Rivington","1842",""
"232","Keble","The Rev.","John","","<i>Lyra Innocentium: Thoughts in verse on Christian children, their ways and their privileges</i>","1","Oxford: Parker","1846",""
"233","Edgeworth","","Maria","","<i>The Parent\'s Assistant, or, Stories for Children</i>","2","London: Johnson","1796",""
"234","Roberts","","Elizabeth P.","","\'The Lesser Holydays\'","1","<i>MP</i> (February-December 1853)","",""
"235","Malory","Sir","Thomas","","<i>Le Morte Darthur</i>","1","London: Caxton","1498",""
"236","Burke","","Edmund","","<i>Reflections on the Revolution in France</i>","1","London: Dodsley","1790",""
"237","","","","","<i> The Ceremonies for the Healing of them that be Diseased with the King’s Evil used in the time of King Henry VII</i>","1","London: Hills","1686",""
"238","Austen","","Jane","","<i>Sense and Sensibility</i>","3","London: Roworth","1811",""
"239","S.","","H.","","<i>The history of the Davenport family, in which is displayed a striking contrast between haughty indolence and healthful activity  . . .</i>","1","London: Newbery","1798",""
"240","Mozley","","Harriett","","<i>The Fairy Bower, or, The History of a Month: A Tale for Young People</i>","1","London: Burns and Derby: Mozley","1841",""
"241","Romanes","","Ethel","","<i>Charlotte Mary Yonge: An Appreciation</i>","1","London: Mowbray","1908",""
"242","Butler","","Anna","","<i>Aunt Louisa’s Travels</i>","1","<i>MP</i> (July 1852- June 1854).  ","","This is a series in which Aunt Louisa describes her journey to Switzerland to her nephew Arthur and her nieces Caroline and Grace. (Butler\'s brother the Rev. William Butler had a son Arthur and a daughter Grace, and a sister-in-law, Louisa Barnett.)"
"243","Grimm","","Jacob","","<i>Kinder und Haus-Marchen</i>","3","Berlin: Reimer","1819-22",""
"244","Roberts","","Elizabeth P.","<i>et al.</i>","\'Cathedral Sketches\'","1","<i>MP</i> (January 1855-February 1861)","","\'Cathedral Sketches\' was a series of 15 articles on English cathedrals which ran in <i>MP</i> between January 1855 and February 1861.  \'E.P. R.\' (<i.>i.e.</i> Elizabeth P. Roberts), CMY herself, and \'A. M. G.\'(<i>i.e.</i> A. M. Goodrich) were among the contributors."
"245","Roberts","","Elizabeth P.","","\'A Ramble through the Heather\'","1","<i>MP</i> (September 1856) 231-7.","",""
"246","Dante Alighieri","","","","<i>La Divina Commedia</i>","1","","(wr.<i>c.</i>1320, pub. 1472)",""
"247","Scott","Sir","Walter","Bt.","<i>Marmion: A Tale of Flodden Field</i>","1","Edinburgh: Constable","1808",""
"248","Butler","","Anna","","<i>Likes and Dislikes, or, Some Passages in the Life of Emily Marsden</i>","1","London: John W. Parker","1858","This novel was originally serialized in the <i>MP</i> (July 1855-November 1856)."
"249","Bayly","","Thomas","(editor)","<i>Certamen Religiosum: or, a Conference between His late Majestie Charles King of England, and Henry late Marquess and Earl of Worcester, concerning religion</i>","1","London: Hils","1649","

 

"
"250","Macaulay","","Thomas Babington","","<i>The History of England from the Accession of James II</i>","5","London: Longman","1849-1861"," 
"
"251","","","","","‘The Colysæum’ ","1","<i>MP</i> 11 (March 1856) 161-179.","1856",""
"253","Carter Smith","","Ann Maria","","\'Thorns and Roses in a Homely Life\'","1","<i>MP</i> 12 (December 1856), 414-64.","1856","Reprinted in <i>Lucy and Christian Wainwright and other stories</i> (1863) with that story, ‘Bygone Days’, ‘A Household Record’, ‘The Two Beauties’, ‘Will No One do Likewise?’ and ‘The Lost are Found’."
"254","Lefroy","","Fanny Caroline","","<i>Long, Long Ago: An Autobiography</i>. By Mary Lisle","1","London: Mozley","1856","This novel was originally serialized in <i>MP</i> (January 1855-August 1856)."
"255","","","","","\'Rough Notes of a Ride in Roumelia\'","1","<i>MP</i> (July 1855-December 1856)","1855-1856",""
"256","Taylor","","Emily","","\'School Sketches\'","1","<i>MP</i> (July 1855-September 1856)","1855-1856","This was a series of fictionalized articles on schoolteaching, the first two and the fifth cast as a conversation between a father and his children."
"257","Carter Smith","","Ann Maria","","\'Our Cousins at Wishop Rectory\'","1","<i>MP</i> (March-August 1858)","1858",""
"258","Atkinson","","Frances Hester","","\'Traditions of Norway\'","1","<i>MP</i> (July 1855-February 1857)","1855-1857",""
"259","Carter Smith","","Ann Maria","","‘A Household Record’","1"," <i>MP</i> 13 (June 1857) 561-624. ","1857","Reprinted in <i>Lucy and Christian Wainwright and other stories</i> (1863) with that story, ‘Some Thorns and Roses from a Homely Life’, ‘Bygone Days’, ‘The Two Beauties’, ‘Will No One do Likewise?’ and ‘The Lost are Found’."
"260","","","","","\'Adelaide and her Godson\'","1","<i>MP</i> (February -June 1857)","1857","Whoever the author of this tale was, he or she was evidently unknown to CMY and her associates, because the editor of <i>MP</i> advertised for his or her address in the February 1857 issue which carried the first instalment."
"261","Austen","","Jane","","<i>Jane Austen\'s Letters</i> edited by Deirdre Le Faye","1","Oxford: OUP","1997",""
"262","Carter Smith","","Ann Maria","","‘A Glimpse into a Royal Home Seventy Years Ago’ ","1","<i>MP</i> 14 (November 1857) 470-96.","1857",""
"263","","","","","\'The Little Patient\'","1","<i>MP</i> (October 1858) 441-5","1858",""
"264","Hughes","","Thomas","","<i>The Scouring of the White Horse, or, The Long Vacation Ramble of a London Clerk</i>","1","Cambridge: Macmillan","1859",""
"265","Carter Smith","","Ann Maria",""," ‘Will no one do likewise?:  A Tale of East London Life’ ","1","<i>MP</i>  (January-September 1859).","1859","Reprinted in <i>Lucy and Christian Wainwright and Other Tales</i> (London 1863). By the Author of <i>Aggesden Vicarage, The Wynnes</i> and <i>Mildred’s Last</i> Night’. "
"266","Brontë","","Charlotte","","<i>Jane Eyre: An Autobiography</i>","3","London: Smith, Elder","1847",""
"267","Carter Smith","","Ann Maria","","<i>The Wynnes, or, Many Men, Many Minds: A Tale of Every-Day Life</i>","1","London: Masters","1861","Originally published as a serial in the <i>Churchman\'s Companion</i>."
"268","Carter Smith","","Ann Maria","","<i>Aggesden Vicarage, or, Bridget Storey\'s First Charge: A Tale for the Young</i>","2","London: Parker","1859",""
"269","Carter Smith","","Ann Maria","","‘The Two Beauties of the Camberwell Assemblies, 1778’","1","<i>Once A Week</i>   (20 October 1860) 459- 463.","1860","Initially CMY accepted the story for the <i>MP</i>, but she then returned it. 
"
"270","Roberts","","Margaret Eliza","","<i>Mademoiselle Mori: A Tale of Modern Rome</i>","2","London: Parker","1860",""
"271","Simonde de Sismondi","","J.C.L.","","<i>Histoire des Francais</i>","31","Paris: Treuttel","1821-1833",""
"272","Johnson","","Samuel","","<i>A Dictionary of the English Language</i>","2","London: Bentley","1755",""
"273","Écherolles","","Alexandrine des","","<i>Quelques</i> années <i>de ma vie</i> ","1","Moulins","1843",""
"274","","","","","‘The Whole Duty of Young Women’ ","1","<i>Saturday Review</i> (24 December 1859) 768-9","1859","A review of  <i>Aggesden Vicarage</i>: ‘in point of literary ability, this seems to us the best of all the imitations of Miss Yonge’."
"275","Carter Smith","","Ann Maria","","<i>On the Banks of the Thorne</i>.","1"," <i>MP</i> (May 1861 to December 1863) ","1863"," "
"276","Carter Smith","Ann Maria","","","‘The Lost are Found’ ","1","<i>MP</i> (May 1860) 496-517","1860","In this story a young navel cadet joins the ill-fated Franklin expedition to the Arctic, taking a slipper worked by his sister as a memento of home. Fourteen yers later the position of the slipper among the relics found by M’Clintock tell his mother and sister that he died before his suffering could be prolonged.  The story was reprinted in <i>Lucy and Christian Wainwright and Other Stories</i>."
"277","M’Clintock","Sir","Francis","","<i>The Voyage of the ‘Fox’ in the Arctic: A Narrative of the Discovery of the Fate of Sir John Franklin and his Companions</i>","1","London: Murray","1859",""
"278","Ingelow","","Jean","and Frances Mary Levett","<i>One Story by two authors, or,  A Tale without a Moral</i>","1","London: Masters","1862"," Originally serialised in the <i>Monthly Packet</i> (February 1860 to June 1861)"
"279","Butler","","Anna","","<i>Chilcote Park, or, The Sisters</i> By the author of <i>Likes and Dislikes</i> ","1","London: Parker","1860","
"
"280","Tennent","Sir","James Emerson",""," <i>Ceylon: An Account of the Island</i>","2","London: Longman","1859",""
"281","Sturges Bourne","","Anne","","\'Hints on Reading\'","1","<i>MP</i> (July 1860) 104-111","1860","A review of Florence Nightingale, <i>Notes on Nursing</i>."
"282","Sturges Bourne","","Anne","","\'Hints on Reading\'","1","<i>MP</i> (September 1860) 329-333.","1860","This continues the discussion on health issues for young women begun in Sturges Bourne\'s article with the same title in the July issue."
"283","Farrer","","Henrietta Louisa","(afterwards Lear)","<i>A Common-place Story</i>","1","London: Cleaver","1853",""
"284","Goodrich","Miss","A. M.","","<i>The Cross-Bearer</i>","1","London: SPCK","1859"," "
"285","Goodrich","Miss","A. M.","","<i>Faith Ashwin’s Life, and It Was a Good One: A Narrative</i>","1","London: SPCK","1859",""
"286","Froude","","James Anthony","","<i>History of England from the fall of Wolsey to the defeat of the Spanish Armada</i>","12","London: Longman","1856-1877","
"
"287","Ross","","Charles","(editor)","<i>Correspondence of Charles, first Marquis Cornwallis</i>","3","London: Murray","1859"," 
"
"288","Grant","","Anne","","<i>Memoirs of an American Lady, with Sketches of Manners and Scenery in America, as they Existed Previous to the Revolution</i> ","2","London: Longman","1808"," A life of Catalina Schuyler.
"
"289","Wilford","","Florence","","<i>Play and Earnest: A Tale</i>","1","London: Masters","(1860)",""
"290","Pennington","","Montagu","(editor)","<i>A Series of Letters between Mrs. Elizabeth Carter and Miss Catherine Talbot From the Year 1741 to 1770</i> ","2","London: Rivington","1808",""
"291","Pennington","","Montagu","(editor)","<i>Letters from Mrs. Elizabeth Carter, to Mrs. Montagu, between the years 1755 and 1800</i>","3","London: Rivington","1817",""
"292","Lush","The Rev.","Vicesimus","","<i>The Auckland Journals, 1850-63</i> ","1","Christchurch, NZ: Pegasus Press","1971",""
"293","Lush","The Rev.","Vicesimus","","<i>The Thames Journals 1868-82</i>","1","Christchurch, NZ: Pegasus Press","1975",""
"294","Gladstone","","William Ewart","","<i>Studies on Homer and the Homeric age</i>","3","Oxford:OUP","1858","
"
"295","Laing","","Samuel","","<i>The Heimskringla, or, Chronicle of the Kings of Norway, translated from the Icelandic of Snorro Sturleson</i> ","3","London: Longman","1844",""
"296","Sewell","","Elizabeth Missing","","<i>Passing Thoughts on Religion</i>. By the author of “Amy Herbert” ","1","London: Longman","1860","See also [[person:1301]Elizabeth Sewell]."
"297","Lucy F. March Phillipps","","","","<i>My Life and What Shall I Do with It?: A Question for Young Gentlewomen</i> By an Old Maid. ","1","London: Longman","1860","



"
"298","Delany","","Mary","","<i>The Autobiography and Correspondence of Mary Granville, Mrs. Delany, with interesting reminiscences of King George the Third and Queen Charlotte</i> Edited by Lady Llanover.","6","London: Bentley","1861-2","
"
"299","Simpson","","Mary Emily","","<i>Ploughing and Sowing; or, Annals of an Evening School in a Yorkshire village, and the work that grew out of it</i>","1","London and Derby: Mozley","1861",""
"300","Romanoff","","Harriet Catherine","","\'Bright Easter Morning!\'","1","<i>MP</i> (March 1861) 365-","",""
"301","Goodrich","","A. M.","","\'Sandwell\'","1","<i>MP</i> (March 1859) 330-334","1859",""
"302","Laurie","Mrs","","","\'Life among the Factories\'","1","<i>MP</i> (November 1859-February 1862</i>","1859-1862","Five articles under this title appeared in <i>MP</i> between November 1859 and February 1862, probably not all by the same person, since one is unsigned, two are signed \'H.\' and two \'K.L.\'.  CMY refers, however, to \'Mrs Laurie, the lady of Life in the Factories\', to whom the last two at least can presumably be safely attributed."
"303","Lindsay","","Alexander Crawford, Lord","Earl of Crawford","<i><i>Lives of the Lindsays, or, A memoir of the houses of Crawford and Balcarres</i>","3","London: Murray","1849",""
"304","Warren","","Susanna","","\'The Worms of the North\'","1","<i>MP</i> (October 1861) 361-377.","1861","This unsigned article is attributed to Warren on the assumption that it is referred to as \'your Dragons\'."
"305","Scott","Sir","Walter","Bt.","<i>Minstrelsy of the Scottish Border: consisting of historical and romantic ballads, collected in the southern counties of Scotland; with a few of modern date</i>","3","Kelso: Ballantyne","1802-1803",""
"306","Maxwell","","Christabel","","<i>Mrs. Gatty and Mrs. Ewing</i>","1","London: Constable","1949",""
"307","Tooke","","William","","<i>History of Russia</i>","2","London: Strahan","1800",""
"308","Macpherson","","James ","","<i>The Poems of Ossian, translated by James Macpherson, Esq</i> Authenticated, illustrated and explained by Hugh Campbell","2","London: ","1822",""
"309","","","","","<i>Transactions of the Ossianic Society</i> ","1","London: The Ossianic Society","1853 etc.",""
"310","Kemble","","John Mitchell","(editor)","<i>The Anglo-Saxon poem of Beowulf : The travellers song and The battle of Finnes-burh</i>","2","London : W. Pickering","1833-1837",""
"311","Egilsson","","Sveinbjørn","(editor)","<i>Lexicon Poeticum Antiquae Linguae Septentrionalis</i>","1","Copenhagen: Qvist","1854-60","
"
"312","Connellan","","Owen","(trans.)"," <i>The Annals of Ireland translated from the original Irish of the Four Masters</i>","1","Dublin: Geraghty","1845","
"
"313","Bopp","","Franz","","<i>Vergleichende Grammatik des Sanskrit, Zend, Griechischen, Lateinischen, Gothischen und Deutschen</i> ","1","Berlin: Duemmler","1833","The English translation is dated 1850."
"314","Kemble","","John Mitchell","","<i>The Names, Surnames and Nicnames of the Anglosaxons</i>","1","London: Archaeological Institute ","1846",""
"315","Wilford","","Florence","","<i>A Maiden of Our Own Day</i>","1","London: Masters","1862",""
"316","Witt","","Henriette de","","\'A Godless Hospital. Fact\'","1","<i>MP</i> (Christmas 1887) 238-40","1887",""
"317","Carter Smith","","Ann Maria","","<i>The Daughters of the Fair Elms</i> By the Author of <i>The Wynnes</i>","1","<i>Churchman’s Companion</i>  (November 1861-)","1861"," "
"318","Harris","","Mary Josephine Yonge","","<i>Memoirs of Frances Mary Peard</i>","1","Torquay: W. H. Smith","1930","
"
"319","Reade","","Charles","","<i>The Cloister and the Hearth: A Tale of the Middle Ages</i>","4","London: Truebner","1861",""
"320","Wood","","Ellen","","<i>East Lynne</i>","3","London: Bentley","1861",""
"321","Robinson","","Frederick William","","<i>Grandmother\'s Money</i>","3","London: Hurst and Blackett","1860",""
"322","Freytag","","Gustav","","<i>Soll und Haben</i>","1","Leipzig","1855"," At least three English translations appeared in 1857."
"323","Trollope","","Anthony","","<i>Framley Parsonage</i>","3","London: Smith, Elder","1861",""
"324","Wolff","The Rev.","Joseph","","<i>Travels and adventures of the Rev. Joseph Wolff, D.D., LL.D., Vicar of Ile Brewers, near Taunton, and late missionary to the Jews and Muhammadans in Persia, Bokhara, Cashmeer, etc. </i>","2","London: Saunders and Otley","1860-1861","


 
"
"325","Carlyle","The Rev.","Alexander","","<i>Autobiography of the Rev. Dr. Alexander Carlyle, minister of Inveresk: containing memorials of the men and events of his time</i> ","1","Edinburgh: Blackwood","1860",""
"326","","","","","<i>Essays and Reviews</i>","1","London: Parker","1860",""
"327","Hutton","","Richard Holt","","\'Ethical and Dogmatic Fiction: Miss Yonge\'","1","<i>National Review</i> (January 1861) 211-30","1861",""
"328","Battiscombe","","Georgina","and Marghanita Laski (editors)","<i>A Chaplet for Charlotte Yonge</i> ","1","London: Cresset Press","1965",""
"329","Paul","","Margaret Agnes","","<i>Herbert’s Holidays: A Tale for Children</i>","1","London: Mozley","1860",""
"330","Ewing","","Juliana Horatia","","<i>Melchior\'s Dream and Other Tales</i>. by J.H.G.","1","London: Bell and Daldy","1862",""
"331","Carter Smith","","Ann Maria","","<i>Mildred’s Last Night, or, The Franklyns</i> By the Author of <i>Aggesden Vicarage</i> ","1","London: Bell and Daldy","1863",""
"332","Stewart","Mrs","","","\'Skell Islanders\'","1","<i>MP</i> (May 1861-December 1862)","","The author was probably Mrs Louisa Stewart."
"333","Valentine","","Laura","","<i>Baby Bianca, or, The Venetians</i>","1","London: Parker, Son and Bourn","1861","
"
"334","Paul","","Margaret Agnes","","<i>Martha Brown, The Heiress</i> ","1","London: Parker, Son and Bourn","1861",""
"335","Whyte-Melville","","G. J.","","<i>The Queen’s Maries: A Romance of Holyrood</i>","1","London: Parker, Son and Bourn","1862",""
"336","O\'Donovan","","John","(editor)","<i>Annals of the Kingdom of Ireland, By the Four Masters</i>","7","Dublin: Hodges, Smith ","1856",""
"337","Costard","","George","and Edmund Halley (editors)","<i>Menelai Sphæricorum libri III. Quos olim, collatis MSS. Hebræis & Arabicis, typis exprimendos curavit</i> ","1","Oxford:","1758",""
"338","Surius","","Laurentius","","<i>De probatis Sanctorum historiis</i>","6","Cologne: apud Gervinum Calenium","1570-1577",""
"339","Hooper","","Jane Margaret","","<i>Little Maggie and Her Brother: A Sketch for Children</i>","1","London: Bell and Daldy","1861","Jane Hooper had a daughter Margaret L. Hooper (b. Middlesex 1854/5), who became an artist and illustrator and a son, Winnard Hooper (1853-1935), city editor of The Times. CMY\'s letter to Hooper perhaps implies that they were the characters in the story. CMY recommended it in ‘Hints on Reading\' <i>MP</i> (March 1862) 335, despite having told Ann Carter Smith she didn\'t care for it."
"340","","","","","\'Christmas Eve\'","1","<i>MP</i> (december 1862) 636-660.","",""
"341","","","","","‘Bad times in Lancashire twenty years ago’","1","<i>MP</i> (March 1863) 279-302","",""
"342","Carter Smith","","Ann Maria","","\'March 7th, 1863\'","1","<i>MP</i> (April 1863) 412-8","1863","This account of the procession of the wedding of the Prince of Wales and Princess Alexandra is ascribed to Ann Carter Smith on the authority of CMY\'s letter of acknowledgment."
"343","","","","","\'All Astray (A Story of the Peace Illumination Night\'","1","<i>MP</i> (April 1863) 418-423","1863",""
"344","","","","","\'Extracts from an Eastern Journal\'","1","<i>MP</i> (January 1860-December 1863).","1863",""
"345","","","","","\'A Journal in Holland\'","1","<i>MP</i> (February 1860-February 1864)","1860-1864",""
"346","","","","","\'Our Flitting\'","1","<i>MP</i> (July 1864-April 1865)","1864-1865","Although this series of articles describes Germany and Switzerland as well as Italy, CMY referred to it as \'Italian letters\' in an answer to a correspondent <i>MP</i> (March 1865) 336, which is why it seems likely to be the \'Italian letters\' mentioned to Ann Carter Smith."
"347","Philological Society, The","","","","<i>Proposal for the publication of a new English dictionary</i>","1","London: Trübner","1859",""
"348","Raikes","","Charles","","\'The Englishman in India\'","1","<i>MP</i> (January 1863-December 1866)","",""
"349","Sewell","","Elizabeth Missing","","<i>Margaret Percival</i> By the author of <i>Amy Herbert etc.</i>  Edited by the Rev. William Sewell","2","London: Longman","1847","See also [[person:1301]Elizabeth Sewell]."
"350","C.","","P.","","<i>Memoir of the Right Hon. Sir John Patteson</i>","1","London: Emily Faithfull, the Victoria Press","1861 or 1862","This seems likely to be \'Mr Comyns memoir\' to which CMY refers."
"351","","","","","<i>The Three Christmas Trees</i>","1","London: SPCK","1864",""
"352","Hughes","","Thomas","","<i>Tom Brown\'s School Days</i> By an Old Boy","1","Cambridge: Macmillan","1857",""
"353","Gordon","","Mary Charlotte Julia","","\'Hvit the Fosterling\'","1","<i>MP</i> (February 1864) 179-212","1864",""
"354","Gatty","","Margaret","(translator)","<i>The History of a Bit of Bread: Being Letters to a child on the life of man and of animals</i>","2","London: Saunders and Otley","1864-1865","A translation of Jean Macé, <i>Histoire d’une bouchée de pain : lettres à une petite fille sur la vie de l’homme et des animaux</i> (1861). "
"355","Brandt","","Francis","","\'The cyclone at Masulipatam\'","1","<i>MP</i> (March 1865) 319-327","1865","The article is signed \'F. B.\'.  It was evidently sent to CMY by one of the sisters of Francis Brandt (1839/40-1925), the assistant collector on whose letters it is based.  His three sisters were Margaret Sophia Brandt (1831/2-1892), Emily Charlotte Brandt (1834/5-1926) and Margaret [sic] Adelaide Brandt (1845/6-1904).  No doubt the additional text was composed by one of them, but it is not possible to say which."
"356","Smiles","","Samuel","","<i>Self-Help: With Illustrations of Character and Conduct</i>","1","London: Murray","1859","
 
"
"357","Palmer","","Roundell","","<i>The Book of Praise from the Best English Hymn Writers</i> Selected and Arranged by Roundell Palmer","1","London: Macmillan","1862",""
"358","Kingsley","The Rev.","Charles","","<i>The Heroes, or, Greek Fairy Tales for my Children</i>","1","Cambridge: Macmillan","1856",""
"359","Gorst","","John Eldon","","<i>The Maori King, or, The Story of our Quarrel with the natives of New Zealand</i>","1","London: Macmillan","1864","
"
"360","Reade","","Charles","","<i>Hard Cash: A Matter-of-Fact Romance</i>","3","London: Sampson Low","1863",""
"361","Carter Smith","","Ann Maria","","<i>The Two Anastasias</i>","3","London: Bentley","1864",""
"362","Richardson","","Samuel","","<i>The History of Sir Charles Grandison, in a series of letters published from the originals</i> By the editor of <i>Pamela</i> and <i>Clarissa</i>","7","London: Richardson","1753-1754",""
"363","Townsend","","G. H. ","(editor)","<i>Men of the Time: A Dictionary of Contemporaries, containing Biographical Notices of Eminent Characters of both Sexes</i> 7th edition","1","London: Routledge","1868",""
"364","Twining","","Louisa",""," \'Help for Incurables\'","1"," <i>MP</i> (April 1864) 437-449","1864","See also [[person:1427]Louisa Twining]."
"365","Coleridge","","Christabel Rose","","\'The eagle of one house is the goose of another\'","1","<i>MP</i> (December 1864), 602-626","1864","The story appeared in <i>MP</i> under the initials \'C.D.\'.  It appeared in Coleridge\'s <i>The Face of Carlyon and Other Stories</i>, and is referred to in a  a letter thanking her and enclosing a cheque.  

A letter of uncertain date addressed to Elizabeth Charlotte Curteis, which refers to  \'your eagle and goose story\' cannot therefore refer to this story, and must relate to the Christmas number of 1872, which took the proverb as a theme."
"366"," Karamzin","","Nikolai Mikhailovich","","<i>History of the Russian Empire</i>","12","","1819-1826","CMY requested a French or a German translation, both of which existed by 1864."
"367"," Salverte","","]Eusèbe","","<i>History of the Names of Men, Nations, and Places in their Connection with the Progress of Civilisation</i> tr. L. H. Mordacque","2","London: J.R.Smith","1862-1864"," It was noticed in <i>MP</i> (November 1864)."
"368","Totleben","","Eduard Ivanovich von ","","<i>Défense de Sébastopol</i>","2","St. Petersburg","1863",""
"369","Irving","","Washington","","<i>Voyages and Discoveries of the Companions of Columbus</i>","1","London: Murray","1831",""
"370","Byron","","George Gordon, Lord","","<i>Childe Harold\'s Pilgrimage: A Romaunt</i>","3","London: Murray","1812-1818",""
"371","Hugo","","Victor","","<i>Les misérables</i>","10","Paris","1862",""
"372","Keary","","Anna Maria","and Eliza Keary","<i>Early Egyptian history for the young</i>","1","London: Macmillan","1861",""
"373","Rees","The Rev.","William Jenkins","","<i>Lives of the Cambro British saints of the Fifth and Immediate Succeeding Centuries</i> ","1","London: Longman","1853",""
"374","","","","","<i>The Mabinogion from the Llyfr Coch o Hergest, and other ancient Welsh manuscripts</i>, with an English translation and notes by Lady Charlotte Guest","1","London: Longman","1838",""
"375","Hersart de la Villemarqué",""," Theódore, Vicomte","","<i>Contes populaires des anciens Bretons</i>","1","Paris: Coquebert","1842",""
"376","Coxe","","William","","<i>History of the house of Austria: From the Foundation of the Monarchy by Rhodolph of Hapsburgh, to the Death of Leopold, the Second, 1218 to 1792</i>","1","London: Longman","1820",""
"377","Alexander","","Cecil Frances","(editor)","<i>The Sunday Book of Poetry</i>","1","London: Macmillan","1864",""
"378","Guérin","","Eugénie de","","<i>Lettres d’Eugénie de Guérin</i>","1","Paris: Didier","1865",""
"379","Carter Smith","","Ann Maria","","\'Georgie\'s Christmas Holidays\'","1","<i>MP</i> (November 1865) 492-526; (December 1865) 609-659.","",""
"380","Calvert","","James","","<i>Fiji and the Fijians</i>","1","London: Heylin","1858","This is Volume II, \'Mission History\' of a two part work of which the first was Thomas Williams, <i>Fiji: The Islands and Their Inhabitants</i>. "
"381","","","","","\'Home life in a Confederate state\'","1","<i>MP</i> (November 1864-December 1865)","1864-1865","By 1866 the writer was back in England, had found out that her letters had been published in the <i>MP</i> and consented to more information appearing as \'Extracts from the journal of a refugee in Georgia\' (August 1866-May 1867\')."
"382","","","","","\'Extracts from the journal of a refugee in Georgia\' ","1","<i>MP</i> "," (August 1866-May 1867)","This was by the author of the earlier \'Home-life in a Confederate State\'."
"383","Weinhold","","Karl","","<i>Altnordisches leben</i>","1","Berlin: Weidmannsche","1856",""
"384","Duncan","","Archibald","","<i>The Mariner’s Chronicle: Being a Collection of the Most Interesting Narratives of Shipwrecks, Fires, Famines, and Other Calamities Incident to a Life of Maritime Enterprise</i>","4","London: Cundee","1804-1805",""
"385"," Otté","","Elise Charlotte","","<i>Scandinavian History</i>","1","London: Macmillan","1874",""
"386","Maclear","","George Frederick","","<i>A History of Christian Missions During the Middle Ages</i>","1","Cambridge: Macmillan","1863"," "
"387","Maclear","","George Frederick","","<i>A Class Book of Old Testament History</i>","1","London: Macmillan","1865",""
"388","Wright","","Josiah","","<i>David, King of Israel: Readings for the Young</i>","1","London: Macmillan","1860",""
"389","Smith","","William","","<i>A Dictionary of the Bible</i> ","3","London: Murray","1860-1863",""
"390","Jordan","","Ellen","","‘“I am too high church and too narrow”; Charlotte Yonge, Macmillan and the Sunday Library.’ ","1","<i>Charlotte M Yonge Fellowship Journal</i>. 6 (2003): 12-25","2003",""
"391","Kingsley","The Rev.","Charles","","<i>The Water-Babies: A Fairy Tale for a Land-baby</i>","1","London: Macmillan","1863","
"
"392","Vaughan","","Catherine Maria","(editor)","<i>An Advanced Reading Book for Girls</i> ","1","London: SPCK","1866",""
"393","Laurent","","Henri","","<i>Le musée royal, ou, Recueil de gravures d\'aprés les plus beaux tableaux statues et bas-reliefs de la collection royale</i>","2","Paris: Didot","1816-1818","This was the continuation of <i>Le musée français</i>
(1803-1809).
 

"
"394","Croze Magnan","","S. C. ","","<i>Le musée français: Recueil complet des tableaux statues et bas-reliefs qui composent la collection nationale</i>","5","Paris: Hernan","1803-1809","Continued by <i>Le musée royale</i>."
"395","Livingstone","Dr","David","and Charles Livingstone"," <i>Narrative of an expedition to the Zambesi and its tributaries and of the discovery of the lakes Shirwa and Nyassa, 1858-1864</i>","1","London: Murray","1865",""
"396","Lang","","Cecil Y.","and Edgar F. Shannon, Jr. (editors)","<i>Letters of Alfred Lord Tennyson</i>","3","Oxford: Clarendon Press","1982-1990","


"
"397","Hegewisch","","Dietrich Hermann","","<i>Geschichte der Frankischen Monarchie von dem Tode Karls des Grossen bis zu dem Abgange der Karolinger</i>","1","Hamburg: Kiel","1779"," 
"
"398","Kingsley","The Rev.","Charles","","<i>The Saint\'s Tragedy, or, The true story of Elizabeth of Hungary, Landgravine of Thuringia, Saint of the Romish calendar</i>","1","London: Parker","1848","
"
"399","Blackmore","","Richard Doddridge","","<i>Cradock Nowell: A Tale of the New Forest </i>","3","London: Chapman and Hall","1866","It was originally serialized in <i>Macmillan\'s Magazine</i> (May 1865-August 1866).
"
"400","Kitto","","John","","<i>A cyclopaedia of Biblical literature</i>","2","Edinburgh: Black","1845","
"
"401","Kitto","","John","","<i>The Pictorial History of Palestine and the Holy Land, including a Complete History of the Jews</i>","1","London: Knight","1844","
"
"402","Stanley","The Rev.","Arthur Penrhyn","","<i>Sermons Preached before His Royal Highness the Prince of Wales during his tour in the East in the spring of 1862; with notices of some of the localities visited </i>","1","London: Murray","1863",""
"403","Porter","","J. L. ","","<i>Handbook for Travellers in Syria and Palestine, A</i>","1","London: Murray","1858",""
"404","Thomson","","William McClure","","<i>The Land and the Book, or, Biblical illustrations drawn from the manners and customs, the scenes and scenery of the Holy Land</i> ","2","London: Sampson Low","1859",""
"405","","","","","\'A Letter from Philadelphia\'","1","<i>MP</i> (June 1865) 671-683","1865","Dated April 1865, it describes the rejoicing in Philadelphia at the end of the American Civil War and the mourning after the assassination of Abraham Lincoln.

It may well be the work of CMY\'s correspondent in Philadelphia, Miss Lewis."
"406","Trevelyan","","George Otto","","<i>Cawnpore</i","1","London: Macmillan","1865","CMY reviewed this in both <i>Macmillan\'s Magazine</i> and the <i>Literary Churchman</i>, but did not mention it in <i>MP</i>, perhaps because she considered the subject unsuitable for the young."
"407","Wordsworth","","Elizabeth","","\'A Toutes les Gloires de la France\'","1","<i>MP</i> (July 1871) 23-28","1871","These verses are signed \'VERITAS\', but can be attributed to Elizabeth Wordsworth on the authority of CMY\'s letter accepting them.  This also suggests that the 16 other poems published in <i>MP</i> under this name between August 1871 and February 1883 are also by Wordsworth."
"408","Churton","","Edward","and William Basil Jones (editors)","<i>The New Testament</i> Illustrated by authentic views of places mentioned in the sacred text from sketches and photographs taken on the spot","2","London: Murray","1865","

"
"409","Stephen","Sir","James","","<i>Essays in Ecclesiastical Biography</i> ","2","London: Longman","1849",""
"410","Johns","The Rev.","Charles Alexander","","<i>Home Walks and Holiday Rambles</i> ","1","London: Longman","1863",""
"411","Milman","The Rev.","Henry Hart","","<i>History of Latin Christianity,  including that of the Popes to the pontificate of Nicolas V</i>","6","London: Murray","1854-1855","
"
"412","Gibbon","","Edward","","<i>The History of the Decline and Fall of the Roman Empire</i>","6","London: Strahan and Cadell","1776-1788","
"
"413","Tennyson","","Alfred","","\'The Victim\'","1","<i>Good Words</i> (1 January 1868)","1868","This was the poem based on the story of Odin\'s Sacrifice in <i>A Book of Golden Deeds</i>."
"414","Scott","Sir","Walter","Bt.","<i>Anne of Geierstein, or, The Maiden of the Mist</i>","3","Edinburgh: Cadell","1829",""
"415","Merivale","The Very Rev.","Charles","Dean of Ely","<i>The Conversion of the Roman Empire: Boyle Lectures for the year 1864 </i>","1","London: Longman","1864",""
"416","Neander","","Johann August Wilhelm","","<i>Light in the Dark Places, or, Memorials of Christian life in the Middle Ages</i> Translated from the German of the late Augustus Neander","1","London: Sampson Low","1850","This was a translation of Neander\'s <i>Denkwürdigkeiten aus der Geschichte des christlichen Lebens</i> (1823-4)
"
"417","Mackenzie","","Anne","(editor)","<i> Mission Life among the Zulu-Kafirs: Memorials of Henrietta Robertson, wife of the Rev. R. Robertson</i>","1","Cambridge: Deighton Bell and London: Bell and Daldy","1866","

 
"
"418","Craik","","Dinah Maria","","<i>John Halifax, Gentleman</i>","3","London: Hurst & Blackett","1856",""
"419","Pfintzing","","Melchior","","<i>Der Theuerdank</i>","1","","1517","CMY used this supposed autobiography of Maximilian I as a source for <i>The Dove in the Eagle\'s Nest</i>.  She appears to have consulted several different editions."
"420","","","","","<i>Der Weiss Kunig: eine Erzehlung von den Thaten Kaiser Maximilian des Ersten</i>","1","Vienna: Kurzboeckens","1775","Like <i>Der Theuerdank</i>, this was a fictionalized autobiography or biography of Maximilian I.  This one was published from fragments in 1775."
"421","Schedel","","Hartmann","","<i>Liber chronicarum</i>","1","Nuremberg: Koberger","1493","
"
"422","","","",""," ‘Fast Life and High Life’","1","<i>Saturday Review</i> 20 (19 August 1865) 231-3","1865","The article censures the glamorising of the libertine and the prostitute in recent fiction."
"423","Eyre","","Edward John","","<i>Journals of Expeditions of Discovery into Central Australia, and overland from Adelaide to King George’s Sound, in 1840-1</i>","2","London: Boone","1845",""
"424","Church","The Rev.","Richard William","","<i>Essays and Reviews</i>","1","London: Mozley","1854",""
"425","L.","","G. F.","","<i>The Story of David and Jonathan: A Sunday Book</i> By G. F. L., author of The Missing Sovereign, etc.","1","London: Hatchard","1865",""
"426","L.","","G. F.","","<i>The Missing Sovereign</i>","1","London: SPCK","1861","The same author also published <i>The story of David and Jonathan : a Sunday book</i> by G. F. L., author of The missing sovereign, etc., etc. (London: Hatchard 1865).   He or she was a friend of Susanna Warren."
"427","Pusey","The Rev.","Edward Bouverie","","<i>The Church of England a portion of Christ’s one holy Catholic Church, and a means of restoring visible unity : an eirenicon, in a letter to the author of \\""The Christian year</i>","1","Oxford: John Henry Parker","1865",""
"428","Warren","","Susanna","","<i>A Manual of the Te Deum, with Questions for Examination</i>","1","London: Mozley and Masters","1865",""
"429","H.","","W.","","\'The Grottoes of Adelsberg and the Proteus Anguinus\'","1","<i>MP</i> (May 1866) 459-70","1866","This article was evidently contributed by a friend of Susanna Warren\'s, and may be the work of her uncle William Henderson."
"430","","","","","<i>L\'Opere magnanime dei due Tristani cavallieri della tavola ritonda</i>","1","Venice: Tramezino","1555","
"
"431","Marryat","Captain","Frederick","","<i>The Children of the New Forest</i>","2","London: Hurst","1847",""
"432","Roberts","","Margaret Eliza","","<i>A Little Step-Daughter</i>","1","London: National Society","1887",""
"433","Dodge","","Mary Elizabeth (Mapes)","","<i>Hans Brinker, or, The Silver Skates: A Story of Life in Holland</i>","1","New York: James O\'Kane","1865",""
"434","Elder","","Horatia","","\'Sonnets from the Collects\'","1","<i>MP</i> (January 1865-June 1867)","","These sonnets were the work of Margaret Gatty\'s sister Horatia (Scott) Elder."
"435","Bramston","","Mary Eliza","","\'The Women\'s Rebellion: A Story of Modern Italy\'","1","<i>MP</i> (Christmas 1889) 1-22","",""
"436","Masson","","David","","\'Mrs.Gaskell\'","1","<i>Macmillan\'s Magazine</i> 13 (November 1865) 153-156","",""
"437","Coleridge","","Christabel Rose","","<i>The Face of Carlyon and Other Stories</i>","1","London: Mozley and Smith","1875","The title story was originally published in <i>MP</i> (November 1873-February 1874)."
"438","Arthur","","William","","<i>The Successful Merchant:Sketches of the Life of Mr Samuel Budgett Late of Kingswood Hill</i>","1","London: Hamilton Adams","1852",""
"439","","","","","<i>Correspondence between Frances, Countess of Hartford, (afterwards Duchess of Somerset,) and Henrietta Louisa, Countess of Pomfret, between the years 1738 and 1741</i>","3","London: Phillips","1805",""
"440","Palgrave","","Francis Turner","(editor)","<i>The Poetical Works of Sir Walter Scott, with a Biographical and Critical Memoir</i> ","1","London: Macmillan","1866","
"
"441","Keble","The Rev.","John ","","<i>Occasional Papers and Reviews</i> ","1","Oxford: Parker","1877",""
"442","Hemans","","Felicia Dorothea","","<i>The Works of Mrs Hemans with a Memoir of her Life</i>, ed.Harriet Hughes","7","Edinburgh: Blackwood and London: Cadell","1839",""
"443","Crabbe","The Rev.","George","","<i>The Poetical Works of the Rev. George Crabbe, with his Letters and Journals, and his Life</i> ed. his son","8","London: Murray","1834"," "
"444","Newman","The Rev.","John Henry","","<i>Apologia pro Vita Sua: Being a reply to a pamphlet entitled \'What, then, does Dr. Newman mean?\'</i>","1","London: Longman","1864","Published originally in parts.
"
"445","Keble","The Rev.","John","","Review of Lockhart\'s <i>Life of Scott</i>","1","<i>British Critic</i> (October 1838) 423-83","1838",""
"446","Mozley","","Harriett Elizabeth","","<i>Family Adventures</i>","1","London and Derby: Mozley","1852",""
"447","Smith","","Goldwin","","\'Dr. Pusey\'s <i>Eirenicon</i>\'","1","<i>Macmillan’s Magazine</i> 13 (February 1866) 273-284","1866",""
"448","Ewing","","Juliana Horatia","","\'The Brownies\'","1","<i>MP</i> (December 1865) 658-702","","It was reprinted Ewing\'s <i>The Brownies and Other Tales</i> (London: Bell and Daldy 1870). 

 When girls joined the Scouting movement in 1914 they were first of all called Rosebuds, but the name was disliked and in 1915 Lord Baden Powell named them instead after this story at the suggestion of his sister Agnes."
"449","Ashwell","The Rev.","Arthur Rawson","","\'Readings on the Four Gospels\'","1","<i>MP</i> (August 1860-October 1864)","","This series ran intermittently over this period.  Some articles, not all, are signed A. R. A., but the whole can confidently be ascribed to Ashwell on the authority of CMY\'s statement to Alexander Macmillan in 1866."
"450","Ashwell","Miss","","","\'The Winds\'","1","<i>MP</i> (July 1858-December 1860) ","1858-1860","A series of scientific articles which appeared intermittently.  CMY told Alexander Macmillan in 1866 that they were written by a sister of Arthur Rawson Ashwell\'s."
"451","Wilbraham","","Frances Maria","","<i>History of the Kingdom of Judah from the death of Solomon to the Babylonish Captivity</i>","1","London: Masters","1859",""
"452","Wilbraham","","Frances Maria","","<i>Royal Rosebuds, or Historical Sketches of Illustrious Children</i>","1","London: Mozley","1857","The book is anonymous, but is attributed to Wilbraham on the authority of CMY\'s statement to Alexander Macmillan in 1866."
"453","Stone","The Rev.","Samuel John","","\'The Knight of Intercession\'","1","<i>MP</i> (November 1865) 555-561","","A poem"
"454","Thierry","","Augustin","","<i>Histoire de la conquête de l’Angleterre par les Normands, de ses causes, et de ses suites jusqu’à nos jours</i>","3","Paris: Didot","1825",""
"455","","","","","<i>The Gospel according to Saint John, after the Authorized Version</i> Newly compared with the original Greek and revised by five Clergymen.","2","London: Parker","1857","George Moberly was one of the five clergymen."
"456","Newman","","John Henry","","<i>The Letters and Diaries of John Henry Newman</i>","32","Oxford: OUP","1961-2008",""
"457","Stanley","The Rev.","Arthur Penrhyn","","<i>Historical memorials of Canterbury : The landing of Augustine. The murder of Becket. Edward the Black Prince. Becket’s shrine</i>","1","London: Murray","1855",""
"458","Fabyan","","Robert","","<i>The new chronicles of England and France</i> Ed. Henry Ellis","2","London: Rivington","1811",""
"459","M.","","M.","","‘Written at Wiesbaden’ ","1","<i>MP</i> 29 (April 1865) 441","1865","A poem"
"460","M.","","M.","","‘A Lutheran First Communion: Extract from a Diary Kept During a Residence in Germany’ ","1","<i>MP</i> 30 (November 1865) 544.","1865",""
"461","M.","","M.","","‘The History of Lord Moorlane’ ","1","<i>MP</i> (September 1866) 306-9","1866","
"
"462","Gaskell","","Elizabeth Cleghorn","","<i>Wives and Daughters</i>","1","London: Smith, Elder","1866",""
"463","Craik","","Dinah Maria","","<i>A Noble Life</i>","2","London: Hurst and Blackett","1866",""
"464","Peard","","Frances Mary","","<i>The History of the Prayer Book</i> ","1","London: SPCK","1870",""
"465","Keary","","Annie","","Annie Keary, <i>Clemency Franklyn</i>","1","London: Macmillan","1866",""
"466","Dodgson","The Rev.","Charles Lutwidge","","<i>Lewis Carroll\'s Diaries: The private journals of Charles Lutwidge Dodgson (Lewis Carroll)</i> ed. Edward Wakeling","10","Luton: Lewis Carroll Society","1993-2007",""
"467","Keary","","Anna Maria","and Eliza Keary","\'Early Scandinavian History\' (By the authors of \'Early Egyptian History\')","1","<i>MP</i> (February 1865-September 1866)","",""
"468","Batty","","Johanna","<i>pseud.</i> Ivanovna","‘Convalescent institutions’","1","<i> MP</i> (November 1866) 509-515.","",""
"469","Norton","","Caroline","","<i>Old Sir Douglas</i> ","3","London: Hurst & Blackett","1868","Originally serialized in <i>Macmillan’s Magazine</i> from January to May 1866, and from September 1866 to October 1867.  "
"470","Verney","","Frances Parthenope, Lady","","\'Three centuries of family portraits\'","1","<i>Macmillan’s Magazine</i> 14 (September 1866) 340-356","1866",""
"471","Féval","","Paul","","<i>La fée des grèves</i> ","1","Brussels: Meline","1851","This seems to be the earliest edition of the novel, and not, as CMY assumed, the 1853 Paris edition of J. Dagneau."
"473","Yonge","","Frances Mary","(translator)","\'The Fairy of the Sands (translated from the French - Paul Feval)","1","<i>MP</i> (July 1867-June 1868)","","This appeared without FMY\'s name but CMY refers to her as the translator."
"474","Knight","","Charles","","<i>Half Hours of English History</i> ","1","London: Knight","1851",""
"475","Hallam","","Henry","","<i>View of the State of Europe during the Middle Ages</i>","3","London: Murray","1819",""
"476","Parkes","","Bessie Rayner","","<i>Vignettes: Twelve Biographical Sketches</i>","1","London: Strahan","1866",""
"477","Ruskin","","John","","<i>The Ethics of the Dust: Ten Lectures to Little Housewives on the Elements of Crystallization</i>","1","London: Routledge","1866",""
"478","","","","","\'Aunt Cecily\'s Music Lessons\'","1","<i>MP</i> (July 1866-July 1869)","1866-1869","CMY states that these were written by the music teacher at Winnington Hall School, who in 1871 was Elizabeth Flowel or Howel."
"479","Palgrave","Sir","Francis","","<i>The History of Normandy and of England</i>","4","London: Parker","1851-64",""
"480","Roscoe","","Thomas","","<i>Lives of the Kings of England, from the Norman Conquest</i> ","1","London: Colburn","1846",""
"481","Craik","","Dinah Maria","","<i>Two Marriages</i>","2","London: Hurst & Blackett","1867",""
"482","Freeman","","Edward Augustus","","<i>The history of the Norman conquest of England : its causes and its results</i>","6","Oxford: Clarendon Press","1867-1879",""
"483","Jacob","","Edith Sophia",""," <i>The Gate of Paradise: A Dream of Easter Eve</i>","1","London: Nister","1868","This appeared originally in<i>MP</i> (June 1867) 534-43. The first edition was anonymous, but subsequent editions attribute it to Edith Sophia Jacob, and the 1918 edition includes a memoir by her brother the Rt. Rev. Edgar Jacob."
"484","Newman","The Rev.","John Henry","","<i>The Dream of Gerontius</i>","1","London: Gay and Hancock","1865","First published in the same year in <i>The Month</i>."
"486","Craven","","Pauline","","<i>Récit d’une soeur: Souvenirs de famille</i> ","1","Paris: Didier","1866",""
"487","Elliott","","Emily Steele","","<i>Copsley Annals preserved in Proverbs</i>","1","London: Seeley, Jackson & Halliday","1867",""
"488","Ridley","The Rev.","William Henry","","<i>The Holy Communion</i>","1","London: Mozley","1854",""
"489","Scudamore","The Rev.","William Edward","","<i>Steps to the Altar: A Manual of Devotion for the Blessed Eucharist</i>","1","London: Burns","1846",""
"490","Trench","","Maria","","<i>Devotions before and after Holy Communion</i> With a preface signed J. K. [John Keble]","1","Oxford: Parker","1865","
"
"491","Brett","","Robert","","<i>The Churchman’s Guide to Faith and Piety</i>","1","London: Masters","1862","
"
"492","Acland Troyte","","Arthur Henry Dyke","","<i>Daily Steps towards Heaven, or, Practical Thoughts on the Gospel History for Every Day in the Year</i> ","1","London: Parker","1849","
<"
"493","Grubbe","","Alice","","<i>The Brook by the Way: A Text and Prayer for Every Day in the Year</i>","1","London: RTS","1867","This book was published anonymously.  However, on the authority of CMY\'s reference to it, it can be attributed to Alice Mackenzie (b. 1823), sixth and youngest sister of the Rt. Rev. Charles Frederick Mackenzie, who married (1861) the Reverend Charles Grubbe. "
"494","Wilson","The Rt. Rev.","Thomas","","<i>A Short and Plain Instruction for the better Understanding of the Lord\'s Supper, with the Necessary Preparation requir\'d for the benefit of young Communicants</i>","1","Dublin: Jones","1734? 1735?",""
"495","I.","","A.","","<i>Queen Emma: A Narrative of the Object of her Mission to England</i>","1","London: Day","1865",""
"496","Low","","Sampson","","<i>The Charities of London</i>","1","London: Sampson Low","1850","It acknowledges two earlier books by the same author on the same subject, but the title suggests this is the work CMY refers to."
"497","Carter Smith","","Ann Maria","","‘National Portrait Gallery: second series’","1","<i>MP</i> (August 1867) 150-167","1867","The articlet is signed \'A.C.D.\', Carter Smith’s usual signature."
"498","Davies","The Rev.","John Llewelyn","","Priesthood and its functions\'","1","<i>Macmillan\'s Magazine</i>16 (July, 1867) 203-212.","1867",""
"499","Alcock","","Caroline Louise","","\'The Ladies\' Home\'","1","<i>MP</i> (August 1867) 179-80.","1867","The authorship is attributed on the basis of CMY\'s note to Miss Alcock thanking her for the paper.  Alcock is named in it as the Hon. Secretary of the charity, with the same address as that to which CMY\'s note was addressed."
"500","Coleridge","","Christabel Rose","","<i>Giftie the Changeling</i>","1","London: Warne","1869","This story first appeared in the <i>Barnacle</i> and was subsequently published by Warne in 1869 under the initials C. C.; it is not identified as her work in the British Library catalogue. The last extant volume of the <i>Barnacle</i> (Michaelmas 1867) has the beginning of the story."
"501","Jones","","Dorothea",""," ‘Dreams of the Dead’","1","<i>MP</i> (July 1867) 96-102","1867","Signed D. J..  See also [[person:778]Dorothea Jones]."
"502","Mercier","","Anne","","<i>Campanella, or, The Teachings of Life</i>","1","London: Warne","1870","The story was originally serialized in <i>MP</i> (January-August 1869)."
"503","Donaldson","","James ","","<i>Critical History of Christian Literature and Doctrine from the Death of the Apostles to the Nicene COuncil</i>","3","London: Macmillan","1864-1866",""
"504","Hanmer","","Meredith","(translator)","<i>The Auncient Ecclesiasticall Histories of the First Six Hundred Yeares after Christ, written in the Greeke tongue by three learned historiographers, Eusebius, Socrates and Euagrius</i>","1","London: Vautroullier","1585","CMY probably owned one of the many later editions of this book."
"505","Donkin","Mrs","","","\'The Summer Vacation\'","1","<i>MP</i> (January 1868) 59-77; (February 1868) 145-164; (March 1868) 279-300.","","Fiction"
"506","Donkin","Mrs","","","\'The Naval Review\' By a Sailor\'s Daughter","1","<i>MP</i> (September 1867) 309-11","","Attributed to Mrs Donkin on the authority of CMY\'s letter to her."
"507","Peard","","Frances Mary","","<i>Two and Two</i>","1","circulated in MS the <i>Barnacle</i>","1867",""
"508","Schaff","The Rev.","Philipp","","<i>History of the Apostolic Church, with a General Introduction to Church History</i>","1","New York: Scribner","1853","Originally written and published in German."
"509","Macmillan","The Rev.","Hugh","","<i>Bible Teachings in Nature</i>","1","London: Macmillan","1867",""
"510","Trollope","","Anthony",""," <i>The Last Chronicle of Barset</i>","2","London: Smith, Elder","1867",""
"511","Valentine","","Laura",""," <i>Sea Fights from Sluys to Navarino: A Popular Account of the Most Important Actions in which the British Navy has been engaged</i>","1","London: Warne","1868",""
"512","bosanquet","","George William","","\'The Stone-Carver of Bayeux\'","1","<i>MP</i> (June 1868) 596-605","1868",""
"513","Freeman","The Rev.","Philip","","<i>Principles of Divine Service</i>","2","Oxford: Parker","1855-1857",""
"514","Keble","The Rev.","John","","<i>On Eucharistical Adoration</i>","1","Oxford and London: John Henry Parker","1857",""
"515","Jacob","","Edith Sophia","","\'Watching: A Dream of Advent Thoughts’ ","1","<i>MP</i> (November 1868) 424-431","1868",""
"516","Carter Smith","","Ann Maria","","\'Mr. Short\'s Summer Visit to Bishop Thornton\'","1","<i>MP</i> (July 1868) 42-53","1869",""
"517","Paget","The Rev.","Francis Edward","","<i>Milford Malvoisin, or, Pews and Pewholders</i>","1","Oxford: Parker, and London: Burns","1842",""
"518","Hardy","","Thomas","","<i>Under the Greenwood Tree: A Rural Painting of the Dutch School</i>","2","London: Tinsley","1872",""
"519","Pearson","","Charles","","<i>History of England during the Early and Middle Ages</i>","2","London: Bell","1867","Volume 1 appeared in 1861 under the title <i>The Early and Middle Ages</i>."
"520","Fanshawe","","Ann, Lady","","<i>Memoirs of Lady Fanshawe, wife of ... Sir Richard Fanshawe, Bart.</i> Written by Herself ","1","London: Colburn","1829","
 
"
"521","Baillie","Lady","Grisell","","<i>Memoirs of the lives and characters of the Right Honourable George Baillie of Jerviswood, and of Lady Grisell Baillie</i>","1","Edinburgh: privately printed","1821","
 
"
"522","Orléans","","Anne Marie Louise d\'","Duchesse de Montpensier","<i>Mémoires de Mademoiselle de Montpensier, fille de Mr. Gaston d\'Orléans, frere de Louis XIII,  roi de France</i>  ","6","Paris: Le Breton","1728",""
"523","Gondi","","Jean François Paul de","Cardinal de Retz","<i>Mémoires de Monsieur le Cardinal de Retz</i>","4","Amsterdam: Bernard","1717","
 

"
"524","Shorthouse","","Joseph Henry","","<i>John Inglesant: A Romance</i>","1","Birmingham: Cornish","1880",""
"525","Bright","The Rev. Canon","William","","<i>Hymns and other Poems</i>","1","London: Rivington","1866",""
"526","Stokes","","Whitley","","\'Servian Proverbs\'","1","<i>Fraser\'s Magazine</i> 51 (May 1855) 517-526","","The article discusses the work of the Serbian linguist Vuk Stefanovic Karadzic (1787-1864)."
"527","Nightingale","","Florence",""," ‘Una and the Lion’","1"," <i>Good Words</i> 9 (1868) 360-6","1868",""
"528","Valentine","","Laura","","<i>The Home Book of Pleasure and Instruction</i>","1","London:Warne","1867",""
"529","de Witt","","Henriette","","\'A Good Example; or, A Manufacturing Town in France\' ","1","<i>MP</i> (October 1868) 378-392","1868","This article about Mulhouse was translated by Miss North."
"530","de Witt","","Henriette","","\'Hints on French Reading\'","1","<i>MP</i> (August 1868) 205-7","1868","This was translated by Miss North."
"531","Carter Smith","","Ann Maria","","\'National Portrait Gallery. Third Series\'","1","<i>MP</i> (July 1868) 65-85","1868","The article is signed \'A.C.D.\'."
"532","Fox Bourne","","H. R.","","<i>A Memoir of Sir Philip Sidney</i>","1","London: Chapman and Hall","1862",""
"533","Valentine","","Laura","(editor)","<i>Warne\'s Home Annual</i>","1","London: Warne","1868","This volume contained a story called \'Cross Purposes\' by Christabel Coleridge and a translation by CMY of a story by Henriette de Witt."
"534","Keary","","Anna Maria","and Eliza Keary","<i>The Heroes of Asgard and the Giants of Jötunheim, or, the Week and its Story</i>","1","London: Bogue","1857",""
"535","Guizot","","Francois ","","<i>Great Christians of France: St. Louis and Calvin</i> ","1","London: Macmillan","1868","In Macmillan\'s Sunday Library series"
"536","Wilford","","Florence","","<i>Nigel Bartram\'s Ideal</i>","1","London: Warne","1868","No 35 in Warne\'s Companion Library"
"537","Tate","","Nahum","and Nicholas Brady (translators)","<i>A New Version of the Psalms of David, Fitted to the Tunes Used in Churches</i>","1","London: Clark","1696",""
"538","","","","","\'Account of the Consecration of the Rev. W. K. Macrorie\'","1","<i>MP</i> (May 1869) 449-454","1869","It seems likely that this was written by Mary Anderson Morshead."
"539","Holland","","Penelope","and Agnes T. Harrison","\'Two Girls of the Period\'","1","<i>Macmillan’s Magazine</i>, 19 (February 1869): 323-339.","1869",""
"540","Olney","","Mary Allan","","<i>Estelle Russell</i","1","London: Macmillan","1870",""
"541","Barnard","","Charlotte","","\'Half-Mast High\'","1","<i>MP</i> (February 1869) 118-9","1869","The poem is signed \'Claribel\'."
"542","Furnivall","","F. J.","(editor)","<i>Political, religious, and love poems from the Archbishop of Canterbury’s Lambeth MS. no. 306</i> ","1","London: EETS","1866",""
"543","Furnivall","","F. J.","(editor)","<i>Hymns to the Virgin & Christ, The parliament of devils, and Other Religious Poems</i>","1","London: EETS","1867-8",""
"544","Stanley","The Very Rev.","Arthur Penrhyn","","\'John Keble\'","1","A. P.  Stanley, ‘John Keble’, <i>Macmillan\'s Magazine</i> 19 (March 1869) 455-464","1869",""
"545","Biggs","The Rev.","Louis Coutier","","<i>English Hymnology</i> Reprinted, with additions and corrections, from the <i>Monthly Packet</i>","1","London: Mozley","1873","This originally appeared as a series of articles on \'English Hymnology\' in <i>MP</i> (July 1867-June 1868)."
"546","F","","F","","\'St Peter\'s Home and Sisterhood, Kilburn\'","1","<i>MP</i>(September 1869), 303-5","1869","The article is probably by Miss Forrest."
"547","Carroll","","Lewis","<i>pseud.</i>","<i>Phantasmagoria and Other Poems</i> ","1","London: Macmillan","1869",""
"548","Sewell","","Elizabeth Missing",""," <i>Principles of Education, drawn from Nature and Revelation and applied to Female Education in the Upper Classes</i> ","2","London: Longman","1865","See also [[person:1301]Elizabeth Sewell]."
"549","Longueville","","Peter","","<i>The Hermit, or, The Unparalled Sufferings and Surprising Adventures of Mr. Philip Quarll, an Englishman, who was lately discovered . . . upon an uninhabited island in the South-Sea</i>","1","London: Cluer","1727","An early imitation of Defoe’s <i>Robinson Crusoe</i> (1719).
"
"550","Winkworth","","Catherine","","<i>Christian Singers of Germany</i>","1","London: Macmillan","1869"," The Sunday Library for Household Reading, Vol.6."
"551","Michel","","Francisque","","<i>Les écossais en France, les français en Écosse</i>","2","London and Paris: Trübner ","1862",""
"552","Clark","The Rev.","Thomas","","<i>The Students\' Handbook of Comparative Grammar, applied to the Sanskrit, Zend, Greek, Latin, Gothic, Anglo-Saxon, and English Languages</i>","1","London: Longman","1862",""
"553","Vernon","","George, Lord","(editor)","<i>Serie cronologica delle edizioni dell\'intero testo e delle parti separate della Divina commedia di Dante Allighieri</i>","1","Firenze: Baracchi","1850",""
"554","Germeau","","Albert","","<i>La Réforme en 1560, ou, le tumulte d\'Amboise: scènes historiques</i>","1","Paris: Levavasseur","1829",""
"555","","","","","<i>The History of Little Goody Two-Shoes</i>","1","London: Newbery","1765",""
"556","","","","","<i>The Blossoms of Morality, intended for the Amusement & Instruction of Young Ladies and Gentlemen</i>","1","London: Newbery","1789","The second edition had illustrations by John Bewick, brother of the famous engraver Thomas Bewick.  The story was Included by CMY in the second <i>[[cmybook:96]Storehouse of Stories]</i>.  "
"557","Salzmann","","Christian","translated by Mary Wollstonecraft","<i>Elements of Morality for the Use of Children</i>","1","London: Johnson","1790",""
"558","Brachet","","Auguste","","<i>Grammaire historique de la langue française</i> ","1","Paris: Hetzel","1867",""
"559","Arrowsmith","","Samuel","","<i>The Bible Atlas</i>","1","London: Arrowsmith","1835",""
"560","Cruchley","","G.F.","","<i>Cruchley\'s new and improved school Atlas</i>","1","London: Cruchley","1842","Later editions were sometimes entitled \'Cruchley\'s Progressive Maps\'.
"
"561","Eyre","","Christian","","<i>Irene\'s Repentance</i>","2","London: Hurst and Blackett","1867",""
"562","Mercier","","Anne","","‘Recollections of George Peabody’","1","<i>MP</i>, 9 (February 1870) 175-182.","1870",""
"563","Mercier","","Anne","","<i>Christabel Hope, or, The Beginnings of Life</i> ","1","London: Warne","1869",""
"564","Cudlip","","Annie Hall","","<i>False Colours: A Novel</i>","3","London: Routledge","1869",""
"565","Richardson","","Samuel","","<i>Clarissa, or, The History of a Young Lady</i>","7","London: Richardson","1748-1749",""
"566","Wildermuth","","Ottilie","","<i>Die Heimath der Frau</i> ","1","Stuttgart: Krabbe","1859",""
"567","Bucknill","","Robert","","<i>The Psychology of Shakespeare</i>","1","London: Longman","1859",""
"568","Aytoun","","William Edmonstone","","<i>The Ballads of Scotland</i> ","1","Edinburgh: Blackwood","1858",""
"569","Wilson","","Daniel","","<i>Memorials of Edinburgh in the Olden Time</i> ","1","London: Simpkin, Marshall","1848","
"
"570","D\'Arblay","","Frances",""," <i>The Diary and Letters of Madame D\'Arblay</i>","7","London: Colburn","1842-1846","
"
"571","Horne","","Richard Hengist",""," <i>The Poor Artist, or, Seven Eye-Sights and One Object</i>","1","London: Van Voorst","1850",""
"572","Parker","The Rev.","Robert","","<i>A Journal of Summer Time in the Country</i>","1","London: Parker","1849",""
"573","Furnivall","","Frederick James","(editor)","<i>The first boke of the introduction of knowledge and a compendyous regyment or a dyetary of helth</i>","1","London: EETS","1870",""
"574","Erckmann","","Emile","and Alexandre Chatrian","<i>Madame Thérèse ou les Volontaires de \'92</i>","1","Paris: Hetzel","1863",""
"575","de Witt","","Henriette","","\'Across the Sea\'","1","<i>Aunt Judy’s Magazine</i> (March 1869) 273-286","1869",""
"576","Blain","The Rev.","Michael","","<i>Blain Biographical Directory of Anglican clergy in the South Pacific</i>","1","http://anglicanhistory.org/nz/blain_directory/directory.pdf","",""
"577","Morison","","James Augustus Cotter","","<i>The life and times of Saint Bernard, Abbot of Clairvaux : A.D. 1091-1153</i>","1","London: Chapman and Hall","1863",""
"578","Lamartine","","Alphonse de","translated by J. W. Cole","<i>Memoirs of Celebrated Characters</i>","2","London: Bentley","1854",""
"579","Holbecke","Miss","","","\'Blindness its Trials and Blessings\' ","1","<i>MP</i> (July 1861) 91-99","1861","An article signed \'H\', \'Blindness its Trials and Blessings\' <i>MP</i> (July 1861) 91-99, described several blind people, including a homeless, friendless orphan girl, and for the next few months acknowledgments of donations for the \'Blind Girl\' appear frequently in the magazine.  The letter to Miss Holbecke implies she was the author."
"580","Summers","","Anne",""," \'Ministering angels: Victorian ladies and nursing\' ","1","in  Gordon Marsden (ed) <i>Victorian Values: Personalities and Perspectives in Nineteenth-Century Society</i> (London: Longman, 1990), 128-30.","1990",""
"581","Herring","","George","","\'Butler, William John (1818-1894)\'","1","<i>Dictionary of National Biography</i> Oxford University Press","2004",""
"582","Austen","","Jane","","<i>Mansfield Park: A Novel</i>","3","London: Egerton","1814",""
"583","Courtney","","Julia","and Clemence Schultze (editors)","<i>Characters and Scenes: Studies in Charlotte M. Yonge</i>","1","Abingdon: Beechcroft","2007",""
"584","Bass","","Cecilia","","\'Aunt Charlotte, Historian\'","1","<i>Review of the Charlotte M. Yonge Fellowship</i> 9 (Summer 1999) 5.","1999",""
"585","Nowell-Smith","","Simon","","<i>Letters to Macmillan</i>","1","London: Macmillan","1967",""
"586","Walton","","Susan","","\'Charlotte M. Yonge and the \\""historic harem\\"" if Edward Augustus Freeman\' ","1","<i>Journal of Victorian Culture</i> 11 (Autumn 2006) 226-255","2006",""
"587","Capern","","Amanda","","\'Anatomy of a Friendship: E. A. Freeman and Edith Thompson\'","1","<i>Paragon Review</i> at www.hull.ac.uk/oldlib/archives/paragon/1997/anatomy.html","1997",""
"588","Ward","","Mary Augusta","","Review of <i>The Story of the Christians and the Moors in Spain</i>","1","<i>Academy</i> (16 November 1878) 463-4","1878","The review was unsigned."
"589","Fasick","","Laura","","\'The Quandary of Influence: The Case of Mary Ward and Charlotte Yonge\'","1","<i>English Literature in Transition</i> 37 (1994) 141-154","1994",""
"590","Armytage","","W. H. G. ","","‘A.J. Mundella as Vice-President of the Council, and the Schools Question, 1880-1885’ ","1","<i>English Historical Review</i> 63 (January 1948) 52-82.","",""
"591","Linton","","Eliza Lynn","","\'The Girl of the Period\'","1","<i>Saturday Review</i> (14 March 1868) 339-340","1868","This was the first of a series of articles published by Linton up to 1877."
"592","Simon","","Alan","","‘Church Disestablishment as a Factor in the General Election of 1885’ ","1"," <em>The Historical Journal </em>18 (1975) 791-820.","1975",""
"593","","","","","\'Tokens\'","1","<i>MP</i> (June 1890) 565-6","1890","This poem is signed \'Spes\'."
"594","","","","","\'The Grey Woman\'","1","<i>MP</i> (Christmas 1889)","1889","The story was ascribed by CMY to \'Miss Benson\' the daughter of the Archbishop.  This probably means [[person:1858]Margaret Benson] rather than [[person:141]Mary Eleanor Benson]."
"595","Cheape","","Harriette?","","\'Christian\'s Name\'","1","<i>MP</i> (July-September 1890)","","This work appeared under the name \'Joanna Harrison\' but CMY ascribes it to a [[person:289]Miss Cheape], of St. Andrews, probably Harriette Cheape."
"596","Mitchell","","Elizabeth Harcourt","","‘Education and Manners: A Trialogue’","1"," <i>Mothers in Council</i> 9 (October 1899) 193-202","1899",""
"597","Crawley Boevey","","Arthur William",""," <i>The ‘Perverse Widow’: Being Passages from the Life of Catharina, wife of William Boevey . . . . with genealogical notes on that family and others connected therewith</i> ","1","London: Longman","1898",""
"598","Mare","","Margaret","and Alicia C. Percival","<i>Victorian Best-seller : the world of Charlotte M. Yonge</i>","1","London: Harrap","1947","
"
"599","Street","The Rev.","James","","<i>Christ and the Catechism: The Church Catechism by 520 questions and answers explained</i>","1"," London : Church of England Sunday School Institute","1898","

"
"600","Spender","","Harold","","<i>Through the High Pyrenees</i>","1","London: Innes","1898",""
"601","","","","","<i>In the World of Books: An English Reading-Book for Middle Forms</i>","1","London: Edward Arnold","?1902",""
"602","Carlyon","","Hope","","<i>The Great Storm: A Tale for Mother’s Meetings</i>","1","London: SPCK","1897",""
"603","Keston","","Margaret","","<i>A Girl’s Experiment</i>","1","London: RTS","1898",""
"604","Bulley","","Eleanor A.","","<i>The Whipping-Boy</i>","1","London: Wells Gardner","1898",""
"605","Peard","","Frances Mary","","\'The Man in India\'","1","<i>MP</> (Christmas 1898) 5-18","1898",""
"606","","","","","\'La Belle Louise\'","1","<i>MP</i> (Christmas 1898) 42-68","1898",""
"607","Kilnorth","","Nora","","\'A Household Emergency\'","1","<i>MP</i> (Christmas 1898) 18-29","1898",""
"608","","","","","\'Elf: The Christmas Number Prize Story\'","1","<i>MP</i> (Christmas 1898) 145-153","1898",""
"609","Palmer","","Roundell","Earl of Selborne","<i>Memorials</i>","2","Edinburgh: Clark","1889-1892",""
"610","Rogers","","Frederic","Lord Blachford","<i>Letters of Frederic, Lord Blachford, under-secretary of state for the colonies, 1870-1871</i> edited by George Eden Marindin","1","London: Murray","1896",""
"611","Leslie","","George Dunlop","","<i>Letters to Marco</i>","1","London: Macmillan","1893",""
"612","","","","","\'The Cardioscope\'","1","<i>MP</i> (July-November 1851)","","CMY referred to this series in a much later letter to a Miss Cox.  Perhaps it was the work of [[person:375]Harriet Lucy Cox]."
"613","Barraud","","Herbert Rose","","<i>Men and Women of the Day: A Portrait Gallery of Contemporaries</i","7","London: Bentley","1888-1894",""
"614","Trench","","Maria","","<i>Charles Lowder: A Biography</i>","1","London: Kegan Paul","1881",""
"615","Kilner","","Dorothy","","<i>The history of a great many little boys and girls, for the amusement of all good children of four and five years of age</i>","1","London: Marshall","<i>c</i>. 1790",""
"616","Kilner","","Dorothy","","<i>The village school, or, A collection of entertaining histories for the instruction and amusement of all good children</i>","1","London: Marshall","<i>c</i>.1795",""
"617","Kilner","","Mary Ann","","<i>Memoirs of a Peg Top</i> by the author of <i>Memoirs of a Pincushion</i> ","1","London: Marshall","<i>c.</i> 1780",""
"618","Kilner","","Mary Ann","","<i>The Adventures of a Pincushion, Designed Chiefly for the use of Young Ladies</i> ","1","London: Marshall","<i>c.</i> 1780",""
"619","W.","","S.","","<i>A Puzzle for a Curious Girl</i>","1","London: Tabart and Harris","<i>c.</i> 1800",""
"620","","","","","<i>The Infant’s Miscellany, or, Easy Lessons extracted from different authors, on a new plan</i>","1","London: Beecroft","1778","The Renier collection in the National Art Library, Victoria and Albert Museum, holds CMY\'s duodecimo copy of <i>The Infant’s Miscellany</i> (?1801),  with ownership inscriptions ‘F.M. Bargus 13 February 1801’ and (erased) ‘C. A. Colborne’ and the bookplate ‘From the Library of Charlotte M. Yonge’.
"
"621","Kilner","","Dorothy","","<i>The holiday present : Containing anecdotes of Mr. and Mrs. Jennet, and their little family</i>","1","London: Marshall","1785",""
"623","Fielding","","Sarah","","<i>The Governess, or, Little Female Academy: Being the history of Mrs. Teachum, and her nine girls </i>","1","London: Millar","1749",""
"624","Gaultier","L\'Abbé","Aloisius Edouard Camille","","<i>Cours de lectures graduées pour les enfans de trois, quatre, et cinq ans</i>","1","London: Elmsley, Bremner and Newberry","1796","This textbook went into many editions."
"625","Kilner","","Dorothy","","<i>The Life and Perambulation of a Mouse</i>","1","London: Marshall","1783"," CMY had reprinted this work in <i>[[cmybook:83]A Storehouse of Stories]</i> (1870). "
"626","Ince","","Henry","","<i>An Outline of English History</i>","1","London: Gilbert","1832","Later editions appear as <i>Outlines of English History</i>."
"627","Thackeray","","William Makepeace","","<i>Vanity Fair: A Novel without a Hero</i>","1","London: Bradbury and Evans","1848",""
"628","Johnston","","Alexander Keith","","<i>The National Atlas of Historical, Commercial and Political Geography</i>","1","Edinburgh: Johnstone and Johnston","1843","There were many later editions."
"629","","","","","<i>Letts\'s Popular Atlas</i>","4","London: Letts","1881-1884","
"
"630","Cheape","","?Harriette","","\'Mr. Valentine: A Sketch\'","1","<i>MP</i> (June 1890) 527-540","1890","The story appeared under the name \'Joanna Harrison\' but it is apparent from CMY\'s correspondence with A. D. Innes that the author was a [[person: 289]Miss Cheape], perhaps Harriette Cheape."
"631","Ward","","Mary Augusta","","<i>Robert Elsmere</i>","3","London: Macmillan","1888",""
"632","Latimer","","Elizabeth (Wormeley)","","\'Loose Leaves from the Note-Book of a Civil Engineer\'","1","<i>MP</i> (July-December 1890)","1890",""
"633","Sewell","","Elizabeth Missing","","\'Thoughts on Scripture Texts\'","1","<i>MP</i> (September, October 1890; March 1895)","1890, 1895","Sewell also published \'Thoughts on the Creed\' <i>MP</i> (July, September 1892).  

See also [[person:1301]Elizabeth Sewell]."
"634","Hallett","","Caroline Maria","","\'Country Society of Yesterday\' ","1","<i>MP</i> (December 1891) 637-644","1891",""
"635","Watson","","M.","","\'Studies in German Literature\'","1","<i>MP</i> (January-June 1891)","","The articles are signed M. W. but the author seems to have been a [[person:2096]Miss Watson] of Brightwell, Tetsworth, Oxfordshire."
"636","Fowler","","W. Warde","","\'A Lucky Magpie\'","1","<i>MP</i> (November 1890) 427-441","1890",""
"637","Hutchinson","The Rev.","Henry Neville","","\'The Moon and the Earth: Their Past and Future History\'","1","<i>MP</i> (August 1890) 164-168","1890",""
"638","Villari","","Linda","","\'Autumn Notes from Meran\'","1","<i>MP</i> (July 1885) 65-71","1885",""
"639","Julian","The Rev.","John","(editor)","<i>A Dictionary of Hymnology setting forth the origin and history of Christian hymns of all ages and nations</i>","1","London: Murray","1892",""
"640","","","",""," ‘The Treasures of the Snow: Feast of the Purification’","1","<i>MP</i> (February 1891)","","This poem signed ‘W.’ may have been written by [[person:1519]Emma Wilford]."
"641","Wilford","","Florence",""," \'Limp Ladies\',","1"," <i>MP</i> (August 1891) 186-168","1891",""
"642","Crawley Boevey","","Sybella",""," \'A Love picture in three strokes\' ","1","<i>MP</i> (Christmas 1890) 234-45","1890","See also [[person:381]Sybella Crawley Boevey]."
"643","Macquoid","","Katherine S.","","\'At the Fair\'","1","<i>MP</i> (August 1891) 146-175","1891",""
"644","Drury","","Anna H.","","\'Sixteen and Sixty\'","1","<i>MP</> (Christmas 1891) 19-65","1891",""
"645","Feild","","M. E.","","\'Gretchen\'s Wish\'","1","<i>MP</i> (Christmas 1891) 251-261","1891",""
"646","","","","","‘A Christmas Eve in South Africa’","1","<i>MP</i> (Christmas 1891) 657-660.","1891","This article is signed ‘Esperanza’,  and was perhaps the work of Sister Florence of the Community of St. Michael and All Angels, Bloemfontein."
"647","Jenner","","Amabel","","\'The Stones of Rowling Manor\'","1","<i>MP</i> (Christmas 1891) 97-112","1891",""
"648","Newman","The Rev.","John Henry","and others","<i>Tracts for the Times</i>","5","London: Rivington and Oxford: J. H. Parker","1833-1840",""
"649","Newman","The Rev.","John Henry","","<i>Letters and Correspondence of J. H. Newman during his Life in the English Church</i> ed. Anne Mozley","2","London: Longman","1891",""
"650","Scott","Sir","Walter","1st Bt.","<i>The Lady of the Lake: A Poem</i>","1","Edinburgh: Ballantyne","1810",""
"651","Scott","Sir","Walter","1st Bt."," <i>Rokeby: A Poem</i>  ","1","Edinburgh: Ballantyne","1813",""
"652","Edgeworth","","Maria","","<i>Early Lessons</i>","6","London: Johnson","1801-",""
"653","Whately","","Elizabeth","","<i>Reverses, or, Memoirs of the Fairfax Family</i>","1","London: Fellowes","1833"," "
"654","Kennedy","","Grace","","<i>Anna Ross: A Story for Children</i>","1","Edinburgh","1824"," "
"655","Strickland","","Agnes","","<i>The Rival Crusoes, or, The Shipwreck</i> ","1","London: Harris","1826"," "
"656","Scott","Sir","Walter","1st Bt.","<i>Tales of a Grandfather, being Stories taken from Scottish History</i>","1","Edinburgh: Cadell","1828"," "
"657","Scott","Sir","Walter","1st Bt.","<i>Ivanhoe: A Romance</i>","3","Edinburgh: Constable ","1820"," "
"658","Defoe","","Daniel","","<i>The Life and Strange Surprizing Adventures of Robinson Crusoe</i","1","London: Taylor","1719",""
"659","Lamb","","Charles","and Mary Anne Lamb","<i>Tales from Shakespear, Designed for the Use of Young Persons</i>","1","London: Godwin","1807",""
"660","Lamb","","Charles","and Mary Anne Lamb","<i>Mrs Leicester\'s School, or, The History of Several Young Ladies, Related by themselves</i> ","1","London: Godwin","1809",""
"661","Scott","Sir","Walter","1st Bt.","<i>Tales of the Crusaders</i>","4","Edinburgh: Constable ","1824","Vols 1 and 2 contained <i>The Betrothed</i> and Vols 3 and 4 <i>The Talisman</i>."
"662","","","","","\'L\'Epine Noble\'","1","<i>MP</i> (Christmas 1891) 65-97","1891",""
"663","Coleridge","","Christabel Rose","","<i>Amethyst: The Story of a Beauty</i> ","1","London: Innes","1891",""
"664","Gardiner","","Samuel Rawson","","<i>A Student’s History of England from the Earliest Times to 1885</i>","3","London: Longman","1890-1891",""
"665","Coleridge","","Christabel Rose","and others","\'Work and Workers:  By the Actual Workers\'s","1","<i>MP</i> (January 1891-December 1892)","1891-1892",""
"666","Edwards","","Amelia B.","","<i>Pharoahs, Fellahs and Explorers</i>","1","London: Osgood","1891",""
"667","Coleridge","","Christabel Rose","","<i>Max, Fritz, and Hob: A Tale of Adventure</i> ","1","London: National Society","1892",""
"669","Mozley","","Anne","","<i>Essays from Blackwood</i>","1","Edinburgh: Blackwood ","1892",""
"670","Gordon","","Alice May","","<i>Eunice Anscombe</i>","1","London: Sampson Low","1892",""
"671","Walford","","Lucy Bethia",""," <i>Four Tales for Grownup Children</i>","1","London: Innes","1892","Published in the \'Dainty Books\' series."
"672","Lock","","Walter","","<i>John Keble: A Biography</i>","1","London: Methuen","1893",""
"673","O\'Meara","","Kathleen","","\'The Old Castles of France\'","1","<i>MP</i> (July 1872-March 1873)","","The articles appeared as \'by the author of \\""Iza\'s Story\\""\'. CMY thought O\'Meara\'s work sloppy and anachronistic."
"674","Sumner","","Mary Elizabeth","","‘A Great Panacea’ ","1","<i>Mothers in Council</i> 3 (January 1893) 2-15","1893","See also [[person:1381]Mary Sumner]."
"675","Williams","","Samuel Wells","","<i>The Middle Kingdom: A Survey of the Chinese Empire and its Inhabitants</i>","2","New York and London: Wiley and Putnam","1848",""
"676","Legge","","James","","<i>The Nestorian monument of Hsî-an Fû in Shen-hsî, China with . . . a translation  . . [and] a sketch of subsequent Christian missions in China and their present state</i>","1","London: Trübner ","1888",""
"677","Wordsworth","The Rt. Rev. ","Charles","","<i>Christian Boyhood at a Public School: A Collection of Sermons and Lectures Delivered at Winchester College</i>","2","London: Francis","1846",""
"678","Scott","Sir","Walter","1st Bt.","<i>The Antiquary</i>","3","Edinburgh: Ballantyne","1816",""
"679","Ramsay","Sir","James","Bt.","<i>Lancaster and York: A Century of English History 1399-1485</i>","2","Oxford: Clarendon Press","1892",""
"680","Seymour","","Anna Jane","","<i>Glimpses of the Far-off Land</i> Selected by A. J. Seymour, arranged by A. E. M. Anderson-Morshead. With an introduction by the Rev. W. H. Hutchings.","1","London: Skeffington","1893",""
"681","Freeman","","Florence","","\'Taormina and its Neighbourhood\' ","1","<i>MP</i> 3s 2  (December 1891), 617-29","1891",""
"682","Freeman","","Florence","","\'Palermo and its Neighbourhood\' ","1","<i>MP</i> 3s 6 (September 1893), 296-310.","1893",""
"683","Liddon","The Rev.","Henry Parry","","<i>Life of Edward Bouverie Pusey</i>","4","London: Longman","1893-1894",""
"684","Schnorr von Carolsfeld","","Julius","","<i>Die Bibel in Bildern</","1","Leipzig","1852-1860",""
"685","Souvestre","","Émile ","","<i>Les Derniers Bretons</i>","4","Paris: Charpentier","1836",""
"686","Monk","","William Henry","(editor)","<i>Hymns ancient and modern for use in the services of the church</i>","1","London: Novello","1861",""
"687","Awdry","","Frances","","<i>An Elder Sister: A Short Sketch of Anne Mackenzie, and her Brother the Missionary Bishop</i>","1","London: Bemrose","1878",""
"688","Mitford","","Mary Russell","","<i>Our Village</i>  Introduction by Anne Thackeray Ritchie ","1","London: Macmillan","1893","The book was originally published in four volumes between 1824 and 1830."
"689","Strickland","","Agnes","","<i>The Lives of the Seven Bishops Committed to the Tower in 1688</i>","1","London: Bell and Daldy","1866",""
"690","Frampton","The Rev.","Robert","","<i>Life of Robert Frampton, derived as a Non-Juror 1689</i>","1","London: Longman","1876",""
"691","Verney","","Parthenope, Lady","","<i>Memoirs of the Verney Family During the Civil War</i>","2","London: Longman","1892",""
"692","Baring-Gould","The Rev.","Sabine","","<i>The Lives of the Saints</i>","12","London: Hodges","1872-1877",""
"693","Fleury","","Claude","","<i>Histoire ecclesiastique</i>","1","","1691-1720","CMY may have known the book in Newman’s translation, <i>The Ecclesiastical History of M. l\'abbé Fleury, from the Second Ecumenical Council to the end of the Fourth Century</i> (Oxford: Parker 1842-4)."
"694","Corelli","","Marie","","<i>Barabbas</i>","3","London: Methuen","1893",""
"695","Hook","The Very Rev.","Walter Farquhar","","<i>Lives of the Archbishops of Canterbury</i>","5","London: Bentley","1868-1875",""
"696","Havergal","","Maria","","<i>Memorials of Frances Ridley Havergal</i> ","1","London: Nisbet","1880",""
"697","Simeon","The Rev.","Charles","","<i>Memoirs of the Life of the Rev. Charles Simeon</i> edited by William Carus","1","London: Hatchard","1847",""
"698","Ritchie","","Anne Isabella","","<i>Chapters from Some Memoirs</i>","1","London: Macmillan","1894",""
"699","Warden","","Florence","","<i>Pretty Miss Smith</i>","1","London: Heinemann","1891","This was the pseudonym of Florence Alice Price."
"700","De Witt","","Pauline","","<i>Six mois de Guerre, 1870-71. Lettres et journal</i>","1","Paris","1894",""
"702","Loftie","","William John","","<i>A History of London</i> ","1","London: Stanford","1883",""
"703","Tupper","","Martin","","<i>Surrey: A Rapid Review of its Principal Interests in Persons and Places. Also St. Martha\'s, a poem, by J. Tudor</i>","1","Guildford","1849",""
"704","Benham","The Rev. Canon","William","","<i>Winchester</i> Diocesan Histories Series","1","London: SPCK","1884",""
"705","Duncan","","Sara Jeannette","","<i>The Story of Sonny Sahib</i>","1","London: Macmillan","1894",""
"706","Church","The Very Rev.","Richard William","","Mary C. Church ed., <i>Life and Letters of Dean Church</i> ","1","London: Macmillan","1894",""
"707","Blackburn","","Jemima","","<i>Birds from Moidart & Elsewhere</i>  ","1","Edinburgh: Douglas","1895",""
"708","Sewell","The Rev.","William","","<i>Uncle Peter’s Fairy Tale for the Nineteenth Century</i> ed. Elizabeth Sewell","1","London: Longman","1867",""
"709","Latimer","","Elizabeth Wormeley","","Elizabeth Wormeley Latimer, <i>Europe in Africa in the Nineteenth Century</i>","1","Chicago: McClurg","1895",""
"710","Latimer","","Elizabeth Wormeley","","<i>England in the Nineteenth Century</i>","1","Chicago: McClurg","1894",""
"711","Warren","","Samuel","","<i>Passages from the Diary of a Late Physician</i> ","2","Edinburgh: Blackwood","1835",""
"712","Staël","","Anne-Louise-Germaine de","","<i>Corinne, ou, L\'Italie</i>","2","Paris : Nicolle","1807",""
"713","Latimer","","Elizabeth Wormeley","","\'The Night Express\'","1","<i>MP</i> (July 1890) 27-38","1890",""
"714","Romanes","","Ethel","","<i>The Life and Letters of George Romanes, edited by his wife</i>","2","London: Longman","1896",""
"715","Jenner","","Amabel","","<i>Half-hour Plays: Rumpelstilskin and Other Plays from Old Fairy Tales. Adapted either for the village school or the drawing-room</i>","1","London: Smith","1889",""
"716","Prevost","","Constance M.","","<i>Terra Cotta Plays</i>","1","London: Smith","1888",""
"717","Heathcote","","Arthur Malcolm","","<i>Ragged Robin and Other Plays for Children</i> ","1","London: Allen","1890",""
"718","Dickens","","Charles","and Wilkie Collins","‘Doctor Dulcamara, MP’ ","1","<i>Household Words</i> 19 (18 December 1858), 49-52.","1858",""
"719","Mozley","","Harriett","","<i>Louisa, or, The Bride</i>","1","London: Burns and Derby: Mozley","1842",""
"720","Eliot","","George","","<i>George Eliot\'s Life, as related in her Letters and Journals</i> Arranged and edited by her husband J. W. Cross. ","3","Edinburgh: Blackwood","1885",""
"721","Eliot","","George","","<i>Daniel Deronda</i>","4","Edinburgh: Blackwood","1876",""
"722","Horton","","Robert Forman","","<i>Women of the Old Testament: Studies in Womanhood</i>","1","London: Service and Paton","1897",""
"723","Ward","","Mary Augusta","","<i>Marcella</i>","1","London: Smith, Elder","1894",""
"724","Schreiner","","Olive",""," <i>Trooper Peter Halket of Mashonaland: A Tale</i>","1","London: T. Fisher Unwin","1897",""
"725","Purcell","","E. S.",""," <i>Life of Cardinal Manning</i>","2","London: Macmillan","1895-6",""
"726","Selborne","The Earl of","",""," <i>Memorials</i>","4","London: Macmillan","1896-8",""
"727","Wordsworth","","Elizabeth","","<i>Glimpses of the Past</i>","1","London: Mowbray","1912",""
"728","Taylor","","Jane","","<i>The Contributions of Q. Q. to a Periodical Work, with some pieces not before published</i>","2","London: Holdsworth","1824",""
"729","Field","","Louisa Fanny","","\'The Contributions of Q Q’","1","<i>Mothers in Council</i> 8 (October 1898) 234-241.","1898",""
"730","Courtot","","Cecile de","","<i>Die Memoiren der Baronesse Cecile de Courtot</i> ed. Moritz von Kaisenberg","1","Leipzig","1897",""
"731","Ritchie","","Anne","","<i>Old Kensington</i>","1","London: Smith, Elder","1873",""
"732","Oliphant","","Margaret","","<i>A Beleagured City</i>","1","London: Macmillan","1880",""
"733","Oliphant","","Margaret",""," <i>The Story of Valentine and his Brother</i>","3","Edinburgh and London: Blackwood","1875",""
"734","Marsh","The Rev.","John","","<i>Memoranda of the Parishes of Hursley and North Baddesley, in the County of Southampton</i>","1","Winchester: Robbins","1808",""
"735","Coleridge","","Mary Elizabeth","","<i>The King with Two Faces</i>","1","London: Arnold","1897",""
"736","Rapin de Thoyras","","Paul de","","<i>L\'Histoire d\'Angleterre</i>","7","The Hague","1724","CMY evidently owned one of the editions illustrated with engravings by Vertue."
"737","Duthy","","John","","<i>Sketches of Hampshire, embracing the architectural antiquities, topography, &c</i>","1","Winchester: Jacob and Johnson","1839",""
"738","Maxwell","Sir","Herbert","","<i>Memories of the Months: Being Pages from the Notebook of a Field-Naturalist and Antiquary</i>","1","London: Arnold","1897"," London Arnold 1897"
"739","Timbs","","John","","<i>Abbeys, Castles and Ancient halls of England and Wales</i>  ","2","London: Warne","1870",""
"740","Shipton","","Helen ","","<i>The Touchstone</i> ","1","London: Isbister","1899","
"
"741","Coleridge","","Christabel Rose","","<i>The Constant Prince</i>","1","London: Mozley and Smith","1879","Originally serialized in <i>MP</i> (January-June 1878)."
"742","Kilner","","Mary Ann","","<i>Jemima Placid, or, The Advantage of Good-Nature, exemplified in a variety of familiar incidents</i>","1","London: Marshall","n.d. ?1780",""
"743","Crawford","","Francis Marion","","<i>Ave Roma Immortalis: Studies from the Chronicles of Rome</i>","2","London: Macmillan","1898",""
"744","Mitford","","Mary Russell","","<i>Our Village: Sketches of Rural Character and Scenery</i>","5","London: Whittaker","1824-1832",""
"745","Edgeworth","","Maria","","<i>Rosamond: A Sequel to Early Lessons</i>","1","London: Hunter and Baldwin","1821",""
"746","Whitaker","","Evelyn","","<i>Miss Toosey’s Mission</i>","1","London: Mozley and Smith","1878",""
"747","Scott","Sir","Walter","Bt.","<i>The Lord of the Isles: A Poem</i>","1","Edinburgh: Constable","1815",""
"748","D.","","A. E.","","<i>Vanity and Vexation</i>","1","London: SPCK","1899",""
"749","Winslow","","Anna Green","","<i>Diary of Anna Green Winslow: A Boston School Girl of 1771</i> ed. Alice Morse Earle","1","Boston: Houghton Mifflin","1894",""
"750","Grier","","Sydney C.","","<i>Like another Helen: The History of the Cruel Misfortunes and Undeserved Distresses of a Young Lady of Virtue</i>","1","Edinburgh: Blackwood","1894","The novel was reprinted in 1899.
"
"751","","","","","<i>The Orphan, or, The renowned history of little Gaffer Two-Shoes, otherwise call\'d Mr. Tommy Two-Shoes, brother to the celebrated Goody Two-Shoes</i>","1","London: Roberts","<i>c.</i> 1780",""
"752","Dorset","","Catherine","","<i>The Peacock ‘At Home’: A Sequel to The Butterfly’s Ball</i>","1","London: Harris","1807",""
"753","Roscoe","","William Caldwell","","<i>The Butterfly’s Ball and the Grasshopper’s Feast</i> ","1","London: Harris","1807",""
"754","Dorset","","Catherine","","<i>The Lion\'s Masquerade: A Sequel to The Peacock at Home</i>","1","London: Harris","1808",""
"755","B.","","W.","","<i>The Elephant’s Ball  and Grand Fete Champetre</i>","1","London: Harris","1807",""
"756","Earle","","Alice Morse",""," <i>Child Life in Colonial Days, With many Illustrations from Photographs</i>","1","New York: Macmillan","1899",""
"757","Broughton","","Rhoda","","<i>Cometh up as a Flower: An Autobiography</i>","1","London: Bentley","1867",""
"758","Jackson","","Alice F.","","<i>A Brave Girl: A True Story of the Indian Mutiny</i>","1","London: SPCK","1899","
"
"759","Carew","","Maud","","<i>Little King Richard</i>","1","London: SPCK","1899",""
"760","Spyri","","Johanna","","<i>Heidi\'s Lehr- und Wanderjahre : eine Geschichte für Kinder und auch für Solche, welche die Kinder lieb haben</i>","1","Gotha: Perthes","1880","First translated into English in 1884."
"761","Froissart","","Jean","","<i>Stories from Froissart</i> ed. Henry Newbolt ","1","London: Wells, Gardner","1899",""
"762","Gardiner","","Linda","","<i>Sylvia in Flowerland</i>","1","London: Seeley","1899",""
"763","Giberne","","Agnes","","<i>Early Lessons on Things Around Us</i>","1","London: RTS","1899",""
"764","Sandham","","Elizabeth","","<i>Juliania, or, The Affectionate Sisters</i>","1","London: Hurst","1803","This children\'s book includes a story called \'The Fortunate Geese\'."
"765","Alden","","Isabella Macdonald","","<i>Pauline</i> ","1","London: Kelly","1900",""
"766","de la Pasture","","Elizabeth","","<i>Adam Grigson</i>","1","London: Smith, Elder","1899",""
"767","Holdsworth","","Annie E.","","<i>The Valley of the Great Shadow</i>","1","London: Heinemann","1900",""
"768","Cholmondeley","","Mary","","<i>Red Pottage</i>","1","London: Arnold","1899",""
"769","Oakley","","John","","<i>A Gentleman in Khaki: A Story of the South African War</i>","1","London: Chatto & Windus","1900",""
"770","Rawnsley","The Rev.","Hardwicke","","<i>Life and Nature at the English Lakes</i>","1","Glasgow: Maclehose","1899",""
"771","Bramston","","Mary Eliza","","<i>The Lady of the Loaf</i>","1","London: SPCK","1899",""
"772","Coleridge","","Mary Elizabeth","","<i>Non Sequitur</i>","1","London: Nisbet","1900",""
"773","Oliphant","","Margaret",""," <i>Queen Victoria: A Personal Sketch</i>","1","London: Cassell","1900",""
"774","Andrews","","Marion","","<i>Sylvia’s Romance</i>","1","London: Wells, Gardner","1900",""
"775","Green","","Edith M.","","<i>Left to Themselves</i> ","1","London: Wells, Gardner","1900","
"
"776"," Moore","","F. Frankfort","","<i>The Conscience of Coralie</i>","1","London: Pearson","1900",""
"777","Leslie","","Emma","","<i>Leila’s Quest and what became of it</i> ","1","London: SPCK","1900",""
"778"," Le Feuvre","","Amy",""," <i>Brownie</i>","1","London: Hodder & Stoughton","1900",""
"779","Merivale","The Very Rev.","Charles","","<i>Autobiography of Dean Merivale, with selections from his correspondence</i>","1","Oxford: private circulation","1898",""
"780","Bates","","Katherine Kee","","<i>Spanish Highways and Byways</i>","1","London: Macmillan","1900",""
"781","Royal Commission on Popular Education","","","","<i>Report of the Commissioners appointed to Inquire into the State of Popular Education in England</i>","6","London: Eyre and Spottiswoode","1862","This book is available online in the series <i>House of Commons Parliamentary Papers</i> at
http://gateway.proquest.com/openurl?url_ver=Z39.88-2004&res_dat=xri:hcpp&rft_dat=xri:hcpp:rec:1861-037189"
"782","Giberne","","Agnes","","<i>Roy: A Tale in the Days of Sir John Moore</i>","1","London: Pearson","1901","[[footnote:2]]Agnes Giberne,  (1900)."
"783","Coleridge","","Christabel Rose","","<i>The Winds of Cathrigg</i> Illustrated by Frances Ewan.","1","London: Isbister","1901","Previously serialized in Isbister\'s <i>Sunday Magazine</i>."
"784","Blackburne","","Gertrude Mary Ireland",""," <i>Zig-Zag: A Quiet Story</i>","1","London: London Literary Society","1885",""
"785","Hare","","Augustus","","<i>The Story of my Life</i>","6","London: George Allen","1896-1900.",""
"786","Palgrave","","Francis Turner","","<i> A Lyme Garland: Being verses, mainly written at Lyme Regis, or upon the scenery of the neighbourhood</i>","1","Lyme: Dunster","1874",""
"787","Mercier","","Sarah Anne","(probable author)","<i>Mrs Filby\'s Maria</i>","1","London: Warne","1871?","This work, of which no copy has been traced, appeared in Warne\'s Victoria Tales and Stories series, edited by CMY, and was reviewed in <i>MP</i> (April 1871), 418.  A reference to it in a letter to Anne Mercier suggests that it was written by her."
"788","Coleridge","","Christabel Rose","","<i>Lady Betty</i>","1","London: Warne","1870",""
"789","Butler","","Samuel","","<i>Hudibras: The First Part</i>","1","London: Marriot","1663","The second part was published in 1664."
"790","Bell","","William ","","<i>Descriptive Guide to the Stream of Time, or, General Outline of Universal History, Chronology and Biography, At One View</i> ","1","London: Vernor, Hood & Sharpe","1810","A translation and continuation of Friedrich Strass\'s general chronology, <i>Versuch einer allgemeinen Einleitung in die Wissenschaftenkunde</i> (1805)."
"791","Paston","","","edited by Sir John Fenn","<i>Original letters, written during the reigns of Henry VI. Edward IV. and Richard III. by various persons of rank </i>","2","London: Robinson ","1787","Two more volumes were published in 1789 and another in 1823."
"792","Holinshed","","Raphael","","<i>The Chronicles of England, Scotlande and Irelande</i>","2","London: Harrison","1577",""
"793","Hall","","Edward","","<i>The Union of the Two Noble and Illustre Famelies of Lancastre [and] Yorke</i>","1","London: Grafton","1548","Known as Hall\'s Chronicle."
"794","Lingard","","John",""," <i>A History of England from the First Invasion by the Romans to the Revolution in 1688</i> ","8","London: Mawman","1819-1830","The publisher of the later volumes was Baldwin and Cradock."
"795","Commines","","Philippe de","","<i>Cronique hystoire faicte et composee par messire Phelippe de Commines</i>","1","Paris: Couteau","1534",""
"796","Hunt","","Thornton","","\'The English Convict System\'","1","<i>Cornhill</i> (3 June 1861),  708.","",""
"797","Mozley","","Anne","","<i>Essays on Social Subjects from the Saturday Review</i>","2","Edinburgh: Blackwood","1865",""
"798","Knatchbull-Hugessen","","Edward","","<i>Crackers for Christmas: More Stories</i>","1","London: Macmillan","1870",""
"799","Knatchbull-Hugessen","","Edward","","\'The Search after Happiness\'","1","<i>MP</i> (February 1871), 200.","",""
"800","Norris","The Rev. Canon","John Pilkington","","<i>A Key to the Narrative of the Four Gospels</i>","1","London: Rivington","1869",""
"801","Valentine","","Laura","","\'The Crawl: A Legend of Tichborne\'","1"," <i>MP</i> ns 12 (July 1871).","","Verses published in the [[other:52]<i>Monthly Packet</i>]."
"802","Guizot","","François","and Henriette de Witt","<i>L\'histoire de France depuis les temps les plus reculés jusqu\'en 1789, racontée à mes petits-enfants</i>","5","Paris: Hachette","1870-1876","The fifth volume was completed by Henriette de Witt from her father\'s notes.  In 1878-9 she published a further two volumes, taking the history to 1848."
"803","Guizot","","François","","<i>L\' histoire de France depuis 1789 jusqu\'en 1848: racontée à mes petits-enfants: leçons recueillies par Madame de Witt</i>","2","Paris: Hachette","1878-1879",""
"804","Wordsworth","","Christopher","","<i>The Holy Bible with notes and Introductions</i>","6","London: Rivington","1869-1871",""
"805","Pusey","The Rev.","E. B.","","<i>The Holy Bible with a commentary explanatory and practical</i>","1","Oxford: Parker","1860",""
"806","Wordsworth","","Elizabeth","","\'On an Olive Branch\'","1","<i>MP</i> (September 1871) 222-5","",""
"807","Betham-Edwards","","Matilda","","<i>The Sylvestres</i>","3","London: Hurst and Blackett","1871","Originally serialized in <i>Good Words</i>, January-December 1871."
"808","Saunders","","Katherine","","<i>The High Mills</i>","3","London: King","1874","Originally published in a shorter version in <i>Good Words</i>, 1871."
"809","Sewell","","Elizabeth Missing","","<i>Some Questions of the Day</i>","1","London: Longman","1875","This originally appeared as \'Questions of the Day\', an irregular series of articles on theology in the <i>Monthly Packet</i> (June 1871-May 1875).

See also [[person:1301]Elizabeth Sewell]."
"810","Flaherty","","W. E.","","<i>The New School-history of England: From Early Writers and National Records</i>","1","Oxford: Parker","1870",""
"811","Callcott","Maria, Lady","","","<i>Little Arthur’s History of England</i>","1","London: Murray","1835",""
"812","Sewell","","Elizabeth Missing","","<i>A First History of Greece</i>","1","London: Longman","1852","See also [[person:1301]Elizabeth Sewell]."
"813","Sewell","","Elizabeth Missing","","<i>The Child’s First History of Rome</i> ","1","London: Longman","1849","See also [[person:1301]Elizabeth Sewell]."
"814","Hoare","Sir","Richard Colt Hoare","","<i>The History of Ancient Wiltshire</i>","2","London: Miller","1810-1821",""
"815","Peard","","Frances Mary","","<i>One Year, or, A Story of Three Homes</i>","1","London: Warne","1869",""
"816","Wilford","","Florence","","<i>Dominie Freylinghausen</i> ","1","London: Mozley","1875"," It ran as a serial in <i>MP</i> ns 13 (January-June 1872)."
"817","De Witt","","Henriette","","\'Alone on the Norman Coast in 1870\'","1","<i>MP</i> (Christmas 1872), 23-33.","1872",""
"818","Coleridge","","Christabel","","\'Minne\'s Knight\'","1","<i>MP</i> (Christmas 1872) 217-233.","1872",""
"819","","","","","\'Swarthy at Home, or, Our Stay on Ascension Isle\'","1","<i>MP</i> (Christmas 1872) 34-55.","","The story is signed \'Mother Carey\'."
"820","Gee","","Evelyn","","\'What the Church Eagle Said\'","1","<i>MP</i> (Christmas 1872), 4-22.","1872.",""
"821","","","","","\'The Fairy Bride\'","1","<i>MP</i> (Christmas 1872), 232-43.","1872",""
"822","","","","","\'A Story of Catalan Bay\'","1","<i>MP</i> (Christmas 1872), 72-89.","1872",""
"823","Williams","The Rev.","Isaac","","<i>Hymns translated from the Parisian Breviary</i>","1","London: Rivington","1839",""
"824","Knox","","Isa","","<i>The Little Folks\' History of England</i>","1","London: Cassell","1872",""
"825","Sewell","","Elizabeth Missing","","<i>A Catechism of English History</i>","1","London: Longman","1872","See also [[person:1301]Elizabeth Sewell]."
"826","Thompson","","Edith","","<i>History of England</i> ","1","London: Macmillan","1873","This was published in the \'Historical Course for Schools\' series edited by E. A. Freeman."
"827","Sime","","James",""," <i>History of Germany</i> ","1","London: Macmillan","1874","This was published in the \'Historical Course for Schools\' series edited by E. A. Freeman."
"828","Freeman","","Edward Augustus","","<i>General Sketch of European History</i>","1","London: Macmillan","1872","This was the first volume in the \'Historical Course for Schools\' series edited by Freeman."
"829","Coleridge","","Christabel","","<i>Hanbury Mills: A Study of Contrasts</i>","1","London: Warne","1872",""
"830","Mercier","","Anne","","<i>Our Mother Church, Being Simple Talk on High Topics</i>","1","London: Rivington","1872",""
"831","Frere","","Augusta Frederica","","<i>English Links of Foreign Forging, or, \'The Lady with the Long Nose\'</i>","1","<i>MP</i> (January 1871-September 1873)","1871-1873",""
"832","Mercier","","Anne",""," <i>Garnston, or, A Life’s Discipline</i> ","1","London: Warne","1872",""
"833","Jacob","","Gertrude",""," <i>The Raja of Saráwak : An account of Sir James Brooke, K.C.B., LL.D., given chiefly through letters and journals</i>","1","London: Macmillan","1876","Originally published in <i>MP</i> (August 1873- August 1874).
"
"834","Jacob","","Gertrude",""," \'Twilight\' ","1","<i>MP</i> ns 16 (July 1873) 100-104.","1873","See also [[person:751]Gertrude Jacob]."
"835","Medhurst","","Blanche C.","","\'Ascension Day\'","1","<i>MP</i> (May 1874), 409.","1874",""
"836","Conyers","","Ansley","","<i>Chesterleigh</i>","1","London: King","1873",""
"837","Hawkins","","Laetitia Maria","","<i>Rosanne, or, A Father\'s Labour Lost</i>","3","London: Rivington","1814",""
"838","Coleridge","","Christabel","","\'The Light of the Sun\'","1","<i>MP</i> (Christmas 1873), 100-110.","1873","This story subsequently appeared in Coleridge\'s [[otherbook:437]<i>The Face of Carlyon and Other Stories</i>]."
"839","Medhurst","","Blanche C.",""," \'New Year\'s Eve\' ","1","<i>MP</i> 16 (December 1873) 519.","1873","See also [[person:988]Blanche Medhurst]."
"840","Palmer","","Laura Elizabeth","","\'Knight-Errantry, or, The Red Cross Knight and Una, 1852\'","1","<i>MP</i> (May 1874), 487-492.","1874",""
"841","Adams","","Ernest","","<i>The Elements of the English Language</i>","1","London: Bell and Daldy","1858",""
"842","","","","","<i>The Life and Adventures of Lady Anne, the Little Pedlar</i>","1","London: Souter","1823",""
"843","Butler","","Arthur John","","\'Classification of the Aryan Languages\'","1","<i>MP</i> (April 1874) 4-6.","1874","This answer to one of the Spider questions is attributed to Butler because it is apparently referred to in a letter to him from CMY."
"844","P.","","C.","","‘The Children in the Forest’","1","<i>MP</i> (November 1856), 376-384.","1856",""
"845","Freeman","","Edward Augustus","","<i>King Ine</i>","2","Taunton, reprinted from the <i>Proceedings of the Somersetshire Archaeological and Natural History Society</i>","1872, 1874",""
"846","Macarthur","","Margaret","","<i>History of Scotland</i> ","1","London: Macmillan","1873","This was volume 3 of the Historical Course for Schools series edited by [[person:523]E. A. Freeman]."
"847","Kitchin","The Rev.","G. W.","","<i>A History of France</i>","3","Oxford: Clarendon Press","1873-7",""
"848","Guizot","","François","","<i>Lettres à sa fille Henriette (1836-1874)</i> ed. Laurent Theis ","1","Paris: Perrin","2002",""
"849","Palmer","","Laura Elizabeth","","\'Itys, the Faun\'","1","<i>MP</i> (Christmas 1874) 5-23.","1874",""
"850","Guizot","","Francois","","<i>Histoire de la civilisation en france depuis la chute de l\'empire romain jusque en 1789</i>","5","Paris: Pichon et Didier","1829",""
"852","Bramston","","Mary Eliza","","<i>The Carbridges: A Suburban Story</i>","1","London: Warne","1874",""
"853","Sewell","","Elizabeth Missing","","<i>Popular History of France from the Earliest Period to the Death of Louis XIV</i>","1","London: Longman","1876","See also [[person:1301]Elizabeth Sewell]."
"854","Wordsworth","","Elizabeth","","<i>Thoughts for a Chimney Corner</i>","1","London: Hatchards","1873",""
"855","Weber","","Alice","","\'I Wonder Why\'","1","<i>MP</i> (November 1874), 470-480.","1874",""
"856","Butt","","Beatrice and Geraldine","","<i>Lads and Lasses</i>","1","Edinburgh: Grant","1876",""
"857","Freeman","","Edward Augustus","","<i>The Growth of the English Constitution from the Earliest Times</i>","1","London: macmillan","1872",""
"858","Green","","John Richard","","<i>A Short History of the English People</i>","1","London: Macmillan","1874",""
"859","Hart","","Elizabeth Anna","","\'Disobedient Cecil\'","1","<i>MP</i> (July 1874-June 1876)","1874-1876","This serial story does not seem to have been published separately.  The attribution to Hart does not rest solely on the letter;  it is described as by the author of <i>Mrs Jerningham\'s Journal</i>."
"860","Warburton","The Rev.","William Parsons","","<i>Edward III</i>","1","London: Longman","1875",""
"861","Du Guesclin","","Bertrand","","<i>Histoire de Messire Bertrand Du Guesclin Connestable de France</i>","1","Paris: Cramoisy","1618","
"
"862","Helmore","","Margaret Cecilia","","<i>Cap and Bells</i>","3","London: Smith, Elder","1875",""
"863","Bramston","","Mary Eliza","","\'The Island of Progress\'","1","<i>MP</i> (Christmas 1875), 213-238.","",""
"864","Awdry","","Frances","","\'An Owl\'s Nest\'","1","<i>MP</i> (Christmas 1875), 162-83.","1875","Signed F. A.."
"865","Coleridge","","Christabel","","<i>Hugh Crichton\'s Romance</i>","3","London: Macmillan","1875",""
"866","Webb","The Rt. Rev.","Allan Becher",""," \'The Work of Women at Home for Foreign Missions\'","1","<i>MP</i> ns 20 (November 1875) 397-403.","1875","See also [[person:1479]Allan Becher Webb]."
"867","Keary","","Annie","","<i>A York and a Lancaster Rose</i>","1","London: Macmillan","1876","Originally serialized in <i>MP</i> (January 1875-May 1876)."
"868","Peard","","Frances Mary","","<i>A Winter Story</i>","1","London: Smith, Elder","1875","Originally serialized in <i>MP</i> (January-December 1875)."
"869","Stephenson","","Gwendolen","","<i>Edward Stuart Talbot 1844-1934</i>","1","London: SPCK","1936",""
"870","Greene","","Louisa Lilias","","<i>God\'s Silver, or, Youthful Days</i>","1","London: Warne","1877","This included a story, \'The Haunted Sacks\', which hadappeared in <i>MP</i> (Christmas 1875), 75-101."
"871","Owen","","A. C.","","<i>The Arts Schools of Mediæval Christendom</i> ","1","London: Mozley & Smith","1876",""
"872","King","The Rev. Canon","Edward","","<i>Meditations on the Last Seven Words of Our Lord Jesus Christ</i>","1","Oxford: Mowbray","1876",""
"873","Neale","","John Mason","","<i>A History of Portugal</i>","1","London: Masters","1861",""
"874","Waller","The Rev.","Charles Henry","","  <i>Names on the Gates of Pearl and Other Studies</i>","1","London: Low","1875",""
"875","Kennard","","Mrs","","‘A lady’s visit to the Herzegovinian insurgents.’ ","1","<i>Cornhill Magazine</i>, vol 34 (July 1876), 60-73. ","1876",""
"876","Bussell","","Euphemia E. G.","","\'Our Young Ladies, as Described by the Minister\'s Daughter\'","1","<i>MP</i> (January-November 1877)","1877","Evidently not published separately in volume form."
"877","Romanoff","","Harriet","","\'Orina\'","1","<i>MP</i> (January-June 1877)","1877","Apparently not published separately in volume form."
"878","Carey","","Rosa Nouchette","","<i>Heriot\'s Choice: A Tale</i>","3","London: Bentley","1879","Originally serialized in <i>MP</i> (July 1877-October 1879)."
"879","Weber","","Alice","","<i>At Sixes and Sevens</i>","1","London: Mozley & Smith","1877","This was a sequel to the writer\'s [[otherbook:855]\'I Wonder Why\'], which appeared in <i>MP</i> (1874) but not separately."
"880","Peard","","Frances Mary","","<i>Unawares: A Story of an old French Town</i> ","1","London: Smith, Elder","1870",""
"881","Peard","","Frances Mary","","<i>The Rose Garden</i>","1","London: Smith, Elder","1872",""
"882","Thynne","","Harriet Frances","","<i>Off the Line</i>","1","London: Hurst & Blackett","1867",""
"883","Thynne","","Harriet Frances","","<i>Colonel Fortescue\'s Daughter</i>","3","London: Hurst & Blackett","1868",""
"884","Freeman","","Edward Augustus","","<i>Historical Essays</i>","4","London: Macmillan","1871-1892",""
"885","Bramston","","Mary Eliza","","<i>Ralph and Bruno</i>","2","London: Macmillan","1875",""
"886","Sibley","","John Langdon","","<i>Biographical Sketches of Graduates of Harvard University in Cambridge, Massachusetts</i> ","3","Cambridge, Mass.: Sever","1873",""
"887","Sewell","","Elizabeth Missing","","\'Causes of the French Revolution\' ","1","<i>MP</i> ns 24 (November 1877) 403-414, and (December 1877) 519-30. ","1877","See also [[person:1301]Elizabeth Sewell]."
"888","Tyrwhitt","The Rev.","Richard St. John","","\'The Basilica\'","1","<i>MP</i>, (January 1878-July 1880).","1878-1880",""
"889","Carter Smith","","Ann Maria","","<i>Regent Rosalind: A Story</i>","1","London: Tinsley","1878","Described as by the author of \'The Wynnes\', and the preface signed A. C. D.."
"890","Wordsworth","","Elizabeth","","<i>Ebb and Flow, or, He did his best:  A Story of Five Years Ago</i>","2","London: Smith","1883","Published pseudonymously under the name \'Grant Lloyd\'. "
"891","Callcott","","Maria, Lady","","<i>A Short History of Spain</i>","2","London: Murray","1828",""
"892","Perez de Hyta","","Gines","","<i>Historia de los vandos de los Zegries y Abencerrages caualleros moros de Granada, de las ciuiles guerras</i> ","1","Saragossa","1595",""
"893","Irving","","Washington","","<i>The Alhambra</i>","2","London: Colburn and Bentley","1832",""
"894","Longfellow","","Henry Wadsworth","","<i>Outre-mer: A Pilgrimage beyond the Sea</i>","2","Boston: Hilliard","1833-1834",""
"895","Ebers","","Georg","","<i>Uarda: A Romance of Ancient Egypt</i>, translated from German by Clara Bell","2","Leipzig: Tauchnitz","1877","First published in German, Stuttgart 1877."
"896","O\'Brien","","Constance","","\'Shakespeare Talks with Uncritical People\'","1","<i>MP</i> (January-July 1878)","1878",""
"897","Lockhart","","John Gibson","","<i>Ancient Spanish Ballads, historical and romantic</i> Translated by J. G. Lockhart","1","Edinburgh: Blackwood and Cadell","1823","
"
"898","Goldsmith","","Oliver","","<i>The Good Natur\'d Man</i>","1","London: Griffin","1768","The play was first performed in the same year."
"899","Charlesworth","","Maria Louisa","","<i>The Old Looking-Glass, or, Mrs Dorothy Cope’s Recollections of Service</i> ","1","London: Seeley","1878 [1877]",""
"900","","","","","\'Miss Yonge\'s History of Christian Names\' ","1","<i>Saturday Review</i> (11 July 1863), 58-60","1863",""
"901","Osborn","","Robert Durie","","<i>Islam under the Arabs</i>","1","London: Longman","1876",""
"902","Coleridge","","Christabel","","<i>An English Squire: A Novel</i>","3","London: Sampson Low","1881",""
"903","Arnold","","Matthew","","<i>Schools and Universities on the Continent</i>","1","London: Macmillan","1868",""
"904","Villari","","Linda","","\'A Summer in the Appenines\'","1","<i>MP</i> (July -December 1878).","1878",""
"905","Ridding","","Laura","","<i>Sophia Matilda Palmer, Comtesse de Franqueville 1852-1915</i>","1","London: Murray","1919",""
"906","Macgregor","","Cecilia","","\'Chapters on Early Church History\'","1","<i>MP</i> (September 1878) 210-6","1878","Only one chapter ever appeared."
"907","Habberton","","John","","<i>Helen\'s Babies, with some Account of their Ways Innocent, Crafty, Angelic, Impish, Witching, and Repulsive . . . by their Latest Victim</i>","1","Boston: Loring","1876","

"
"908","Bramston","","Mary Eliza","","<i>The Snowball Society: A Story for Children</i>","1","London: SPCK","1877",""
"909","Alldridge","","Lizzie","","<i>Clare: A Narrative in one Volume</i>","1","London: Marcus Ward","1878","This appeared in the publisher\'s \'Bluebell\' series, alongside CMY\'s [[cmybook:125]<i>The Disturbing Element</i>]."
"910","Dozy","","Reinhart","","<i>Recherches sur l’histoire politique et littéraire de l’Espagne pendant le moyen age </i>","1","Leyden: Brill","1849","
"
"911","Aulnoy","","Marie Catherine, Comtesse d\'","","<i>Contes Nouveaux</i>","1","Paris","1715",""
"912","Dahn","","Felix","","<i>Die Könige der Germanen : Das Wesen des ältesten Königthums der germanischen Stämme und seine Geschichte bis auf die Feudalzeit</i>","6","Munich, Wurzburg:","1861-1871","
"
"913","Bigg Wither","The Rev.","Reginald","","<i>History of the foundation and of the chief incidents in the gradual establishment of St. Thomas\' Home, Basingstoke, the Winchester Diocesan Penitentiary for Friendless and Fallen Women</i>","1","Basingstoke: Jacob","1887",""
"914","Nichol","","John","","<i>English Composition</i> ","1","London: Macmillan","","It appeared in Macmillan\'s \'Literature Primers\' series, edited, like the \'History Primers\' to which CMY contributed, by John Richard Green."
"915","Ornsby","The Rev. Canon","George","","<i>Diocesan Histories: York</i>","1","London: SPCK","1882",""
"916","De Witt","","Henriette Elizabeth","","<i>En Quarantaine: jeux et récits</i>","1","Paris: Bibliothèque rose illustrée","1878",""
"917","Villari","","Linda","","\'The Angel of Viareggio: A Tale of Child-Life in Italy\'","1","<i>MP</i> (January-July 1880)","1880","Not separately published under this title."
"918","Church","The Rev.","Richard William","","<i>Spenser</i>","1","London: Macmillan","1879","This appeared in Macmillan\'s \'Men of Letters\' series."
"919","Shairp","","John Campbell","","<i>Burns</i>","1","London: Macmillan","1879","This appeared in Macmillan\'s \'Men of Letters\' series."
"920","Pascoe","","Charlotte Champion","","<i>Walks about St. Hilary, chiefly among the Poor</i>","1","Penzance: Beare","1879","edited by Charlotte Rogers and Mary Rogers"
"921","Warren","","Susanna","","<i>Stories for the Saints’ Days</i>","1","London: SPCK","1873","This appeared under the initials \'S.W.\'.  It had originally been published in the <i>Monthly Paper of Sunday Teaching</i>."
"922","Blackstone","","Margaret","","<i>The Prophet Daniel Explained, in a Series of Readings for Young Persons</i>","2","London: Mozley","1873-1874","This originally appeared in the <i>Monthly Paper of Sunday Teaching</i>.  It was a translation of François Samuel Louis Gaussen, <i>Daniel le prophète, exposé dans une suite de leçons</i> 2 vols (Paris: Librairie protestante 1848-1850)."
"923","Freeman","","Edward Augustus","","<i>History of the Cathedral Church of Wells</i>","1","London: Macmillan","1870",""
"924","Lindsay","","Thomas M. ","","\'Scotch Students at Oxford Five Hundred Years Ago\'","1","<i>Macmillan\'s Magazine</i> 22 (July 1870) 230.","1870",""
"925","How","The Rt. Rev.","William Walsham","","\'Told at a Village Inn to a Naturalists\' Field Club on a Wet Day (Founded on a Fact)\'","1","<i>MP</i> (February 1885), 101-9.","","Signed \'William Walsham Bedford\', and by the Rt. Rev. William Walsham How, suffragan Bishop of Bedford."
"926","Neale","","John Mason","","<i>Songs and Ballads for Manufacturers</i> ","1","London: Burns","1846",""
"927","Neale","","John Mason","","<i>Stories from Heathen Mythology and Greek History for the Use of Christian Children</i>","1","London: Masters","1847",""
"928","Thrupp","","Joseph Francis","","<i>An Introduction to the Study and Use of the Psalms</i>","2","London: Macmillan","1860",""
"929","Palgrave","","Francis Turner","","<i>The Visions of England</i>","1","London: the Author","1880",""
"930","Ingelow","","Jean","","<i>Don John: A Story</i>","3","London: Sampson Low","1881",""
"932","Wordsworth","","Christopher","(editor)"," <i>The New Testament of our Lord and Saviour Jesus Christ in the original Greek</i>","4","London: Rivington","1856-1860",""
"933","Lecoultre","","Henri","","<i>Sister Augustine, Superior of the Sisters of Charity at the St. Johannis Hospital at Bonn</i>","1","London: Kegan Paul","1880","This was an authorized translation, by Emily Augusta, Lady Durand, of Henri Lecoultre’s German biography of Amalie von Lasaulx (1815-1872).  "
"934","Coleridge","","Christabel","","<i>Kingsworth, or, The Aim of a Life</i>","1","London: Masters","1882","Published by December 1881."
"935","Shirreff","","Emily","and others","<i>Essays on the Kindergarten. Being a selection of lectures read before the London Froebel Society</i> ","1","London: Swan Sonnenschein","1881",""
"936","Carter Smith","","Ann Maria","","‘A Little Less than Kin and More than Kind’ ","1","<i>MP</i>  (April-June 1882)","1882",""
"937","Trollope","","Anthony","","<i>Dr. Thorne: A Novel</i>","3","London: Chapman and Hall","1858",""
"938","Creighton","","Louise","","<i>Life of Edward, the Black Prince</i>","1","London: Rivington","1876",""
"939","James","","G. P. R.","","<i>History of Edward the Black Prince and of various events connected therewith, which occurred during the reign of Edward III, King of England</i>","2","London: Longman","1836",""
"940","Coleridge","","Christabel","","\'The Makers of Mulling\'","1","<i>MP</i> (Christmas 1882), 30-39","1882",""
"941","Cowper","","William",""," <i>The Life and Posthumous Writings  of William Cowper</i>","3","Chichester: Johnson","1803-1804","	"
"942","Coleridge","","Christabel","","\'A Knight\'s Honour</i>","1","<i>MP</i> (Christmas 1881) 12-20","1881",""
"943","","","","","\'The Gentleman\'s Gentleman\'","1","<i>MP</i> (Christmas 1881), 222-236.","1881",""
"944","Awdry","","Frances","","\'Lucy\'s Romance\'","1","<i>MP</i> (Christmas 1881), 197-211","1881",""
"945","","","","","\'Le Petit Monsieur Ali\'","1","<i>MP</i> (Christmas 1881), 128-134","1881",""
"946","Wilbraham","","Frances M.","","\'True to Life\'","1","<i>MP</i> (Christmas 1881), 64-81","1881",""
"947","","","","","<i>My Paul and Virginia: A Story of Some Incidents in the life of two American Children</i>","1","<i>MP</i> (July 1881-February 1882)","1881-1882","\'Copyrighted in America\', according to <i>MP</i>, but it does not seem to have appeared in volume form in either the U.S. or Britain."
"948","","","","","\'A Christmas Tree at a Workhouse\' ","1","<i>MP</i> 3rd series 2 (December 1881) 609-612.","1881",""
"949","Ewing","","Juliana Horatia","","<i>The Story of a Short Life</i>","1","London: SPCK","1882",""
"950","","","","","‘Workhouse Orphans\'","1","<i>MP</i> (July 1882)","83-88",""
"952","Oswald","","Elizabeth Jane","","<i>By Fell and Fjord, or, Scenes and Studies in Iceland</i>","1","Edinburgh: Blackwood","1882",""
"953","Leader","","John Daniel","","<i>Mary, Queen of Scots, in Captivity: A Narrative of Events from January 1569 to December, 1584, etc.</i>","1","Sheffield: Leader","1880",""
"954","Price","","Eleanor C.","","<i>Valentina: A Sketch</i>","1","London: Chatto & Windus","1882",""
"955","Price","","Eleanor C.","","<i>A Lost Battle</i>","2","Edinburgh: Douglas","1878",""
"956","Lee","","Mary Susanna","and Catherine Harriet Lee","<i>Rosamond Fane, or, The Prisoners of St. James\'s</i>","1","London: Griffith and Farran","1870",""
"957","Carter Smith","","Ann Maria","","\'The Tramp of Many Feet\'","1","","","This story, whose heroines were named Dorothea and Dulcibella, was serialized in the <i>Churchman\'s Companion</i> 1883-4, but does not appear to have been published in volume form."
"958","Bussell","","Euphemia E. G.","","‘A Brief Memoir of the late Mrs Anne Elinor Prevost’","1","<i>MP</i> (April 1883) 380-4","1883",""
"959","Carter Smith","","Ann Maria","","\'Delicia Darling: A Kentish Medley\'","1","<i>MP</i> (August 1886), 129-146","1886",""
"960","Price","","Eleanor C.","","<i>A Loyal Mind</i>","1","London: Remington","1889","Originally serialized in <i>MP</i> (July 1882-December 1883)."
"961","Freytag","","Gustav","","<i>Bilder aus der deutschen Vergangenheit</i>","5","Leipzig: Hirzel","  1859-1867","
 "
"962","Thring","","Edward","","<i>Theory and Practice of Teaching</i>","1","Cambridge: Cambridge University Press","1883",""
"963","","","","","\'The Frasers\' Friend\' ","1","<i>MP</i> (June 1885), 503-12.","1885",""
"964","Coleridge","","Christabel","","\'A Lot with a Crook in it\'","1","<i>MP</i> (January 1884-May 1885)","1884-1885",""
"965","Price","","Eleanor C.","","<i>The Foreigners: A Novel</i>","3","London: Chatto & Windus","1883",""
"966","","","","","\'Letters from the Soudan\'","1","<i>MP</i> (March-June 1885)","1885","Evidently written by an officer in the South Staffordshire Regiment."
"967","Gordon Cumming","","Constance Frederica","","<i>Via Cornwall to Egypt</i>","1","London: Chatto & Windus","1885",""
"968","Besant","","Walter","","<i>The Life and Achievements of Edward Henry Palmer, late Lord Almoner\'s professor of Arabic in the University of Cambridge and fellow of Saint John\'s College</i>","1","London: Murray","1883",""
"969","Sewell","","Elizabeth Missing","","<i>Letters on Daily Life</i>","1","London: Walter Smith","1885","Originally published in <i>MP</i> (January 1883-June 1884).

See also [[person:1301]Elizabeth Sewell]."
"970","Gordon Cumming","","Constance Frederica","","<i>Granite Crags</i>","1","Edinburgh: Blackwood","1884","A travel book about California."
"971","Gordon Cumming","","Constance Frederica","","\'Cawnpore and Lucknow\'","1","<i>MP</i> (October 1884), 358-376.","1884",""
"972","James","","Henry ","","The Author of “Beltraffio”’ ","1","<i>English Illustrated Magazine</i> 1 (June-July 1884), 563-73, 628-39.","1884","Reprinted in the collections <i>The Author of \'Beltraffio\'</i> (Boston: Osgood 1885) and <i>Stories Revived</i> (London: Macmillan 1885).



"
"973","du Maurier","","George","","‘Der Tod als Freund: A Poem. (from the French of Madame Necker)’","1","<i>English Illustrated Magazine</i> (June 1884) 541.","",""
"974","Bolland","","Jean","<i>et al.</i>","<i>Acta Sanctorum</i>","68","Antwerp and Brussels: Societe des Bollandistes","1643-1940",""
"975","Mallock","","W. H.","","<i>Atheism and the Value of Life: Five Studies in Contemporary Literature</i>","1","London: Bentley","1884",""
"976","Froude","","James Anthony","","<i>History of the First Forty Years of Carlyle’s Life</i>","2","London: Longman","1882",""
"977","Froude","","James Anthony",""," <i>History of Carlyle’s Life in London</i>","2","London: Longman","1884",""
"978","Shorthouse","","Joseph Henry","","<i>The Little Schoolmaster Mark: A Spiritual Romance</i>","2","London: Macmillan","1884-1885",""
"979","Blackburne","","Gertrude Mary Ireland","","\'A Conversation on Books\' ","1"," <i>MP</i> (April 1885), 368-75.","1885","A review of J. H. Shorthouse, [[otherbook:978]<i>The Little Schoolmaster Mark</i>] (1885)."
"980","Trench","","Maria","","\'A Conversation on Books\'","1","  <i>MP</i> (March 1885), 284-94.","1885","A review of Richard Chenevix Trench, [[otherbook:981]<i>Brief Thoughts and Meditations on some passages in Holy Scripture</i>] (1884)."
"981","Chenevix-Trench","","Richard","","<i>Brief Thoughts and Meditations on some passages in Holy Scripture</i>","1","London: Macmillan","1884",""
"982","Hawthorne","","Nathaniel","","<i>Passages from the American note-books of Nathaniel Hawthorne</i>","2","London: Smith, Elder","1868","	 Hawthorne, Nathaniel,  1804-1864.
Title details:	

Published:	London : Smith, Elder and Co., 1868. "
"983","Eliot","","George","","<i>Adam Bede</i>","2","Edinburgh: Blackwood","1859",""
"984","Eliot","","George","","<i>Romola</i>","3","London: Smith, Elder","1863",""
"985","Tyrwhitt","The Rev.","Richard St. John","","<i>The Natural Theology of Natural Beauty</i>","1","London: SPCK","1882","Originally published in <i>MP</i> (January, April 1881)."
"986","Bede","","","","<i>Historia ecclesiastica gentis Anglorum</i>","1","","8th century AD",""
"987","Ewing","","Juliana Horatia","","\'A Bit of Green\'","1","<i>MP</i> (July 1861) 80-92.","1861","Signed J. J. G.. Reprinted in Ewing\'s [[otherbook:330]<i>Melchior\'s Dream and Other Tales</i>] (1862). "
"988","Ewing","","Juliana Horatia","","\'The Blackbird\'s Nest\'","1","<i>MP</i> (August 1861), 188-198.","1861","Signed J. H. G..  Reprinted in Ewing\'s [[otherbook:330]<i>Melchior\'s Dream and Other Tales</i>] (1862)"
"989","Gatty","","Horatia K. F.","","<i>Juliana Horatia Ewing and Her Books</i>","1","London: SPCK","1885",""
"990","Gordon Cumming","","Constance Frederica","","‘The Rabbit Plague in Australasia’ ","1","<i>MP</i> (July 1886), 58-69.","1886",""
"991","Rundle Charles","","Elizabeth","","<i>Three Martyrs of the Nineteenth Century: Studies from the Lives of Livingstone, Gordon, and Patteson</i>","1","London: SPCK","2885",""
"992","Browne","","Harriet","","<i>Memoir of the life and writings of Mrs Hemans</i> By her sister.","1","Edinburgh: Blackwood","1840",""
"993","Molesworth","","Mary Louisa","","\'One Sunday Morning\' ","1","<i>MP</i> (April 1886), 327-37","1886",""
"994"," Lesage ","","Alain-René","","<i>Histoire de Gil Blas de Santillane</i>","4","Paris: Ribou","1715-1735",""
"995","Farrer","","Henrietta","","<i>Life of Robert Gray, Bishop of Cape Town</i> ","2","London: Rivington","1876",""
"996","Bramston","","Mary Eliza?","","‘The Modern Girl’","1"," <i>MP</i>  (February 1886), 191-2","1886","Signed ‘Middleage’, and the work of [[person:198]Mary Eliza Bramston], or less probably, her half-sister Anna Rachel Bramston. "
"997","Wilford","","Florence","","<i>Tender and True</i>","1","London: SPCK","1882",""
"998","Molesworth","","Mary Louisa",""," \'Felix, an outcast\' (from the French of Madame de Pressensé)","1","<i>MP</i> (December 1886), 568-571.","1886",""
"999","Molesworth","","Mary Louisa","","<i>\'Carrots\': Just a Little Boy</i>","1","London: Macmillan","1876",""
"1000","Coleridge","","Christabel Rose","","<i>A Plunge into Troubled Waters, or, Scenes of Modern Parochial Life</i>","1","London: Walter Smith","1888",""
"1001","Martin","Sir","Theodore","","<i>The Life of His Royal Highness the Prince Consort</i>","5","London: Smith, Elder","1874-1880",""
"1002","Greville","","Charles","","<i>A Journal of the Reign of Queen Victoria from 1837-1852</i>","3","London: Longman","1855",""
"1003","Fox","","Caroline",""," <i>Memories of Old Friends</i> ","1","London: Smith, Elder","1882",""
"1004","Craik","","Dinah Maria","","<i>The Fairy Book: The Best Popular Fairy Stories Selected and Rendered Anew</i>","1","London: Macmillan","1863",""
"1005","Latimer","","Elizabeth (Wormeley)","","<i>Familiar talks on some of Shakespeare\'s Comedies</i>","1","Boston: Roberts","1886",""
"1006","Drayton","","Michael","","<i>Poly-Olbion, or, A Chorographicall Description of Tracts, Riuers, Mountaines, Forests, and other parts of this Renowned Isle of Great Britaine</i>","1","London: Lownes","1613","A continuation was published in 1622.

"
"1007","Drayton","","Michael","","<i>The Battaile of Agincourt . . . Nimphidia, the Court of Fayrie . . . </i>","1","London: Lee","1627",""
"1008","Albemarle","","The Earl of","","<i>Fifty Years of My Life</i>","2","London: Macmillan","1876","
<br/>"
"1009","Victoria, Queen of Great Britain","","","","<i>Leaves from the Journal of our Life in the Highlands</i>","2","London: Smith, Elder","1868",""
"1010","Alice Maud Mary, Princess of Great Britain","","","","<i>Alice, Grand Duchess of Hesse, Princess of Great Britain and Ireland: Biographical Sketch and Letters</i> ","1","London: Murray","1884",""
"1011","Bloomfield","","Georgiana, Lady","","<i>Reminiscences of Court and Diplomatic Life</i>","2","London: Trench","1883",""
"1012"," Bunsen","","Frances, Baroness von","","<i>The Life and Letters of Frances, Baroness Bunsen</i>, ed. A.J.C. Hare ","2","London: Daldy","1878","
"
"1013","Irving","","Joseph","","<i>The Annals of our Time: A Diurnal of Events, Social and Political, Home and Foreign, from the Accession of Queen Victoria . . . to the Peace of Versailles</i>  ","1","London: Macmillan","1880","It is presumed CMY refers to this edition, described as \'carefully revised\'.  Supplements to this reference book were also published, however."
"1014","Keary","","Anna Maria",""," \'The Cousins and their Friends\' ","1"," <i>Aunt Judy\'s Magazine</i> (May 1866-December 1867)","1866-1867","Published as by the author of <i>Sidney Grey</i>."
"1015","La Faye","","Jean Baptiste de la","","<i>Voyage pour la redemption des captifs aux royaumes d\'Alger et de Tunis, fait en 1720</i>","1","Paris: Sevestre","1721",""
"1016","Molesworth","","Mary Louisa","","<i>Summer Stories for Boys and Girls</i>","1","London: Macmillan","1882",""
"1017","Molesworth","","Mary Louisa","","<i>A Charge Fulfilled</i>","1","London: SPCK","1886","
"
"1018","Molesworth","","Mary Louisa","","<i>Us: An Old-Fashioned Story</i>","1","London: Macmillan","1885",""
"1019","Roberts","","Arthur","(editor)","<i>Mendip Annals, or, A Narrative of the Charitable Labours of Hannah and Martha More in their neighbourhood, being the journal of Martha More</i>","1","London: Nisbet","1859",""
"1020","Moberly","","A.","","<i>Lady Valeria: A Novel</i>","3","London: Bentley","1886",""
"1021","White","","J.T.","","<i>A History of Torquay</i>","1","Torquay: the Directory","1878",""
"1022","Benson","","Arthur Christopher","","<i>Memoirs of Arthur Hamilton</i> ed. \'Christopher Carr\' ","1","London: Kegan Paul","1886",""
"1023","King","","Harriet","","<i>The Sermon in the Hospital</i> ","1","London: Kegan Paul","1887",""
"1024","Lee","","Mary and Catherine","","<i>Goldhanger Woods: A Child\'s Romance</i>","1","London: National Society","1886",""
"1025","Gift","","Theo","","<i>Victims</i>","3","London: Hurst and Blackett","1887","The author\'s name was really Dora Havers, afterwards Boulger."
"1026","Whitney","","Adeline Dutton Train","","<i>Bonnyborough: A New England Story</i>","1","Boston: Houghton Mifflin","1885",""
"1027","Coleridge","","Christabel Rose","","\'Diamond cut diamond\'","1","<i>MP</i> (Christmas 1886), 29-41.","1886",""
"1028","Sewell","","Elizabeth Missing","","\'Family Traditions\'","1","<i>MP</i>  (July 1887), 56-63.","1887","See also [[person:1301]Elizabeth Sewell]."
"1029","Carte","The Rev.","Thomas","","<i>A General History of England</i>","4","London: Hodges","1747-1755","	 "
"1030","Pepys","","Samuel","","<i>An Account of the Preservation of King Charles II after the battle of Worcester</i>","1","London: Sandby","1766",""
"1031","Knight","","Charles","","<i>The Popular History of England</i>","8","London: Bradbury, Evans","1856-1862",""
"1032","Swinburne","","Algernon Charles","","<i>The Swinburne Letters</i> edited by Cecil Y. Lang","6","New Haven, Conn.: Yale University Press","1959-1962",""
"1033","Hardy ","","Thomas","","<i>Collected Letters of Thomas Hardy</i> ed. R. L. Purdy and Michael Millgate","7","Oxford: Clarendon Press","1978-1988",""
"1034","Besson","","Louis François","","<i>Frederick Francis Xavier de Mérode, his Life and Works</i> Translated by Lady Herbert","1","London: Allen","1887",""
"1035","Cuthbert","","Elizabeth","","<i>In St. Peter’s Shadow</i>","1","Woking: St. Peter\'s","1994",""
"1036","Roberts","","William","","<i>Memoirs of the Life and Correspondence of Mrs Hannah More</i>","4","London: Seeley","1834",""
"1037","Wilberforce","","Robert Isaac","and Samuel Wilberforce","<i>The Life of William Wilberforce</i>","5","London: Murray","1838",""
"1038","Weber","","Alice","","<i>Angela: A Sketch</i>","1","London: Walter Smith","1888","Originally published in <i>MP</i> (January-September 1888)."
"1039","Dempster","","Charlotte Louisa Hawkins","","\'A Georgian Princess\'","1","<i>MP</i> (January-May 1888)","1888",""
"1040","Dempster","","Charlotte Louisa Hawkins","","<i>Véra </i>","1","London: Smith, Elder","1871",""
"1041","Hills","","W. Jeffreys","","\'Papers on Rome\'","1","<i>MP</i> (January, February 1888)","1888",""
"1042","Pollard","","Alfred William","","\'English Miracle-Plays\'","1","<i>MP</i> (January 1888) 79-86.","1888",""
"1043","Gaye","","Selina","","\'Thoughts on the Conversion and Apostleship of S. Paul\'","1","<i>MP</i> (January 1888), 45-50.","","Signed \'S. G.\'."
"1044","Knatchbull-Hugessen","","Eva","","\'Papers on English Literature\'","1","<i>MP</i> (July 1888-June 1889)","1888-1889",""
"1045","Coleridge","","Christabel Rose","","\'Debatable Ground\'","1","<i>MP</i> (May 1886-January 1894)","1886-1894","This was a long-running essay competition organized by Christabel Coleridge."
"1046","Morgan","","Georgina","","\'Padre Agostino da Montefeltro\'","1","<i>MP</i> (February 1888), 185-6.","1888","Unsigned, but attributed by CMY."
"1047","Cazenove","","Annie Louise","","\'Sunday in a Workhouse Infirmary\'","1","<i>MP</i> (February 1888), 187-190.","1888",""
"1048","Bramston","","Mary Eliza","","\'Mother Carey and the Leaves (with apologies to the \'Water-babies\'.)","1","<i>MP</i> (February 1888) 190-2.","1888",""
"1049","","","","","<i>Girls: Their Work and Influence</i>","1","London: Skeffington","1877",""
"1050","Baker","","Amy Susan, Lady","","<i>Half-Hours with my Girls, or, ‘Talks about anything\'</i>","1","London: Hatchards","1879","
<br/>[[footnote:5]]Esmé Stuart [Amélie Leroy], <i>For Half a Crown</i>. National Society, 1887.
<br/>[[footnote:6]]Mary E. Palgrave <i>A Promise Kept</i>. National Society, 1887."
"1051","Stuart","","Esmé","","<i>For Half a Crown</i>","1","London: National Society","1887","Pseudonym of Amélie Leroy. "
"1052","Palgrave","","Mary E.","","<i>A Promise Kept</i>","1","London: National Society","1887",""
"1053","Cresswell","","Beatrix Feodore","","<i>The Royal Progress of King Pepito</i>","1","London: SPCK","1889","The author\'s name is spelt Beatrice in some catalogues."
"1054","Rosenthal","The Rev.","Michael","","<i>Isaiah and the Unity of his Prophecy:  Two Advent Lectures</i> ","1","London: Skeffington","1888",""
"1055","Trimmer","","Sarah","","<i>Sacred History, selected from the Scriptures, with Annotations and Reflections suited to the Comprehension of Young Minds</i>","6","London: Dodsley","1782-1785",""
"1057","Mavor","The Rev.","William","","<i>The English Spelling Book</i>","1","London: Phillips","1801",""
"1058","Turner","","Elizabeth","","<i>The Daisy, or, Cautionary Stories in Verse adapted to the Ideas of Children from Four to Eight Years Old</i> ","1","London: Harris","1807",""
"1059","Brougham ","","Catherine Anna Mona","","\'Early Recollections\'","1","<i>MP</i> (June 1888), 577-582.","1888",""
"1060","Bussell","","Euphemia E. G.","","\'The \\""One Grief\\"", or, Annals of an Irish Strawberry Girl\'","1","<i>MP</i> (June 1888), 577-582.","1888",""
"1061","Lefroy","","","","<i>Miss Margery’s Ways</i>","1","London: Smith and Innes","1887","
  "
"1062","Oswald","","Elizabeth Jane","","<i>The Dragon of the North: A Tale of the Normans in Italy</i>","1","London: Seeley","1887",""
"1063","Glaister","","Elizabeth","","<i>Bernard and Marcia: A Story of Middle Age</i>","3","London: Hurst and Blackett","1888",""
"1064","Stuart",""," Esmé ","","<i>Joan Vellacot</i> ","3","London: Bentley","1888","Pseudonym of Amélie Leroy. "
"1065","Osborne","","Dorothy","","<i>The Letters from Dorothy Osborne to Sir William Temple, 1682-54</i> ed. E. A. Parry","1","London: Griffith and Farran","1888",""
"1066","Scudéry","","Madeleine de","","<i>Artamene, ou, Le grand Cyrus</i>","10","Paris: Courbé","1749-1753",""
"1067","Stephenson","","Eliza","","<i>A Double Wedding</i>","3","London: Hurst and Blackett","1888",""
"1068","Crompton","","Frances Eliza","","<i>Friday\'s Child</i>","1","London: Smith and Innes","1889","Originally published, under the pseudonym \'Frances\', in <i>MP</i> (Christmas 1888), 1-47."
"1069","Schreiner","","Olive","","<i>The Story of an African Farm</i>","2","London: Chapman and Hall","1883","Published under the pseudonym \'Ralph Iron\'."
"1070","Whitaker","","Evelyn","","<i>Tip Cat</i>","1","London: Walter Smith","1884",""
"1071","Whitaker","","Evelyn","","<i>Our Little Ann</i>","1","London: Walter Smith","1885",""
"1072","Whitaker","","Evelyn","","<i>Pen</i>","1","London: Smith and Innes","1888",""
"1073","Levy","","Amy","","<i>Reuben Sachs: A Sketch</i>","1","London: Macmillan","1888",""
"1074","Goodwin","The Rt. Rev.","Harvey","","<i>The Foundations of the Creed</i>","1","London: Murray","1889",""
"1075","Durton","","Miss","","\'Ottavia\' ","1","<i>MP</i>  (July 1887),  87-96.","1887","Published under the pseudonym \'E.Vere\'."
"1076","Durton","","Miss","","\'A Good Friday Procession at Grassina\'  ","1","<i>MP</i> (April 1890) 371-6.","1890","Published under the pseudonym \'E.Vere\'. "
"1077","Dickens","","Charles","","<i>The Life and Adventures of Martin Chuzzlewit</i>","1","London: Chapman and Hall","1843-1844",""
"1078","Watts","The Rev. Dr","Isaac","","<i>Divine Songs, attempted in Easy Language  for the Use of Children</i>","1","London: Lawrence","1715",""
"1079","Rundle Charles","","Elizabeth","","<i>Against the Stream : The Story of An Heroic Age in England</i>","3","London: Strahan","1873",""
"1080","Rundle Charles","","Elizabeth","","<i>Chronicles of the Schonberg Cotta Family</i>","1","London: Nelson","1864",""
"1081","More","","Hannah","","<i>The History of Diligent Dick, or, Truth Will Out, though it be Hid in a Well</i>","1","London: Evans","1829?","One of the Cheap Repository Tracts."
"1082","More","","Hannah","","<i>The History of Hester Wilmot, or, The New Gown</i>","1","London: Marshall","1796",""
"1083","More ","","Hannah","","<i>Black Giles, the Poacher, with some Account of a Family who had rather live by their Wits than their Work</i>","1","London: Marshall","1796","One of the Cheap Repository Tracts"
"1084","Browne","The Rt. Rev.","Edward Harold","","<i>The Pentateuch and the Elohistic Psalms,  in reply to Bishop Colenso: five lectures delivered in the University of Cambridge</i>","1","London: Longman","1864",""
"1085","Gaye","","Selina","","\'A Storm in a Tea-Cup\'","1","<i>MP</i> (July 1889-June 1890).","1889-1890",""
"1086","Heathcote","","Grace","","\'A Guiding Principle in Art\'","1","<i>MP</i> (August 1889), 169-178.","1889",""
"1087","Leigh-Fry","","E. N.","","<i>Shreds and Patches, or, Passages from the Lives of the Molyneuxes</i>","1","London: Smith and Innes","1890","Pseudonym of Ella Napier Lefroy."
"1088","Necker de Saussure","","Albertine Adrienne","","<i>L’Éducation progressive, ou, Étude du cours de la vie</i> ","1","Paris: Sautelet","1828",""
"1089","Sandford","","Elizabeth","","<i>Thomas Poole and His Friends</i> ","2","London: Macmillan","1888",""
"1090","Latimer","","Elizabeth (Wormeley)","","\'The Story of an Elf who Won a Soul\'","1","<i>MP</i> (Christmas 1889), 197-220.","1889",""
"1091","","","","","<i>A New English Dictionary on Historical Principles</i>","12","Oxford: Oxford University Press","1928",""
"1092","Peard","","Frances Mary","","<i>The Blue Dragon</i>","1","London: National Society","1890","
"
"1093","Peard","","Frances Mary","","<i>Paul\'s Sister</i>","3","London: Bentley","1889",""
"1094","Bramston","","Mary Eliza","","<i>The Apples of Sodom</i>","2","London: Walter Smith","1889",""
"1095","Oswald","","Elizabeth Jane","","‘Sketches of Old Norse Literature’","1","<i>MP</i> (January-December 1890)","1890",""
"1096","","","","","<i>The Journal of General Sir Martin Hunter and some letters of his wife Lady Hunter</i> put together by their daughter Miss A. Hunter and Miss Bell ","1","Edinburgh: Edinburgh University Press","1894",""
"1097","Hook","The Very Rev.","Walter Farquhar","","<i>A Church Dictionary</i> ","1","Leeds: Harrison","1840",""
"1098","Peard","","Frances Mary","","<i>Princess Alethea</i>","1","London: Bell","1883","Serialized in <i>Aunt Judy’s Magazine</i> (January-December 1879)."
"1099","Bramston","","Mary Eliza","","<i>The Thorn Fortress: A Tale of the Thirty Years\' War</i>","1","London: SPCK","1879",""
"1100","Guizot","","Francois","","<i>Histoire de la révolution d\'Angleterre depuis l\'avènement de Charles 1er jusqu\'à la restauration de Charles II</i>","2","Paris: Leroux","1826-1827","	"
"1101","Palgrave","","Reginald F. D.",""," \'Carlyle, the \\""pious editor\\"" of Cromwell\'s speeches\'   ","1","<i>National Review</i>  8 (January 1887), 588-604. ","1887",""
"1102","Smedes","","Susan Dabney","","<i>Memorials of a Southern Planter</i>","1","Baltimore: Cushings & Bailey ","1887",""
"1103","Knight","","Charles","(editor)","<i>Old England,  a Pictorial Museum of Regal, Ecclesistical, Baronial, Municipal, and Popular Antiquities</i>","2","London: Knight","1845","
"
"1104","Craik","","George Lillie ","and Charles MacFarlane","<i>The Pictorial History of England: Being a History of the People, as well as a History of the Kingdom</i>","4","London: Knight","1837-1841",""
"1105","","","","","\'In the Fog, or, The Magician Hunt\'","1","<i>MP</i> (Christmas 1878), 102-118.","1878","The writer is described as author of \'Marling Hall\' (a serial contributed anonymously to <i>London Society</i> in 1866) and \'William Hooper\'.  Neither seems to have appeared in volume form."
"1106","Chambers","","Robert","","<i>	 The Book of Days: A Miscellany of Popular Antiquities in Connection with the Calendar</i>","2","London and Edinburgh: Chambers","1862-1864",""
"1107","Ewing","","Juliana Horatia","","‘The blind hermit and the Trinity flower’","1","<i>MP</i> (May 1871), 490-7.","1871",""
"1108","Wilford","","Florence","","<i>A Vantage Ground and Other Stories</i> Reprinted from the <i>Monthly Packet</i> and the <i>Churchman\'s Companion</i>","1","London: Masters","1879",""
"1109","Henderson","The Rev.","William George","","\'Notes on the Folk Lore of the North of England\'","1","<i>MP</i> (February-September 1862)","1862",""
"1110","Lear","","Henrietta Louisa",""," <i>A Dominican Artist: A Sketch of the Life of the Rev. Père Besson of the Order of St. Dominic</i>","1","London: Rivington","1870","See also [[person:859]Henrietta Lear]."
"1111","Strickland","","Agnes","","<i>Lives of the Queens of Scotland and English Princesses</i> ","8","Edinburgh: Blackwood","1850-1859",""
"1112","Lapide","","Cornelius à","","<i>Commentaria in Ezechielem Prophetam</i>","1","Antwerp: Nutius","1621",""
"1113","Vaux","The Rev.","James Edward","","<i>Church Folklore; A Record of some Post-Reformation Usages in the English Church, now mostly Obsolete</i>","1","London: Griffith, Farran","1894"," A second edition, <i>Church Folk Lore . . . Revised and Greatly Enlarged</i> (London: Skeffington, 1902), includes quotation from a letter or letters from CMY."
"1114","Falconer","","Lanoe","","\'Kismet!\'","1","<i>MP</i> (November 1892), 510-521.","1892","The author\'s real name was Mary Elizabeth Hawker."
"1115","March-Phillipps","","Evelyn","","<i>Lanoe Falconer (Author of \\""Mademoiselle Ixe\\"")</i>  ","1","London: Nisbet","1915","A biography of Mary Elizabeth Hawker."
"1116","Beckett","","John","","\'Canon Thomas Taylor of St. Just and the Victoria County History in Cornwall, 1899-1938\' ","1","<i>Journal of the Royal Institution of Cornwall</i> (2011)","2011",""
"1117","Webster","","Noah","","<i>Dr. Webster\'s complete dictionary of the English Language</i> thoroughly revised and improved, by Chauncey A. Goodrich and Noah Porter ","1","London: Bell and Daldy","1864","CMY states (1900) that this was the edition she used.
"
"1118","Bullock","The Rev.","J. F. W.","","<i>Daily Lections for Every Morning and Evening throughout the Year</i>","3","London: Rivington","1902"," In 1902 Bullock published the first three volumes of a projected six volume work called <i>Daily Lections for every Morning and Evening throughout the Year</i> (London: Rivington 1902).  Volume V of this work, described in his preface, was to have consisted of \'Lections on Anglican Worthies, arranged as additional Readings for Sunday\'.  CMY contributed several of these \'Biographies of Eminent Anglicans\', which exist in MS and are catalogued under that name among the Bullock papers in the Bodleian Library, Oxford, but were never published, since no more of the <i>Daily Lections</i> ever appeared. "
"1119","Redgrave","","Elizabeth","","<i>The Word and the Work, or, The Harmony of Scripture with Geological Discoveries</i>","1","London: Mozley","1860","This work was described in \'Hints on Reading\', <i>MP</i> (January 1860), 111, as \'a series of conversations between a clergyman and a mechanic, intended to popularize Hugh Miller\'s views of the Periods of Creation, and to show how they may be reconciled with the Scriptural narrative.\'"
"1120","Dumas","","Alexandre","","<i>Le Comte de Monte-Cristo</i>","18","Paris: Pétion","1844-1845",""
"1121","Cole","","Nina","","<i>Meditations on the Song of Songs</i>","1","London: Hayes","1874",""
"1122","Sinclair","","Catherine","","<i>Holiday House: A Book for the Young</i>","1","Edinburgh: Whyte","1839",""
"1123","Montgomery","","Florence","","<i>Misunderstood: A Tale</i>","1","London: Bentley","1869",""
"1124","Young","","Lily","","<i>Gerald and Dolly: A Story of Two Small People</i>","1","London: Nisbet","1897",""
"1125","Fuller","","Thomas","","<i>The History of the Worthies of England</i>","1","London: J.G.","1662",""
"1126","Fraser Tytler","","Patrick","","<i>Lives of the Scottish Worthies</i>","3","London: Murray","1831-3",""
"1127","Perrault","","Charles","","<i>Les Hommes Illustres qui ont paru en France</i>","1","Paris: Dazallier","1696",""
"1128","Macmillan","The Rev.","Hugh","","<i>Footnotes from the Page of Nature, or, First Forms of Vegetation</i> ","1","Cambridge: Macmillan","1861","According to Alexander Macmillan, the author was a relation of his."
"1129","Kingsley","","Henry","","<i>Silcote of the Silcotes</i>","1","London: Macmillan","1867",""
"1130","De Teisser","","George Frederick","","<i>The House of Prayer, or a Practical exposition of the Order for Morning and Evening Prayer in the Church of England</i>","1","London: Macmillan","1866",""
"1131","Shakespeare","","William","","<i>The Works of William Shakespeare</i>","9","Cambridge: Macmillan","1863-1866",""
"1132","Wilford","","Florence",""," <i>The King of a Day, or, Glimpses of French life in the Fifteenth Century</i>","1","London: Masters","1868",""
"1133","Lloyd","The Rt. Rev.","William","","<i>Holy Bible, with Chronological Dates and Index</i>","1","","1701",""
"1134","Taylor","","Jane","","The Contributions of Q. Q. to a Periodical Work, with some pieces not before published","2","London, Holdsworth","1824",""
