letterInfo_ID,post_ID,letter_date,letter_dbdate,manuscript_location,letter_fromAddress,letter_footnote
3386,3438,Jan 6th 1900,06/01/1900,"MS  West Sussex County Record Office/ Add. 16,944/6",Elderfield Otterbourne,"[[footnote:1]]Catherine Dorset, <i>The Peacock ‘At Home’: A Sequel to The Butterfly’s Ball</i> (London: Harris 1807).

[[footnote:2]]William Caldwell Roscoe, <i>The Butterfly’s Ball and the Grasshopper’s Feast</i>  (London: Harris 1807); Catherine Dorset, <i>The Lion\'s Masquerade: A Sequel to The Peacock at Home</i> (London: Harris 1808); W.B, <i>The Elephant’s Ball  and Grand Fete Champetre</i> (London: Harris 1807).

<br/>"
3387,3439,Jan 16 1900,16/01/1900,"MS Girton College Cambridge, Yonge XIV 3",Elderfield Otterbourne,
3388,3440,Jan 20th [1900],20/01/1900,"MS Girton College Cambridge, Yonge XIII 1[[footnote:1]]",Elderfield Otterbourne Winchester,"[[footnote:1]]Envelope addressed to ‘Mrs Belfield/Malmain/French hay /Bristol and postmarked Winchester 21 January 1900.

[[footnote:2]]The mittens had no doubt been sent to CMY in response to the account in [[cmybook:247]<i>John Keble\'s Parishes</i>] of the connection of the Cromwell and Major families with Hursley.
"
3389,3441,Feb 1st [1900],01/02/1900,MS British Library: Mary Gladstone Papers. Add MSS 46252: 6-7.,Elderfield Otterbourne,"[[footnote:1]]See the letter to Macmillan (3 March 1899).

[[footnote:2]]Rhoda Broughton. <i>Cometh up as a Flower: An Autobiography</i> (London: Richard Bentley 1867), notorious when it first came out for its discussion of sex;  the anecdote must have been recounted as a joke.

[[footnote:3]][[person:189]Reginald] and [[person:183]Cicely Bowles].
"
3390,3442,Feb 2d [1900],02/02/1900,MS Mrs Clare Roels/89,Elderfield,"[[footnote:1]]Coleridge annotates a reference to Rosina (14 May 1900) ‘her kitchen-maid, whom she was preparing for the [[other:211]G. F. S. Reading Union]’.  Rosina Dewsall (b. Lambeth 1881), a housemaid to Maurice Yonge at Elderfield in the 1901 census, is probably referred to here.  CMY\'s novel <i>The Dove in the Eagle\'s Nest</i> was one of the set texts for the Reading Union, and Coleridge may have suggested that the author\'s tuition gave Rosina an advantage.

<br/>"
3391,3443,Feb 3 1900,03/02/1900,MS Mrs Clare Roels/90,Elderfield,"[[footnote:1]]The hymn, whose authorship is disputed, begins ‘I often say my prayers/ But do I ever pray?’.  CMY also cites Keble’s opinion of this verse in [[cmybook:88]<i>Musings Over the Christian Year</i>], xvii (there attributed to Jane Taylor).

[[footnote:2]]The sense of this is that Maude Yonge, wife of CMY\'s nephew Maurice, also has a maid with an exotic name, Eugenie, whose boyfriend is fighting in the Boer War.  "
3392,3444,Feb 12th 1900,12/02/1900,"MS Girton College Cambridge, Yonge XIII 2[[footnote:1]]",Elderfield Otterbourne,"[[footnote:1]]Envelope addressed  ‘Mrs Belfield/Malmain/French hay /Bristol and postmarked Winchester 12 February 1900.

<br/>"
3393,3445,Feb 26 [1900],26/02/1900,MS Mrs Clare Roels/91,,
3394,3446,March 2 [1900],02/03/1900,MS Mrs Clare Roels/92,Elderfield ,"[[footnote:1]]The news of Cronje\'s surrender had caused these celebrations.

[[footnote:2]]Bridget Hildred Vere Awdry (7 November 1892-23 February 1900) was the daughter of the Rev Vere Awdry (1854-1928) and his second wife Mary Louisa Man (d.1908). ‘The boy’ was killed in 1914.  By his third wife the Rev. Vere Awdry was the father of the Rev. Wilbert Vere Awdry (1911-1997), the author of <i>Thomas the Tank Engine</i> (1946) and other works.



<br/>"
3396,3448,March 24 [1900],24/03/1900,MS West Devon Area Record Office,Elderfield,
3395,3447,March 25 [1900],25/03/1900,"MS Princeton University, Parrish Collection",Elderfield,"[[footnote:1]]Perhaps a teacher at Winchester High School.

[[footnote:2]]The reference to Eustacie, a character in <i>The Chaplet of Pearls</i> suggests that the photographs were of the tableaux at St. Swithin\'s on 19 July 1899 in honour of CMY\'s seventieth birthday, but the date indicates that the letter was written in the following year.  "
3402,3454,March 27 [1900],27/03/1900,MS West Devon Area Record Office Acc No 308,Elderfield Otterbourne,[[footnote:1]]General Montgomery Moore had succeeded to the Aldershot command on the departure for South Africa of General Sir Redvers Buller.
3403,3455,March 30th [1900],30/03/1900,MS West Devon Area Record Office Acc No 308,Elderfield,"[[footnote:1]]Ulick was probably Jane’s nephew Major the Hon. James Ulysses Graham Raymond Colborne (1863- 1955), later 4th Lord Seaton.

[[footnote:2]]Piet Joubert (1834-1900), commander of the Transvaal army, and  Paul Kruger (1825-1904) were leaders of the Boers.

<br/>"
3397,3449,April 3d [1900],03/04/1900,MS West Devon Area Record Office Acc No 308,Elderfield,"[[footnote:1]]Grace Yonge (b. 2 April 1900), eldest daughter of the Rev. Charles Burell Yonge (1866-1943) and Catherine Ada Helena Bowen, who had married on 14 June 1899.  His brother Duke Mohun Yonge was married to her sister Sydney Bowen.

<br/>"
3398,3450,April 4th 1900[[footnote:1]],04/04/1900,MS Mrs Clare Roels/93,Elderfield,"[[footnote:1]]The year date could be in another hand.

<br/>"
3399,3451,April 11 [1900],11/04/1900,MS West Devon Area Record Office Ac 1092/21,Elderfield,"[[footnote:1]]Lady Susan (Nelson) Blunt died 8 April 1900.

[[footnote:2]]Frank and Florence were presumably relations of Jane Montgomery Moore, or perhaps of her husband."
3400,3452,April 14th 1900,14/04/1900,"MS Princeton University, Parrish Collection",Elderfield Otterbourne Winchester,[[footnote:1]]This is a letter of condolence on the death of his sister Lady Susan Blunt.
3401,3453,April 23d [1900?],23/04/1900,MS Mrs Clare Roels/94,Elderfield,<br/>
3404,3456,May 2 [1900],02/05/1900,MS West Devon Area Record Office Ac 1092/26,Elderfield,"[[footnote:1]]The sense of this is that since the meeting had been in New Zealand, the Arthur Yonge referred to was more likely to be Arthur Duke Yonge (b. 1820), son of the Rev. Duke Yonge of Antony, rather than CMY’s nephew Francis Arthur Yonge (1861-1919) who had emigrated to Fairfax, Virginia.

[[footnote:2]]Annie Woollcombe’s eighth and youngest son, John Woollcombe (1875-22 April 1900), died serving with the Canadian Contingent in the Boer War.

<br/>"
3405,3457,May 2d 1900,02/05/1900,"MS Princeton University, Parrish Collection[[footnote:1]]",Elderfield  Otterbourne Winchester,"[[footnote:1]]Envelope addressed to \'Mrs Bothamly/ The Crossways/ Bromley\'.

[[footnote:2]]The contribution was evidently to [[other:82]<i>Mothers in Council</i>]."
3406,3458,May 12 [1900],12/05/1900,MS Mrs Clare Roels/95,Elderfield,
3407,3459,May 14 [1900],14/05/1900,"MS Mrs Clare Roels/96.  Printed by Coleridge, [[otherbook:40]<i>Life</i>], 344, and dated by her 1900",Elderfield,"[[footnote:1]]Lias had reviewed <i>Red Pottage</i> unfavourably in <i>Mothers in Council</i>, and Coleridge, who was a friend of its author, admired it.

[[footnote:2]]A letter from \'Edna Lyall\' was published inthe <i>Pall Mall Gazette</i> (24 June 1891), 2, endorsing an appeal for funds to support Bradlaugh\'s surviving daughter, to which she herself subscribed, although she was a pious Anglican and he was a notorious atheist.

[[footnote:3]]Her kitchen-maid, whom she was coaching for the Girls\' Friendly Society Reading Union.

[[footnote:4]]The task was perhaps to paraphrase Tennyson\'s poem \'Crossing the Bar\'"
3408,3460,June 6th [1900],06/06/1900,MS Mrs Clare Roels/97,Elderfield,"[[footnote:1]]In the preface to <i>The Making of a Missionary</i> CMY refers to the murders during the Boxer Rising of the Revv. Brooks, Robinson and Norman.  The last two died near Peking. on 1 June 1900."
3409,3461,June 15 [1900],15/06/1900,MS Mrs Clare Roels/98,Elderfield,"[[footnote:1]]The Earl of Airlie (1856-11 June 1900) was killed at Diamond Hill, Pretoria, during the Boer War;  his widow was born Lady Mabell Gore (d. 1956).
"
3410,3462,June 15 1900,15/06/1900,"MS West Sussex County Record Office/ Add. 16,944/7",Elderfield Otterbourne,"[[footnote:1]]The Rev. Alfred Bertie Hobart-Hampden (1860-1923), rector of Cottered, Herts.  His eldest sister was Sarah Maria Hobart Hampden (d.1939).  Their mother was Jane Awdry (d.1874).

<br/>"
3411,3463,July 9th      [1900],09/07/1900,MS Mrs Clare Roels/99,Elderfield,"[[footnote:1]]Coleridge, [[otherbook:40]<i>Life</i>],  244 states that Vic and Tory were two kittens born on the Queen’s birthday.  She herself had a cat named Oliver Cromwell.

[[footnote:2]The Boxer Rising began in Peking on 20 June 1900.  Georgina Mansfield was a daughter of Frances Yonge\'s sister [[person:616]Louisa Halliday].

[[footnote:3]]Emily Blunt was a teacher at Miss Finlaison’s little school in Otterbourne.

[[footnote:4]]The question of who was to be the next vicar of Tormohun was soon solved by the appointment of the Rev. [[person:747]John Jacob]."
3412,3464,July 17 [1900],17/07/1900,"MS Mrs Clare Roels/100.  Partly printed by Coleridge, [[otherbook:40]<i>Life</i>], 344-5[[footnote:1]]",Elderfield,"[[footnote:1]]Printed up to ‘18 years’ by Coleridge, <i>Life</i>, 344-5, and dated 17 July 1900  The rest struck through with a line in the MS.

[[footnote:2]] Vic and Tory were cats.

[[footnote:3]]As a response to the ‘Boxer’ uprising in Peking on 20 June a six-nation force landed at Tientsin on 14 July, and relieved Peking on 14 August.

[[footnote:4]]Dora and Amy, who seem to have been Miss Finlaison\'s nieces, may possibly have been [[person:759]Elizabeth D. Jenner] and [[person:762]Amabel Jenner].

[[footnote:5]]The Rev. John Jacob had just been appointed Vicar of Tormohun."
3413,3465,July 30th [1900],30/07/1900,MS Mrs Clare Roels/101,Elderfield,"[[footnote:1]]King Umberto of Italy had been assassinated at Monza on 19 July 1900.  His widow Queen Margherita (1851-1926), after whom the pizza was named, was a CMY fan.

[[footnote:2]]Louise (Evans) Cazenove –  had remarried?
"
3414,3466,Aug 1 [1900],01/08/1900,"MS Mrs Clare Roels/102. Printed by Coleridge, [[otherbook:40]<i>Life</i>], 345-6 and dated by her 1900.",Elderfield ,
3415,3467,Aug 14 1900,14/08/1900,"MS Bodleian Library, Oxford: Autogr. d. 22 ff68-70[[footnote:1]] ",Elderfield Otterbourne,[[footnote:1]]Envelope addressed to ‘Mrs Barrett Lennard/ 10 Cranbourne Court / Albert Bridge/ London SW\'.
3416,3468,Aug 24 [1900?],24/08/1900,MS Mrs Clare Roels/103,Elderfield,
3417,3469,Oct 2d [1900],02/10/1900,MS Mrs Clare Roels/104,Elderfield,<br/>
3418,3470,Oct 5 th 1900,05/10/1900,MS Mrs Clare Roels/105,Elderfield,"[[footnote:1]]The Bishop of Exeter, the Rt. Rev. Edward Bickersteth, had retired.

[[footnote:2]][[person:2246]Richard Mallock] had died suddenly on 29 June on a cycling holiday in Scotland.  He lived at Cockington Court, Torquay, with his second wife [[person:945]Emily], a former member of the Gosling Society, and a contemporary of Christabel Coleridge\'s.


"
3420,3472,Oct 9th 1900,09/10/1900,MS Reading University Library 1448/119,Elderfield Otterbourne,
3419,3471,Oct 15 th [1900?],15/10/1900,MS Mrs Clare Roels/106,Elderfield,
3621,19000,[<i>c.</i> 2 December 1900],02/12/1900,"MS location unknown.  Published in the [[other:180]<i>Spectator</i>], 85,  (8 December 1900), 841.","Elderfield, Otterbourne, Winchester.","[[footnote:1]]The letter was printed under the heading \'The Word \\""Desight\\""\', and appeared with the editor\'s reply: 



\'Desight\' is an unusual, if not actually obsolete, word. But the use of [<i>Sic</i>] was certainly unwarrantable, and we gladly offer Miss Yonge our apologies. - ED. <i>Spectator</i>."
3421,3473,Decr 3d [1900],03/12/1900,MS Mrs Clare Roels/107,Elderfield,"[[footnote:1]]Oliver Cromwell was Coleridge\'s cat.

[[footnote:2]]Huggens College, Northfleet, is an Anglican charity founded under the will of John Huggens in 1847, providing almshouses and pensions.

<br/>"
3422,3474,Decr 29th 1900,29/12/1900,MS Hampshire Record Office 9M55 F56/3,Elderfield,"[[footnote:1]]The letters were probably those between Anne Sturges Bourne (cousin of Penelope Packe) and Mary Anne Dyson, now in Hampshire Record Office.
"
3423,3475,Jan 4th 1901,04/01/1901,"MS Princeton University, Parrish Collection",Elderfield Otterbourne,"[[footnote:1]][[otherbook:328]<i>A Chaplet for Charlotte Yonge</i>], 210, states: \'In 1900 it [<i>Last Heartsease Leaves</i>] was printed separately at Bournemouth, in aid of a church restoration fund.\'

<br/>"
3424,3476,Jan 15th 1901,15/01/1901,MS Reading University Library 1448/120,Elderfield Otterbourne,
3425,3477,Jan 29th [1901],29/01/1901,MS Mrs Clare Roels/108[[footnote:1]],Elderfield,"[[footnote:1]]Endorsed in another hand ‘Death of Q. Victoria’ and ‘1901’.



<br/>"
3426,3478,Feb 4th  [1901],04/02/1901,MS Mrs Clare Roels/109,Elderfield,"[[footnote:1]]This is evidently a discussion of the current issue of <i>The Churchwoman</i> (1897-1905), edited by Gertrude Mary Ireland Blackburne (1861-1951).  Mary Morshead was an enthusiastic supporter of [[person:1768]Charles I.]

[[footnote:2]]George  Edward Yonge (1824-1904) was CMY’s first cousin, son of her Eton uncle.  His wife was Lucy Acland and they had no children.  ‘Lottie’ was Charlotte Fortescue Yonge, his niece.

[[footnote:3]]The state funeral of [[person:1694]Queen Victoria] on 2 February 1901.

<br/>"
3427,3479,Febry 15th [1901],15/02/1901,MS Mrs Clare Roels/110,Elderfield,"[[footnote:1]]Mary (1849-1919), queen consort of Bavaria, was the heiress, according to Jacobites, of the Stuart claim to the throne through her descent from Charles II’s sister Minette.  But all the same Edward VII succeeded his mother without widespread protest.

<br/>"
3428,3480,Feb 26th  [1901],26/02/1901,"MS Mrs Clare Roels/111. Printed by Coleridge, [[otherbook:]<i>Life</i>], 346-7 and dated by her 1901.",Elderfield,"[[footnote:1]]Arthur Donald Innes, the former publisher of the <i>Monthly Packet</i> and several books by CMY and Coleridge, had obtained a job in Cassell\'s, where Arthur Butler had also worked.  The firm of Marcus Ward had also recently collapsed."
3429,3481,"February 26, 1901",26/02/1901,"MS location unknown.  Printed in Coleridge, [[otherbook:40]<i>Life</i>], 347","Elderfield, ",
3430,3482,Mar-01,01/03/1901,"MS Seymour Public Library, Auburn, New York[[footnote:1]]",Elderfield Otterbourne Winchester,"[[footnote:1]]The transcription was kindly supplied by Mr Stephen C. Erskine, the Librarian.  If the date is correct it is a very late letter indeed since CMY died on 24 March.  It is uncharacteristic of her to give only the month.

<br/>"
3436,3488,"This fragment printed in Mary J. Harris, 1903. <i>Memoir of Frances Mary Peard</i>, p. 20.	
",19/03/1903,"MS location unknown.
",,
3431,3483,"April 8th [1947-1959)
",08/04/1947,"MS Mr J.H.G.Woollcombe
","42 Springfield Road

Elburton
","[[footnote:1]]Mr J.H.G.Woollcombe, of Hemerdon, Plympton, who is related to CMY, showed this letter to CM.  It was written to his mother by Alethea Yonge (1876-1959), the youngest daughter of the Rev. Duke Yonge  (1823-1881) of Puslinch,  probably in the 1940s or early 1950s.
<br/>"
3468,3520,[not dated by Romanes] [Undated],0000-00-00,"MS location unknown.  Printed in Romanes, [[otherbook:241]<i>Appreciation</i>],  181-2.",,
3683,20143,March 30th,0000-00-00,MS Charlotte Mitchell,Elderfield,"[[footnote:1]]Witham Close was the home in Winchester of Anna Bramston and Amélie Leroy.  Edith Durst was the wife of a canon of Winchester, and had evidently offered a bed or a meal in connection with a meeting or an event."
3443,3495,Undated,0000-00-00,MS Miss Sarah Jardine-Willoughby,,
3480,3532,Undated,0000-00-00,"MS fragment  Princeton University, Parrish Collection",,
3504,3556,Undated,0000-00-00,"MS Harry Ransom Humanities Research Center, University of, Austin",,
3516,3568,Undated,0000-00-00,"MS fragment Harry Ransom Humanities Research Center, University of Texas, Austin",,
3667,19862,unknown,0000-00-00,MS Charlotte Mitchell. ,,
1708,1709,,0000-00-00,,,
1709,1711,,0000-00-00,,,
1710,1713,,0000-00-00,,,
1711,1715,,0000-00-00,,,
1712,1717,,0000-00-00,,,
1713,1719,,0000-00-00,,,
1714,1721,,0000-00-00,,,
1715,1723,,0000-00-00,,,
1716,1726,,0000-00-00,,,
1717,1728,,0000-00-00,,,
1718,1727,,0000-00-00,,,
1719,1730,,0000-00-00,,,
1720,1734,,0000-00-00,,,
1721,1750,,0000-00-00,,,
1722,1753,,0000-00-00,,,
1723,1762,,0000-00-00,,,
1724,1761,,0000-00-00,,,
1725,1773,,0000-00-00,,,
3562,3720,,0000-00-00,,,
3563,3731,,0000-00-00,,,
3564,3733,,0000-00-00,,,
3565,3735,,0000-00-00,,,
3566,3737,,0000-00-00,,,
3567,3740,,0000-00-00,,,
3568,3749,,0000-00-00,,,
3569,3750,,0000-00-00,,,
3570,3757,,0000-00-00,,,
3623,3752,,0000-00-00,,,
3628,19255,,0000-00-00,,,
3633,19328,,0000-00-00,"This fragment printed in Mary J. Harris, 1903. [[otherbook:318]<i>Memoir of Frances Mary Peard</i>],",,[[footnote:1]] Croquet is said to have been first introduced into England in 1856. It could be played on the lawns of private houses with adults and children both sexes joining in the game. It features in Charlotte Yonge\'s [
3681,20108,,0000-00-00,,,
3682,20138,,0000-00-00,MS Charlotte Mitchell,,
3465,3517,Augst 1st [n.y.],0000-08-01,University of Tennessee Special Collections Library,Elderfield,
2880,2932,"July 4, 1834",1834-07-04,"MS location unknown.  Printed in Coleridge, <i>[[otherbook:40]Life]</i>, 123.",Otterbourne,"<br/>[[footnote:1]]CMY’s collection of shells was eventually considerable and she bequeathed it to [[other:50]Winchester College] where it is still (2006) preserved.

<br/>[[footnote:2]]CMY, [[person:1631]WCY], [[person:1606]FMY] and JBY attended the ceremonial installation of the Duke of Wellington (1769-1852) as Chancellor of Oxford University, as guests of Dr. [[person:781]John Collier Jones] (1760-1838), the Rector of Exeter College and Vice-Chancellor of the university, and his wife, WCY’s sister [[person:777]Charlotte],  CMY’s godmother.

<br/>"
2881,2933,[March 1836],1836-03-18,"MS location unknown.  This fragment printed by Coleridge, <i>[[otherbook:40]Life]</i>, 124.",,"[[footnote:1]]F. de Normanville (b. 1770/1), her French and Italian teacher, an émigré from the French Revolution.

<br/>"
2882,2934,[1837],1837-00-00,"MS location unknown.  This fragment printed by Coleridge, <i>Life</i>, 140.",,"[[footnote:1]]This was the story which was afterwards printed and sold as <i>Le Château de Melville</i> (1838).

<br/>"
2883,2935,[?January 1837],1837-01-18,MS Plymouth and West Devon Record Office 308/82,,"[[footnote:1]]Sir Thomas Baring (1772-1848) 2nd Bt., of Stratton Park, which is eight miles north of Winchester.

[[footnote:2]]Edmund and Graham Colborne were the schoolboy sons of John Yonge\'s sister Elizabeth, whose husband was currently Lieutenant-Governor of Upper Canada.  <br/>"
2888,2940,[late December 1838  or early January  1839],1838-01-18,"MS location unknown.  This fragment printed in Coleridge, <i>Life</i> 136-7.",,"[[footnote:1]]JBY was going to be nine on 31 January 1839.

[[footnote:2]]<i>Thoughts in Past Years</i> (1838) by the Rev. [[person:1523]Isaac Williams] (1802-1865), the author of the controversial Tract 80 on ‘Reserve in Communicating Religious Knowledge’, which expressed opinions which were at the heart of the aesthetic and religious ideas CMY was brought up with.

[[footnote:3]]One of the changes which Tractarians brought to Anglican services was the suppression of the familiar metrical versions of the Psalms, in the mid-sixteenth-century translations of Sternhold and Hopkins or the New Version of Tate and Brady (1696), which were condemned as inaccurate.  However Keble’s book, <i>The Psalter, or, Psalms of David in English Verse</i> (1838), never achieved wide circulation, and the custom of chanting the prose Prayer Book translations became widespread.

[[footnote:4]]<i>Le Château de Melville</i> was a frame story, constructed around CMY\'s tale \'The Young Ladies\', into which are inserted her French translations of eight stories from various sources, including Lucy Lyttelton Cameron,  <i>[[otherbook:29]The Faithful Little Girl]</i> (1826),  some version of or sequel to Friedrich Wilhelm Carové, <i>[[otherbook:30]Das Märchen ohne Ende]</i>, and a fairy tale by Catherine Talbot (1721-1770).
"
2884,2936,"August 6, 1838",1838-08-06,"MS location unknown. Printed in Coleridge, <i>[[otherbook:40]Life]</i> 133-6.",,"[[footnote:1]]Sir William Heathcote, 5th Bt. (1801-1881), M. P., whom CMY will ask to frank her letter by writing his name on the envelope.  Before the penny post was started in 1839 peers and M.P.s, whose letters went post free, were constantly liable to such requests.

<br/>[[footnote:2]]The Coronation of Queen Victoria on 28 June 1838.

<br/>[[footnote:3]]Nicolas Jean de Dieu Soult (1769-1851), duc de Dalmatie, one of Napoleon’s marshals, representative of France at the Coronation.

<br/>[[footnote:4]]This was the new church of St. Matthew’s, Otterbourne, designed by WCY, and consecrated in 30 July 1838.  CMY describes her father’s efforts to bring about the construction of the new church in Coleridge, <i>Life</i>, 116-7 and <i>John Keble’s Parishes</i> 99-103.

<br/>[[footnote:5]]A bazaar, with stalls of home-made goods such as pincushions and penwipers, had been held to raise funds to build a boys’ school in Otterbourne, and Anne presumably had made a bookmark with Mr Bigg-Wither’s initials on.  This was a very common way of raising money for charity in Victorian England.  For CMY\'s later attitude to bazaars, see the discussion by Leslee Thorne-Murphy, \'The Charity Bazaar and Women\'s Professionalization in Charlotte Mary Yonge\'s <i>The Daisy Chain</i>\'  <i>Studies in English Literature 1500-1900</i> 47 (Autumn 2007) 881-9.

<br/>[[footnote:6]]Anne’s mother, Alethea Henrietta (Bargus) Yonge (1789-1844), ‘Aunt Yonge’, was half-sister of CMY’s mother.  Anne herself was ‘ little a’, her elder sister Alethea (1815-1863, who married in 1845 the Rev. John Philip Anderson Morshead), ‘great A’.   The allusion is to a nursery rhyme ‘Great A, little a,/ Bouncing B,/ The cat’s in the cupboard/ And she can’t see.’ Iona and Peter Opie, <i>Oxford Dictionary of Nursery Rhymes</i> (1951), 51.

<br/>"
2885,2937,[late August 1838],1838-08-18,"MS location unknown.  This fragment printed by Coleridge, <i>Life</i>, 140.",,"[[footnote:1]]Her fifteenth birthday was 11 August 1838.

<br/>[[footnote:2]]CMY recalled in <i>Musings over the Christian Year</i>, iv: ‘it was as a kind of outlying sheep that I was allowed to be prepared by him for the confirmation of the year 1838.  I went to him twice a-week from August to October, and after the first awe, the exceeding tenderness and gentleness of his treatment made me perfectly at home with him . . . After examining into the true import of Confirmation, he went through the Catechism with me, dwelling (when we came to the Commandments)  on the point that the whole Israelite nation stood as the type of each Christian person, so that what was said to them nationally applies to us each individually.’

<br/>"
2886,2938,25 September 1838,1838-09-25,"MS location unknown. Printed in Coleridge, <i>[[otherbook:40]Life]</i>, 137-139.",,"[[footnote:1]]St.Matthew’s Day is  21 September, presumably a holiday at Winchester School, where Anne’s brothers John Bargus Yonge (1821-1863) and Duke Yonge (1823 -1881) were at school. The other schoolboys were probably Fulbert Archer (1825-1904), a cousin of the Yonges, and Charles Wither (1822-1896), the curate’s youngest brother.

[[footnote:2]]Ampfield was a village in the parish of Hursley, and Heathcote had paid for the building of a separate church there.

[[footnote:3]]Compare <i>[[cmybook:]The Daisy Chain]</i> (1856), Part 2, Chapter 22, where a child lays the first stone of a church: ‘Gertrude scooped up the mass of mortar, and spread it about with increasing satisfaction . . slowly down creaked the ponderous corner-stone into the bed that she had prepared for it, and, with a good will, she gave three taps on it with her trowel.’

[[footnote:4]]Psalm 132, ‘Lord, remember David, and all his afflictions’, was perhaps chosen for the church dedication ceremony because of verse 7: ‘We will go into his tabernacles:  we will worship at his footstool’.  The sixth verse is: ‘Lo, we heard of it at Ephratah:  we found it in the fields of the wood.’

[[footnote:5]]Coleridge prints ‘Fowler’ but Heathcote’s steward was William Fowlie (b.1791/2).

[[footnote:6]]JBY (1830-1891) had laid the foundation stone of Otterbourne Church in 1838.

[[footnote:7]]Keble had prepared her for Confirmation, and the ticket signified that she was worthy to receive the sacrament from the Bishop.

[[footnote:8]]Despite the Anatomy Act (1832), permitting physicians and scientists to dissect the bodies of unclaimed paupers, there was evidently still a market in disinterred bodies, especially unusually large ones.

[[footnote:9]]A pet magpie.

[[footnote:10]]<i>i.e</i>. needlework."
2887,2939,Wednesday 5 [December 1838],1838-12-05,"MS West Devon Record Office Acc 1092/1[[footnote:1]]	",,"[[footnote:1]]A single sheet folded and sealed, addressed to Miss Anne Yonge/ Puslinch.

[[footnote:2]]Mary Davys was the daughter of the Rt. Rev. Dr. George Davys (1780-1864), Bishop of Peterborough, who owed his preferment to his having been chaplain to the young Queen Victoria. His wife Marianne Mapletoft (1788/9-1858) had been a childhood friend of FMY’s.  Mary Davys was at this time Extra Woman of the Bedchamber to Queen Victoria.

[[footnote:3]]The letter is dated on the assumption that it refers to the wedding on 22 November 1838 of Mary Isabella Bogue (1823?-1878) daughter of Captain Richard Bogue, to the Reverend Francis Smith, son of Sir John Wyldbore Smith, 2nd Bt..

[[footnote:4]]CMY wrote of the well at Merdon in <i>[[cmybook:]John Keble’s Parishes]</i>, 46: ‘The well was cleaned out in later times, and nothing was found but a pair of curious pattens, cut away to receive a high-heeled shoe, also a mazer-bowl, an iron flesh-hook and small cooking-pot, and a multitude of pins, thrown in to make the curious reverberating sound when, after several seconds, they reached the water.’

[[footnote:5]]<i>i.e</i>. ‘a month upon trial’; servants were often engaged on these terms.  Judith Whorley (b.1822/3) was perhaps related to ‘Little Whorley’, mentioned in Letter 4 (6 August 1838).

<br/>"
2889,2941,[1839],1839-00-00,"MS location unknown.  This fragment printed by Coleridge, <i>[[otherbook:40]Life]</i>, 140.",,"[[footnote:1]]West Dean, near Chichester,  Sussex,  where they were staying with CMY’s godmother [[person:1422]Caroline Vernon Harcourt], sister of its owner, Lord Selsey.

<br/>"
2890,2942,[spring 1839],1839-00-00,"MS location unknown.  This fragment printed by Coleridge, <i>Life</i>, 140.",,"[[footnote:1]]‘A lingering cough, in the spring of 1839, led to my spending a fortnight at the Vicarage;  and this rendered it altogether another home, where for twenty-seven years every joy and care were alike carried to those who could “make grief less bitter, joy less wild.”‘   <i>[[cmybook:88]Musings over the Christian Year]</i>, vi.  (The quotation is from a poem which CMY made the epigraph to <i>[[cmybook:24]The Daisy Chain]</i>, Chapter 14: and described there as ‘Lines on a Monument at Lichfield’.)

<br/>"
3448,3500,I have succeeded in recovering Mr Cornish’s poem about Dogmersfield Church.[[footnote:2]] I wish it ,1839-00-00,"MS Princeton University, Parrish Collection
","Elderfield Otterbourne

Sept 27th

Dear Mr Mildmay
","[[footnote:1]]Probably a member of the family of St. John Mildmay, baronets, of Dogmersfield Park, the big house in the village where CMY’s friend Mary Anne Dyson lived for many years with her brother, the Rector of Dogmersfield.
<br/>[[footnote:2]]Perhaps the Rev. Hubert Kestell Cornish, (1803-1873), author of  <i>Sonnets and Verses from Home and Parochial Life</i> (1856).
<br/>"
2891,2943,[<i>c</i>. 21 October 1839],1839-10-21,"MS location unknown.  This fragment printed by Coleridge, <i>Life</i>, 140.",,"[[footnote:1]][[person:1633]Caroline Coxwell], the Kebles\' adopted daughter, married Keble\'s curate the Rev. [[person:1636]Peter Young] on 20 October 1839.
"
2892,2944,Sept 30th 1844,1844-09-30,MS West Devon Record Office Acc No 308: 30/9/1844,Otterbourn,"[[footnote:1]]1 John 3: 18.
"
2893,2945,Oct 21st 1844[[footnote:1]],1844-10-21,MS West Devon Record Office Acc No 308: 21/10/44.,Otterbourn,"[[footnote:1]]The year date on this and subsequent 1844 letters to Anne Yonge appears to be in another hand.

<br/>[[footnote:2]]<i>Amy Herbert</i>  By a Lady (1844). This pioneering Tractarian novel was to have a large influence on CMY.  The author, Elizabeth Missing Sewell (1815-1906),  had several brothers, but the one most likely to be referred to here is the Rev. James Edwards Sewell (1810-1903), who was a friend of the curate of Otterbourne, the Rev. William Bigg Wither.

<br/>[[footnote:3]]<i>The Fairy Bower</i>  (1841), a story by Harriett (Newman) Mozley (1803-1852), sister of John Henry Newman.

<br/>[[footnote:4]]In fact the article did not appear until October 1845.  Mary Frances Keble Coleridge (1824-1898), daughter of Sir John Taylor Coleridge, was one of CMY’s closest friends.

<br/>[[footnote:5]]The Garstins were relations.  The first wife of CMY\'s grandfather, the mother of her half-aunt Alethea (Bargus) Yonge,  had been Cordelia Ann Garstin (1751-1791).   The Delia Garstin referred to here was probably the latter’s great-niece Cordelia Garstin (1798/9-1867).

<br/>[[footnote:6]]Sir William Heathcote;  his second wife Selina Shirley (1814/5-1901); the baby their second son  Evelyn Dawsonne Heathcote (11 November 1844-1908); two children of his first marriage, Caroline Elizabeth Heathcote (1833-1910), later Cooke-Trench, and William  Perceval Heathcote (1826-1903);   Sir William’s mother Elizabeth (Bigg) Heathcote (1773-1855);  her sister Alethea Bigg (1777-1847), the friend of Jane Austen;  and two small children of  his second marriage, Selina Frances Heathcote (1842- after 1906) and Charles George Heathcote (1843-1924).

<br/>"
2894,2946,Oct 28th 1844,1844-10-28,MS West Devon Record Office Acc No 308: 28/10/44,Otterbourn,"[[footnote:1]]Jane Susannah (Short) Wickham (b. 1799/1800), wife of the Rev. Robert Wickham (1802/3-1880), master of Twyford School and later (1847) vicar of Gresford, Denbigh. Elizabeth Ann  Wickham (b.1832/3) and Laura Maria Wickham (b.1844) had at least three brothers.

[[footnote:2]]William Cornwallis Harris, <i>The Highlands of Aethiopia</i> 3 vols (London: Longman 1844).

<br/>"
2895,2947,All Saints [1 November 1844[[footnote:1]]],1844-11-01,MS West Devon Record Office Acc No 308: 1/11/44,,"[[footnote:1]]The MS is endorsed ‘1844’ in another hand.

[[footnote:2]]Anne’s mother, [[person:1580]Alethea Henrietta (Bargus) Yonge] had died on  28 October 1844.

[[footnote:3]][[person:1618]]ohn Yonge] (1814-1818) and[[person:1615] James Yonge] (1816-1834).
"
2896,2948,Novr 6th 1844,1844-11-06,MS West Devon Record Office Acc No 308: 6/11/44,Otterbourn,"[[footnote:1]]Puslinch is in the parish of Newton Ferrers, of which the Rev. John Yonge was Rector.

[[footnote:2]]<i>Lyra Apostolica</i> (Derby: Mozley, Rivington 1836), a collection of anonymous poems by Keble, Newman and others. Caroline (Perceval) Heathcote (d. 1835), first wife of Sir William Heathcote.

[[footnote:3]]<i>Plain Sermons by Contributors to the ‘Tracts for the Times’</i> 10 vols (London: Rivington 1839-48).

[[footnote:4]]Urania (Leeke) Tucker, wife of Rear-Admiral Sir Edward Tucker of Park Place, Wickham, Hampshire.  Her mother was a Bargus and so she was a first cousin of both[[person:1580]Anne\'s mother] (who had just died) and CMY\'s mother.  Delia Garstin was a cousin of Anne\'s mother.

<br/>"
2897,2949,Novr 19th [1844],1844-11-19,MS West Devon Record Office Acc No 308: 19/11/44,Otterbourn,"[[footnote:1]]The implication seems to be that FMY is remembering the death of her own mother, which corroborates the view that [[person:103]Mary Bargus] had died in 1843, and not, as Coleridge writes (<i>Life</i> 154) in 1848.  Anne\'s mother [[person:1580] Alethea Henrietta Yonge] had just died.

<br/>"
2898,2950,Decr 13th [1844],1844-12-13,MS West Devon Record Office Acc No 308: 13/12/44,Otterbourn,"[[footnote:1]]Anne was mourning the death of her mother [[person:1580] Alethea Henrietta Yonge].

[[footnote:2]]JBY had come home for the holidays from Eton College;  Anne’s brother Edmund Charles Yonge (1827-1847) was at Winchester College.
"
2899,2951,Otterbourn [5 January 1845[[footnote:1]]],1845-01-05,MS West Devon Record Office Acc No 308: 5/1/45,,"[[footnote:1]]Endorsed in another hand ‘Janry  5th- / 45.

[[footnote:2]]This seems to relate to a successful operation on Anne’s elder sister Jane Duke Yonge (1820/1-1855), third daughter of the Puslinch Yonges.

[[footnote:3]]Isaiah 43: 2.

[[footnote:4]]Mary Yonge (c.1818-1910), Anne’s second sister.
"
2900,2952,April 19th  [1845[[footnote:1]]],1845-04-19,MS West Devon Record Office Acc 1092/2.,Otterbourn,"[[footnote:1]]Endorsed in another hand ‘1845’.

<br/>[[footnote:2]]Jane Colborne (1826/7-1919) had evidently become engaged to Andrew Agnew (1818-1892), who succeeded his father as 8th baronet in 1849.  The marriage did not take place, and he married Lady Louisa Noel (d. 1883) in August 1846.

<br/>[[footnote:3]]The Garstins were an Irish family, to which Anne’s maternal grandmother had belonged. There are several references to Delia Garstin in these early letters, see above To Anne Yonge (21 October 1844). If she was, as there suggested, Cordelia Garstin (1798/9-1867), then her sister Mary (d.1863) was married to William Hay (1788-1876) of Duns Castle, co. Berwick, which might account for her enthusiasm for Scotland.

<br/>[[footnote:4]]Jane Colborne’s elder sisters were Elizabeth  (1819-1882) and Cordelia Colborne (1825/6-1862);  Mary Coleridge had a younger sister Alethea (1826-1909).

<br/>[[footnote:5]]Alethea Duke (Yonge) Bond (1817-1847) and Cordelia Anne Duke Yonge (1807-1864), who is the second Delia mentioned in this letter, were the daughters of the Rev. Duke Yonge (1779-1836) and Cordelia Colborne (‘Aunt Duke’) (1775-1856).  Margaret may have been a daughter of Alethea Bond; if so she did not survive her mother, who left no issue.

<br/>[[footnote:6]]John Duke Coleridge (1820-1894) was on his way to visit his fiancée Jane Fortescue Seymour (1824/5-1878) in the Isle of Wight; they married on 11 August 1846.

<br/>[[footnote:7]]Frances Sophia Coleridge Patteson (1825/6-1913) was a first cousin of Mary Coleridge’s; ‘the boys’ were her brothers [[person:1155]John Coleridge Patteson] (1827-1871), the future Bishop of Melanesia, and [[person:1152]James Henry Patteson] (b.1829).

<br/>[[footnote:8]]<i>i.e</i>.  in the absence of his father he had to give his arm to their lady guest.

<br/>[[footnote:9]]Anne Duke (Yonge) Pode (<i>c</i>. 1800-1845), sister of WCY.

<br/>[[footnote:10]]Probably  James Littlefield (b. 1815/6), agricultural labourer, of Otterbourne, who was lodging at Hole Mill, Allbrook, with the parents of Eliza Hooper (b. 1815/6) at the time of the 1841 census.

<br/>[[footnote:11]]Richard Cobbold, <i>The History of Margaret Catchpole: A Suffolk Girl</i> (1845).

<br/>"
2901,2953,July 22d [1845[[footnote:1]]],1845-07-22,MS West Devon Record Office Acc 1092/3,Otterbourn,"[[footnote:1]]Endorsed in another hand’ / 45’.

[[footnote:2]]Mary Coleridge never married.  She had evidently become engaged to Roundell Palmer (1812-1895), the future Earl of Selborne, then a rising young barrister, a great friend of Charles Wordsworth and of the Coleridges and the Moberlys.  In his memoirs and among his papers in Lambeth Palace Library there are signs of significant omissions and some sort of spiritual and emotional crisis in this year, also letters of commiseration with unspecified grief from John Keble. David Pugsley, ‘Coleridge, Sir John Taylor (1790–1876)’, <i>Oxford Dictionary of National Biography</i> (Oxford: Oxford University Press, 2004), states that  she ‘rejected a proposal of marriage in 1845 from Roundell Palmer, the future Lord Chancellor Selborne, to her father’s deep regret’.  It sounds from this as though an engagement briefly existed, and was ended.  CMY was more pleased by the news of this engagement than of the news that their cousin [[person:1042]Jane Colborne] had become engaged to Andrew Agnew.

[[footnote:3]]The Rev. Charles Wordsworth (1806-1892), second master of Winchester College and subsequently (1852) Bishop of St. Andrews.  He had travelled in France with Roundell Palmer in 1834.

[[footnote:4]]Brambridge House,  Brambridge, a village just east of  Otterbourne, beyond the river Itchen, in Twyford parish, belonged to the Roman Catholic Smythe family,  to which Maria Anne (Smythe) Fitzherbert (1756-1837), the unlawful wife of George IV, belonged.  [Probably her brother Charles Smythe sold up?]

[[footnote:5]][[person:1016]Harry], [[person:1018]Louisa] and [[person:1022]Rosa Moberly], children of a brother of the Rev. George Moberly who worked in India, lived with their uncle and aunt from 1841.

[[footnote:6]]The reference is presumably to a book  by the Rev. Thomas Arnold (1795-1842), D.D., headmaster of Rugby.

[[footnote:7]]Mason (Mrs Reeves) is probably Maria Mason, CMY’s former nurse, sister of the transported rioter [[person:977]Joseph Mason] (1799-1863), who may also be the ‘old nurse of mine who married a drum major’ mentioned in a letter to Ann Carter Smith (31 March 1864).

<br/>"
2902,2954,[?October ?November 1845],1845-11-18,MS [fragment]  West Devon Record Office Acc No 308: Oct/Nov/45,,"[[footnote:1]]The reference is not clear, but it may perhaps have been to a sketch or print of a sculpture of two children by Francis Chantrey in Lichfield Cathedral, or to a poem, which CMY was later to make the epigraph to [[cmybook:24]<i>The Daisy Chain</i>], Chapter 14, entitled ‘Lines on a monument at Lichfield’.

[[footnote:2]][[otherbook:84]<i>The Birthday: A Tale for the Young</i>] (1844), an anonymous work by Lady Harriet Howard, was reviewed just after <i>Abbeychurch</i> in ‘Books for the Young’<i>Christian Remembrancer</i> 10 (October 1845) 377-407.  The words ‘too transparently instructive’ appear on p. 391;  the passage quoted with a few omissions here is part of a summing up on page 407.

[[footnote:3]]Anne\'s sisters."
2903,2955,Sept 19th  [1846[[footnote:1]]],1846-09-19,MS West Devon Record Office Acc 1092/4,Otterbourn,"[[footnote:1]]Endorsed in another hand ‘1846’. The envelope is endorsed ‘Tiff with Anne’ addressed to ‘Miss Anne Yonge Puslinch Yealmton Devon’  and stamped ‘Otterbourn Penny Post’.

[[footnote:2]]William Froude (1810-1879), railway engineer, was the brother of the [[person:527]Rev. Hurrell Froude] (1803-1836) and of [[person:528]James Anthony Froude] (1818-1894).  At this time he was living in Dartington looking after his elderly father the Ven. [[person:529]Richard Hurrell Froude] (1771-1859), Rector of Dartington and Archdeacon of Totnes. He married (1839)  Catherine Holdsworth (d. 1878).

[[footnote:3]]St. Michael, Westhill, built 1845-6.

[[footnote:4]]Perhaps Robert Smirke (1781-1867) or his brother Sydney Smirke (1798-1877), architects.

[[footnote:5]]The Rev. Henry Bennett (1795-1874), of Sparkford Hall, was married to Emily Moberly, sister of the Rev. George Moberly.  They had 14 children; his daughter Helen Frances Bennett married (1863) the Rev. R.W. Church (1815-1890).

[[footnote:6]]Alethea (Yonge) Anderson Morshead, Anne’s eldest sister, had just given birth to her eldest son John Yonge Anderson Morshead (11 June 1846-1923).

[[footnote:7]]Penwell was evidently a schoolmaster or schoolmistress, presumably in Newton Ferrers, near Puslinch, where several people of that name are recorded in the 1841 census.

[[footnote:8]]Packets of reward books for village schoolchildren, published by James Burns at a cost of 2d.-4d. apiece.

[[footnote:9]]Frances Charlotte Perceval (<i>c</i>. 1826-3 September 1846), daughter of the Rev. and Hon. Arthur Perceval (1799-1853), Rector of East Horsley, pupil of Keble and great friend and brother-in-law of Sir William Heathcote.
"
2904,2956,Sept 24th [1846[[footnote:1]]],1846-09-24,MS West Devon Record Office Acc 1092/5,Otterbourn,"[[footnote:1]]The first Langley School story, ‘Two Ways of Learning’ which appeared in Burns’s <i>Magazine for the Young</i> (September 1846).

[[footnote:2]]The Ampfield fountain had been put up by Sir William Heathcote in imitation of one he had seen abroad.

[[footnote:3]] In Jane Austen, <i>[[otherbook:238]Sense and Sensibility]</i> Chapter 13, Elinor mocks Marianne about the swiftness of her friendship with Willoughby: \'You will soon have exhausted each favourite topic. Another meeting will suffice to explain his sentiments on picturesque beauty, and second marriages.\'

[[footnote:4]] The railway viaducts at Cornwood, in south Devon, where WCY had been brought up.

[[footnote:5]]The Warden of Winchester College was the Rev. Robert Speckott Barter (1790-1861), who was unmarried; old Mrs Barter was probably his mother. His brother the Rev. William Barter, Rector of Burghclere, was the father of Katherine Mary Barter, who had just become engaged to the widowed Rev. Charles Wordsworth, second master of Winchester College.  Another brother, the Rev. Charles Barter, Rector of Sarsden, also had a daughter Catherine Barter (b. 1820/1).


"
2905,2957,Friday 30th Oct? [sic] [1846],1846-10-30,MS Plymouth and West Devon Record Office 308/70/17,[Otterbourne],"[[footnote:1]]The Rev. Dr. Joseph Hemington Harris (1799/1800-1881) D. D., incumbent of Torre, near Torquay had married (1837) Jane Yonge  (b.1796 ), sister of Rev. John Yonge of Puslinch and of Elizabeth (Yonge), Lady Seaton.  They were no doubt in charge of the latter’s son Graham Colborne while his parents were in the Ionian Islands.

<br/>"
2906,2958,Sunday [December] 1846.,1846-12-18,"MS location unknown.  Printed in Coleridge, <i>[[otherbook:40]Life]</i> 156-157",,"[[footnote:1]]CMY called Dyson ‘Driver’ and signed herself ‘Slave.’

[[footnote:2]]CMY’s story <i>Henrietta’s Wish, or, Domineering: A Tale</i>, which was serialized in the <i>Churchman’s Companion</i>, January 1849-May 1850, and published in volume form in 1850.

[[footnote:3]]One of Dyson’s pupils, who were nicknamed ‘the calves’.

[[footnote:4]]Friedrich, Baron de la Motte Fouqué, <i>Sintram und seine Gefährten</i> (1811).  The Tractarians had a cult of La Motte Fouqué;  Dyson’s own <i>[[otherbook:58]Ivo and Verena, or, The Snowdrop]</i> (London: Burns 1842) is a children’s version of of one of his allegorical romances.

<br/>"
2907,2959,April 5th 1848,1848-04-05,"MS Pierpont Morgan Library, New York,  MA 4500.",Otterbourn nr Winchester,"[[footnote:1]]Mark 16: 14.  The Authorized Version reads ‘Afterward he appeared unto the eleven as they sat at meat, and upbraided them with their unbelief and hardness of heart . . .’

[[footnote:2]]Thomas Ken (1637–1711), Bishop of Bath and Wells.

<br/>"
2908,2960,"May 14, 1848",1848-05-14,"MS location unknown.  Printed in Coleridge, <i>[[otherbook:40]Life]</i>, 157-158",Otterbourne,"[[footnote:1]]<i>Sister’s Care</i>, a story by Mary Coleridge, was serialized in the <i>Churchman’s Companion</i> and published in volume form in 1849.

[[footnote:2]]<i>Michael the Chorister</i>, (London: Mozley n.d.) another story by Mary Coleridge, of which copies survive in the John Rylands and Bodleian libraries.  <i>Sister’s Care</i> By the Author of <i>Michael the Chorister</i> was published anonymously in 1849.

[[footnote:3]]The matron at the Dysons’ school, the cow who looked after the calves.  At the time of the 1851 census she was Eliza Stewart (b. Scotland 1809/10).

[[footnote:4]]A high church school on the model of Eton College, founded in Ireland in 1842 by the [[person:1306]Rev. William Sewell] (1804-1874), brother of  Elizabeth Sewell.  The sub-warden was perhaps the [[person:]Rev. Matthew Calley Morton].

[[footnote:5]]The Rev. Charles John Abraham, <i>[[otherbook:10]The Unity of History]</i> (Eton: Williams 1845).

[[footnote:6]]John Mozley  (1805–1872), her publisher.

[[footnote:7]]Pope, <i>Dunciad</i>, I, 52: ‘Poetic Justice, with her lifted scale/Where, in nice balance, truth with gold she weighs,/  And solid pudding against empty praise.’

[[footnote:8]][[person:923]Alethea Buchanan Coleridge] (d. 1909), sister of Mary, married the Rev.[[person:926] John Fielder Mackarness] (1820-1889), later Bishop of Oxford,  on 7 August 1849.

[[footnote:9]]Priscilla Lydia Sellon (1821-1876) began in 1848 to do social work in Plymouth, Devon, and founded the Society of Sisters of Mercy of the Holy Trinity, Devonport.  She worked devotedly during the 1848 cholera epidemic, and was seriously ill in early 1849; she was also attacked for her close association with Pusey.  CMY’s bank account shows a series of payments, probably charitable, made to Sellon from 1853.

[[footnote:10]][[person:1578]Eliza Yard] (b.1804/5) and [[person:1577]Adelaide Yard] (b. 1806/7) are listed in the 1859 Hampshire directory as inhabitants of Otterbourne;   they later went to live in Winchester, where Elizabeth Sewell stayed with them in 1864.
"
2909,2961,March 14. 1849,1849-03-14,MS Plymouth and West Devon Record Office 308/258,Otterbourn,[[footnote:1]] This seems to be an uncharitable reference to the marriage at Plymouth on 12 March 1849 of WCY\'s niece [[person:1099]Cordelia Anne Duke Yonge] to [[person:1100]Colonel Oldfield].
2910,2962,"June 14, 1849",1849-06-14,"MS location unknown.  Printed in Coleridge, <i>[[otherbook:40]Life]</i> 158-9.",,"[[footnote:1]]Some characters in <i>Scenes and Characters, or, Eighteen Months at Beechcroft</i> (1847) were based on those in <i>Le Château de Melville</i>.

<br/>"
2911,2963,[June 1849[[footnote:1]]],1849-06-18,"MS location unknown.  This fragment printed in Coleridge, <i>[[otherbook:40]Life]</i> 159",,"[[footnote:1]]The reference to St. Peter’s Day (30 June) suggests the month, and the reference to Prince Rupert the year.

[[footnote:2]]The point is that the Mohun family in <i>[[otherbook:3]Scenes and Characters]</i> (1847) are descendants of the characters in <i>Le Château de Melville</i> (1838).

[[footnote:3]]CRC’s note: ‘not in existence’.

[[footnote:4]]The fourth story in ‘<i>[[cmybook:9]Langley School]</i> (1850), which originally appeared in the <i>[[other:79]Magazine for the Young]</i> (December 1846).
"
2912,2964,October 29 [1849],1849-10-29,"MS location unknown.  Printed in Coleridge, <i>[[otherbook:40]Life]</i> 154-156",Otterbourne,"[[footnote:1]]CRC comments that these letters to Dyson ‘show how habitual was the discussion of botany and history in her circle.’  Another CRC note to this letter reads: ‘The story here dwelt on developed into the <i>Castle Builders</i>. The letter is given as a specimen of the way Charlotte discussed all her tales with her friend, and also as showing the way in which they gradually grew up in her mind.’

[[footnote:2]]The account of Cyrus in her <i>[[cmybook:14]Landmarks of History]</i> (1852).

[[footnote:3]]Hannah More, <i>The History of Diligent Dick</i> (1829) was one of the Cheap Repository Tracts.

[[footnote:4]]The author, Eliot Warburton (1810-1852), was presumably disapproved of by Mary Anne Dyson because of the flippancy and condemnation of monasticism in his most successful book, <i>[[otherbook:176]The Crescent and the Cross, or, Romance and Realities of Eastern Travel]</i>  2 vols (London: Colburn 1845).

[[footnote:5]]The story described here was published as <i>The Castle-Builders, or, The Deferred Confirmation</i>, in serial form in the <i>[[other:52]Monthly Packet]</i> April 1851-May 1853, and in volume form in 1854.

[[footnote:6]]CRC identifies CMY\'s fellow slave to Dyson as [[person:1061]Anne Mozley], editor of the <i>Magazine for the Young</i>. The aunt could be a mistake for Anne Mozley’s sister-in-law, [[person:1062]Harriett Mozley] who was certainly known to the Dysons.  But there is evidence that \'Old Slave\' was Elizabeth Barnett, sister-in-law of the Rev. William John Butler of Wantage (CMY wrote to her in 1854 as \'Old Slave\'), so she may be the person referred to here.

[[footnote:7]]‘At midnight, December 2, 1340, the queen [and] king found that three nurses and the rest of the royal children were the sole occupants of the royal fortress of the Tower;  the careless Constable, Nicholas de la Beche, had decamped that evening to visit a lady-love in the city, and his warden and soldiers, following so good an example, had actually left the Tower to take care of itself.’ Elizabeth Strickland, ‘Philippa of Hainault’ in Agnes Strickland, <i>[[otherbook:157]Lives of the Queens of England]</i>, 7 vols (London: Colburn 1840-3) II, 353.

[[footnote:8]]Marianne Small (b. 1839/40) and Elizabeth Small (b. 1837/8), daughters of John Small (b. 1797/8), of Allbrook, agricultural labourer.  The poem was John Milton, ‘L’Allegro’ (1645).

[[footnote:9]]Keble’s bestselling volume of poetry, that is, and not <i>The Child’s Christian Year</i> (1841), an anthology of poems by various hands compiled for Sunday Schools by CMY’s mother. Jane Martin (b.1836/7) was daughter of James Martin, agricultural labourer, of Otterbourne; by the time of the 1861 census she was kitchenmaid to Countess Nelson at Landford House.


"
2913,2965,[November or December 1849?],1849-11-18,"MS location unknown.  This fragment printed in C.A.E. Moberly, <i>[[otherbook:122]Dulce Domum: George Moberly, his Family and Friends]</i> (London: Murray 1911),  97.",Otterbourne,"[[footnote:1]]This play, written by CMY for the Moberly children to act at Christmas, was published as <i>[[cmybook:35]The Mice at Play]</i> (1860).
"
2916,2968,[1850],1850-00-00,"MS location unknown.  Printed in Coleridge, <i>Life</i> 161.",,"[[footnote:1]]This probably refers to a dispute among the Dysons and Yonges as to the relative merits of the two writers.  The cult of Scott’s novels and poetry was very important to the Tractarians;  Southey’s poetry was also much admired in [[other:127]Hursley] and [[other:121]Dogmersfield].  Mary Anne Dyson’s brother was known playfully in their circle as the Simorg and their house as the Simorg’s Nest or the Nest in allusion to Southey’s <i>Thalaba the Destroyer</i> (1801), VIII, 17: ‘In Kaf the Simorg hath his dwelling place, /The all-knowing Bird of Ages . . .’"
2917,2969,[1850],1850-00-00,"MS location unknown.  Extract printed in Coleridge, [[otherbook:40]<i>Life]</i> 176-7",,"[[footnote:1]]<i>[[otherbook:153]The Life and Correspondence of Robert Southey]</i> ed. Cuthbert Southey  6 vols  (London: Longman 1849-50).  CMY refers to the last letter in the third volume (1850), p. 351, addressed to the Rev. John Martyn Longmire (4 November 1812): \'My aim has been to diffuse through my poems a sense of the beautiful and good  . . . rather than to aim at the exemplification of any particular moral precept.\'   CMY is surprised by  Southey\'s indifference to the allegorical interpretation of his poems because  the Tractarians, especially Keble, laid  emphasis on the power of poetry to teach by indirection and mystery.  As this part of the correspondence makes clear, her own fiction was written to be moralized by attentive readers.

[[footnote:2]]CMY seems to refer here to the idea that classical literature, despite being pre-Christian, might be interpreted as shadowing Christian truths.  [[otherbook:88]Jay, ‘Tractarian Aesthetics’], 51, cites <i>[[otherbook:223]Keble’s Lectures on Poetry 1832-1841]</i> tr. E. K. Francis (2 vols (Oxford: Clarendon Press 1912), 2, 314 , on this point.

[[footnote:3]]By \'calves\' CMY means the pupils at Dyson\'s school.

<br/>"
3462,3514,[1850s or 1860s?],1850-00-00,MS fragment  Charlotte Mitchell/23,,"[[footnote:1]]<i>The Magazine for the Young</i>.

<br/>"
3637,19394,"May 4, 1850",1850-05-04,"MS location unknown.  This fragment printed in Coleridge, <i>[[otherbook:40]Life]</i> 170-2",Otterbourne,"[[footnote:1]]In the early years of their friendship, when Dyson was putting pressure on CMY to write more, they called one another \\""driver\\"" and \\""slave\\"".

[[footnote:2]] A major character in [[cmybook:18]<i>The Castle Builders</i>], serialized in <i>MP</i> April 1851 to May 1853.

[[footnote:3]] [[person:529]Richard Hurrell Froude], partly through his friendship with [[person:798]Keble] and [[person:1084]Newman], partly through his early death, and partly through his posthumous Remains, exerted huge influence on the Oxford Movement.  

[[footnote:4]]When Yonge next wrote to Dyson she had changed his name to Philip Morville, the name under which he appears in the published [[cmybook:15]novel]. "
2914,2966,Saturday [18 May 1850[[footnote:1]]] ,1850-05-18,"MS location unknown.  Printed in Coleridge, <i>[[otherbook:40]Life]</i>, 172-3]",,"[[footnote:1]]Whit Sunday was 19 May 1850.

[[footnote:2]]Keble, ‘Sixth Sunday after Trinity’ in  <i>[[otherbook:95]The Christian Year]</i>.
"
2915,2967,"May 24, 1850",1850-05-24,"MS location unknown. This fragment printed in Coleridge, <i>Life</i>, 175-6",Otterbourne,"[[footnote:1]]The word is often used in CMY’s letters to Dyson to refer to the object of hero-worship.

[[footnote:2]]\'Composing a story is like reading one for the second time.  No one can feel much interest in the termination of events over which he himself has an absolute control.\' From the essay \'Is a rude or refined age more favourable to the production of works of fiction?\' in R. H. Froude, <i>[[otherbook:98]Remains]</i>,  I, 145-63.

<br/>"
3438,3490,June 1st [1850s?],1850-06-01,MS location unknown. Photocopies lent by Barbara Dennis: Maggie/4,,
2918,2970,Midsummer Day [24 June 1850[[footnote:1]]],1850-06-24,"MS location unknown.  Printed in Coleridge, <i>Life</i> 160",Otterbourne,"[[footnote:1]]CRC dates the letter \'about 1850\'.

[[footnote:2]]Keble, ‘First Sunday after Trinity’ in <i>The Christian Year</i>.  23 June 1850 was the first Sunday after Trinity.  The whole poem is relevant to the anxieties of the period, especially ll. 13-16 ‘We in the midst of ruins live,/ Which every hour dread warning give,/ Nor may our household vine or fig-tree hide/ The broken arches of old Canaan’s pride.’

[[footnote:3]]Keble, ‘Eighth Sunday after Trinity’ 44-8: ‘The grey-hair’d saint may fail at last,/  The surest guide a wanderer prove;/ Death only binds us fast/ To the bright shore of love.’

[[footnote:4]]Elizabeth Crawford Lockhart (b.1811/12) was the superior of the Sisterhood of St. Mary\'s Wantage, which had been founded by the [[person:244]Rev. William Butler]. She was under Manning\'s influence. Her conversion to Rome in 1850, which followed that in 1843 of her brother William Lockhart (1819-1892), caused great consternation among the Butlers and their connections.

[[footnote:5]]Dr. John Francis Duke Yonge (1814-1879), a physician, the son of WCY\'s eldest brother the Rev. Duke Yonge. See the letter above from William Yonge to John Yonge (14 March 1849).  

[[footnote:6]]The Rev. Henry Wilberforce (1807-1873), youngest son of William Wilberforce (1759-1833), the campaigner against the slave trade.  He and his wife Mary (Sargent) Wilberforce (1811-1878) were received into the Roman Catholic Church on 15 September 1850.  In the 1851 census Elizabeth Lockhart was staying with them.  The Rev. Henry Edward Manning (1808-1892), archdeacon of Chichester and later Cardinal Archbishop of Westminster, was the widower of Mary Wilberforce\'s sister.  He became a Roman Catholic on 6 April 1851.  See David Newsome, <i>[[otherbook:128]The Parting of Friends: A Study of the Wilberforces and Henry Manning]</i> (1966).

[[footnote:7]]CRC’s note: ‘This extract shows the feeling caused by the numerous secessions to the Church of Rome about this time.’"
2919,2971,"August 22, 1850",1850-08-22,"MS location unknown.  Printed in Coleridge, <i>Life</i> 177-8",Otterbourne,"[[footnote:1]]<i>Shiverydown</i> was the family name for the story published as <i>Kenneth, or, The Rearguard of the Grand Army</i>.  The 1850 edition by John  Parker was printed in Winchester.

[[footnote:2]]Anne Mozley (1809-1891),  the editor of the <i>Magazine for the Young</i>, was the sister of the Tractarians  J. B. Mozley (1813-1878) and Thomas Mozley (1806 - 1893).  CMY had been contributing a series of  \'Chapters on Flowers\' , subsequently published as <i>[[cmybook:17]The Herb of the Field]</i> (Derby: Mozley 1853).  The article, ‘Compound Flowers’ (September 1850) 305-15, looks forward to <i>[[cmybook:24]The Daisy Chain]</i>: ‘When you make a daisy chain you thrust the needle and thread through the receptacle or disk, and the center florets. . .  Daisy chains are country children’s strings of pearls, the pearls of the meadow, as we may call them, for the very same word, Margarita, signifies at once a daisy and a pearl.\' [308-9]

[[footnote:3]]Perhaps one of Dyson’s pupils, though the name does not appear among those listed on the 1851 census.

[[footnote:4]]By \'both drivers\' CMY means Dyson herself and Anne Mozley.
"
2920,2972,20 October [1850],1850-10-20,"MS location unknown, printed in Coleridge, <i>Life</i>, 178 - 181. ",,"[[footnote:1]]The seventh commandment is: \'Thou shalt not commit adultery.\'   The sense of this is, although CMY does not usually write letters on Sunday evenings, but performs some sort of religious exercise (\'my task), she is doing so because she is so interested in the question Dyson has raised, which  seems  to be whether the girls in her school should be permitted to read books which refer to adultery. Dyson has evidently also asked for recommendations for books suitable to be read aloud on Sundays.

[[footnote:2]][[otherbook:7]Review of William Wordsworth, <i>The Prelude</i>] (1850) in <i>The Christian Remembrancer</i> XX (October 1850) 332-73, 347: \'And children left to themselves may in their innocence get no harm from what may taint an older imagination.  But as a rule, it must be the duty of parents to guard their minds from contamination as much as their manners.\'

[[footnote:3]]Probably Edmund Rodney Pollexfen Bastard (1825-1856) of Kitley, near Yealmpton, a neighbour of the Puslinch Yonges, mentioned in George Moberly\'s diary as having converted to Rome by January 1851 (<i>[[otherbook:122]Dulce Domum]</i>, 94),who married a Roman Catholic in 1853.  The context makes clear that Mr B is a patient of CMY’s uncle Dr. James Yonge, a Plymouth physician.

[[footnote:4]]The Rev. William Maskell (1814?-1890), ecclesiastical historian, was deeply involved in the Gorham controversy over baptismal regeneration, and converted to Rome in about 1850.

[[footnote:5]]The Rev. Leveson Vernon Harcourt (1788-1860), chancellor of York, and his wife, <i>née</i> the Hon. Caroline Peachey (d.1871), CMY\'s godmother.  They lived at West Dean, in Sussex, and were neighbours of Manning, who was Rector of Lavington.

[[footnote:6]]The Rev. Edward Monro, <i>The Combatants: An Allegory</i> (London 1848).  In this story about withstanding the temptations of worldliness Eustace is the noblest but suffers most.

[[footnote:7]]Harriet Martineau (1802-1876), <i>Deerbrook</i>  (1839).  Martineau had been brought up as a Unitarian.  Socinians deny the divinity of Christ.

[[footnote:8]]Elizabeth Gaskell (1810-1865), <i>Mary Barton</i> (1848), another novel by a Unitarian.

[[footnote:9]]The Rev. Edward Bouverie Pusey (1800-1882), one of the founders of the Tractarian movement.  Its followers were often called Puseyites. CMY met him only once, at Keble\'s funeral.  He wrote a large number of letters of spiritual advice, some of which were published (but not at this date), and the Coleridges’ letters were presumably in MS.

[[footnote:10]]Anne Mozley was the editor of the <i>[[other:79]Magazine for the Young]</i>,  which  was aimed at a readership among working-class children.   CMY had  contributed her novel <i>The Two Guardians</i> to another organ of the Tractarian movement, <i>[[other:62]The Churchman\'s Companion]</i>, published by Masters. The Dysons and the Yonges felt, however, that the latter was too controversial in its theology to be good for the young, and wished to start a magazine aimed at children and young people of the middle and upper classes.   The magazine was eventually begun on 1 January 1851 as the <i>[[other:52]Monthly Packet of Evening Readings for Younger Members of the English Church]</i>.  By \'calves\' CMY usually means the pupils at Mary Anne Dyson\'s school, but here she seems to be referring to a larger group of young people.

[[footnote:11]]<i>Romeo and Juliet</i>  V, 1, 75:\'My poverty, but not my will, consents.\'

[[footnote:12]]Perhaps <i>[[otherbook:9]The Reign of Terror: A Collection of Authentic Narratives . .  written by Eyewitnesses]</i> 2 vols (London, Simpkin and Marshall 1826).
"
2922,2974,[November or December 1850?],1850-11-18,"MS location unknown.  This fragment printed in <i>[[otherbook:122]Dulce Domum]</i>, 97.",,"[[footnote:1]]Dated on the assumption that \'[[cmybook:34]The Pigeon Pie]\' succeeded \'[[cmybook:35]The Mice at Play\'] as the Moberlys\' Christmas play.   \'When \'The Pigeon Pie\' was acted, [[person:1606]Mrs. Yonge] made a lay figure to represent a soldier, which went by the name of Zedekias Dunderhead, and George gave much trouble by resolutely refusing to act the part of the Roundhead colonel, so Mrs. Yonge had to take it herself.\' <i>[[otherbook:122]Dulce Domum]</i> 96.

<br/>"
2921,2973,November [1850],1850-11-18,"MS location unknown. This fragment printed in Romanes, <i>[[otherbook:241]Appreciation]</i> 54",,"[[footnote:1]]i.e. to provide material for the new magazine, the first issue of which appeared on 1 January 1851 under the title <i>[[other:52]The Monthly  Packet of Evening Readings for Younger Members of the English Church]</i>.

<br/>"
3442,3494,Jany 7th [1851-1881],1851-01-07,MS National Library of Scotland 7179,"\'Monthly Packet\', 6, Paternoster Row, London E.C.",
2924,2976,"30 June, 1851.",1851-06-30,MS location unknown.  Printed in <i>Musings over the Christian Year</i> xxvi-xxvii.,Hursley,"[[footnote:1]]CMY introduced the letter as ‘called forth by that conversation on the first article of the Creed’, ‘The Creed’ No VII in the series ‘Conversations on the Catechism’, which appeared in <i>MP</i> 2 (July 1851)5-16.  It was her practice to submit these articles to Keble for approval.

<br/>[[footnote:2]]Joseph Butler, <i>The Analogy of Religion, Natural and Revealed, to the Constitution and Course of Nature</i> (1736).

<br/>"
2923,2975,"June 30, 1851",1851-06-30,"MS location unknown.  This  fragment printed in Romanes, <i>[[otherbook:241]Appreciation]</i> 68.",,"[[footnote:1]]Presumably the third issue of the <i>[[other:52]Monthly Packet]</i>, although one would have expected the March issue to appear before June;  but however see Coleridge, <i>[[otherbook:40]Life]</i>, 165-66, 278, on the lax editorial methods of early days.

[[footnote:2]]Bustle is Sir Guy Morville\'s dog in the novel.
"
3577,7691, Sept 27th [1851 ],1851-09-27,MS British Library: Coleridge Family Papers E: Add MSS 86206 Yonge JTC [[footnote:1]],Otterbourn,[[footnote:1]]Annotated in another hand \'1851/Sept 27/ C.Yonge./Otterbourn\'.
2925,2977,Oct 13th [1851[[footnote:1]]],1851-10-13,MS West Devon Record Office Acc 1092/6,,"[[footnote:1]]The letter is endorsed in another hand ‘Edmund Morshead’s birth (name suggested)’, but it seems more likely that it refers to the birth of Alethea Morshead’s fifth son, Ernest Garstin Anderson Morshead, on 9 October 1851

<br/>"
2926,2978,Oct 18th 1851,1851-10-18,"MS Huntington Library, Yonge Letters. [[footnote:1]]",,"[[footnote:1]]The MS is accompanied by a small envelope with stamped circle enclosing daisy-like flowering plant on  the flap, addressed  to Miss Roberts/ Diamond Cottage/ Wetheral/ Carlisle.  "
2927,2979,Oct 22d [1851[[footnote:1]]],1851-10-22,MS West Devon Record Office Acc 1092/7,Otterbourn,"[[footnote:1]]Endorsed in another hand ‘c.1852’.

[[footnote:2]]Edmund Doidge Anderson Morshead (1849-1912) subsequently got a double first (1869, 71) and became a schoolmaster at Winchester and notorious eccentric.

[[footnote:3]]Stamps.

[[footnote:4]]The hymn by the Rev. Augustus Toplady (1740-78).
"
2928,2980,Novr 13th [1851],1851-11-13,MS Huntington Library: Yonge Letters.,,"[[footnote:1]]Published under that title in <i>[[other:52]MP]</i> 3-4 (January-December 1852).

<br/>[[footnote:2]]<i>Lotus corniculatus</i> L. is usually called bird’s foot trefoil in English.

<br/>[[footnote:3]]The painting is now in the Walker Gallery, Liverpool, and the pods are identified as broad beans.

<br/>"
2930,2982,[November or December 1851[[footnote:1]]],1851-11-18,"MS location unknown.  Printed in [[otherbook:122]<i>Dulce Domum</i>], 98.",,"[[footnote:1]]Dated on the assumption that \'The Bridge of Cramond\' succeeded \'The Pigeon Pie\' as the Moberlys\' Christmas play and was acted in 1851.  The play, based on a legend of James V of Scotland, appeared in print as <i>The Strayed Falcon</i> (1862).  Annie Moberly wrote in [[otherbook:122]<i>Dulce Domum</i>], 96:



For several years Miss Charlotte Yonge wrote plays for us to act at Christmas. The learning the parts and rehearsing took weeks beforehand, and Miss Yonge liked to act herself sometimes. She was Queen Philippa in \'St. Barthelemy\'s Fair.\' Mary made a lovely Cinderella, and was small enough to he pushed into one of the cupboards of the carved oak sideboard when the prince came to try on the shoe. She was dressed in my mother\'s dark green silk, and under it a dress of white net with all her most glittering ornaments sewn on to it, which was displayed when the fairy (Dora) touched her with her wand tipped with a silver star.


"
2929,2981,Novr 22d [1851],1851-11-22,MS Huntington Library: Yonge Letters,,"[[footnote:1]]The suggestions relate to Roberts\'s series of articles in <i>[[other:52]MP]</i> entitled \'[[otherbook:225]A Garland for the Year]\'.

[[footnote:2]]<i>Zizyphus lotus</i>  (L.).

[[footnote:3]]<i>Peristeria elata</i> Hooker 1831.
"
2931,2983,Decr 5th [1851],1851-12-05,MS Huntington Library: Yonge Letters,,"[[footnote:1]]Probably Jane Colborne, who had lived in the Ionian islands when her father was governor, or one of her sisters.  She is describing <i>zizyphus lotus</i>.  The discussion relates to Roberts\'s work on a series of articles in <i>[[other:52]MP]</i> entitled \'[[otherbook:225]\'A Garland for the Year\'].

[[footnote:2]]Jacopo Facciolati and Egidio Forcellini, <i>Totius Latinitatis Lexicon</i> 4 vols (Padua 1771).  At this point Facciolati seems to be describing the nettle tree, <i>celtis australis</i> L., which has small cherry-like fruits called <i>fava greca</i> by Pliny.

[[footnote:3]]The Egyptian lotus, <i>nymphaea lotus</i> L., is a waterlily, related to the Indian lotus, <i>Nelumbo nucifera</i> Gaertn. (syn. <i>nelumbo speciosum</i>).

[[footnote:4]]‘like beans, with dense foliage growing closely together, only shorter and narrower; the fruit, which is at its head, resembles a poppy in being grooved and in other ways.  Inside there are seeds like millet.’  This passage is a paraphrase of the description of the Egyptian lotus by Pliny the Elder, <i>Historia Naturalis</i>."
2932,2984,Decr 15th [1851],1851-12-15,MS Huntington Library: Yonge Letters,Otterbourn,"[[footnote:1]]S. M. [<i>i.e</i>. Menella Bute Smedley] <i>The Story of a Family</i> (London Hoby 1851), reviewed in <i>MP</i> 2 (November 1851) 404;  apparently a single copy survives in Cornell University Library.

<br/>"
2944,2996,[summer 1852?[[footnote:1]]],1852-00-00,MS Huntington Library: Yonge Letters,Otterbourn,"[[footnote:1]]Small envelope, with stamped circle enclosing flowering plant on flap, addressed Miss E P Roberts/ Walker’s Hotel/ Matlock Bath/ Derbyshire.

[[footnote:2]]Helmington Hall, Durham, was the seat of Henry Spencer (b. 1820/1) and his wife Jane Hamilla Hamilton (1825/6-1907), who had married in 1843.  It is not clear whether they were friends or employers of Roberts.

<br/>"
2933,2985,Jany 31st [1852],1852-01-31,MS Huntington Library:  Yonge Letters,Otterbourn,"[[footnote:1]]The plant is <i>ignatia amara</i>, the book Évariste Régis Huc, <i>Travels in Tartary, Thibet and China, during the years 1844, 5, 6</i>,  Tr. William Hazlitt.  2 vols (London, National Illustrated 1852).

<br/>"
2934,2986,Febry 17th [1852],1852-02-17,MS Huntington Library: Yonge Letters,Otterbourn,"[[footnote:1]]The Rev. [[person:1544]William Bigg Wither], curate of Otterbourne, and his family, were related to George Wither (1588-1667).

[[footnote:2]]Saint Zachary was pope from 741 to 752.

[[footnote:3]]These three magazines were all aimed at a fairly popular audience.  <i>Sharpe\'s Magazine</i> included stories by [[person:2346]Menella Bute Smedley], whose work CMY praised in early issues of <i>MP</i>.
"
2935,2987,March 15th [1852[[footnote:1]]],1852-03-15,MS West Devon Record Office Acc 1092/8,Otterbourn,"[[footnote:1]]There is an accompanying envelope addressed to ‘Miss Anne Yonge/Puslinch/ Yealmton’ with various illegible scribbles on it

[[footnote:2]]Sir John Taylor Coleridge, <i>[[otherbook:42]A Memoir of the Rev. John Keble]</i> (1869), 361, mentions that in November 1851 he himself was ‘threatened with a very heavy sorrow by the seemingly desperate illness of a married daughter.’

[[footnote:3]]With a note in another hand ’Why?’ CMY included in <i>MP</i> 5 (January 1853), 80, a passage from <i>[[otherbook:110]Proofs and Illustrations of the attributes of God from the facts and laws of the physical universe: being the foundation of natural and revealed religion]</i> 3 vols (London 1837), by the geologist and physician John MacCulloch, which may be the work referred to here. On the other hand, a later reference, apparently to the same book, as <i>Natural Philosophy</i>, raises the possibility that CMY may refer to one of the books published anonymously under that title by the Edinburgh firm of W. and R. Chambers in their <i>Educational Course</i>, which dealt with such subjects as mechanics, elements of practical machinery, and moving forces, and the laws of matter and motion (statics, pyronomics, and dynamics), in which Duke Yonge is known to have been interested.

<br/>"
2936,2988,May 13th [1852],1852-05-13,MS Huntington Library: Yonge Letters,Otterbourn,
2937,2989,May 15th [1852],1852-05-15,MS Huntington Library: Yonge Letters to Elizabeth Roberts,Otterbourn,
2938,2990,"Ascension Day [20 May], 1852.",1852-05-20,"MS location unknown.  Printed in <i>[[otherbook:122]Dulce Domum]</i>, 98.",,"[[footnote:1]]The Moberlys had asked her to be godmother to their youngest daughter [[person:83]Margaret Helen Moberly] (22 April 1852-1939).

<br/>"
2939,2991,June 4th [1852],1852-06-04,MS Huntington Library: Yonge Letters,Otterbourn ,"[[footnote:1]]It was restored from 1853 to the designs of Ewan Christian.

[[footnote:2]]\'[[otherbook:225]A Garland for the Year]\' <i>MP</i> 3 (June 1852), 446 \'the gold and purple blossoms of our common heartsease\'.

[[footnote:3]]<i>Midsummer Night’s Dream</i> II, 1, 70-1: ‘a little western flower,/ Before milk-white, now purple with love\'s wound’.

<br/>"
2940,2992,June 10th [1852],1852-06-10,MS Huntington Library: Yonge Letters ,Otterbourn,"[[footnote:1]]<i>Erythraea centaurium</i> (Pers.).

[[footnote:2]]The Hon. and Right Rev. Hugh Percy  (1784–1856), bishop of Carlisle from 1827 to his death, was unpopular and eccentric.

[[footnote:3]]The Rt. Rev. Charles Sumner (1790-1874), bishop of Winchester, was evangelical.

<br/>"
2941,2993,June 12th [1852],1852-06-12,MS Huntington Library: Yonge Letters,Otterbourn ,"[[footnote:1]]\'A Garland for the Year\' <i>MP</i> 4 (July 1852) 41, of <i>lilium candidum</i>, \' this queen of the parterre, whose spotless petals and golden anthers may be seen during the short summer nights, when the beauty of every gayer companion is obscured by the uncertain light.\'

<br/>"
2942,2994,June 18th [1852[[footnote:1]]],1852-06-18,MS Huntington Library: Yonge Letters,Otterbourn,"[[footnote:1]]The MS is accompanied by a small white envelope with stamped circle enclosing flowering plant on flap, addressed to \' Miss E P Roberts/ Botcherby/ Carlisle\'.
"
2943,2995,July 16th [1852],1852-07-16,MS Huntington Library: Yonge Letters,Otterbourn,"[[footnote:1]]In the middle of \'Conversations on the Catechism\' in <i>[[other:52]MP]</i> (August 1852) 95-6, Miss Ormesden says \'I will first read you a translation from the German that has lately been kindly sent me\', and reads a passage \'from the German of Lavater\'.
"
2945,2997,Aug 9th [1852],1852-08-09,MS Huntington Library: Yonge Letters,Otterbourn,"[[footnote:1]]Keble was working on  <i>[[otherbook:96]The Life of the Right Reverend Father in God, Thomas Wilson, Lord Bishop of Sodor and Man]</i> 2 vols (Oxford, Parker 1893).

<br/>"
2946,2998,Aug 14th [1852],1852-08-14,Huntington Library: Yonge Letters,Otterbourn,"[[footnote:1]]St. Matthew, Otterbourne.

[[footnote:2]]Sir Edmund Antrobus, 2nd Bt. (1792-1870), whose seat was the former Amesbury Abbey.

<br/>"
2947,2999,Sept 11th [1852],1852-09-11,MS Huntington Library: Yonge Letters,Otterbourn,
2948,3000,Oct 4th [1852],1852-10-04,MS Huntington Library: Yonge Letters,Malvern,"[[footnote:1]]A reference (14 Dec 1853) to the good [[person:322]Edmund Colborne] had gained at Malvern suggests the possibility that all the Colbornes had gathered there.

<br/>"
2949,3001,Oct 14th [1852],1852-10-14,MS Huntington Library: Yonge Letters,Otterbourn,"[[footnote:1]] The statute ‘Ne Rector prosternat arbores in Caemeterio’ is said to have been passed in 1307.

[[footnote:2]]This was because Newman had become a Roman Catholic and <i>[[other:52]MP]</i> did not want the reputation of encouraging conversion."
2950,3002,Oct 19th [1852],1852-10-19,MS Huntington Library: Yonge Letters,Otterbourn ,"[[footnote:1]]In response to CMY’s statement that she had visited Worcester Cathedral, Roberts had evidently asked whether she had seen the tombstone inscribed only ‘Miserrimus’, the subject of Wordsworth’s sonnet ‘A Gravestone upon the Floor in the Cloisters of Worcester Cathedral’."
2951,3003,Nov 8th [1852],1852-11-08,MS Huntington Library: Yonge Letters to Elizabeth Roberts,Otterbourn ,"[[footnote:1]]Arius (c.250-336), who gave his name to Arianism, the belief that Christ was not equal and co-eternal with God the father.

[[footnote:2]]Matilda (1080-1118), queen consort of Henry I."
2952,3004,Novr 22d [1852],1852-11-22,MS Huntington Library: Yonge Letters ,Otterbourn ,
2953,3005,Decr 23d 1852,1852-12-23,"MS Charles E. Young  Research Library,  UCLA, collection 100.",Otterbourn,"[[footnote:1]]CMY had  contributed <i>The Two Guardians</i> (1850-2) to <i>The Churchman\'s Companion</i>, published by Masters.

<br/>"
2967,3019,1853,1853-00-00,"MS location unknown.  Printed in Coleridge, <i>Life</i> 189-9",Otterbourne,"[[footnote:1]]The heroine of the book published in 1860 as <i>[[cmybook:37]Hopes and Fears, or, Scenes from the Life of a Spinster]</i> and there renamed Honor.

<br/>"
2964,3016,[1853?],1853-00-00,"MS  Harry Ransom Humanities Research Center, University of Texas, Austin",,
2963,3015,[late 1853?],1853-00-00,MS fragment West Devon Record Office Acc No 308: 1853/3,,"[[footnote:1]]404 <i>The Times</i> (25 May 1853) reported that the Orleans family had been residing at Kitley, near Plymouth.  The Kitley estate, which neighbours Puslinch, was the home of the Bastard family. After the revolution of 1848 Louis Philippe and his family sought refuge in England, where he died in 1850. He and his wife [[person:1737]Marie Amelie] (1782-1866) were accompanied in exile by their son Louis, Duc de Nemours (1814-1896) and his wife, Princess Victoire of Saxe-Coburg (1822-1857),  their daughter-in-law, the Duchesse d’Orleans (1814-1858), widow of their eldest son, and her two children the [[person:1741]Comte de Paris] (1838-1894) and the [[person:1742]Duc de Chartres] (1840-1910).

[[footnote:2]]Mary Louisa Moberly (28 March 1838-1859)
"
3473,3525,Easter Eve [<i>c</i>. 1853-1862],1853-00-00,"MS Princeton University, Parrish Collection",Otterbourn,"[[footnote:1]]Perhaps Captain [[person:1322]Charles Simeon] (1816-1867) and his wife Sarah Jane Williams (d. 1903) who married in 1842, lived at Hursley and had 6 sons and 7 daughters.  He was born on the Isle of Wight., where Sewell lived.  This letter dates  before the move to Elderfield in March 1863.

[[footnote:2]]Perhaps [[person:1146]Charlotte Champion Pascoe].

[[footnote:3]]Adelaide and [[person:1578]Eliza] Yard came to live in Otterbourne in 1848 and then in the 1860s moved to Winchester, where  Elizabeth Sewell stayed with them in 1864.
"
2954,3006,"January 15, 1853.",1853-01-15,"MS location unknown.  Printed in Coleridge, <i>[[otherbook:40]Life]</i> 188","Otterbourne, ","[[footnote:1]]The Collins family seem to have consisted of Martha (Andrews) Collins (b. 1805/6), postmistress, wife of George Collins, (b. 1818/9) of the Post Office, Otterbourne, groom and gardener, and their children George (b. 1839/40),  Charles (b.1840/1), Elizabeth (b. 1844/5),  and Anne (b. 1846/7).  CMY probably subsidised Bessie’s attendance at Mary Anne Dyson’s school, for her bank account shows regular payments at this period.  In the 1861 census Bessie Collins was housemaid to the Rev. Cyril Wood, Vicar of Atwick and in the 1871 census housemaid to the Rev. John Le Mesurier, Vicar of Bembridge.

[[footnote:2]]The “Pink Mag” was her nickname for the  <i>Magazine for the Young</i>, edited by Anne Mozley.

[[footnote:3]]Probably Fanny Caroline Lefroy (1820-1885), great-niece of Jane Austen, who contributed to <i>MP</i> between  1855 and 1884."
3499,3551,Feb 9th [after 1853],1853-02-09,MS New York Public Library: Berg Collection ,,"[[footnote:1]]<i>Private Trials and Public Calamities or, The early life of Alexandrine des Écherolles, during the troubles of the first French revolution</i>  2 vols (London: Bentley 1853), a translation by Anne Percy of Alexandrine des Écherolles, <i>Quelques</i> années <i>de ma vie</i> (Moulins 1843).

<br/>"
2955,3007,"February 23, 1853",1853-02-23,"MS location unknown.  Printed in Coleridge, <i>[[otherbook:40]Life]</i> 191-3",Otterbourne,"[[footnote:1]][[person:1578]Eliza] and [[person:1577]Adelaide Yard], who lived in Otterbourne.

[[footnote:2]]An allusion to La Motte Fouqué\'s <i>[[otherbook:102]Sintram]</i>, indicating that CMY saw Guy\'s banishment to Redclyffe as analogous to Sintram\'s banishment to the Rocks of the Moon.

[[footnote:3]]Walter Scott\'s house, now inhabited by the Catholic converts the Hope-Scotts.  Newman had spent the second half of December and most of January there.

[[footnote:4]]Sir John Taylor Coleridge was one of the judges in the court case in which Giacinto Achilli sued Newman for libel.  Newman had appeared in court on 31 January 1853, and Coleridge had referred in his speech to the \'deterioration of converts.\'

[[footnote:5]]CMY amplifies this in <i>Musings over the Christian Year</i> xxxiii: When I came to him alarmed at my own sense of vainglory, he told me, \'a successful book might be trial of one\'s life; \' shewed me how work (even of this sort) might be dedicated;  how, whenever it was possible, I could explain how the real pith of the work came from another mind;  and dismissed me  the concluding words of the 90th Psalm (the which has most thankfully, I own, so far been realized). Psalm 90 in the Prayer Book version ends: \' prosper thou the work of our hands upon us, O prosper thou our handy-work\'.

[[footnote:6]]Two collects are here referred to, the collect for the anniversary of the accession of Queen Victoria (20 June), which includes the words ‘Almighty God, the fountain of all wisdom, who knowest our necessities before we ask, and our ignorance in asking ‘ and the collect for the Twelfth Sunday after Trinity, which begins ‘Almighty and everlasting God, who art always more ready to hear than we are to pray, and art wont to give more than either we desire, or deserve’."
2956,3008,March 17th [1853],1853-03-17,MS Huntington Library: Yonge Letters,Otterbourn ,"[[footnote:1]]The letter seems to refer to \'Legend of Sir Galahad IV: How Sir Launcelot recovered his wits by virtue of the Sangraal\'  <i>[[other:52]MP]</i> 5 (February 1853) 141-5, which was the fourth part of the series, \'Legend of Sir Galahad\', begun in July 1852.x

[[footnote:2]]The Rt. Rev. William Grant Broughton  (1788–1853), the first Anglican bishop of Australia, was buried in the nave of Canterbury Cathedral on 26 February 1853.
"
2957,3009,Envelope postmarked Winchester 26 March 1853 and Plympton 27 March 1853,1853-03-26,MS (envelope) West Devon Record Office Acc No 308,,
2958,3010,Whitsuneve [14 May 1853],1853-05-14,MS Huntington Library: Yonge Letters,Otterbourn ,"[[footnote:1]]There is a folk tradition that if it rains on 15 July,  the festival of St. Swithin (<i>d</i>. 863), bishop of Winchester, it will go on to rain for the next 40 days as well.

<br/>"
2959,3011,"7 June, 1853.",1853-06-07,"MS location unknown.  Printed in [[cmybook:88]<i>Musings over the Christian Year]</i>, xxvii.","H.V.,",
2960,3012,July 9th [1853],1853-07-09,MS Huntington Library: Yonge Letters,Otterbourn ,"[[footnote:1]]CMY refers to Anna Brownell Jameson, <i>[[otherbook:87]Legends of the Monastic Order, as Represented in the Fine Arts]</i> (1850)."
2961,3013,[July 1853],1853-07-18,MS location unknown.  Printed in <i>[[otherbook:122]Dulce Domum]</i> 106-7.,,"[[footnote:1]]In May 1853 an armed camp on Chobham Common, commanded by Field-Marshal Lord Seaton, was set up.  CMY herself visited it with several of her cousins.  <i>The Times</i> (4 July 1853) reported manoevres witnessed by the Queen, Prince Albert, the visiting Prince Lucien Bonaparte (1813-1891) and officers in his suite, who probably included Napoléon, second Duc de Montebello (1801-1874).

[[footnote:2]]There had been a State Ball on 1 July 1853.

[[footnote:3]]Robert Campbell Moberly (1845-1903), John Cornelius Moberly (b.1848 ) and Frances Emily Moberly (1844-1921).

[[footnote:4]]The Bishop of Cape Town, the Rt. Rev. Robert Gray (1809-1874), and his wife Sophia (Myddleton) Gray were visiting the Kebles.
"
2962,3014,Novr 29th [1853],1853-11-29,MS Huntington Library: Yonge Letters,Otterbourn ,"[[footnote:1]]Lord Lindsay (later the Earl of Crawford) <i>Sketches of the History of Christian Art</i> (1847).

<br/>"
2965,3017,Decr 14th [1853],1853-12-14,MS West Devon Record Office Acc 1092/9,Otterbourn,"[[footnote:1]]The Hon. Cordelia Anne L’Estrange Colborne (d.1862).  Evidently both she and her brother Edmund had been ill.

[[footnote:2]]Maria Trench (1820/1-908) married (1847) the Rev. Robert Francis Wilson (1808/9-1888), one of Keble’s curates and later Vicar of Rownhams.  They had one son Francis Wilson (1848/9-1886).

[[footnote:3]]The Duchesse d\'Orleans, who was a princess of Mecklenberg-Schwerin.

[[footnote:4]]He had briefly  become separated from his mother during her unsuccessful attempt to have the Chambre des Deputés acknowledge his elder brother as king in February 1848.

[[footnote:5]]‘St. Stephen’s Native Girls’ School’ <i>MP</i> 5 (January 1852) 73-77.  There is an account of this school in Joan C. Stanley, \'Kissling, Margaret 1808 - 1891\'.  <i>Dictionary of New Zealand Biography</i>."
2966,3018,Decr 31st [1853],1853-12-31,MS Huntington Library: Yonge Letters,Otterbourn ,"[[footnote:1]]Alexander Pope, <i>Epistles</i> iv 203. \'Worth makes the man, and want of it, the fellow;/ The rest is all but leather and prunella.\'

<br/>[[footnote:2]]\'The Ordination of Rota, the first Maori deacon. Trinity Sunday, 1853\' <i>[[other:52]MP]</i> 7 (February 1854) 158.

<br/>"
2969,3021,Jany 16th [1854],1854-01-16,MS Huntington Library: Yonge Letters,Otterbourn ,"[[footnote:1]]The composer Samuel Sebastian Wesley  (1810–1876) had been appointed organist of Winchester Cathedral in 1849.

[[footnote:2]]The Rev. the 6th Earl of Guilford (1772-1861), son of the Rt. Rev. Brownlow North  (1741–1820), bishop of Winchester from 1781-1820, was a notorious pluralist.  His occupation of the lucrative post of  Master of St. Cross Hospital had caused a scandal which is supposed to have inspired Anthony Trollope’s novel <i>[[otherbook:170]The Warden]</i> (1855).

<br/>"
2968,3020,[January 1854],1854-01-18,"MS location unknown.  This fragment printed in Romanes, <i>[[otherbook:241]Appreciation]</i>, 69",,"[[footnote:1]]<i>[[cmybook:15]The Heir of Redclyffe]</i> was reviewed in <i>The Times</i>, 5 January 1854 p 9 column a.  The book is praised warmly despite its \'Puseyism\'.

[[footnote:2]]Miss Wellwood founds a sisterhood in the novel, despite opposition to nunneries as Roman Catholic in tendency.

<br/>[[footnote:3]]The plot of <i>The Heir of Redclyffe</i> had been suggested by Mary Anne Dyson, and so the novel was known as her son.

<br/>"
2970,3022,Jany 21st [1854],1854-01-21,MS Huntington Library: Yonge Letters ,Otterbourn  ,"[[footnote:1]]The Round Table in the Great Hall of Winchester Castle is now considered to be fourteenth-century, redecorated for Henry VIII.

<br/>"
2971,3023,Feby 1st [1854],1854-02-01,MS Mrs Caroline Fairclough/1,Otterbourn,"[[footnote:1]]<i>[[otherbook:242]Aunt Louisa’s Travels]</i>, a series in which Aunt Louisa describes her journey to Switzerland to her nephew Arthur and her nieces Caroline and Grace. (Butler\'s brother the Rev. William Butler, Vicar of Wantage, had a son Arthur and a daughter Grace, and a sister-in-law, Louisa Barnett.) It began in <i>[[other:52]MP]</i> 4 (July 1852) 53-60 and ran until June 1854.  The Geneva chapter was published in <i>MP</i> 7 (April 1854) 302-9.

[[footnote:2]]Ferney, just inside France but very near Geneva, was the home between 1759 to 1778 of Voltaire (1694-1778), a writer not likely to be congenial to CMY.

[[footnote:3]]‘Name-Fancying’, a series by CMY, which began in <i>MP</i> 3 (May 1852) 393-6.  It formed the basis of her book on <i>[[cmybook:48]Christian Names]</i>.

 [[footnote:4]]Elizabeth Barnett (1810-1900) was second cousin to the Rev. William Butler (who was married to her younger sister Emma Barnett), and therefore also to Anna Butler.

<br/>"
2972,3024,Febry 10th [1854],1854-02-10,MS Mrs Caroline Fairclough/2,[[other:121]Dogmersfield],"[[footnote:1]]CMY had asked Butler to delete a passage from her series of articles <i>[[otherbook:242]Aunt Louisa\'s Travels]</i>.

[[footnote:2]]CMY had asked Butler\'s help with Scandinavian names for the series of articles in <i>[[other:52]MP]</i> called \'Name-Fancying\' which later became [[cmybook:48]<i>A History of Christian Names]</i>."
2973,3025,Febry 13th [1854],1854-02-13,MS Huntington Library: Yonge Letters,Otterbourn ,"[[footnote:1]]Evidently Roberts was nursing a sister or sister-in-law who had just given birth.

<br/>"
2979,3031,[February 1854],1854-02-18,"MS location unknown.  This fragment printed in Romanes, <i>[[otherbook:241]Appreciation]</i> p. 76",[Otterbourne],
2974,3026,Febry 18th [1854],1854-02-18,"MS University of Illinois, Urbana Champaign: Letter 1",Otterbourn,"[[footnote:1]]They were working together on  <i>The History of Sir Thomas Thumb</i> (Edinburgh: Constable 1855).

[[footnote:3]]The town of Waltham Cross, Hertfordshire is the site of one of the Eleanor Crosses, erected by Edward I in 1291 to mark the resting places of his wife Queen Eleanor\'s body on its journey from Harby in Lincolnshire to Westminster Abbey.

[[footnote:4]]The reference may be to fortifications in the Crimea.

[[footnote:5]]The puzzles in this list are an unidentified work, perhaps that earlier (15 March 1852) referred to as McCulloch’s <i>Natural Theology</i>  see note there for a possible identification; and two works, <i>Madeleine</i> and <i>Sanvestre</i> for which no identification can be offered, though the former is probably from its position a novel.

[[footnote:6]]Jemima Blackburn and James Wilson, <i>Illustrations of Scripture</i>. By an Animal Painter, with notes by a Naturalist.  (Edinburgh :Constable  [1855.])

[[footnote:7]]William Holman Hunt (1827-1910) painted his version of <i>The Scapegoat</i> in 1854, but it was not exhibited until after he returned from Palestine in 1856.
"
2975,3027,Febry 23d [1854],1854-02-23,MS Plymouth and West Devon Record Office 308/257,Otterbourn,
2976,3028,"February 24, 1854.",1854-02-24,"MS location unknown.  Printed in Coleridge, <i>Life</i> 193-194.","Otterbourne, ","[[footnote:1]]Bessie Collins was one of Mary Anne Dyson\'s pupils.

<br/>"
2977,3029,"February 25, 1854.",1854-02-25,"MS location unknown.  Printed in Coleridge, <i>[[otherbook:40]Life]</i> 194-195","Otterbourne, ",[[footnote:1]] Bessie Collins (who was one of Mary Anne Dyson\'s pupils) and her elder sister Olive were the daughters of [[person:360]Martha Collins] who kept the Post Office in Otterbourne.
2978,3030,"February 26, 1854.",1854-02-26,"MS location unknown.  Printed in Coleridge, <i>[[otherbook:40]Life]</i> 195.",[Otterbourne],
3585,7852,March 1st [1854],1854-03-01,MS British Library: Coleridge Family Papers E: Add MSS 86207 Yonge JDC[[footnote:1]],Otterbourn,"[[footnote:1]]Black-edged paper, annotated in another hand \'C M. Yonge/March 1854.

[[footnote:2]]At the funeral of CMY\'s father [[person:1631]WCY], who had died on 26 February 1854.

[[footnote:3]]Richmond\'s drawing of WCY is illustrated in Coleridge, <i>Life</i>. The passage in <i>The Heir of Redclyffe</i> referred to here, in which Amabel takes comfort from the portrait of her dead husband, occurs in Vol II, Ch.15, p.248."
2980,3032,Friday [3 March 1854],1854-03-03,MS Plymouth and West Devon Record Office 308/255[[footnote:1]],,"[[footnote:1]]Black-edged paper. Endorsed in another hand ‘Feby: 1854’.

[[footnote:2]]His children [[person:1582]Anne Yonge] and [[person:1599]Duke Yonge] had come to stay with the bereaved family in Otterbourne and attend the funeral of WCY which took place on Saturday 4 March 1854.

[[footnote:3]]John Yonge’s wife, [[person:1580]Alethea], FMY’s half-sister, had died in 1844.
"
3586,7864,March 7th [1854],1854-03-07,MS British Library: Coleridge Family Papers E: Add MSS 86207 Yonge JDC[[footnote:1]],Otterbourn,"[[footnote:1]]Black-edged paper.

[[footnote:2]]The funeral of CMY\'s father WCY, who died on 26 February 1854, took place on Saturday 4 March.

[[footnote:3]]CMY refers to <i>[[cmybook:14]Landmarks of History: Ancient History from the Earliest Times to the Mahometan Conquest]</i> (1852), <i>[[cmybook:16]Landmarks of History: Middle Ages from the Reign of Charlemagne to that of Charles V]</i> and <i>[[cmybook:28]Landmarks of History III. Modern History: From the Reformation to the Fall of Napoleon]</i> (1857)."
2981,3033,8th March 1854,1854-03-08,MS Plymouth and West Devon Record Office 308/254[[footnote:1]],Otterbourn,"[[footnote:1]]Black-edged paper.

[[footnote:2]]The Rev. Nutcombe Oxenham (1810/1-1859), vicar of Modbury, Devon, where WCY had evidently been a benefactor.

[[footnote:3]]Duke and Anne Yonge had come to stay at Otterbourne to help the bereaved family.

[[footnote:4]]The Rt. Rev. Edward Denison, bishop of Salisbury  (1801–6 March 1854) and the Rev. Richard Jenkyns (1782-6 March 1854), master of Balliol College Oxford, had recently died.  Presumably so had some other dignitary.

[[footnote:5]]The Rev. Percy Monro was perpetual curate of Colden Common in 1859.

[[footnote:6]]She had told her sister-in-law and stepsister, Cordelia (Colborne) Yonge, that her son Dr. John Francis Duke Yonge would be unwelcome at his uncle\'s funeral because he had become a Roman Catholic."
2982,3034,9th March 1854,1854-03-09,MS Plymouth and West Devon Record Office 308/256[[footnote:1]],Otterbourn,"[[footnote:1]]Black-edged paper.
"
2991,3043,March 9th [?1854],1854-03-09,"MS Princeton University, Parrish Collection,  C0171: Box 29",Otterbourne,"[[footnote:1]]Henry Murray Lane (1833-1913), Bluemantle Pursuivant at the College of Arms (1849-1864).

[[footnote:2]]Her heraldry articles ran in [[other:52]MP] from 1853-1857.
"
2983,3035,March 11th [1854],1854-03-11,MS Huntington Library: Yonge Letters,,
2984,3036,Friday [17 March 1854],1854-03-17,MS Plymouth and West Devon Record Office 308/123/10,Otterbourn,"[[footnote:1]]Anne\'s sister Alethea Anderson Morshead had evidently brought her six little boys to stay at Puslinch.

[[footnote:2]]The arrival of the Vulcan at Malta on Saturday 11 March 1854 was announced in <i>The Times</i>  (16 March 1854) 7.

[[footnote:3]]Richard Bogue was a cousin on the Bargus side of the family.
"
2985,3037,March 21st [1854],1854-03-21,"MS Princeton University, Parrish Collection, C0171 Box 29[[footnote:1]]",Otterbourn Winchester,"[[footnote:1]]Black-edged paper.

[[footnote:2]]<i>Sir Roland Ashton: A Tale of the Times</i> (1844), an anti-tractarian novel by Lady Catherine (Walpole) Long (d. 1867). The edition referred to was advertised in <i>The Times</i> (10 March 1854), 13.
"
2986,3038,April 10th [1854],1854-04-10,MS Mrs Caroline Fairclough/3,Otterbourn,"[[footnote:1]]The Berne chapter of <i>Aunt Louisa’s Travels</i> was published in <i>[[other:52]MP]</i> May 1854.

[[footnote:2]]CMY wished to consult Butler about Scandinavian first names for the work eventually published as <i>[[cmybook:48]A History of Christian Names]</i>.
"
2987,3039,Monday 17th April [1854],1854-04-17,MS Plymouth and West Devon Record Office 308/123/9[[footnote:1]],Otterborn,"[[footnote:1]]Black-edged paper.

[[footnote:2]]Harriet Harvey (Holbeton 1800/1-1854) is recorded in the 1841 census as a female servant at Puslinch, and in the 1851 census as a schoolmistress, living alone in the village of Torre in Newton Ferrars parish.

[[footnote:3]]Lady Seaton’s second son the Hon. Francis Colborne (1817-1895) was an army officer no doubt also on his way to the Crimea.
"
2988,3040,April 20th [1854],1854-04-20,MS Mrs Caroline Fairclough/4,Otterbourn,"[[footnote:1]]The final chapter of <i>Aunt Louisa’s Travels</i>, published in MP 7 (June 1854) 461-72.

<br/>[[footnote:2]][[person:1631]William Crawley Yonge] died on 26 February 1854.

<br/>"
2989,3041,April 21st  [1854],1854-04-21,"MS University of Illinois, Urbana Champaign: Letter 2. [[footnote:1]]",Otterbourn,"[[footnote:1]]Black-edged paper. One of the sheets of this letter has been partially cut away, leaving two gaps in the text.  It is also possible that there may be a sheet missing after the second gap.

[[footnote:2]]William Howard Russell (1820–1907), the <i>Times</i> correspondent,  had criticized the conduct of the war.
"
2990,3042,May 13th [1854],1854-05-13,"MS University of Illinois, Urbana Champaign: Letter 4. ",,"[[footnote:1]]Alexandre Dumas <i>père, La Bouillie de la comtesse Berthe</i> (1844) appeared in several English translations;  CMY refers to the 1846 Chapman & Hall edition with 100 illustrations done by Albert Bertall for the French edition.

[[footnote:2]]<i>The Holy Bible, according to the Authorized Version:  with notes, explanatory and practical; taken principally from the most eminent writers of the United Church of England and Ireland : together with appropriate introductions, tables, indexes, maps, and plans</i> ed. George D\'Oyly and Richard Mant (London: SPCK 1817). Years later CMY described her father reading it to her as a child in [[cmybook:254] \'A Real Childhood\']: \'Daily, before breakfast, he read the Bible with us, from Mant\'s edition.\'"
2992,3044,May 1854,1854-05-18,MS location unknown.  Printed in <i>[[otherbook:122]Dulce Domum]</i> 111-2.,,"[[footnote:1]]Selwyn William Moberly (1854-1871), seventh son and youngest of the Moberlys\' fifteen children, was christened on 8 June 1854."
2993,3045,May 26th [1854],1854-05-26,"MS University of Illinois, Urbana Champaign: Letter 3. ",Otterbourn,"[[footnote:1]]Perhaps one of those illustrated in Fairley, <i>[[otherbook:63]Jemima]</i> 35.

[[footnote:2]]The Scots ballad \'Tam Lin\', about a minstrel stolen by the fairies, includes the lines: ‘Then would I never tire, Janet,/ In elfish land to dwell;/ But aye at every seven years,/ They pay the teind to hell.’  The \'teind\' is a tenth.

[[footnote:3]]Isaiah 13:21-2; Sir Robert Ker Porter,  <i>[[otherbook:133]Travels in Georgia, Persia, Armenia, ancient Babylonia, &c. &c. during the years 1817, 1818, 1819, and 1820]</i>  (1821).

[[footnote:4]]‘Monday in Whitsun Week’, 31-6:  ‘With half-closed eye a lion there/ Is basking in his noontide lair,/Or prowls in twilight gloom. /The golden city\'s king he seems, /Such as in old prophetic dreams/Sprang from rough ocean\'s womb.’

[[footnote:5]]Cecil Frances Humphreys (1818-1895) married (1850) the Rev. William Alexander. This was her third book,  published by Masters in 1849, following <i>Verses for Holy Seasons</i> (1846) and <i>Hymns for Little Children</i> (1848) to which Keble wrote a preface. As a girl she had lived in Winchester and known CMY.

[[footnote:6]]<i>Original Poems for Infant Minds</i> by Ann and Jane Taylor, first published in 1804-5.  The more famous <i>Rhymes for the Nursery</i>, containing ‘Twinkle, twinkle little star’, was published in 1806.
"
3440,3492,May 31st [1854?][[footnote:1]],1854-05-31,"MS Royal Institution of Cornwall, Enys No. 1428[[footnote:2]]",Dogmersfield,"[[footnote:1]]The mourning paper and ‘my mother and myself’ suggest a date after the death of WCY (26 February 1854).

[[footnote:2]]Black-edged paper.  The letter has been sold by the owner since we transcribed it and is no longer held by the Courtney Library.

<br/>"
2994,3046,June 5th [1854],1854-06-05,MS Huntington Library: Yonge Letters[[footnote:1]],,"[[footnote:1]]Black-edged paper.

[[footnote:2]]John Keble, ‘The Gathering of the Church’, l.1."
2996,3048,"June 9, 1854",1854-06-09,"MS location unknown.  Printed in Coleridge, <i>[[otherbook:40]Life]</i> 206-9",Otterbourne,"[[footnote:1]]The Bishop of New Zealand, George Augustus Selwyn (1809-1878).

[[footnote:2]]The implication is that Dyson’s pupils had attended the service.  Caroline  Harriet (Palmer) Abraham (d.1877), wife of another New Zealand missionary, the Rev. Charles John Abraham (1814-1903).

[[footnote:3]]There are some inaccurate accounts of Yonge\'s charitable donations to the Melanesian Mission.  This sum of  £146: 10s, profits from <i>[[cmybook:15]The Heir of Redclyffe]</i>, provided part of the purchase price of the <i>Southern Cross</i>.  Later Yonge gave the profits from <i>The Daisy Chain</i> to the mission, which paid them an annual income, and which became a specific bequest in her will.  Another account of this presentation is in <i>[[otherbook:122]Dulce Domum]</i> 112-3n.

[[footnote:4]]Caroline Wabisane, a native of the island called by Selwyn Nengonè, now New Caledonia,  the fiancée of George Siapo (d. 1853) an early convert; she was educated at St. John\'s College and christened after Mrs Abraham;  following Siapo\'s premature death she married a Maori named Simeona: <i>Life of John Coleridge Patteson</i> I, 196, 284.

[[footnote:5]]Mary Anne  (1805/6-1884) and [[person:1131]Louisa Catherine Palmer] (d. 1868) were sisters of Caroline Harriet Abraham and daughters of Sir Charles Thomas Palmer, 2nd Bt..; they were also first cousins to Mrs Selwyn.

[[footnote:6]]Mary Ann Moberly had recently given birth to her fifteenth and youngest child.  Nonetheless, this is perhaps an implied criticism of her relationship with her children, which was (reading between the lines of <i>Dulce Domum</i>) rather distant.  The Moberlys rented a farm in Hursley parish for the summer holidays, and the \'farm children\' are probably the younger ones, whom Mrs Moberly would not have seen for some days.

[[footnote:7]]\'Miss Croker\' might be a mistranscription by Coleridge of \'[[person:1711]Miss Crokat]\', sister of Mary Ann Moberly.

[[footnote:8]]The significance of this point is explained by the colonel\'s sister Frances Wilbraham in her contribution to <i>[[cmybook:88]Musings over the Christian Year]</i>, lxix.  Keble disliked the Crimean War, in which CMY\'s brother Julian was fighting:  \'It grieved him sorely that England should have been compelled to league herself with a Mahometan power against another Christian nation.\'
"
2995,3047,June 1854.,1854-06-18,MS location unknown.  Printed in <i>[[otherbook:122]Dulce Domum]</i> 112-3.,"Otterbourne, ","[[footnote:1]]Jane Cowing (b.1807/8), the Moberlys\' governess."
2997,3049,July 10th [1854],1854-07-10,MS Michigan State University[[footnote:1]],Otterbourne Winchester,"[[footnote:1]]Black-edged paper.
"
2998,3050,July 14th [1854],1854-07-14,"MS Historical Society of Pennsylvania: Gratz Collection: Case 10, Box 36. British Authors.  Printed by Green, [[otherbook:75]\'Two Popular Novelists\'].",Otterbourne,"[[footnote:1]]Presumably dated 1854. The 5th edition is dated 1854.
"
2999,3051,July 19th [1854],1854-07-19,"MS Historical Society of Pennsylvania: Gratz Collection: Case 10, Box 36. British Authors. Printed by Green, [[otherbook:75]\'Two Popular Novelists\']. ",Otterbourne,
3000,3052,Oct 10th  [1854],1854-10-10,"MS University of Illinois, Urbana Champaign: Letter 5.",Otterbourn,"[[footnote:1]] The tale was first serialized in the <i>[[other:52]Monthly Packet]</i>, beginning in the first number. Jemima Blackburn did the illustrations for the first edition published by Parker in 1854. CMY was later to express her opinion of the deficiencies of Blackburn’s illustrations in letters to Alexander Macmillan (25 January, 26 February 1865).

[[footnote:2]]The Blackburns had bought a holiday house,  Roshven, ‘a small property on the beautiful west coast of Inverness-shire’ which could only be reached by boat: Fairley, <i>[[otherbook:63]Jemima]</i>,. 38-39, 44-45, 151.


"
3002,3054,Novr 4th [1854],1854-11-04,MS Huntington Library: Yonge Letters[[footnote:1]],,"[[footnote:1]]Black-edged paper, with black-edged envelope addressed to Miss Roberts/ Kings Bromley/ Kingsley.

[[footnote:2]]Perhaps a member of the Crawley family.

[[footnote:3]][[person:1756]Gresley] was a Tractarian controversialist who also wrote fiction, and on the whole it seems more likely that CMY would apply this adjective to one of the latter than to one of his theological works.
"
3001,3053,[? November 1854],1854-11-18,"MS location unknown.  This fragment printed in Romanes, <i>[[otherbook:241]Appreciation]</i> 75",,"[[footnote:1]]Her novel <i>Heartsease, or, The Brother\'s Wife</i>, which had just been published.  A  review in <i>The Times</i> (28 Dec 1854) 5, refers to its success.

[[footnote:2]] The heroine of <i>Heartsease</i> gives birth to four children, and the dangers of childbirth are emphasised, though not so as to terrify a modern reader.

[[footnote:3]]In the novel Aunt Nesbit leaves her money in trust, the heir to be one of the grandsons of her nephew-in-law, Lord Martindale, when he shall inherit his grandfather\'s title. Such a trust would have infringed the perpetuities rule against remoteness of vesting.
"
3004,3056,Dec 1st [1854],1854-12-01,"MS University of Illinois, Urbana Champaign: Letter 6 ",Otterbourn,"[[footnote:1]]<i>The Little Duke</i> was being published by Parker on commission (BL: Add.54920/1-2), which meant that CMY paid all production costs and the publisher received a commission on the copies sold. This is presumably the reason she was so involved with the details of binding etc. and later with the cost of producing the second edition.   

[[footnote:2]]Marian (Rogers) Legge  (1814-1890), third sister of [[person:1252]Frederic Rogers], married (1842) the Rev. and Hon. H. Legge.

[[footnote:3]]Georgiana Mary Colvile (d.1900), first cousin of Jemima Blackburn, married (1847) Frederic Rogers (1811-89), barrister and politician, who succeeded his father (1851) in a baronetcy and was created (1871) Lord Blachford.  CMY and Blackburn had first met while staying with the Rogers family in London in the 1840s. 
"
3003,3055,December 1 [1854],1854-12-01,"MS location unknown.  Printed in Coleridge, <i>[[otherbook:40]Life]</i> 218 - 220",Otterbourne,"[[footnote:1]]CMY\'s brother Julian had returned from the Crimea.

[[footnote:2]]St. Andrew\'s Day, 30 November.  Coffee was a remedy against headache, to which FMY was prone.

[[footnote:3]]Profits from <i>The Heir of Redclyffe</i>.  The provision of a school in such an outlying hamlet is one of the leading events in CMY\'s novel <i>[[cmybook:24]The Daisy Chain]</i>. According to J. Frewen Moor, <i>[[otherbook:124]A Guide to the Village of Hursley</i> (1869), 6, the chapel was built at CMY’s expense, for £800, to a design by William Butterfield.  It is now [2009] a private house.

[[footnote:4]]To nurse in the Crimea.

[[footnote:5]]Duke Dowton Yonge was a very young naval officer, of the Antony family."
3005,3057,Decr 7th [1854],1854-12-07,MS Huntington Library: Yonge Letters[[footnote:1]],,"[[footnote:1]]Black-edged paper.

[[footnote:2]]The Rev. Francis Edward Paget (1806-1882), Rector of Elford, Staffordshire 1835-82,  was a prominent Tractarian clergyman and novelist;  his works include <i>Tales of the Village Children</i> (1845).
"
3006,3058,Otterbourn  Friday [December 1854?],1854-12-18,"MS Princeton University:  Parrish Collection, Princeton: C0171: Box 29.[[footnote:2]]",,"[[footnote:1]]Black-edged paper.

[[footnote:2]]This is assumed to be addressed to the wife of Captain William Harris, Chief Constable of Hampshire.
"
3018,3070,[summer 1855],1855-00-00,MS location unknown.  This fragment printed in <i>Dulce Domum</i> 122.,,"[[footnote:1]]The operation on [[person:1014]George Moberly] the younger.
"
3007,3059,Febry 16th [1855],1855-02-16,MS Huntington Library: Yonge Letters[[footnote:1]],Otterbourn ,"[[footnote:1]]Black-edged paper.

[[footnote:2]]2 Chronicles 1:5."
3008,3060,March 19th [1855],1855-03-19,MS West Devon Record Office Acc 1092/10[[footnote:1]],Otterbourn,"[[footnote:1]]Black-edged paper endorsed in another hand ‘(1855)’.

[[footnote:2]]The \'Withers\' were perhaps the curate, the [[person:1544]Rev. William Bigg Wither], and his sister [[person:1546]Marianne].
"
3009,3061,March 22d [1855],1855-03-22,MS West Devon Record Office Acc 1092/11[[footnote:1]],Otterbourn,"[[footnote:1]]Black-edged paper.

[[footnote:2]]John Bargus Yonge (1821-1863), Anne’s elder brother, and his wife Cordelia Hay.  The letter refers to the illness of their sister [[person:1616]Jane Duke Yonge] (1820/1-27 March 1855).

[[footnote:3]][[person:1131]Louisa] and [[person:1132]Mary Anne Palmer] were Mrs Abraham’s sisters and Mrs Selwyn’s first cousins, and were therefore up on New Zealand affairs.

[[footnote:4]]Some of the papers of  Mary Anne Dyson’s mother and namesake were published as <i>[[otherbook:59]Memorials of a Departed Friend]</i> (1833).
"
3010,3062,Friday [23 March 1855],1855-03-23,MS West Devon Record Office Acc 1092/12,Otterbourn,"[[footnote:1]]Anne was nursing her sister [[person:1616]Jane Duke Yonge] (1820/1-27 March 1855).

[[footnote:2]]Elizabeth (Bigg) Heathcote (1773-23 March 1855), Sir William’s mother.

[[footnote:3]]Messrs. Wigram were the shipbuilders who had built the missionary ship, the Southern Cross."
3011,3063,March 29th [1855],1855-03-29,MS West Devon Record Office Acc 1092/13[[footnote:1]],Otterbourn,"[[footnote:1]]Black-edged paper endorsed \'1855\'.

[[footnote:2]]The news of the death of Anne\'s sister [[person:1616] Jane Duke Yonge] (1820/1-27 March 1855).

[[footnote:3]]Mrs Heathcote was aunt to the curate William Bigg Wither, and his eldest brother Lovelace Bigg Wither of Manydown Park, the head of the family, had no doubt attended the funeral.

[[footnote:4]]The name was later used for a character in <i>[[cmybook:58]The Clever Woman of the Family]</i> (1865).  Lovedy (Saunder) Kelland (Chittlehampton 1824/5-1858 Lapford), wife of John Kelland of Kelland Barton, Lapford, farmer, may be the person referred to.

[[footnote:5]]The word \'Keswick\' deleted here.
"
3012,3064,OtterbournMarch 31st [1855],1855-03-31,MS West Devon Record Office Acc 1092/14[[footnote:1]],,"[[footnote:1]]Black-edged paper.

[[footnote:2]]Genesis 22:2-13.

[[footnote:3]]They had recently been reading the <i>[[otherbook:246]Paradiso]</i> of Dante together.
"
3608,10615,May 5th 1855,1855-05-05,"MS New York Public Library, Astor, Lenox and Tilden foundations, Lee Kohns collection",Otterbourn,"[[footnote:1]]There was an advertisement in <i>The North American Review</i> 80 (January 1855), 270, for an edition of <i>[[cmybook:19]Heartsease]</i> 2 vols (New York: Appleton 1855).  

[[footnote:2]]Parker had edited <i>Fraser\'s Magazine</i> since 1847."
3013,3065,"11th May, 1855.",1855-05-11,MS location unknown.  Printed in <i>[[cmybook:88]Musings over the Christian Year]</i> xxxviii.,"H.V.,","[[footnote:1]]CMY explained that ‘the opening words were in Mrs. Keble’s hand’.

[[footnote:2]]This letter makes it clear that the chapter separately published as ‘Last Heartsease Leaves’ was originally conceived as the ending of <i>Heartsease</i>.

[[footnote:3]]Walter Scott, <i>[[otherbook:247]Marmion]</i> (1808), Canto 6, 27, 1147-8: ‘I do not rhyme to that dull elf/ Who cannot image to himself . .’
"
3014,3066,May 31st  [1855-9],1855-05-31,"MS formerly in the Royal Institution of Cornwall, Enys No. 1428[[footnote:1]]",[[other:121]Dogmersfield],"[[footnote:1]]Black-edged paper.

[[footnote:2]]Probably dating between the death of WCY and the death of the Rev. Charles Dyson in 1860.

<br/>"
3016,3068,June 6th [1855],1855-06-06,"MS Westminster Archives Centre, Barkly MSS M:Acc 0618/80/6 ",Otterbourn,
3015,3067,June 1855.,1855-06-18,MS location unknown.  This fragment printed in <i>[[otherbook:122]Dulce Domum]</i> 121-2.,"Otterbourne,","[[footnote:1]]Alice Moberly was in Oxford, nursing her brother George through a serious illness.

[[footnote:2]] [[person:1578]Eliza] and [[person:1577]Adelaide Yard]
"
3017,3069,"St. Peter’s Day [29 June], 1855.",1855-06-29,MS location unknown.  These extracts printed in <i>[[cmybook:88]Musings over the Christian Year]</i> xxxix.,"H.V.,","[[footnote:1]]CMY glossed the letter thus in <i>Musings</i>: ‘There is one that reminds me of his having tried to find some book in which the Roman controversy was put in an easy and sound form.  There was some joking between us on the controversy Miss Olivia Primrose had read, being that between Will Atkins and his wife in ‘Robinson Crusoe,’  and it ended in my borrowing for him a book containing the curious argument between King Charles I. and the Marquis of Worcester.’   The reference is to Oliver Goldsmith, <i>[[otherbook:73]The Vicar of Wakefield]</i> (1766), Chapter 7: ‘ “I have read a great deal of controversy. I

have read the disputes between Thwackum and Square; the controversy between Robinson Crusoe and Friday the savage, and I am now employed in reading the controversy in Religious Courtship.”’   The borrowed book was  <i>Certamen Religiosum: or, a Conference between His late Majestie Charles King of England, and Henry late Marquess and Earl of Worcester, concerning religion; at His Majesties being at Raglan Castle, 1646. Wherein the maine differences, now in controversie, between the Papists and the Protestants is no lesse briefly than accuratly discuss’d and bandied</i> (1649);  and the supposed participants [[person:1768]Charles I] and [[person:1769]Henry Somerset, fifth Earl and first Marquess of Worcester] (1577–1646). 
"
3020,3072,Oct 11th 1855,1855-10-11,"MS Princeton University, Parrish Collection,  C0171: Box 29.",Otterbourn ,
3019,3071,October [1855],1855-10-18,MS location unknown.  This fragment printed in <i>[[otherbook:122]Dulce Domum]</i> 122-3.,,"[[footnote:1]]The mediaeval \'Ballad of Otterbourne\' recounts an adventure of Henry Percy (1364-1403), Shakespeare\'s Hotspur, at the battle of Otterburn (1388) in Northumberland.

[[footnote:2]]CMY was working on <i>The Daisy Chain</i>, the first half of which was serialized in <i>MP</i> (July1853-December 1855), <i>The History of the Life and Death of the Good Knight Sir Tom Thumb</i> (1855) and <i>Landmarks of History</i>, which was appearing as a serial in <i>MP</i>.

<br/>"
3021,3073,Oct 31st 1855,1855-10-31,"MS Mitchell Library,  State Library of New South Wales. A1 p 7,  Reel CY1592  17-18.",Otterbourne,
3022,3074,Novr 3d [1855],1855-11-03,"MS Westcountry Studies Library, Exeter/ Yonge 1855/1[[footnote:2]] ",Otterbourn,"[[footnote:1]]Ann Maria Carter Smith (1835-1909), daughter of the Rev. Richard Carter Smith (1802-1864), curate of St. Paul’s, Charlton, and Mary Williamson. Ann Carter Smith lived at Stepney, but the family had previously lived in Norway;  she contributed to <i>MP</i> (1856-90), and published fiction.

[[footnote:2]]In envelope addressed to Miss A Carter Smith, Stepney Rectory, London very indistinctly postmarked on reverse.

<br/>"
3024,3076,[December 1855],1855-12-18,MS location unknown.  This fragment printed in <i>[[otherbook:122]Dulce Domum]</i> 123,,"[[footnote:1]]The MS in progress of <i>The Daisy Chain</i> (1856).

[[footnote:2]]The Moberlys lived in College Street, Winchester. Miss Bracy is a character in <i>The Daisy Chain</i>, a tiresome young governess who is always imagining slights from her employers.  Evidently CMY feared the Moberlys\' governess [[person:374]Jane Cowing] might take offence.  CMY had probably written to [[person:1025]Alice]\'s mother [[person:1019]Mary Ann Moberly].

<br/>"
3023,3075,[<i>c</i>. 24 December 1855],1855-12-24,MS location unknown . Photocopies lent by Barbara Dennis: Maggie/1,,
3025,3077,Jany 28th [1856?],1856-01-28,MS Mrs Caroline Fairclough/5,Otterbourn,"[[footnote:1]]Butler’s novel <i>Likes and Dislikes</i> was serialized in <i>MP</i> (July 1855-November 1856).

[[footnote:2]]Probably [[person:1770]N. F. S. Grundtvig] (1783-1872), Danish nationalist and philosopher.

[[footnote:3]]In Coleridge, <i>[[otherbook:40]Life]</i>, 380 there is a quotation from a supposed death announcement in an Italian newspaper of 1882.   ‘E morta la celebre scrittice Inglese, Era di Ratcliffe . . .  sposo [sic] l’ambasuatore Inglese a Costantinopole. . .’  This was undoubtedly a garbled response to the death (25 November 1882) of Eliza, Viscountess Stratford de Redcliffe, the widow of the diplomat Sir Stratford Canning (1786-1880), British ambassador in Constantinople 1825-9 and 1841-58, who was created (1852) 1st Viscount Stratford de Redcliffe.  He was quite closely related to the Butlers, being  Emma (Barnett) Butler’s uncle and first cousin once removed to William and Anna Butler.  It seems likely that the allusion in this letter is to an earlier example of a similar confusion between the Heir of Redclyffe and Lord Stratford de Redcliffe.  Madame de Staël must have confused the Rev. Sydney Smith (1771-1845) and Admiral Sir Sidney Smith (1764-1840).

[[footnote:4]]T.B.Macaulay, [[otherbook:250]<i>The History of England from the Accession of James II]</i> (1849-61).  Volumes 3 and 4, covering the reign of William and Mary, had been published in December 1855.

[[footnote:5]]Perhaps Elizabeth Barnett was attending the deathbed of her uncle Lt.-Col. Charles Barnett (1790-1856) of the Scots Guards.  In the Post Office Directory of that year he is listed as living at 10 Wilton Crescent with Miss Barnett.
"
3026,3078,Febry 11th [1856[[footnote:1]]],1856-02-11,MS NLS 966 ff. 373-4,Otterbourne,"[[footnote:1]]Endorsed \'Miss Yonge Otterbourne <u>11th Febry</u> 1856\'.  Otherwise it would be tempting to class this with other photographs and MSS relating to New Zealand sent to CMY when she was working on the [[cmybook:102]biography of Bishop Patteson] in the early 1870s.

[[footnote:2]]The name has been given to rocks and islands in many parts of the world, but this reference may be to the Hen and Chicken islands off the east coast of New Zealand on which the Southern Cross was to be wrecked in 1860.
"
3027,3079,Febry 11th [1856],1856-02-11,MS Mrs Caroline Fairclough/6,Otterbourn,"[[footnote:1]]‘[[otherbook:251]The Colysæum’] <i>MP</i> 11 (March 1856) 161-179.

[[footnote:2]]Goethe, <i>[[otherbook:72]Iphigenie auf Tauris]</i> (1787) i, 2.
"
3028,3080,March 17th [1856],1856-03-17,"MS University of Illinois, Urbana Champaign: Letter 8.",Otterbourn,"[[footnote:1]]Eugénie Marie de Montijo (1826-1920) married Napoleon III in 1853, the year after the Second Empire was declared. Their son, Eugène Louis John Joseph Bonaparte, was born on  16 March 1856. the day before this letter was written.

[[footnote:2]]<i>Dorothy: A Tale</i> (1856) was the first novel of [[person:1157]Margaret Agnes Colvile] (1829-1905), first cousin of Jemima (Wedderburn) Blackburn. Their fathers, Andrew Colvile <i>né</i> Wedderburn (1779-1856) and James Wedderburn (1782-1822) were brothers. "
3032,3084,[March-October 1856?[[footnote:1]]],1856-03-18,MS Mrs Caroline Fairclough/9,,"[[footnote:1]]It is not entirely clear where this letter belongs in the sequence. Evidently <i>Likes and Dislikes</i> was still coming out, and its last episode was published in the issue of November 1856.  But there was also a discussion in the following year about the second part of the book, which CMY decided not to publish in <i>MP</i>.

[[footnote:2]]Goethe’s play <i>[[otherbook:71]Götz von Berlichingen]</i> (1773) was an influence on Scott, who translated it.

[[footnote:3]]Robert Southey, ‘The March to Moscow’.

[[footnote:4]]This has proved hard to identify, but one possibility is <i>[[otherbook:6]Old Danish Ballads, Translated from Grimm’s collection by an Amateur]</i> (London: Hope 1856), a theory which receives some slight support from the reference to [[person:1770]N.F.S. Grundtvig] (who was also interested in ballads) in an earlier letter."
3029,3081,April 2nd [1856],1856-04-02,"MS Westcountry Studies Library, Exeter/ Yonge 1856/1",Otterbourn,"[[footnote:1]]<i>Lucy and Christian Wainwright</i>, a story by Ann Carter Smith which appeared in <i>MP</i> 11 (February 1856) 111-37, and was subsequently published in <i>Lucy and Christian Wainwright and Other Tales</i> (1863).  The manuscript referred to is presumably that of <i>Thorns and Roses in a Homely Life</i>, published in <i>MP</i> 12 (December 1856), 414-64.

<br/>"
3030,3082,May 19th [1856],1856-05-19,MS Mrs Caroline Fairclough/7,Otterbourn,
3031,3083,June 23d [1856],1856-06-23,MS Mrs Caroline Fairclough/8,Otterbourn,"[[footnote:1]]Only the first half of <i>The Daisy Chain</i> (1856) was serialized in <i>MP</i> (July 1853-December 1855).
"
3033,3085,July 11th [1856],1856-07-11,MS Mrs Caroline Fairclough/10,Otterbourn,"[[footnote:1]]The last episode of Fanny Caroline Lefroy’s novel <i>Long, Long Ago</i> appeared in <i>MP</i> 12 (August 1856) 106-141.

[[footnote:2]]The heroine of <i>Long, Long Ago</i> is in love with a headstrong young man she has been forbidden to marry, who tries to persuade her to elope.  She does not, and after many years is persuaded by her mother to marry an older and staider man with whom she is happy in a quiet way.
"
3034,3086,Sept 29th [1856],1856-09-29,MS Mrs Caroline Fairclough/11,Otterbourn,"[[footnote:1]]<i>Rough Notes of a Ride in Roumelia</i> ran as a series in  <i>MP</i> (July 1855-December 1856).  In <i>MP</i>(November 1856), 360, a half-page note appeared about the treatment of the Ursulines in Butler\'s novel <i>[[otherbook:248]Likes and Dislikes]</i>, which may be what is referred to here.
"
3035,3087,Nov 4th [1856?],1856-11-04,MS Hampshire Record Office 9M55F55/4/1[[footnote:1]],[[other:121]Dogmersfield],"[[footnote:1]]With envelope (MS 9M55F55/3/3) addressed to Miss Sturges Bourne/ Testwood/Southampton, postmarked Winchester 5 November [year indistinct] and labelled ‘Dynevor Terrace’ and ‘1860’.  However, the year date on the postmark looks more like 1856, which is more consistent with the letter, which seems to have been written before the publication of <i>[[cmybook:27]Dynevor Terrace]</i>.
"
3036,3088,Decr 3d [1856],1856-12-03,"MS Westcountry Studies Library, Exeter/ Yonge 1856/2.",Otterbourn,"[[footnote:1]]<i>Thorns and Roses in a Homely Life</i>, by A.C. D. , had appeared in <i>[[other:52]MP]</i> (December1856).

[[footnote:2]]Carter Smith\'s sister Frances Hester (Carter Smith) Atkinson contributed a series of papers on \'[[otherbook:258]Traditions of Norway]\' to <i>MP</i>.


"
3037,3089,Decr 5th [1856],1856-12-05,"MS Westcountry Studies Library, Exeter/ Yonge 1856/3[[footnote:1]]",Otterbourn,"[[footnote:1]]Envelope addressed to Miss A Carter Smith/ Stepney Rectory/ London and postmarked Winchester 5 December 1856 and indistinctly on reverse

[[footnote:2]]Emily Taylor was a member of the large and influential family of Norwich dissenters, and distantly related to Harriet Martineau, Elizabeth Eastlake and Sarah Austin.  Her brother Edgar Taylor (1793-1839), a solicitor, was publicly engaged in the campaign for the repeal of the Test and Corporation Acts.  She  converted from nonconformism under the influence of F. D. Maurice, and was the author of many novels, hymns and textbooks.

[[footnote:3]]The word \'mention\' deleted.
"
3038,3090,Decr 9th [1856],1856-12-09,"MS Westcountry Studies Library, Exeter/ Yonge 1856/4[[footnote:1]]",Otterbourn,"[[footnote:1]]In envelope addressed to Miss A Carter Smith/ Stepney Rectory/ London and postmarked Winchester  9 December 1856 and 10 December 1856.
"
3039,3091,Decr 15th [1856],1856-12-15,MS Mrs Caroline Fairclough/12,Otterbourn,
3040,3092,Decr 22d [1856],1856-12-22,"MS Westcountry Studies Library, Exeter/ Yonge 1856/5[[footnote:1]]",Otterbourn,"[[footnote:1]]Envelope addressed to Miss Anne C Smith/ Stepney Rectory/ London and postmarked Winchester 23 Dec  and on reverse 1856

[[footnote:2]]Ann Carter Smith\'s recently-married sister Frances Atkinson,  paid for contributions to <i>MP</i>, was evidently  the author of the five articles on ‘Traditions of Norway’ <i>MP</i> (July1855-February 1857), signed \'S. R. L.\'  The Carter Smiths had lived in Norway."
3466,3518,[1857[[footnote:1]]],1857-00-00,"MS location unknown.  This fragment printed in Romanes, <i>[[otherbook:241]Appreciation]</i> p. 83.",,"[[footnote:1]]Romanes associates this letter with the publication of <i>[[cmybook:27]Dynevor Terrace]</i> (1857), whose hero, Louis, is nicknamed after King Louis (778-840), of France. There was a discussion of Louis le Debonnaire’s sobriquet in the article ‘Preparation of Prayer Book Lessons’ <i>[[other:52]MP]</i> (1 March 1887) 271.
"
3041,3093,Jan 24th [1857],1857-01-24,"University of Illinois, Urbana Champaign: Letter 7. ",Otterbourn,"[[footnote:1]]<i>The Lances of Lynwood</i> was serialised in <i>MP</i> (January 1853-December 1854) and published by Parker and Son in 1855 with illustrations by Jemima Blackburn. CMY would later write to Macmillan (26 February 1864) that Blackburn was ‘never really at home without animals as her subject.’

[[footnote:2]]CMY must have changed her mind about this, as the text reads ‘Gaston . . . stood caressing his Arab steed Brigliador.’

[[footnote:3]]Untraced.

[[footnote:7]]Massimo D\'Azeglio, <i>The Maid of Florence: or, Niccolò de Lapi</i>, tr.  W. Felgate (London, 1853). The novel was first published in Italian in 1841.
"
3042,3094,Febry 4th [1857],1857-02-04,"MS Westcountry Studies Library, Exeter/ Yonge 1857/1[[footnote:1]]",Otterbourn ,"[[footnote:1]]Envelope addressed to Miss A C Smith/ Stepney Rectory/ London  and postmarked Winchester 4 Feb and on reverse 5 February 1857

<br/>"
3043,3095,[21 March 1857],1857-03-21,MS Hampshire Record Office 9M55 F55/1/1[[footnote:1]],"Otterbourne, Winchester.","[[footnote:1]]Black-edged paper. With black-edged envelope (MS Hampshire Record Office 9M55F55/1/8), addressed to Miss Sturges Bourne/Testwood/Southampton postmarked MR21/1857/C., and labelled ‘C.M.Y. 1857/Reredos for Netley’.  Some or all of the various drawings in MS 9M55F55/1 presumably accompanied this letter.

<br/>[[footnote:2]]In 1790 William Chute (1757-1824) and Sir William Heathcote, 3rd Bt. (1746-1819) were elected for the first of many times M.P.s for Hampshire in the Conservative interest.  Jane Austen refers to their slogan ‘Heathcote and Chute forever’ in a letter to Cassandra Austen (27 October 1800) (<i>[[otherbook:261]Jane Austen\'s Letters]</i>, 50)
"
3044,3096,March 28th [1857],1857-03-28,MS University of Manchester Ryl Eng. MS 734/183,Otterbourn,"[[footnote:1]]The Rev. Edward Coleridge (1800-1883), was a  master at Eton, where he had taught his and CMY’s cousin the future Bishop  of Melanesia, John Coleridge Patteson,  who was at this time acting as missionary chaplain to the Rt. Rev. George Augustus Selwyn,  Bishop of New Zealand.  The latter\'s son John Richardson Selwyn (1844-1898), was a current pupil at Eton.

[[footnote:2]]A fund for the purchase of bells for Auckland church was held at Goslings’ bank.  A pamphlet concerning the Auckland bells is bound into a copy of <i>MP</i> in the University of Queensland Library, between the numbers for April and May 1857.   Subscribers are instructed to send their money \'to the account of the Bishop of New Zealand, <i>for the bells</i> Mesrs Gosling and Sharpe, 19, Fleet Street\'.
"
3045,3097,April 21 1857,1857-04-21,"MS Girton College, Cambridge Yonge, I 1",Malvern,"[[footnote:1]]Caroline Elizabeth Heathcote (1833-1910), eldest daughter of Sir William by his first marriage, married (1858) T.R.F. Cooke-Trench.

[[footnote:2]]The Mr and Miss Dyson referred to in this letter may be the [[person:461]Rev. Charles Dyson] and his half-sister [[person:464]Mary Anne Dyson].  It is more likely however that Charles Dyson\'s brother, the Rev. Canon [[person:1774]Francis Dyson], who seems to have lived in Great Malvern, is meant. He had daughters named Charlotte and Fanny, and one may be the Miss Dyson referred to here.
"
3578,7710,April 28th 1857,1857-04-28,MS British Library: Coleridge Family Papers E: Add MSS 86206 Yonge JTC ,"Otterbourne, Winchester.","[[footnote:1]]Jem is a character in her novel <i>[[cmybook:27]Dynevor Terrace]</i>, which is the subject of this letter.

[[footnote:2]]Philip is the anti-hero of <i>[[cmybook:15]The Heir of Redclyffe]</i>."
3046,3098,May 26th 1857,1857-05-26,"MS Manchester Central Library, Griffith 39",,"[[footnote:1]]Harriet Dyke Acland Troyte (1841-1921) married (1863) George Griffith.  The letter is among her papers, and is catalogued as addressed to her.
"
3047,3099,May 29th [1857?][[footnote:1]],1857-05-29,"MS Westcountry Studies Library, Exeter/ Yonge 1858/ 1",Otterbourn,"[[footnote:1]]This letter is placed here since it appears to antedate JBY’s first visit to Norway, and he is known to have been there in June 1857.  The earliest letter in which CMY wrote ‘Dear Miss Smith’ rather than ‘Dear Madam’ seems to be that dated 4 February 1857.
"
3048,3100,June 13th 1857,1857-06-13,"MS Princeton University: Parrish Collection, C0171: Box 29",,
3049,3101,June 13th 1857,1857-06-13,"MS University of Delaware Library, Newark, Delaware, F295 ","Otterbourne, Winchester","[[footnote:1]]The librarian confirms that the word looks like Peothes, but no explanation can be offered.

<br/>"
3050,3102,June 15th 1857,1857-06-15,MS Mrs Caroline Fairclough/13,,"[[footnote:1]]The first part of Butler’s novel  <i>Likes and Dislikes</i> had appeared in <i>MP</i> ( July 1855-November 1856).  CMY is evidently refusing to publish the second part.

[[footnote:2]]Lucy and Sophy are characters in CMY’s <i>[[cmybook:38]The Young Step-mother]</i>, which was serialized in <i>MP</i> (April 1856-December 1860) and published in an abbreviated version in 1861.

[[footnote:3]]<i>An Object in Life</i> ran in <i>MP</i>  (July 1857-December 1858) and was published as <i>An Object in Life</i>. By the Author of <i>Sunlight in the Clouds</i> (London 1860). The author was perhaps [[person:375]Harriet Lucy Cox]
"
3051,3103,June 30th 1857,1857-06-30,"MS Charles E. Young  Research Library,  UCLA, collection 100.","Otterbourne,Winchester",
3052,3104,July 10th 1857,1857-07-10,"MS Winchester City Council, Historic Resources Centre LH3800",,"[[footnote:1]]A bill to allow marriage to a deceased wife’s sister was first presented to the House of Commons in 1850 and finally passed in 1907.  The present petition probably related to the Matrimonial Causes Act 1857, which simplified the divorce process, and to which Keble was strongly opposed.
"
3053,3105,July 28 1857,1857-07-28,"MS Westcountry Studies Library, Exeter/ Yonge 1857/2[[footnote:1]]",Otterbourne Winchester.  ,"[[footnote:1]]With envelope addressed to Miss Anne Smith/ Stepney Rectory/ London and postmarked Winchester 29 July and on reverse 30 July 1857.

[[footnote:2]]‘A Glimpse into a Royal Home Seventy Years Ago’ <i>MP</i> 14 (November 1857) 470-96.

<br/>"
3054,3106,Sept 14th 1857,1857-09-14,"MS Westcountry Studies Library, Exeter/ Yonge 1857/ 3",,"[[footnote:1]]The Manchester Art Treasures Exhibition, which had opened in May 1857.
"
3055,3107,26 Septr 1857,1857-09-26,MS Plymouth and West Devon Record Office 308/123/25,The Royal Hospital,"[[footnote:1]]CMY and Anne Yonge were both staying with Lord and Lady Seaton in Dublin, to attend the wedding of their cousin the Hon. Jane Colborne to Captain Alexander Montgomery Moore (1833-1919). Lord Seaton was commanding the army in Ireland.

[[footnote:2]]George Stirling-Horne-Drummond (1813-1876) of Blair Castle, was the widower of Mary Hay (d. 1855), sister of Cordelia (Hay) Yonge, wife of Anne’s brother John Bargus Yonge.  John and Cordelia were not present.  The Hays were relations, daughters of  William Hay (1788-1876) and Mary Garstin (d. 1863), first cousin of Lord Seaton, Aunt Duke and Aunt Yonge.

[[footnote:3]]‘Uncle Edd’ was presumably Vice-Admiral Edmund Yonge (1795-1868), brother of Lady Seaton and John Yonge, who lived near Plymouth and was perhaps escorting Anne.

[[footnote:4]]Cordelia Colborne, who was about to lose her sister Jane.
"
3056,3108,"September 28, 1857.",1857-09-28,"MS location unknown.  This fragment printed in Romanes, <i>[[otherbook:241]Appreciation]</i> 84-5.","Royal Hospital, Dublin","[[footnote:1]]CMY and her cousin Anne Yonge had gone to Ireland to attend the wedding of their cousin the Hon. [[person:1042]Jane Colborne]. They were staying at the Royal Hospital, Kilmainham, Dublin, founded as a refuge for old soldiers, in imitation of Chelsea Royal Hospital, by James Butler, 1st Duke of Ormond (1610–1688), Lord Lieutenant of Ireland.

[[footnote:2]]Sidney Herbert (1810-1861), later 1st Lord Herbert of Lea, owned estates near Dublin and built several churches there.
"
3057,3109,"October 1, 1857",1857-10-01,"MS location unknown.  Printed in Coleridge, <i>[[otherbook:40]Life]</i> 210-215",Royal Hospital [Dublin],"[[footnote:1]]Jane Colborne\'s bridesmaids were her elder sisters the Hon. Elizabeth Colborne (1818/9-1882) and the Hon. Cordelia Anne L\'Estrange Colborne (1824/5-1862), CMY, Anne Yonge, Miss de Salis (perhaps Anne Sophia Elizabeth de Salis, 1832-1916), Lady Barbara (perhaps Lady Barbara Leeson, 1831/2-1919), the Miss Gascoignes (perhaps Evelyn Henrietta, d.1922, and Helen Gascoigne, 1836-1919), and two little girls,  her niece Alethea Elizabeth Catherine Colborne (1852/3-1927) and Constantia Wood (b.1851).

[[footnote:2]]Jane Colborne\'s eldest brother, James Colborne, later 2nd Baron Seaton, and John Henry Scott, 3rd Earl of Clonmell (1817-1866), had married sisters: the little girls were Lady Rachel Mary Scott (d. 1911) and Lady Annette Louisa Scott.

[[footnote:3]]George William Frederick Howard, 7th Earl of Carlisle, Lord-Lieutenant of Ireland (1855-8 and 1859-64).

[[footnote:4]]England, Scotland, Ireland and Wales, that is.  Colonel Wood was a member of the old Welsh family of Wood of Gwernyfed.  The Scotsman was George Drummond.

[[footnote:5]]Lady Cheedlemont is transcribed thus by  Coleridge, but perhaps Anne (Bermingham), Countess of Charlemont (d. 1876).

[[footnote:6]]The Lord-Lieutenant, as the Queen\'s representative in Ireland, was treated like royalty.  Elizabeth Gaskell, <i>[[otherbook:70]Life of Charlotte Brontë]</i> (March 1857) had quoted the letter (2 June 1851) in which Brontë describes Lord Carlisle coming up to her and saying ‘”Permit me, as a Yorkshireman, to introduce myself.”’  The Rev. [[person:78]J. E. Austen Leigh], in his <i> A Memoir of Jane Austen</i> (London: Bentley 1870) quotes part of a poem by Lord Carlisle (then Lord Morpeth)  praising Austen\'s novels which had been published in <i>The Keepsake</i> (1835).

[[footnote:7]]The Hiram\'s Hospital plot in Trollope\'s <i>[[otherbook:170]The Warden]</i> and <i>[[otherbook:169]Barchester Towers]</i> was partly inspired by the scandal over the funding of St. Cross Hospital outside Winchester.

[[footnote:8]]Perhaps a mistranscription by Coleridge of \'Uncle Edmund\': Lady Seaton\'s brother, Vice-Admiral Edmund Yonge.

[[footnote:9]]The Hon. Susannah Nelson (d. 1900), youngest daughter of Thomas Bolton (1786-1835), who took the surname Nelson on succeeding (1835) as 2nd Earl Nelson;  she  married in  1865 the Rev. Alexander Blunt.  Horatio Nelson (1758-1805), the naval hero, was created in 1801 Baron Nelson of the Nile, with special remainder to the heirs male of his brother and his two sisters.  Upon his death the barony was consequently inherited by his brother, the Rev. William Nelson (1757-1835), created 1st Earl Nelson with the same remainder to the heirs male of his two sisters Susannah Bolton (d. 1813) and Catherine Matcham (d. 1842).  The latter was the mother of Captain Montgomery Moore\'s mother Susanna Matcham (d. 1885).  The uncle referred to here is probably George Matcham (1789-1877).

[[footnote:10]]Henry Taylor (1800-1886). CMY admired his historical verse drama <i>Philip van Artevelde</i> (1834), quoted in <i>The Daisy Chain</i>.
"
3058,3110,Thursday 1st Oct [1857],1857-10-01,MS Plymouth and West Devon Record Office  308/78/12[[footnote:1]],R. Hospital,"[[footnote:1]]With envelope addressed to Miss Yonge/Rockdale/Yealmpton/S.Devon, postmarked Bow 27 April 1898 and Plymouth 28 April 1898, and labelled ‘Jane Moore’s wedding AY to JDY 1858’.

[[footnote:2]]1 Peter 3:3.

[[footnote:3]]The Rt. Rev. Richard Whately  (1787–1863), archbishop of Dublin from 1831, had four daughters, of whom [[person:1798]Jane] (1822–1893) and [[person:1799]Mary] (1824–1889),  were much involved with missionary work at home and abroad.
"
3059,3111,October 3. [1857],1857-10-03,"MS location unknown.  Printed in Coleridge, <i>[[otherbook:40]Life]</i> 215-217","Royal Hospital, ","[[footnote:1]]John Hungerford Pollen (1820–1902) converted to Roman Catholicism in 1852 and was appointed by Newman in 1854  professor of fine arts at the Catholic university, where he designed the university church, St. Stephen’s Green, consecrated in 1856. See Suzanne Fagence Cooper, ‘Pollen, John Hungerford (1820–1902)’, Oxford Dictionary of National Biography, Oxford University Press, 2004.  CMY presumably found melancholy the contemplation of the work of two apostates.

[[footnote:2]]Thomas Moore’s poem on Glendalough opens ‘ By that Lake, whose gloomy shore/ Sky-lark never warbles o\'er,/ Where the cliff hangs high and steep,/ Young Saint Kevin stole to sleep.’ CMY is evidently quoting from a parody."
3060,3112,Novr 7th 1857,1857-11-07,"MS Charles E. Young  Research Library,  UCLA, collection 100.","Otterbourne,Winchester","[[footnote:1]]Caroline Heathcote, daughter of Sir William by his first marriage, was first cousin (their mothers being sisters) to Maria (Trench) Wilson.
"
3636,19373,Novr 13th 1857,1857-11-13,"MS Princeton University, Parrish Collection, CO171: Box 29","Elderfield, Otterbourne, Winchester","[[footnote:1]]A series by [[people:1243]Elizabeth Roberts],called [[otherbook:225]\\""A Garland for the Year” published during 1852. CMY\'s regrets may have come later. The letters she wrote to Elizabeth Roberts at the time were enthusiastic and encouraging."
3061,3113,Novr 23d 1857,1857-11-23,"MS Westcountry Studies Library, Exeter/  Yonge 1857/4","Otterbourne, Winchester",
3062,3114,Decr 7th 1857 ,1857-12-07,"MS Westcountry Studies Library, Exeter/ Yonge 1857/5 [[footnote:1]]",,"[[footnote:1]]With envelope addressed to Miss A Smith/ Stepney Rectory/ London and postmarked Winchester 8 December and London 9 December 1857.

[[footnote:2]]John Keble, <i>[[otherbook:95]The Christian Year]</i>  ‘Twenty-third Sunday after Trinity’, 29-32: ‘For dreary were this earth, if earth were all,/ Tho\' brightened oft by dear Affection\'s kiss; -/ Who for the spangles wears the funeral pall?/ But catch a gleam beyond it, and \'tis bliss.’
"
3063,3115,Decr 26th 1857,1857-12-26,MS Mrs Caroline Fairclough/14,,"[[footnote:1]]‘Christmas Books and Christmas Boxes’, <i>Saturday Review</i> 4 (19 December 1857) 557-9. Martin Tupper (1810-1889) was the author of <i>Proverbial Philosophy</i> (1838), a bestselling volume of verse.

[[footnote:2]]Perhaps James Paget (1814–1899), cr. (1871) 1st Bt..

[[footnote:3]]News of the [[other:134]Indian Mutiny] reached England in early summer of 1857, and the drama unfolded throughout the year;  the relief of Lucknow did not take place until November.
"
3064,3116,Febry 16th 1858   ,1858-02-16,MS Huntington Library,"Otterbourne, Winchester.","[[footnote:1]]\'The Church of the Holy and Undivided Trinity, Ely\', one of the \'Cathedral Sketches\' series, appeared in <i>MP</i> 14 (July 1857) 73-9.

<br/>"
3074,3126,March 28th 1858 [for 1859?],1858-03-28,"MS Westcountry Studies Library, Exeter/ 1858/2 ","Otterbourne, Winchester.",
3065,3117,Aug 16th 1858,1858-08-16,"MS Princeton University, Parrish Collection, C0171: Box 29.","Otterbourne, Winchester.","[[footnote:1]]Queen Victoria, the Prince Consort and the Prince of Wales visited Cherbourg between 4-6 August 1858.
"
3441,3493,"Aug. 21st, 1858",1858-08-21,MS UCLA collection 100 box 119/10,Sackville College,"[[footnote:1]]<i>Marie Thérèse de Lamourous, Foundress of the House of La Miséricorde, at Bordeaux: A Biography</i>, abridged from the French by the author of <i>The Heir of Redclyffe</i>  (London: Parker 1858).
"
3066,3118,Aug 27th 1858,1858-08-27,"MS Princeton University, Parrish Collection, C0171: Box 29. [[footnote:1]]","Otterbourne, Winchester. ","[[footnote:1]]‘Miss M B Wither’ is written on the back, and a strip of white paper pasted over fold covers some words/letters on  first page.

[[footnote:2]]Charles Piazzi Smith, <i>Tenerife, An Astronomer\'s Experiment, or, Specialities of a Residence Above the Clouds</i> (London, Reeve 1858).

<br/>"
3067,3119,"September 10, 1858.",1858-09-10,"MS location unknown.  Printed in Coleridge, <i>[[otherbook:40]Life]</i> 220","Otterbourne, Winchester, ","[[footnote:1]]Graham Colborne and James Yonge had come to Otterbourne to attend the marriage (9 Sept 1858) of Julian Yonge to Emma Frances Walter (1839-1913).  James Edmund Yonge (b. 1843) was the son of Vice-Admiral Edmund Yonge, brother of Lady Seaton and Uncle Yonge.

[[footnote:2]]Mrs Walter was Frances’s stepmother. Lieut.-Colonel Edward Walter (1804-1862) of the  3rd Bombay Light Cavalry, had married, first, Mary Emma Coulthard and, secondly (1853) Caroline Janetta Bignell.

[[footnote:3]]Louisa (1840-1916) and Gertrude Walter (1849-1897) were Frances’s younger sisters. Herbert was her half-brother.

<br/>"
3068,3120,Novr 23d 1858,1858-11-23,"MS Columbia University Library, New York: Yonge Coll","Otterbourne, Winchester.","[[footnote:1]]The Rev. Upton Richards, Vicar of All Saints, Margaret Street. The Society of All Saints’s Sisters of the Poor was founded in his parish in 1848 and run by Harriet Brownlow Byron.

[[footnote:2]]The Clewer sisterhood was founded in 1851 by the Rev. Thomas Thellusson Carter, and offered a refuge to prostitutes.
"
3069,3121,"24 Novr., 1858.",1858-11-24,MS location unknown.  Printed in <i>[[cmybook:88]Musings over the Christian Year]</i> xxviii.,"H. V.,","[[footnote:1]]The book in question is probably the [[cmybook:33]first] and [[cmybook:32]second] volumes of <i>Conversations on the Catechism</i> (1859).
"
3070,3122,Novr 24th 1858,1858-11-24,"MS Princeton University, Parrish Collection, C0171: Box 29.","Otterbourne, Winchester. ","[[footnote:1]][[person:560]William Gibbs] (1790-1875), of Tyntesfield and his nephew [[person:558]Henry Hucks Gibbs] (1819-1907) were both connected to CMY through the Crawley family.

<br/>"
3071,3123,Decr 2nd1858,1858-12-02,MS John Purvis[[footnote:1]],"Otterbourne, Winchester. ","[[footnote:1]]With envelope addressed to \'Miss Matcham/ New House/ Salisbury\' and postmarked Winchester 2 December 1858.
"
3072,3124,"February 16, 1859",1859-02-16,"MS location unknown.  Printed in Coleridge, <i>[[otherbook:40]Life]</i> pp. 295-6","Otterbourne, Winchester","[[footnote:1]]Caroline Heathcote had married (17 Aug 1858) Thomas Cooke-Trench (1829-1902), and they embarked on a characteristically Tractarian improvement of his estate, Millicent, in County Kildare.

[[footnote:2]]Keenie was the nickname of Cornelia Sarah (Cornish) Keble (1828-23 December 1858), wife of Keble’s nephew the Rev. Thomas Keble, Jr., or ‘Tom Keble’.

[[footnote:3]]Arthur Moberly died in December 1858.

[[footnote:4]]Edward Bulwer Lytton, <i>What Will He Do With It</i>? (Edinburgh, Blackwood 1858), a novel.

<br/>"
3073,3125,Ash Wednesday [9 March 1859] ,1859-03-09,MS Hampshire Record Office: Sturges Bourne Collection: 9M55 F55 1p2,Otterbourn,"[[footnote:1]]CMY\'s sister-in-law Frances Yonge was expecting a baby, William Coulthard Yonge (September-November 1859).
"
3092,3144,"Kohimarama: Dec. 21, 1859.",1859-03-21,"MS location unknown.  Printed in Yonge, <i>[[cmybook:102]Life of John Coleridge Patteson]</i> I, 434-8.",,"[[footnote:1]]Charles Abraham.

[[footnote:2]]The place is now a suburb of Auckland called Mission Bay.

[[footnote:3]]This building is currently (2007) occupied by the Mecca Stonehouse cafe, 44 Tamaki Drive, Mission Bay, Auckland.
"
3075,3127,April 2d 1859,1859-04-02,"MS Westcountry Studies Library, Exeter/ Yonge 1859/1[[footnote:1]]","Otterbourne, Winchester.  ","[[footnote:1]]Envelope addressed to Miss Ann  Smith / Charlton Rectory/ London/ SE and postmarked Winchester 2 April 1859 and London SE 4 April 1859.

[[footnote:2]]Sophy Kendal is a character in CMY’s novel <i>The Young Step-Mother, or, A Chronicle of Mistakes</i> (serialized in <i>MP</i> 1856-60 and published 1861).

[[footnote:3]]Smith has evidently named a character after Amabel Edmondstone, the heroine of <i>[[cmybook:15]The Heir of Redclyffe]</i> (1853), who names her own daughter Mary Verena, in allusion to La Motte Fouqué’s <i>[[otherbook:102]Sintram]</i>.

[[footnote:4]]Parker had published <i>Dorothy: A Tale</i> (1856), an anonymous work by Margaret Agnes Colvile (later Paul), and, this letter implies, a series of similar works in the same format.

<br/>"
3076,3128,April 9th 1859,1859-04-09,"MS Westcountry Studies Library, Exeter/  Yonge 1859/2 [[footnote:1]]","Otterbourne, Winchester.  ","[[footnote:1]]With envelope addressed to \'Smith/ Rectory/ Charlton/ London/ SW\', postmarked Winchester 9 April 1859 and  London 11 April 1859.
"
3077,3129,April 12th [1859],1859-04-12,"MS Westcountry Studies Library, Exeter/ Yonge 1859/3[[footnote:1]]",Otterbourn,"[[footnote:1]]This letter evidently belongs in the empty envelope catalogued as MS Westcountry Studies Library, Exeter/ Yonge 1859/4: an empty envelope addressed to Miss Ann Smith/ Rectory/ Old Charlton/ London/ SE and postmarked Winchester 12 April 1859 and London SE 13 April (year illegible).
"
3609,14430,"June 1, 1859.",1859-06-01,"Text from [[otherbook:781]<i>Report of the Commissioners appointed to Inquire into the State of Popular Education in England</i>] 6 vols (London: Eyre and Spottiswoode 1862), V, 5-8, 451-55.","Otterbourn, Winchester. ","[[footnote:1]]The printed text has \'deficiences\', which is probably a printer\'s error, though the word is found in the <i>OED</i>."
3078,3130,June 4th 1859,1859-06-04,"MS Westcountry Studies Library, Exeter/ Yonge 1859/ 5[[footnote:1]]","Otterbourne, Winchester","[[footnote:1]]This letter evidently belongs in the empty envelope catalogued as MS Westcountry Studies Library, Exeter/ Yonge 1859/ 6 addressed to Miss Ann C Smith/ Rectory/ Old Charlton/ London/ SE and postmarked Winchester 4 June 1859.
"
3079,3131,June 24th 1859,1859-06-24,"MS Westcountry Studies Library, Exeter/  Yonge 1859/7[[footnote:1]]","Otterbourne, Winchester.  ","[[footnote:1]]Envelope addressed to Miss A C Smith/ Rectory/ Old Charlton/ London/ SE and postmarked Winchester 24 June 1859 and London SE 25 June 1859.  The paper has been cut to remove the signature.

<br/>"
3080,3132,June 28 1859,1859-06-28,"MS Westcountry Studies Library, Exeter/ Yonge 1859/8[[footnote:1]]","Otterbourne, Winchester.  ","[[footnote:1]]With envelope addressed to Miss A C Smith/ Old Charlton Rectory/ London S E and postmarked Winchester 28 June and London SE 29 June 1859.

[[footnote:2]]‘The Two Beauties of the Camberwell Assemblies, 1778’, which CMY was to return, and which was published in <i>Once A Week</i> in 1860.
"
3081,3133,July 11th 1859,1859-07-11,"MS Westcountry Studies Library, Exeter/ Yonge 1859/9[[footnote:1]]",Otterbourne Winchester.  ,"[[footnote:1]]Envelope addressed to Miss Ann Carter Smith/ Sutton Coldfield/ Warwickshire and postmarked Winchester 11 July 1859 and Birmingham 12 July 1859. It also contains a head and shoulders photograph of CMY in old age.

[[footnote:2]]Frances Maria Wilbraham (d.1905), the author of <i>The Cheshire Pilgrims, or, Sketches of Crusading Life in the Thirteenth Century</i>  (1862), which ran in <i>MP</i> (July 1859-1860)

<br/>[[footnote:3]]Frances Dysart is the heroine of <i>Will No One Do Likewise</i>?

<br/>"
3481,3533,Sept 3d [late 1850s?][[footnote:2]],1859-09-03,"MS Princeton University, Parrish Collection",Tyntesfield[[footnote:1]],"[[footnote:1]]The home, near Bristol, of CMY’s friends William and Matilda Gibbs.

[[footnote:2]]The formal tone of this letter resembles CMY\'s correspondence with strangers in the 1850s, and it seems likely that it was written during the period 1852-1862 when she was publishing a series of articles on \'Name-fancying\' in <i>MP</i> which were the germ of her <i>History of Christian Names</i> (1863).<br/>"
3082,3134,[September 1859],1859-09-18,"MS location unknown.  This fragment printed in Romanes, <i>[[otherbook:241]Appreciation]</i>, 87.",[Puslinch],"[[footnote:1]]A character in her novel <i>Hopes and Fears</i>, an ideal English squire.
"
3083,3135,September1859],1859-09-18,"MS location unknown.  This fragment printed in Romanes, <i>Appreciation</i>, 88-9.",[Otterbourne],"[[footnote:1]]John Keble, <i>[[otherbook:95]The Christian Year]</i>, ‘Eleventh Sunday after Trinity’, 21-4: ‘If long and sad thy lonely hours, / And winds have rent thy sheltering bowers, / Bethink thee what thou art and where,/  A sinner in a life of care.’

<br/>"
3084,3136,October 4th 1859,1859-10-04,"MS Westcountry Studies Library, Exeter/  Yonge 1859/10[[footnote:1]]","Otterbourne, Winchester.  ","[[footnote:1]]With envelope addressed to Miss A F C Smith/ Old Charlton Rectory/ S E and postmarked Winchester 4 October and London SE 5 October 1859.

[[footnote:2]]‘Periodicals’ <i>The Literary Churchman</i> (16 Sept 1859) 344:  ‘Of the <i>Churchman’s Companion</i> after awarding the usual meed of praise to the ‘Wynnes’, we are constrained to say that the September number is a little tame.’
"
3085,3137,Oct 11th 1859,1859-10-11,"MS Princeton University, Parrish Collection, C0171: Box 29.","Otterbourne, Winchester.",
3086,3138,Oct 21st 1859,1859-10-21,"MS Westcountry Studies Library, Exeter/ Yonge 1859/11","Otterbourne, Winchester.",
3087,3139,Oct 29th 1859,1859-10-29,"MS Princeton University, Parrish Collection, C0171: Box 29","Otterbourne,Winchester.",
3671,19905,Novr 1st 1859,1859-11-01,MS Charlotte Mitchell. ,Otterbourne. Winchester.,"[[footnote:1]]Margaret Roberts\'s novel <i>[[otherbook:270]Mademoiselle Mori: A Tale of Modern Rome]</i> was published by Parker in 1860.

[[footnote:2]]Elizabeth Sewell\'s novels had appeared in a uniform greyish-brown paper binding."
3088,3140,"November 3, 1859",1859-11-03,"MS location unknown.  Printed in Coleridge, <i>[[otherbook:40]Life]</i> 296-7","Otterbourne, Winchester",
3089,3141,28 November [?1859][[footnote:2]],1859-11-28,"MS NLS, copy letter book of T. & A. Constable",,"[[footnote:1]]Thomas Constable (1812–1881) began trading under his own name in 1833.

[[footnote:2]]Dated on the assumption that the edition of 1859 is referred to.
"
3090,3142,Decr 8th 1859,1859-12-08,"MS Westcountry Studies Library, Exeter.",,
3091,3143,Decr 13th 1859,1859-12-13,"MS Westcountry Studies Library, Exeter/ 1859/13[[footnote:1]]","Otterbourne, Winchester. ","[[footnote:1]]Envelope addressed to Miss A C Smith/ Old Charlton Rectory/ SE and postmarked Winchester 13 December 1859 and London SE 14 December 1859.

<br/>"
3093,3145,[24 December ?1859[[footnote:2]]],1859-12-24,MS location unknown.  Photocopies lent by Barbara Dennis: Maggie/2[[footnote:1]],,"[[footnote:1]]With envelope addressed to Miss Margaret Moberly.  No address on letter.

[[footnote:2]]Dated on the assumption that it relates to the letter (28 November ?1859) from Constable & Co, and that the edition of 1859 is there referred to.

<br/>"
3094,3146,St John’s day [27 December] 1859                    ,1859-12-27,MS  Huntington Library,,"[[footnote:1]]‘Christ Church of Canterbury, the Mother Cathedral of England’ <i>MP</i> 17 (February 1859), 172-187 is signed A. M. G., which initials are those of a regular contributor. She was almost certainly the ‘Miss A. M. Goderich’ to whom there are several payments from CMY’s account, and the author of anonymous fiction which the <i>British Library Catalogue</i> attributes to A. M. Goodrich.
"
3510,3562,[1860s],1860-00-00,"MS  Harry Ransom Humanities Research Center, University of Texas, Austin",,
3520,3572,[late 1860s?][[footnote:1]],1860-00-00,"MS Harry Ransom Humanities Research Center, University of Texas, Austin",Crookham,[[footnote:1]]Dated on the assumption that it was written when Helen Yonge was a small child beginning a collection of pressed flowers.
3511,3563,Tuesday [1860-1877[[footnote:1]]],1860-00-00,"MS  Harry Ransom Humanities Research Center, University of Texas, Austin",,"[[footnote:1]]The letter must date between the birth of Helen Yonge and the death of the Rev. John Yonge.
"
1726,1778,Jany 6th 1860,1860-01-06,"MS Westcountry Studies Library, Exeter/ Yonge 1860/1[[footnote:1]]","Otterbourne, Winchester.","[[footnote:1]]Envelope addressed to Miss A C Smith/ Rectory/ Old Charlton/ SE and postmarked Winchester 6 January and London SE 7 January 1860.

[[footnote:2]]‘The Whole Duty of Young Women’ <i>Saturday Review</i> (24 December 1859) 768-9, praises <i>Aggesden Vicarage</i>: ‘in point of literary ability, this seems to us the best of all the imitations of Miss Yonge’, but mocks it for its trivialities and for encouraging young women to keep ‘their consciences up to the quivering point.’

[[footnote:8]]We have not been able to find a published version of this story, and Smith may have abandoned it in the light of CMY’s criticism.
"
1727,1779,Jany 10th1860,1860-01-10,"MS Westcountry Studies Library, Exeter/ Yonge 1860/2[[footnote:1]]","Otterbourne, Winchester. ","[[footnote:1]]Printed in part by [[otherbook:17]Battiscombe] 113. Envelope addressed to Miss A M C Smith/ Rectory/ Old Charlton/ SE and postmarked Winchester 10 January and London SE 11 January 1860.

[[footnote:2]]William Whewell (1794-1866), son of a carpenter, professor of moral philosophy at Cambridge, 1838-1855, and Master of Trinity College 1841-1866. In September 1854 CMY described his <i>A Plurality of Worlds</i> to Parker as “that remarkable book”.  Carter Smith had perhaps met him with her brother-in-law Edward Atkinson.  It sounds as if he was a CMY fan.

[[footnote:3]]“To a nicety”. (<i>Unguis</i> is Latin for a finger nail. The expression is borrowed from the practice in sculptors, who, in modeling, give the finishing touch with the nail; or from joiners, who test the accuracy of joints in wood by the nail.)"
1728,1780,Jany 13th 1860,1860-01-13,"MS Westcountry Studies Library, Exeter/ Yonge 1860/3[[footnote:1]]","Otterbourne, Winchester.","[[footnote:1]]The letter belongs with MS Westcountry Studies Library, Exeter/ 1860/4, and envelope addressed to Miss Ann C Smith/ Rectory/ Old Charlton SE and postmarked Winchester 23 January1860 and London SE 24 January 1860.

[[footnote:2]]Joseph Noel Paton, ‘In Memoriam’, exhibited 1858. ‘A group of English ladies and children is assembled in one of the houses at Cawnpore, some in agonies of terror, others bearing themselves with the most courageous resignation, but all about to be barbarously massacred by the advancing Sepoys, who are seen passing the window, and bursting in at the door, with blood-thirsty exultation.’ <i>The Royal Academy Review</i> (1858) 26. For an image see http://commons.wikimedia.org/wiki/File:Paton_Sir_Joseph_Noel_In_Memoriam.jpg
"
1729,1781,Jany 13th 1860,1860-01-13,"Princeton Univeristy, Parrish Collection, C0171: Box 29","Otterbourne, Winchester.","[[footnote:1]]<i>Mademoiselle Mori : A Tale of Modern Rome</i>. 2 vols (London: John W. Parker and Son 1860).

[[footnote:2]]In CMY’s letter to Parker in October 1859 she asked him to reconsider publishing <i>Mademoiselle Mori</i>, Roberts having  “left it in my hands, to endeavour to procure its publication” while she was abroad. It seems that Parker had accepted the book and Yonge was now correcting the proofs. 

[[footnote:3]]See letters to Ann Carter Smith of 6 and 10 January 1860.

<br/>"
3497,3549,Jany 22nd [1860-1890],1860-01-22,"MS Columbia University Library, New York:  Ray Collection.[[footnote:1]]",,"[[footnote:1]]Black-edged paper.

<br/>"
1730,1782,March 5th 1860,1860-03-05,"MS Westcountry Studies Library, Exeter[[footnote:1]]",,"[[footnote:1]]With envelope addressed to Miss A. M. Smith/ Compton Rectory/ Shefford/ Beds and postmarked Winchester 5 March and Campton nd. Endorsed March 3/60 [sic]. Smith was presumably the guest of her maternal uncle the Rev. Edmund Riland Williamson (d.1864 aged 68), who succeeded her grandfather as Rector of Campton in 1839.

[[footnote:2]]Reprinted in <i>Lucy and Christian Wainwright and Other Tales</i> (London 1863).

[[footnote:3]]‘Agatha’s Sampler’, a story set in the reign of George III, signed A. C. D., was published in the <i>Churchman’s Companion</i> (March 1860) 221-7, the issue also containing two chapters of Ann Carter Smith’s story <i>The Wynnes</i> and the conclusion of a story called <i>The Early and the Latter Rain</i>. The MP commented on the last: “We can by no means understand the principle on which the good heroine of the ‘early rain’ consecrated her voice to sing nothing but sacred music, and never in company, unless it were to render her religion repulsive to her mother, as she certainly did.”

[[footnote:4]]One of the houses was no doubt Otterbourne House where CMY and her mother were still living with her brother and his wife. The other is possibly the household of the Moberlys which contained “little girls” aged seven and thirteen..
"
1731,1783,March 8th 1860,1860-03-08,"MS New York Public Library, De Coursey Fales Collection/2","Otterbourne,Winchester.",
1732,1784,March 12th 1860,1860-03-12,"MS Westcountry Studies Library, Exeter/ Yonge 1860/6[[footnote:1]]","Otterbourne, Winchester. ","[[footnote:1]]Envelope addressed to Miss Ann M Smith/ Compton Rectory/ Shefford and postmarked Winchester 12 March 1860 and Biggleswade 13 March 1860

[[footnote:2]]This story was subsequently published in <i>MP</i> (May 1861 to December 1863) under the title \'On the Banks of the Thorne\'.
"
1733,1785,March 15th 1860,1860-03-15,"MS Westcountry Studies Library, Exeter/ Yonge 1860/7[[footnote:1]]","Otterbourne, Winchester. ","[[footnote:1]]Partly printed by [[otherbook:17]Battiscombe] 113. Envelope addressed to Miss A M Smith/ Compton Rectory/ Shefford and postmarked Winchester 15 March 1860 and Campton.

[[footnote:2]]<i>The Wynnes</i> appeared first in the <i>Churchman’s Companion</i>, published by Masters, and was published separately in 1861.

[[footnote:3]]‘The Lost are Found’ <i>MP</i> (May 1860) 496-517. In this story a young navel cadet joins the ill-fated Franklin expedition to the Arctic, taking a slipper worked by his sister as a memento of home. Fourteen yers later the position of the slipper among the relics found by M’Clintock tell his mother and sister that he died before his suffering could be prolonged.

[[footnote:4]]Written inside the flap of the envelope.
"
1734,1786,March 16th 1860,1860-03-16,"Princeton University, Parrish Collection, C0171: Box 29","Otterbourne, Winchester.","[[footnote:1]]A Leipzig publishing firm, headed by Bernhard, Baron von Tauchnitz (1816-1895), which circulated paperback reprints of many English novels on the continent.
"
1735,1787,March 21st 1860,1860-03-21,"MS Westcountry Studies Library, Exeter/ Yonge 1860/8[[footnote:1]]","Otterbourne, Winchester. ","[[footnote:1]]Envelope addressed to Miss Ann M Smith Compton Rectory/ Shefford and postmarked Winchester 21 March 1860.

[[footnote:2]]CMY’s first novel, published in 1844.

[[footnote:3]]Jean Ingelow and Frances Mary Levett, <i>One story by two authors: or, A tale without a moral</i>. (London 1862) Serialised in the <i>Monthly Packet</i>, February 1860 to June 1861.


"
3455,3507,April 7th [mid 1860s?],1860-04-07,"MS Princeton University, Parrish Collection",Elderfield Otterbourne Winchester,
1736,1788,Easter Monday [9 April] 1860,1860-04-09,"MS Westcountry Studies Library, Exeter/ Yonge 1860/9[[footnote:1]]","Otterbourne, Winchester. ","[[footnote:1]]Envelope addressed to Miss Ann Smith/ Old Charlton Rectory/ SE and postmarked Winchester (date missing because stamp cut out) and London SE 10 April 1860.
"
1737,1789,April 10th 1860,1860-04-10,MS Charlotte Mitchell,,"[[footnote:1]]Ampfield was the neighbouring parish where Mrs Moor’s husband was perpetual curate.

[[footnote:2]]FMY\'s stepbrother [[person:313]Lord Seaton] served as commander-in-chief of the army in Ireland 1855-1860."
1738,1790,April 16th 1860,1860-04-16,MS Mrs Caroline Fairclough/15,,"[[footnote:1]]42 Wilton Crescent was the London house of [[person:113]Elizabeth Barnett]’s father George Henry Barnett of Glympton Park; she and her younger sister Louisa are listed with their father in the 1860 edition of <i>Webster’s Royal Red Book</i>.
"
1739,1791,May 16th 1860,1860-05-16,MS Hampshire Record Office: Sturges Bourne Collection: 9M55 F55/2p1 [[footnote:1]],"Otterbourne, Winchester.","[[footnote:1]]Hampshire Record Office MS 9M55 F55/2p3 is a small blue envelope addressed to Miss Sturges Bourne/ Testwood/ Southampton postmarked Winchester 18 May 1860 and labelled ‘Sunday teaching 1860/ health, air &c’.

[[footnote:2]]The Dysons’ nickname for Dogmersfield parsonage.

[[footnote:3]]The Dysons were childless. Evidently Charles Dyson’s successor in the parish was being \'mothered\' by his widow Elizabeth.

[[footnote:4]]The death of the Rev. Charles Dyson (1788-24 April 1860) meant that his wife Elizabeth and his half- sister Mary Anne had to find another home, which they did at Crookham near the home of Mary Anne’s girlhood friend, Anne Sturges Bourne.

[[footnote:5]]The girls in the \'small boarding school for superior village girls\' that Mary Anne Dyson conducted as a work of charity. See Coleridge, <i>[[otherbook:40]Life]</i> 147-149. A schoolroom was now needed in Crookham

[[footnote:6]]The letters that follow suggest that Hannah was a girl in the village whose future was being settled, with CMY’s lifelong servant, Harriet Spratt, and the wife of the village carpenter being included in the discussions.

[[footnote:7]]Presumably a story written by Anne Sturges Bourne, who had since the 1840s been writing short fictional stories incorporating advice to working class girls for the <i>[[other:79]Magazine for the Young]</i>.
"
3437,3489,[May ?1860s[[footnote:1]],1860-05-18,MS location unknown. Photocopies lent by Barbara Dennis: Maggie/6,,[[footnote:1]]Maggie Moberly was born in 1852 and <i>The Daisy Chain</i> seems most likely to have been offered her after the age of 8 and before the age of 18.
1740,1792,May 21st 1860,1860-05-21,MS Hampshire Record Office: Sturges Bourne Collection: 9M55 F55/3p1-2 ,"Otterbourne, Winchester.","[[footnote:1]]Pickhurst Mead, Bromley, Kent, the home of relatives.

[[footnote:2]]This refers to the plans for memorials to the Rev. Charles Dyson in Dogmersfield.  The \'calves\' were the pupils in the school started by Mary Anne Dyson.

[[footnote:3]]This paragon was perhaps [[person:691]Mary Hicks] junior.
"
1741,1793,June 5th 1860,1860-06-05,MS Huntington Library,"Otterbourne, Winchester.","[[footnote:1]]Jemima Blackburn had provided lithographic illustrations for <i>The Little Duke</i>. The technology involved acid-burning a drawing using an oil-based medium on to limestone slabs for printing. It would seem from this and later discussions that the stones remained the property of the artist, and that Blackburn did not preserve hers for long.

[[footnote:2]]<i>Saturday Review</i> (5 May 1860) 577-8.
"
1742,1794,July 3d 1860,1860-07-03,"MS Princeton University, Parrish Collection, C0171: Box 29","Otterbourne, Winchester.","[[footnote:1]]A magazine published by William Tweedie, which ran as a weekly from July 1858 to March 1859, and then as a monthly to March 1860.
"
1743,1795,July 3d 1860,1860-07-03,"MS Princeton University, Parrish Collection, C0171: Box 29","Otterbourne, Winchester.","[[footnote:1]]The home of Anne Sturges Bourne.
"
1744,1796,July 5th 1860,1860-07-05,"MS Historical Society of Pennsylvania: Gratz Collection: Case 107, Box 1 [[footnote:1]]","Otterbourne,Winchester.","[[footnote:1]]Printed by David Bonnell Green, [[otherbook:75] \'Two Popular Novelists of the ‘Fifties and Their Publisher: Letters from G. J. Whyte Melville and Charlotte M. Yonge to John William Parker, Jr.\'] <i>Notes & Queries</i>. 10:450-454. 1963.

<br/>[[footnote:2]]It appeared later in 1860.

<br/>[[footnote:3]]Published in 1857.

<br/>[[footnote:4]]Charles Layton, agent of Daniel Appleton and Co. of New York. see <i>The George Eliot Letters</i>, ed. Gordon S. Haight (New Haven, 1954-56), III, 268, n. 4.

<br/>"
1745,1797,July 13th 1860,1860-07-13,MS NLS 966 f.373,,"[[footnote:1]]Mackenzie was consecrated bishop of Central Africa in Cape Town Cathedral on 1 January 1861, and Patteson was consecrated missionary bishop of the western islands of the South Pacific Ocean on 24 February 1861.
"
1746,1798,July 17th 1860,1860-07-17,"MS Westcountry Studies Library, Exeter/ Yonge 1860/10 [[footnote:1]]","Otterbourne, Winchester. ","[[footnote:1]]Envelope addressed to Miss Ann Smith/ Rectory/ Old Charlton/ SE and postmarked Winchester 17 July (year torn) and London SE 18 July 1860.


"
1747,1799,July 31st 1860,1860-07-31,"MS Historical Society of Pennsylvania: Gratz Collection: Case 11, Box 10 [[footnote:1]]","Otterbourne,Winchester. ","[[footnote:1]]Printed by Green, \'[[otherbook:75]Two Popular Novelists of the ‘Fifties and Their Publisher\']

[[footnote:2]]<i>[[cmybook:37]Hopes and Fears]</i> was published in 1861 by Appleton, who was the American publisher of most of Yonge’s novels and of many of her other works.
"
1748,1800,Aug 3d 1860,1860-08-03,"MS Westcountry Studies Library, Exeter/ Yonge 1860/11 [[footnote:1]]","Otterbourne, Winchester.","[[footnote:1]]Envelope addressed to Miss Ann Smith / Rectory / Old Charlton/ SE and postmarked indistinctly London SE 4 August.

<br/>"
1749,1801,8th Aug. 1860.,1860-08-08,"MS location unknown. Printed in <i>[[cmybook:88]Musings over the Christian Year]</i>, xlvii.","H. V.,","[[footnote:1]]Keble’s eldest sister, Elizabeth Keble (1789/90-7 August 1860).
"
1750,1802,Aug 24th 1860,1860-08-24,"MS Westcountry Studies Library, Exeter/ Yonge 1860/2 [[footnote:1]]",,"[[footnote:1]]Envelope addressed to Miss Ann Smith/ The Rectory/ Old Charlton/ SE and postmarked Winchester 24 August, year defaced with removal of stamp, and London SE 25 August 1860


"
1751,1803,Aug 31st 1860,1860-08-31,"MS Princeton University, Parrish Collection, C0171","Otterbourne, Winchester",
3615,18759,Sept 18th 1860,1860-09-18,"MS Special Collections, University of Virginia Library",,
1752,1804,Nov 3d 1860,1860-11-03,"MS Girton College Cambridge, Yonge XI 2 [[footnote:1]]","Otterbourne, Winchester. ","[[footnote:1]]Envelope addressed to Miss S Warren/The Revd G Hawksley’s/ 12 Polygon/ Clifton/ Bristol and postmarked Winchester and Bristol 3 and 4 November 1860. The Rev. John Hawksley of this address in 1861 census was a clergyman without cure of souls with several teenage children, and possibly Warren was their governess.

[[footnote:2]]This letter is concerned with a plan for \'a series of county histories and descriptions fit for popular use and such as would teach an intelligent poor man what to be proud of in his county\'. See letter below to Elizabeth Roberts, 5 November 1860.  Their publication by the SPCK is under discussion.

[[footnote:3]]Nicholas Ridley (1500?-1555), Bishop of London.

[[footnote:4]]William of Wykeham (1324-1404), Bishop of Winchester and Chancellor of England, founder of Winchester College and of New College, Oxford.

[[footnote:5]]Frances Eliza Grenfell (1814-1891) married (1844) the Rev. Charles Kingsley (1819-1875). CMY was to be a great admirer of <i>The Water Babies</i> (1863) but she had grave doubts about some of his writings. In the recently published <i>Hopes and Fears</i> (1860) the schoolmistress is criticised for teaching his poem \'The Three Fishers\' because it contains the line \'The sooner ’tis over, the sooner to sleep\'.  Evidently Kingsley, through his wife, had declined to contribute.
"
3665,19845,Novr/ 4 [1860s?],1860-11-04,MS Charlotte Mitchell. ,"Elderfield, Otterbourne, Winchester.",
1753,1805,Novr 5th 1860 ,1860-11-05,MS Huntington Library,"Otterbourne, Winchester.",
1754,1806,Novr 20th [1860],1860-11-20,MS Mrs Caroline Fairclough/16,Otterbourn,"[[footnote:1]]Her publisher John William Parker, jr. had died suddenly.

[[footnote:2]]Lucilla and Phoebe are characters in <i>[[cmybook:37]Hopes and Fears]</i>.

[[footnote:3]]Butler\'s niece Grace Harriet Butler.
"
1755,1807,Novr 21st [1860?],1860-11-21,"MS Pierpont Morgan Library, New York, MA 4500",Otterbourn,"[[footnote:1]]They do not seem to have been published there under these titles.
"
1756,1808,Novr 22nd 1860,1860-11-22,MS Helen Schinske,"Otterbourne, Winchester.","[[footnote:1]]His son [[person:1143]John William Parker], Jr. (1820-1860) had died on 9 November.  Bourn and the elder Parker were now running the firm.
"
1758,1810,Decr 4th 1860,1860-12-04,"MS Westcountry Studies Library, Exeter/ 1860/ 13 [[footnote:1]]","Otterbourne, Winchester.","[[footnote:1]]Envelope addressed to Miss A M Smith/ Rectory/ Old Charlton/ SE and postmarked Winchester 4 December 1860 and London SE 5 December 1860. Quoted by [[otherbook:17]Battiscombe].

[[footnote:2]]Of the proposed subjects, only Gurney, Grant, Fry, Perthes, Carter, Bailllie, Hutchinson and Fanshawe were given biographies in the first series of <i>Biographies of Good Women</i> (1862).  Martin was the subject of one in the [[cmybook:57]second series] (1865).

[[footnote:3]]\'The Winds\' was a series of scientific articles which appeared intermittently in <i>MP</i> between July 1858 and December 1860.  Carter Smith\'s story \'The Wynnes\' had appeared in the <i>Churchman\'s Companion</i>.

[[footnote:4]]Florence Wilford was the daughter of Major-General Edmund Wilford, Governor of the Royal Military Academy, Woolwich, and thus a neighbour of Ann Carter Smith’s.
"
1759,1811,Decr 12th 1860,1860-12-12,"MS Westcountry Studies Library, Exeter/ Yonge 1860/14 [[footnote:1]]","Otterbourne, Winchester. ","[[footnote:1]]Envelope addressed to Miss A. M. Smith/ Rectory/ Old Charlton/ SE and postmarked Winchester 12 December 1860 and London SE 13 December 1860

[[footnote:2]]Thomas Hookham’s library in Bond Street was one of the leading commercial circulating libraries in the earlier part of the century, but was later driven out of business by Mudie’s.
"
1757,1809,Dec. 1860,1860-12-18,"MS location unknown. This fragment printed in <i>[[otherbook:122]Dulce Domum}</i>, 163-4.",,"[[footnote:1]]<i>The Hampshire Telegraph</i> reported (22 December 1860) that the Rev. George Moberly had given on Thursday 20 December a lecture on \'Earl Waltheof and Norman Winchester\' in aid of \'the fund for the establishment of a new and enlarged refuge for penitent females\', <i>i.e.</i> [[other:49]the Winchester Female Refuge].

[[footnote:2]]Volumes 5 and 6 of J.A. Froude’s <i>History of England from the Fall of Wolsey to the Death of Elizabeth</i>  (later renamed  <i>to the Defeat of the Spanish Armada</i>) appeared in 1860.
"
3632,19298,Decr 29th [1860s],1860-12-29,MS Mrs Katherine Wykes-Sneyd,Elderfield,"[[footnote:1]]CMY refers to the essay contributions to the [[other:104]Gosling Society] by Henrietta (\'Irene\'), her sister Charlotte (\'Glow Worm\') and Alice Coleridge (\'Gurgoyle\')."
1795,1847,[1861],1861-00-00,"MS location unknown. Printed in Romanes, <i>[[otherbook:241]Appreciation]</i> pp. 97",,"[[footnote:1]]Romanes identifies the recipient only as \'a daughter of Dean Butler\'. The possible candidates are [[person:594]Grace Harriet Butler], [[person:822]Edith Emma Butler] and [[person:242]Mary Avice Butler].

[[footnote:2]]<i>The Trial: More Links of the Daisy Chain</i> began to be serialized in <i>MP</i> in January 1862.
"
1800,1852,[1861],1861-00-00,"MS location unknown. This fragment printed by Christabel Maxwell, <i>[[otherbook:306]Mrs Gatty and Mrs Ewing]</i>, (1949) 140-1.",,"[[footnote:1]]Gatty’s daughter, Juliana Horatia Gatty (1841-1885), later Ewing, was the model for the persona Gatty adopted for her “Aunt Judy” tales in the <i>MP</i> in 1858. In 1861 Juliana began sending her own fictional tales to the <i>MP</i>. These tales were collected and published as <i>Melchior’s Dream and Other Stories</i> (1862) and <i>The Brownies</i> (1865). After the founding of <i>Aunt Judy’s Magazine</i> (edited by Gatty) in 1866 Ewing’s works were first published there.

<br/>"
1760,1812,Jany 10th 1861 ,1861-01-10,"MS University of Illinois, Urbana Champaign: Letter 9.",Otterbourne/Winchester,"[[footnote:1]]This contradicts the statement by Annis Gillie in <i>[[otherbook:328]A Chaplet for Charlotte Yonge]</i> (1965) that CMY believed that Herbert Somerville’s abcess on the lung was an inevitable precursor of TB.

[[footnote:2]]The friends in whose house CMY and Jemima Blackburn became acquainted.

[[footnote:3]]Margaret Agnes (Colville) Paul, a cousin of Blackburn\'s. This sounds like <i>[[otherbook:329]Herbert’s Holidays: A Tale for Children]</i> (1860).

[[footnote:4]]In Sir Walter Scott, <i>Old Mortality</i> (1816).

[[footnote:5]]<i>Essays and Reviews</i> (London: Parker 1860), an immensely controversial volume, included Mark Pattison’s ‘Tendencies of Religious Thought in England 1688-1750’ and Benjamin Jowett’s ‘The interpretation of Scripture’.
"
1761,1813,Feb 6th 1861,1861-02-06,"MS Bodleian Library, Eng. lett. e.30 ff137-9 [[footnote:1]]","Otterbourne, Winchester. ","[[footnote:1]]Envelope addressed to \'Miss Garnett/ St John’s College/ Oxford\' Postmark indecipherable. “Yonge 25/-” written in pencil in bottom left-hand corner.

[[footnote:2]]The letter is listed as ‘Garrett’ in the Bodleian catalogue, but Ellen R. Garnett (b. 1839/40) appears in the 1861 census as governess to the children of Philip Wynter, president of St. John’s College, Oxford. She was probably the daughter of the Rev. Richard Garnett and the sister of [[person:544]Richard Garnett] (1835-1906), keeper of printed books at the British Museum."
1762,1814,Feb 7th 1861,1861-02-07,"MS Princeton University, Parrish Collection C0171: Box 29","Otterbourne, Winchester.","[[footnote:1]]Warren had evidently supplied CMY with material for her [[cmybook:48]<i>History of Christian Names</i>].

[[footnote:2]]Betsey Trotwood is a character in Dickens\'s <i>David Copperfield</i> who calls the hero \'Trotwood\' after her surname\'.  CMY\'s cousin Dr. [[person:1622]John Francis Duke Yonge] had at least two sons by his first marriage who were born in Coblentz in the 1840s."
1763,1815,16th Febry 1861,1861-02-16,MS Hampshire Record Office 9M55F55/5/1 [[footnote:1]],"Otterbourne, Winchester.","[[footnote:1]]Black-edged paper.

[[footnote:2]]<i>My Life and What Shall I Do With it? A Question for Young Gentlewomen: by an Old Maid</i>. (London: Longman 1861) by L.F.March Phillipps created a good deal of interest and controversy in CMY\'s circle.  Reviews appeared in \'Hints on Reading\' <i>MP</i> (February 1861) 218-225 and in \'Grandmamma\' <i>MP</i> (April 1861) 420-7.  The former, which is signed \'T.\', may be the work of Emily Taylor."
1764,1816,Febry 18th 1861,1861-02-18,MS New York Public Library: Berg Collection ,"Otterbourne,Winchester.","[[footnote:1]]The review of <i>Hopes and Fears</i> in the <i>Morning Post</i> (13 December 1860) 2: \'The author of the \'Heir of Redclyffe\' has been long and deservedly a popular writer for youth.  It is in no disparaging spirit that it is asked, Is not that popularity rather imaginary than real;  does it not exist rather among older persons, who read her works, and decide that they must be very pleasing to young people, than among young people whom they have really pleased?\'.

[[footnote:2]]In her <i>Autobiography</i> (London: 1907) E. Sewell wrote (p. 168) that she “spent five months in Italy and Germany”. The visit can be dated as 1861 because she reports that she was in Turin at the time of Cavour’s funeral.  [[person:1578]Eliza] and [[person:1577]Adelaide Yard] were friends of Sewell\'s who lived in Otterbourne.


"
1765,1817,Febry 19th 1861,1861-02-19,MS Hampshire Record Office: Sturges Bourne Collection: 9M55 F55/5p2 [[footnote:1]] ,"Otterbourne, Winchester","[[footnote:1]]With MS 9M55 F55/5p3: an envelope addressed to Miss Sturges Bourne/ Pickhurst Mead/ Bromley postmarked Winchester 19 February 1861 and labelled ‘My Life &c Ploughing & Sowing 1861’.

[[footnote:2]]She had asked Sturges Bourne\'s permission to use material from one of her letters in an article on  on <i>My Life and What Shall I Do With It?</i>, which appeared as \'Hints on Reading\'  <i>MP</i> (April 1861) 446-8.
"
1766,1818,Febry 23d 1861,1861-02-23,MS Hampshire Record Office: Sturges Bourne Collection: 9M55 F55/6p1 ,"Otterbourne, Winchester.","[[footnote:1]]The Rev. Robert Isaac Wilberforce (1802-1857) was archdeacon of the East Riding from 1841 until he joined the Roman Catholic church in 1853.

[[footnote:2]]\'Hints on Reading\' <i>MP</i> (April 1861) 446-8. These two books were also reviewed together, probably by Anne Mozley, under the title 1The work of charity\' in the <i>Christian Remembrancer</i> 41:111 (1861), 120-169.
"
1767,1819,Feb 26th 1861,1861-02-26,MS Charlotte Mitchell/Cobweb-1 [[footnote:1]],"Otterbourne, Winchester.","[[footnote:1]]Tiny 95mm x 54mm blue envelope addressed to ‘Miss Helmore/6 Cheyne Walk/Chelsea/SW’ postmarked Winchester 26 February 1861 and London 27 February 1861.

[[footnote:2]]The turn of page happens before ‘into Fru Astrida’s’, which accounts for the shift in grammar. \'Fru Astrida\' (the name of an elderly character in <i>[[cmybook:20]The Little Duke]</i>) was evidently another member of the [[other:104]Gosling Society], but has not been identified.
"
1768,1820,March 2nd 1861,1861-03-02,"MS Westcountry Studies Library, Exeter/ 1861/1 [[footnote:1]]","Otterbourne, Winchester.",[[footnote:1]]Envelope addressed to Miss Ann (paper torn)/ Rectory/ Old Charlton/ SE and postmarked Winchester and London SE 4 March 1861.
1769,1821,March 5th 1861,1861-03-05,"MS Westcountry Studies Library, Exeter/ 1861/2","Otterbourne, Winchester.","[[footnote:1]]Articles on \'Sewing schools\' appeared in <i>MP</i> in May and June 1861.

[[footnote:2]]Both <i>Aggesden Vicarage, or, Bridget Storey’s First Charge</i> (London, Parker 1859) and

<i>The Wynnes, or, Many Men, Many Minds: A Tale of Every-day Life</i> (London, Masters1861) were published without any “by the author of…” statement. Carter Smith seems, however, to have talken CMY’s advice. Her next book (1863) was <i>Mildred’s Last Night: or, The Franklyns</i>. By the Author of <i>Aggesden Vicarage</i>.
"
1770,1822,March 6th 1861,1861-03-06,"MS Westcountry Studies Library, Exeter/ Yonge 1861/4 [[footnote:1]]","Otterbourne, Winchester.","[[footnote:1]]Envelope addressed to Miss Ann Smith/ Rectory/ Old Charlton/ SE and postmarked Winchester (date torn) and London SE 7 March 1861.

[[footnote:2]]This letter identifies the A.M.G. who published \'Sandwell\'  in <i>MP</i> (March 1859) 330-334, as Miss A. M. Goodrich.
"
1771,1823,March 14th 1861,1861-03-14,"MS Westcountry Studies Library, Exeter/ Yonge 1861/5","Otterbourne, Winchester","[[footnote:1]]Ann Carter Smith\'s story, ‘Will no one do likewise?: A Tale of East London Life’, <i>MP</i> (Jan-Sept 1859), had inspired a [[person:482]Mrs Elphinstone], a lady living in India, to send £10 to the Packet to be spent on deserving East London cases of distress. "
1772,1824,March 18th 1861,1861-03-18,"MS Westcountry Studies Library, Exeter/ Yonge 1861/6 [[footnote:1]]","Otterbourne, Winchester.","[[footnote:1]]Envelope addressed to Miss Ann Smith/ Rectory/ Old Charlton/ SE and postmarked Winchester 18 March 1861 and London SE 19 March 1861.

[[footnote:2]]The identity of the person who published the novel <i>Magdalen Stafford</i> and other works as \'the author of Magdalen Stafford\' is puzzling, but she may perhaps be the [[person:162]Mrs Bromfield] whom CMY called \'one of my crack authors\'.
"
1773,1825,March 18th 1861,1861-03-18,MS Charlotte Mitchell/Cobweb-2 [[footnote:1]],"Otterbourne, Winchester.","[[footnote:1]]Tiny 95mm x 54mm blue envelope addressed to ‘Miss Helmore/6 Cheyne Walk/Chelsea/SW’ postmarked Winchester 18 March 1861 and London 19 March 1861,

[[footnote:2]](Frances) Emily Moberly (1844-1921) was a Gosling as Humble Bee from 1859-1868(?),
"
1774,1826,March 26th 1861,1861-03-26,"MS Westcountry Studies Library, Exeter/ Yonge 1861/7 [[footnote:1]]","Otterbourne, Winchester. ","[[footnote:1]]Envelope addressed to Miss Ann Smith/ Rectory/ Old Charlton/ SE and postmarked Winchester 26 March and London SE 27 March 1861.

[[footnote:2]]For more detail on the state of Parker’s publishing company see letter to A. Butler, 16 April 1860

<br/>"
1775,1827,April 22nd 1861,1861-04-22,"MS Princeton University, Parrish Collection, C0171: Box 29","Otterbourne,Winchester.","[[footnote:1]]From the 1840s on, Groombridge and Sons, Paternoster Row, London published a similar range of books to the Mozleys, religious, children’s stories, natural history and so on. CMY contributed to their <i>Magnet Stories for Summer Days and Winter Nights</i> 8 vols (London, Groombridge 1860-5), which were collections of children’s stories by various authors.

[[footnote:2]]CMY was collecting material for her <i>[[cmybook:48]History of Christian Names</i>]"
1776,1828,May 9th 1861,1861-05-09,"MS Princeton University, Parrish Collection, C0171: Box 29","Otterbourne, Winchester.","[[footnote:1]]\'A legendary hero who armed himself with an armour of spikes; and, concealing himself in the cave where the dragon of Wantley dwelt, slew the monster by kicking it on the mouth, where alone it was mortal.\' (Brewer, <i>Dictionary of Phrase and Fable</i>. 1898)

[[footnote:2]]‘Kempion’, in Sir Walter Scott’s <i>[[otherbook:305]Minstrelsy of the Scottish Border]</i>, features a “fiery beast” that could only be disenchanted by the kiss of Kempion “the king’s son”.

[[footnote:3]]As part of her research for the <i>[[cmybook:48]History of Christian Names]</i>."
1777,1829,Whit Monday [19 May] 1861,1861-05-19,MS NLS 966 ff. 377-80,,"[[footnote:1]]Fanny was nursing her dying father, Sir John Patteson (1790-28 June 1861).

[[footnote:2]]Evidently a letter from Fanny’s brother, John Coleridge Patteson, who had been consecrated missionary Bishop of Melanesia by Bishop Selwyn in St. Paul’s Church, Auckland, on 24 February 1861.

[[footnote:3]]William Kerr, 8th Marquess of Lothian (1832-1870), succeeded his father in 1841; his mother Cecil, Marchioness of Lothian (1808-1877) was an enthusiastic Tractarian, and financed the building of the episcopal church at Jedburgh which was consecrated in 1843, with Keble present. Her conversion to Roman Catholicism in 1851 caused a stir, but her eldest son, who is mentioned in the [[cmybook:39]Hursley Magazine] and so may have met CMY, did not follow her.  The school for Melanesians founded in 1859 by Selwyn at Kohimarama (now Mission Bay), near Auckland, had been named St. Andrew’s College, in allusion to the foundation of St. Andrew’s Church in <i>[[cmybook:24]The Daisy Chain]</i>. The reference seems to be to Keble’s poem ‘The Boy with The Five Loaves’ in <i>Lyra Innocentium</i>

[[footnote:4]]The sisters had taken much trouble to provide Patteson with the correct episcopal costume. He wrote to his father (1 December 1860): ‘ Dear Joan is investing moneys in cutaway coats, buckles without end, and no doubt knee-breeches and what she calls \\""gambroons ‘ (whereof I have no cognizance), none of which will be worn more than (say) four or five times in the year. Gambroons and aprons and lawn sleeves won’t go a-voyaging, depend upon it. Just when I preach in some Auckland church I shall appear in full costume; but the buckles will grow very rusty indeed!’ CMY comments in her [[cmybook:102]biography] of him that ‘in a separate letter to the sisters there are individual acknowledgments of each article of the equipment, gratifying the donor by informing her that the ‘cutaway’ coat was actually to be worn that very evening at a dinner party at the Chief Justice’s, and admiring the ‘gambroon,’ which turned out to be the material of the cassock, so much as to wish for a coat made of it for the islands.’
"
1778,1830,May 22nd [1861] ,1861-05-22,MS UCLA: collection 100: box 95,Elderfield,"[[footnote:1]]Margaret Gatty’s <i>Aunt Judy’s Tales</i> (1859) and <i>Aunt Judy’s Letters</i> (1862) were made up of contributions to the <i>MP</i> from 1858 to 1865. \'Aunt Judy\' was represented as an older sister telling stories to her younger brothers and sisters and was based on Gatty’s daughter Juliana Horatia Gatty (1841-1885), later Ewing, who herself began to contribute to the <i>MP</i> in 1861. In 1866 Gatty began to edit a periodical for a different publisher called <i>Aunt Judy’s Magazine</i> and most of the later fiction of both mother and daughter appeared there.

[[footnote:2]]From the Isle of Wight.
"
3587,7883,May 23d 1861,1861-05-23,MS British Library: Coleridge Family Papers E: Add MSS 86207 Yonge JDC   ,,"[[footnote:1]]The Rev. Charles Dyson had died in April 1860, and his widow Elizabeth had moved into lodgings in Hursley with his half-sister Mary Anne Dyson while their new house at Crookham was being prepared. The 1861 census shows them as living with James Miles, a \'Gentleman\'s Gardener\', his wife and two young sons. The household also included a parlour maid aged 19 and a housemaid aged 48."
1779,1831,May 28th 1861,1861-05-28,MS Winchester College Library,,"[[footnote:1]]Martha Collins (b. 1809/10), postmistress of Otterbourne, wife of George Collins (b. 1820/1), gardener, was preparing her daughter Anne Collins (b.1846/7), to go into service with Mrs Merriman, an arrangement CMY was brokering. It was quite usual for the \'ladies\' of a parish to make these arrangements for girls who had passed through the local school.

[[footnote:2]]Mary Hicks (b. Hursley 1845/6) is recorded as nurserymaid to the Merrimans’ four small children in the census of 7 April 1861. She was the daughter of Edmund Hicks (1822/3), carpenter and wheelwright of Otterbourne, and his wife Mary Hicks (b. 1816/7). See the letter to J.A. Merriman dated 7 May 1862 for later developments in her career as a servant.
"
1780,1832,June 10th 1861,1861-06-10,"MS Princeton University, Parrish Collection, C0171: Box 29","Otterbourne,Winchester.","[[footnote:1]]Partner in the firm of John Parker, publishers. It is assumed this letter is to him, as CMY addresses other letters on publishing matters to \'Mr Parker\'.
"
1781,1833,June 21st 1861,1861-06-21,"MS Princeton University, Parrish Collection, Box 29","Otterbourne, Winchester.",[[footnote:1]]She was researching her <i>[[cmybook:48]History of Christian Names]</i>.
1782,1834,June 26th 1861,1861-06-26,"MS Westcountry Studies Library, Exeter/ Yonge 1861/9.","Otterbourne, Winchester.",
1783,1835,July 1st 1861,1861-07-01,MS NLS 962,,"[[footnote:1]]Evidently the specially bound copy of <i>The Daisy Chain</i> to be sent to Bishop Patteson in New Zealand, and referred to in the next letter to Fanny Patteson (dated 7 July 1861).
"
1785,1837,July 3d 1861,1861-07-03,"MS Westcountry Studies Library, Exeter/ Yonge 1861/11[[footnote:1]]","Otterbourne, Winchester.",[[footnote:1]]Envelope addressed to Miss Ann Smith/ Rectory/ Old Charlton/ SE and postmarked Winchester (date incomplete) and London SE 4 July 1861.
1784,1836,"July 7, 1861",1861-07-07,"MS location unknown. Printed in Romanes, <i>[[otherbook:241]Appreciation]</i> 122-4",,"[[footnote:1]]Fanny Patteson had been receiving letters of condolence on the death of her father [[person:1156]Sir John Patteson] (1790-28 June 1861).  The letters which CMY and her mother had been reading were evidently from Fanny Patteson’s brother, the [[person:1155]Rt. Rev. John Coleridge Patteson] in Melanesia.

[[footnote:2]]This is probably a misreading by Romanes of ‘Mrs. Bliss’s care”, see the letter to Sophia? Bliss (1 July 1861).
"
1786,1838,[September 1861],1861-09-18,"MS location unknown. This fragment printed in Christabel Maxwell, <i>[[otherbook:306]Mrs. Gatty and Mrs. Ewing]</i>, (1949), 133. ",," [[footnote:1]]Gatty’s biographer Maxwell writes: \'In 1861 the two women met. In September of that year Charlotte Yonge and her mother contemplated a visit to Thirsk in Yorkshire and must have received an invitation to Ecclesfield, for this was Miss Yonge’s reply.\' The visit took place on October 2.

[[footnote:2]]CMY and her mother were preparing to stay with the [[person:1541]Rev. Robert Francis Wilson] (1808/9-1888), Perpetual Curate and later Vicar of Baldersby since 1858, formerly a curate of Keble’s at Hursley and subsequently Vicar of Rownhams. The vicarage, the church of St. James, Baldersby, and a model village and school to go with them, were built from 1856 to the designs of William Butterfield in High Church taste at the expense of Viscount Downe. In fact they were no doubt still being built at the time of this visit.
"
1787,1839,Oct 13th [1861],1861-10-13,"MS Bodleian Library, Oxford: MS. Don. d.144 ff 158-9",Torquay   ,
1789,1841,Nov 8th 1861,1861-11-08,"MS Westcountry Studies Library, Exeter/ Yonge 1861/12 [[footnote:1]]","Otterbourne, Winchester. ",[[footnote:1]]Envelope addressed to Miss Ann Smith/ Rectory/ Old Charlton/ SE and postmarked Winchester 8 November 1861 and London SE 9 November 1861.
1788,1840,[19 ?October or November 1861],1861-11-19,"MS location unknown. Printed in Yonge, <i>[[cmybook:102]Life of John Coleridge Patteson]</i> I, 550",,"[[footnote:1]]CMY introduces the letter by saying it \'contained thanks for a photograph of Hursley Church spire and Vicarage, which had been taken one summer afternoon, at the desire of Dr. Moberly (the present Bishop of Salisbury), and of which I had begged a copy for him\'.  The photograph is probably that reproduced in <i>[[otherbook:122]Dulce Domum] facing page 184.  It shows Moberly and Keble standing, with CMY and Charlotte Keble seated, in the garden of Hursley Vicarage.
"
1790,1842,Novr 19th 1861,1861-11-19,MS Mrs Katherine Wykes-Sneyd,,
1791,1843,Novr 21st 1861,1861-11-21,"MS Westcountry Studies Library, Exeter/ Yonge 1861/13[[footnote:1]]","Otterbourne, Winchester. ","[[footnote:1]]In an envelope addressed to Miss Ann Smith/ The Rectory/ Old Charlton/ SE and postmarked Winchester 21 November 1861, and on reverse London SE (date illegible). The envelope also contains a piece of paper with sums on it labelled Charlton Rectory.

[[footnote:2]]<i>The Daughters of the Fair Elms</i> By the Author of <i>The Wynnes</i>, a serial which ran in the <i>Churchman’s Companion</i> from November 1861.

[[footnote:3]] Presumably he was trying to “allure” them into being district visitors in his parish.
"
1792,1844,Novr 22nd [1861],1861-11-22,MS Mrs Katherine Wykes-Sneyd,"Otterbourne, Winchester","[[footnote:1]]Petrel and Owl were evidently unidentified members of the [[other:104]Gosling Society].  This letter discusses proposed questions set to fellow-members by Henrietta Fursdon. 
"
1793,1845,Novr 23d 1861,1861-11-23,"MS Westcountry Studies Library, Exeter/ Yonge 1861/14","Otterbourne, Winchester","[[footnote:1]]Letters to Carter Smith dated 18 March, 3 July, 21 November 1861 and 3 April 1862 refer to a donation by a Mrs Elphinstone of money to be given to poor people in Ann Carter Smith\'s parish.

[[footnote:2]]The Mallock family of Cockington Court were connected to the Yonges and the Froudes;  Livermead was a house at Torquay belonging to them
"
1794,1846,Novr 25th 1861,1861-11-25,"MS Guildhall Library 11, 021 v.19","Otterbourne, Winchester.","[[footnote:1]]Francis Arthur Yonge (1861-1918) and Helen Emma Yonge (1860-1941).

[[footnote:2]]The reference is to the original <i>Proposal for the Publication of a New English Dictionary by the Philological Society</i> (London: Trübner and Co. 1859). At this date the editor of this dictionary, which later became the O.E.D., was Frederick James Furnivall, (1825-1910) – see letter to the Rev. W.G.  Henderson, 10 December 1861. As later letters from CMY to Furnivall (e.g. letter dated 11 August 1863) show, she and her mother did a considerable amount of research for him.

[[footnote:3]]J. O. Halliwell (1820-1889) had published <i>Nursery Rhymes of England</i> (London: Smith 1842).

[[footnote:4]]Frances Stuart, Duchess of Lennox and Richmond (1647–1702), a celebrated beauty at the court of Charles II, bequeathed her estate to her nephew Lord Blantyre.

[[footnote:5]]The Gibbs family firm had trading links with Spain and South America, and its principals spoke Spanish; H. H. Gibbs privately printed a study of <i>The Game of Ombre</i> in 1874.
"
1796,1848,Decr 10th 1861,1861-12-10,"MS Yale University, Beinecke Library ","Otterbourne, Winchester.","[[footnote:1]]The Rev.  William George Henderson  was one of the editors of the Surtees Society’s publications, and was evidently the author of the series of articles ‘Notes on the Folk Lore of the North of England’ which appeared in the <i>Monthly Packet</i> in 1862 signed ‘W. H.’. His ODNB entry implies that he did not move from Jersey to become headmaster of Leeds Grammar School until 1862, but this letter suggests that he was already residing in the north of England in the previous year.

[[footnote:2]]See note to letter to H.H. Gibbs, 25 November 1861.

[[footnote:3]]This is a puzzling reference, since the <i>Denham Tracts</i> do not seem to include such a work, nor can it be identified.

<br/>"
1797,1849,St Stephen [26 December 1861],1861-12-26,MS Charlotte Mitchell/Cobweb-3[[footnote:1]],Otterbourn,"[[footnote:1]]With associated blue envelope 78mm x 135mm addressed to Miss Helmore/ Cheyne Walk/ Chelsea/ SW, postmarked Winchester 26 Dec 1861 and London 27 December 1861.

[[footnote:2]]The Goslings had presented CMY with an album of their photographs. See the letter to Henrietta Fursdon (31 December 1861).

[[footnote:3]]The mothers of Katharine Helmore and Christabel Coleridge (whose Gosling name was Chelsea Delf) were sisters called Pridham and came from Plymouth, which probably explains how Cobweb obtained this photograph.  A studio photograph of CMY standing, with FMY seated, in the Yonge collection, Plymouth and West Devon Record Office, is probably one of the images referred to here.  CMY was evidently unhappy that images of her were being sold by the photographer: here the word \'lion\' means \'celebrity\'.


"
1798,1850,Decr 30th [1861],1861-12-30,MS Charlotte Mitchell/Cobweb-4,Otterbourn,"[[footnote:1]]Stormy Petrel, or Petrel, was a member of the Gosling Society, but her identity is uncertain."
1799,1851,Decr 31st [1861],1861-12-31,MS Mrs Katherine Wykes-Sneyd,"Otterbourne, Winchester","[[footnote:1]]The death of her aunt [[person:1255]Grace (Fursdon) Rogers] on 24 December 1861.
"
1808,1860,1862,1862-00-00,"MS location unknown. This fragment printed in Mary J. Y. Harris, <i>[[otherbook:318]Memoirs of Frances Mary Peard]</i> (1903), 47.",,"[[footnote:1]]Harris writes that the letter contained a request that Miss Peard should send her a paper on the Jewish Sects for the <i>[[other:81]Monthly Paper of Sunday Teaching]</i>.

<br/>"
1803,1855,[1862],1862-00-00,MS Mrs Clare Roels,,"[[footnote:1]]<i>The Magnet Stories for Summer Days and Winter Nights</i> 8 vols (London, Groombridge 1860-5), a series of anthologies of children’s stories by various hands, including CMY. 

[[footnote:2]]Cobweb was Katharine Olive Helmore, Christabel’s first cousin. CMY corresponded with her about the photograph she already had in December 1861, and this letter probably dates from shortly afterwards, early 1862.
"
1820,1872,[1862],1862-00-00,"MS location unknown. This fragment printed in Mary J. Y. Harris, <i>[[otherbook:318]Memoirs of Frances Mary Peard]</i>, 1903. 48.",,
1801,1853,Jan 20th [1862],1862-01-20,MS Charlotte Mitchell/Cobweb-5,Otterbourn,"[[footnote:1]]John Duke Pode (1832-1921) and Augusta Boevey Crawley (d.1900), first cousins to CMY and each other on her father’s side, had married on 30 August 1860. Augusta Pode appears among the Goslings in some lists and she may have briefly belonged to the society before her marriage.

[[footnote:2]]Owl was evidently a member of the [[other:104]Gosling Society], but has not been identified.
"
1802,1854,Jan 22d [1862],1862-01-22,"MS Westcountry Studies Library, Exeter/ Yonge 1862/1[[footnote:1]]","Otterbourne, Winchester","[[footnote:1]]Envelope addressed to Miss Ann Smith/ Rectory/ Old Charlton/ SE and postmarked Winchester 22 January 1862 and London SE 23 January 1862.

<br/>[[footnote:2]]<i>The Trial</i>, the sequel to <i>The Daisy Chain</i>, began serial pulication in the <i>MP</i> in January 1862.

<br/>"
3518,3570,Feb 13th [1862-3[[footnote:1]]],1862-02-13,"MS Harry Ransom Humanities Research Center, University of Texas, Austin",Otterbourn,[[footnote:1]]The letter is evidently addressed to the author of \'[[otherbook:579]Blindness: Its Trials and Blessings]\' <i>MP</i> (July 1861) 91-99.  
3579,7727, Feb 21st [1862 ],1862-02-21,MS British Library: Coleridge Family Papers E: Add MSS 86206 Yonge JTC ,"Otterbourne, Winchester.","[[footnote:1]]Leonard is the hero of [[cmybook:53]<i>The Trial</i>].  While he is imprisoned at Portland, Dr May visits him and describes a volume (in the library of Portland Castle) of Archbishop Ussher\'s inscribed inspiringly by John Maitland, Duke of Lauderdale (1616-1682) while imprisoned.

[[footnote:2]]The article referred to was probably Thornton Hunt, [[otherbook:796]\'The English convict system\'] <i>Cornhill</i> (3 June 1861), 708.

[[footnote:3]]Manning was Lord Lieutenant of the Isle of Wight and Governor of Portland Castle;  the Governor of Portland Prison was Captain William Clay."
1804,1856,March 5th [1862[[footnote:2]]],1862-03-05,MS Charlotte Mitchell,"Otterbourne, Winchester.","[[footnote:1]]The letter seems to relate to that of 26 May 1857 (Manchester Central Library) which is in a collection formed by Harriet (Acland Troyte) Griffith.

[[footnote:2]]The year has been added in another hand.

[[footnote:3]]<i>Last Heartsease Leaves</i>, which gave information about the subsequent lives of characters from <i>Heartsease</i>, was written and printed for sale to raise funds for the Auckland bells (see note below). See also letter to G.L. Craik, 5 September 1865. The text of LHL is reproduced in Georgina Battiscombe and Marghanita Laski (eds.), <i>A Chaplet for Charlotte Yonge</i>. London: Cresset Press, 1965.

[[footnote:4]]The April 1857 issue of the <i>MP</i> had sent with it a pamphlet headed “Church Bells in New Zealand (An extract from a letter)” in which it was proposed to collect £800 to buy a peal of church bells for the future cathedral in Auckland. The “letter” argued that the sound of bells would remind settlers of home and of their Sunday obligations. Thereafter readers sent contributions mostly in the form of stamps to CMY, who passed them on to the fund organisers. The full sum was ultimately raised and the bells arrived in Auckland in April 1863. They were first hung in a wooden building attached to Bishop Selwyn’s Auckland house, and are now in the Church of St Mathew’s in the City where they are rung every Sunday.

[[footnote:5]]Lady Lucy and Lady Hariot [or Harriet] Herbert were sisters of the second Earl of Powis. Bishop Selwyn of New Zealand had been tutor to the Herbert brothers when they were at Eton in the early 1830s.
"
1805,1857,March 24th 1862 ,1862-03-24,MS Mrs Katherine Wykes-Sneyd,"Otterbourne, Winchester.","[[footnote:1]]A battle in the Crimean War.
"
1806,1858,March 26th 1862,1862-03-26,MS Mrs Katherine Wykes-Sneyd,"Otterbourne, Winchester.","[[footnote:1]]Ostrich was evidently another member of the Gosling Society, but has not been identified."
1807,1859,April 3d 1862,1862-04-03,"MS Westcountry Studies Library, Exeter/ 1862 /2[[footnote:1]]","Otterbourne, Winchester.","[[footnote:1]]Envelope addressed to Miss Smith/ Rectory/ Old Charlton/ SE and postmarked Winchester 3 April 1862 and London SE 4 April 1862.

[[footnote:2]]Johanna Batty contributed on philanthropic topics to the <i>MP</i> under the name Ivanovna. Miss Barlee was probably Ellen Barlee, the author of <i>Our Homeless Poor and What We Can Do to Help Them</i> (1860), <i>Sketches of Working Women</i> (1871), <i>Locked Out: A Tale of the Strike</i> (1874) and other works, and Lady Superintendent of the Institution for the Employment of Needlewomen in London, which attempted to improve the conditions of women workers by eliminating the middleman.

[[footnote:3]]<i>i.e</i>. after its first appearance as a serial in the <i>Churchman’s Companion</i>.

[[footnote:4]][[person:266]Mary Carter Smith] married (4 February 1862) Thomas Henry Plowman.

[[footnote:5]]A character in Carter Smith\'s [[otherbook:317]\'The Daughters of the Fair Elms\']."
1809,1861,May 5th [1862],1862-05-05,"MS University of Illinois, Urbana Champaign: Letter 12.","Otterbourne, Winchester.","[[footnote:1]]Blackburn’s husband presumably needed entertainment while recovering from the illness that brought her back from her visit to Egypt.

[[footnote:2]]Doonholm was the estate belonging to Blackburn’s brother-in-law, Colin Blackburn, in Ayrshire.

[[footnote:3]]The birds referred to were a famous example of symbiosis, since the crocodiles never snapped them up.
"
1810,1862,"May 6, 1862.",1862-05-06,"MS location unknown. Printed in Yonge, <i>[[cmybook:102]Life of John Coleridge Patteson]</i> I 561.",St. Andrew’s College ,
1811,1863,May 7th 1862[[footnote:1]],1862-05-07,MS Winchester College Library,"Otterbourne, Winchester.",[[footnote:1]]It looks as if CMY wrote ‘5th’ and corrected it to ‘7th’.
1812,1864,May 12th [1862],1862-05-12,MS West Devon Area Record Office Ac 1092/32[[footnote:1]],"Otterbourne, Winchester. ","[[footnote:1]]Endorsed upside down ‘mothers engagement’.

[[footnote:2]]Charlotte Cordelia Pode (d.1929), CMY’s first cousin on her father’s side and her own goddaughter, had become engaged to the Rev. Duke Yonge, CMY’s cousin on her mother’s side. They were married on 26 August 1862. After Battiscombe\'s biography of CMY was published one of her daughters wrote to another relative that CMY had wished to marry their father, but there is no other evidence for this story.

[[footnote:3]]Charlotte Pode was an orphan, her mother Anne Duke (Yonge) Pode having died in 1845 and her father Thomas Julian Pode in 1857. She had a stepmother. Her elder sister Anne was married but her younger sister Frances Alethea Pode (who seems later to have been called Alethea rather than Frances) was not.

[[footnote:4]]Probably the [[person:1046]Rev. John Frewen Moor], jr. (b.1823/4), perpetual curate of Ampfield from 1853, and subsequently vicar of Ampfield, and his family.
"
1813,1865,June 24th 1862,1862-06-24,"MS Westcountry Studies Library, Exeter/ Yonge 1862/3","Otterbourne, Winchester.",[[footnote:1]]Carter Smith had evidently offered to contribute a life of Sherwood to the <i>[[cmybook:43]Biographies of Good Women]</i>;  however none appeared in either of the two series.
1814,1866,June 25th 1862,1862-06-25,MS Charlotte Mitchell,,
1815,1867,June 27th 1862,1862-06-27,MS Mrs Katherine Wykes-Sneyd[[footnote:1]],"[Otterbourne, Winchester.]","[[footnote:1]]Address cut out.

[[footnote:2]]The International Exhibition held in South Kensington 1 May-1 November 1862.

[[footnote:3]]Unidentified.
"
1816,1868,July 12th 1862,1862-07-12,MS Brigham Young University,"Otterbourne, Winchester.","[[footnote:1]]In Baldersby, Yorkshire, the home of the Rev. [[person:1541]R.F.Wilson].

[[footnote:2]]Charlotte Peard (d.1879), daughter of Captain George Peard R.N., and sister of Frances Mary Peard, married (1849) Trehawke Kekewich (b.1823), of Peamore House, near Exeter.

[[footnote:3]]CMY may refer to the \'Triomphe de Martyre\', a picture of St. Cecilia by William-Adolphe Bouguereau which had a great success at the International Exhibition in London, 1 May-1 November 1862.  However the artist was French not Belgian.

[[footnote:4]]This sentence is inserted at right angles to the address and salutation and may or may not have been written before the first postscript.
"
1817,1869,July 26th [1862],1862-07-26,"MS Westcountry Studies Library, Exeter/ Yonge 1862/4[[footnote:1]]",Baldersby,"[[footnote:1]]Envelope addressed to Miss Smith/ 8 Wellington Road/ Charlton/ SE and postmarked Thirsk 26 July 1862 and London 28 July 1862
"
1818,1870,Aug 6th [1862],1862-08-06,MS UCLA: collection 100: box 95,Baldersby,"[[footnote:1]]The reference is probably to [[person:1233]Charles Raikes] (1812-1885), who seems the most likely person to have contributed ‘The Englishman in India’ to <i>[[other:52]MP]</i> in 1863-6.


"
1819,1871,Aug 8th [1862],1862-08-08,"MS Reading University Library, uncatalogued Bell MSS/1",Baldersby,
1821,1873,[August 1862],1862-08-18,"MS location unknown. This fragment printed in Mary J. Harris, 1903. <i>Memoir of Frances Mary Peard</i>, p. 48.",,"[[footnote:1]]The article ‘Elisha’s Miracles’ with the initials F.M.P. appeared in N0. 22 of the <i>[[other:81]Monthly Paper on Sunday Teaching]</i> headed ‘Tenth Sunday after Trinity. Her ‘Naaman and the leprosy’ appeared in  No 23 and her ”Destruction of Jerusalem” in No. 24.

<br/>"
3627,19162,Sept 3rd [1862][[footnote:1]],1862-09-03,MS Charlotte Mitchell/28,[[other:207]Tyntesfield],"[[footnote:1]]The 5 September 1862 was a Friday, and this is consistent with the progress of CMY\'s friendship with Peard implied in other letters.

[[footnote:2]][[person:1151]Fanny Patteson] and her half-sister [[person:1154]Joanna] had been brought up in South Devon, near their cousins the Coleridges at Ottery and their cousin Paulina Martyn at Dawlish.

[[footnote:3]]Peard contributed articles to the [[other:81]<i>Monthly Paper of Sunday Teaching</i>]."
1822,1874,Oct 16th [1862],1862-10-16,"MS Princeton University, Parrish Collection, CO171: Box 29",Ottery,"[[footnote:1]]It was published in two volumes by Parker, Son and Bourn in 1863.  This letter may perhaps have been addressed to [[person:178]William Butler Bourn] rather than the elder Parker.
"
1823,1875,Oct 29th 1862,1862-10-29,"MS Bodleian Library, Oxford: MS. Don. d.144 ff 156-7[[footnote:1]]","Otterbourne, Winchester.","[[footnote:1]]The letter has illegible annotations in another hand.
"
3625,19058,Nov 3d 1862,1862-11-03,MS Charlotte Mitchell,"Otterbourne, Winchester.","[[footnote:1]]This article cannot be identified in <i>MP</i>.  CMY\'s correspondent may possibly be the Elizabeth Redgrave whose <i>The Word and the Work, or, The Harmony of Scripture with Geological Discoveries</i> (London: Mozley 1860) was praised in <i>MP</i> (January 1860), 111.  It was described as \'a series of conversations between a clergyman and a mechanic, intended to popularize Hugh Miller\'s views of the Periods of Creation, and to show how they may be reconciled with the Scriptural narrative.\'"
1824,1876,[November 1862],1862-11-18,"MS location unknown. Printed in Yonge, <i>Life of John Coleridge Patteson</i> II, 22-3",,"[[footnote:1]]The Rt. Rev. John William Colenso (1814 - 1883), Bishop of Natal, developed views that shocked High Church theologians. He would not preach that the ancestors of newly-Christianised Africans were condemned to eternal damnation. Questions put to him by students at his missionary station led him to query whether the early books of the bible were literally true and to publish a series of books expounding his views.

[[footnote:2]]Grey, then in his second term as governor of New Zealand, had been governor of Cape Colony from 1854 to 1861.

[[footnote:3]]The chapel was for St Andrew’s College Kohimarama, New Zealand.
"
1825,1877,Novr 21st 1862,1862-11-21,"MS Princeton University, Parrish Collection, C0171: Box 29","Otterbourne, Winchester.","[[footnote:1]]\'Correspondence\' <i>MP</i> (November 1862) 544-558 is a comment on district visiting in the form of a letter from \'Jane\' to \'Henrietta\'.  This form of article appeared first in the issue of September 1862, and it continued intermittently, with contributions from various hands on various topics, for several more years.  The particular article discussed here, however, cannot be identified and may never have appeared."
1826,1878,Novr 21st 1862,1862-11-21,"MS Westcountry Studies Library, Exeter/ Yonge 1862/5[[footnote:1]]","Otterbourne, Winchester. ","[[footnote:1]]Envelope addressed to Miss Smith/ 8 Wellington Road/ Charlton/ SE and postmarked Winchester 21 November 1862 and London SE 22 November (year illegible).




"
1827,1879,Novr 24th 1862,1862-11-24,"MS Westcountry Studies Library, Exeter/ Yonge 1862/6[[footnote:1]]","Otterbourne, Winchester. ","[[footnote:1]]Envelope addressed to Miss Smith/ 8 Wellington Road/ Charlton/ SE postmarked Winchester 24 November 1862 and London SE 25 November 1862.
"
1828,1880,Novr 26th 1862,1862-11-26,"MS Bodleian Library, Oxford: MS Eng. Lett d.418.ff 152-153[[footnote:1]]","Otterbourne, Winchester.","[[footnote:1]]With annotation, probably by Coxe.

[[footnote:2]]She had asked for information about Greek saints for her <i>[[cmybook:48]History of Christian Names]</i>.

[[footnote:3]]Charles Kingsley, ‘Saint Maura, A.D. 304’ (1852) refers to Saints Maura and Timothy, a husband and wife killed in the Thebaid, Egypt, during the persecutions of Diocletian.

[[footnote:4]]John Capgrave, Augustinian friar, historian and theologian (1393-1464). CMY perhaps refers to the version of his <i>Vita Sanctae Brigidae</i>, published with lives of Saints Columba and Fiacre by Robert Rochford in 1625. St Ronan Finn was a 7c Irish saint.

[[footnote:5]]Annotated ‘o Donovan’.

[[footnote:6]]Menelaus of Alexandria was a 2c mathematician.

[[footnote:8]]This is perhaps a slip for [[other:151]\'Philological Dictionary\']."
1829,1881,Decr 2nd [1862],1862-12-02,"MS Westcountry Studies Library, Exeter/ Yonge 1862/ 7[[footnote:1]]",Otterbourne/ Winchester. ,"[[footnote:1]]Envelope addressed to Miss Smith/ 8 Wellington Road/ Old Charlton/ SE and postmarked Winchester 2 December 1862 and London SE 3 December 1862. The envelope also enclosing a letter from John William Parker, Sr., dated 19 November 1862.
"
1830,1882,Decr 30th [1862],1862-12-30,MS Mrs Katherine Wykes-Sneyd,,
1857,1909,[1863],1863-00-00,"MS location unknown. This fragment printed in Mary J. Y. Harris, <i>[[otherbook:318]Memoirs of Frances Mary Peard]</i>, (1903) 48-49.",,"[[footnote:1]]<i>The Clever Woman of the Family</i>. Harris writes of CMY: “No doubt the imaginary people of her own creation were to her as real friends as any others, but to the uninitiated who received her letters this impartiality was a little confusing. Some of her letters preserved by Miss Peard are examples, though not so typical as some others.”

<br/>"
1858,1910,[1863],1863-00-00,"MS location unknown. This fragment printed in. Mary J. Y. Harris, <i>[[otherbook:318]Memoirs of Frances Mary Peard]</i>, (1903) 49.",,"[[footnote:1]]Harris adds ‘This letter goes on to give directions as to the course to be taken in further papers through most of the books of the Old Testament . . It is a relief to find from a letter a few weeks after, that “Joshua came to light .... with some cards wrapt up in him”.’

<br/>"
1831,1883,Jany 12th [1863],1863-01-12,"MS Westcountry Studies Library, Exeter/ Yonge 1863/1[[footnote:1]]","Otterbourne, Winchester.","[[footnote:1]]Envelope addressed to Miss Ann Smith/ 8 Wellington Road/ Charlton/ SE and postmarked Winchester 12 January 1863 and London SE 13 January 1863.



<br/>"
1832,1884,Febry 18th 1863,1863-02-18,"MS Westcountry Studies Library, Exeter/ Yonge 1863/2[[footnote:1]]","Otterbourne, Winchester","[[footnote:1]]Envelope addressed to Miss Smith/ 8 Wellington Road/ Charlton/ SE and postmarked Winchester 18 February 1863 and London SE 19 February 1863.

[[footnote:2]]Probably CMY forgot the grammar of her sentence as she turned the page between my and self.

[[footnote:3]]The American Civil War blockade caused distress in the Lancashire textile industry, especially acute in the winter of 1862/3.


"
1833,1885,"Feb. 28, 1863.",1863-02-28,"MS location unknown. Printed in Yonge, <i>[[cmybook:102]Life of John Coleridge Patteson]</i> II, 40.",St. Andrew’s ,"[[footnote:1]]The [[other:30]Melanesian Mission]’s own specially commissioned ship, paid for in part by CMY’s earnings from her novels. Before it arrived the missionaries visiting the islands and the scholars coming to St Andrew’s College in New Zealand had to rely on commercial vessels.
"
1834,1886,March 12th 1863,1863-03-12,MS Mrs Katherine Wykes-Sneyd,"Otterbourne, Winchester.","[[footnote:1]]The [[person:1876]Prince of Wales] (later Edward VII) married Princess [[person:1877]Alexandra] of Denmark on 10 March 1863 at St George\'s Chapel, Windsor. The Poet Laureate, Alfred Tennyson (1809-1892), had composed ‘A Welcome to Alexandra, March 7 1863’ beginning ‘Sea-king’s daughter from over the sea, Alexandra!’ and W.E.Aytoun (1813-1865) a ‘Nuptial Ode on the Marriage of his Royal Highness the Prince of Wales’  to celebrate the marriage.

<br/>"
1835,1887,March 16 1863,1863-03-16,"MS Westcountry Studies Library, Exeter/ Yonge 1863/3[[footnote:1]]","Otterbourne, Winchester.","[[footnote:1]]Envelope addressed to Miss Smith/ 8 Wellington Road/ Old Charlton/ Se and postmarked Winchester (date illegible) and London SE 17 March 1863.
"
1836,1888,March 19th 1863,1863-03-19,"MS Princeton University, Princeton University, Parrish Collection, CO171: Box 29[[footnote:1]]","Otterbourne, Winchester.","[[footnote:1]]The note is folded, sealed, stamped and addressed on the reverse to ‘Miss Peard 16 South Audley Street/Grosvenor Square/London/W’.

[[footnote:2]]Alexandra Princess of Wales, travelling with her husband (later Edward VII) to Osborne House, on the Isle of Wight, for their honeymoon.
"
3454,3506,March 25th  [after 1863],1863-03-25,"MS Princeton University, Parrish Collection, CO171: Box 29[[footnote:1]]","Elderfield, Otterbourne, Winchester.","[[footnote:1]]Black-edged paper.

<br/>"
1837,1889,Ascension Day [14 May 1863],1863-05-14,MS location unknown. Photocopies lent by Barbara Dennis: Maggie/7[[footnote:1]] ,,"[[footnote:1]]Black-edged paper.  We have not been able to discover a reason why CMY used black-edged paper for this letter and the two following dated 3 June and  11 June.

<br/>"
1838,1890,[May 1863],1863-05-18,"MS location unknown. Printed in Romanes, <i>Appreciation</i> p 95",,"[[footnote:1]]<i>[[cmybook:53]The Trial: More Links of the Daisy Chain]</i>, in which Leonard Ward is tried and convicted of murder,was serialized in <i>MP</i> from January 1862 to April 1864.  The commutation of Leonard’s sentence from death to imprisonment for life was announced at the beginning of the chapter in the issue of April 1863.

<br/>"
3508,3560,May 22nd [1863-7],1863-05-22,MS UCLA: collection 100: box 95,Elderfield,"[[footnote:1]]It seems more likely that CMY would address Juliana Gatty as \'Aunt Judy\' before her marriage.

[[footnote:2]]From the Isle of Wight.

<br/>"
1839,1891,June 3d [1863],1863-06-03,"MS Princeton University, Parrish Collection, CO171: Box 29[[footnote:1]]","Elderfield, Otterbourne, Winchester","[[footnote:1]]Black-edged paper. The word Elderfield is inserted by hand;  ‘Otterbourne, Winchester.’ is printed; a date of 1863 is therefore suggested."
1840,1892,June 11th [1863],1863-06-11,"MS Westcountry Studies Library, Exeter/ Yonge 1863/4[[footnote:1]]","Elderfield, Otterbourne, Winchester.","[[footnote:1]]Black edged paper, black engraved address Otterbourne, / Winchester, the word Elderfield added above Otterbourne. Envelope addressed to Miss Smith / 8 Wellington Buildings/ Charlton/ SE and postmarked Winchester 11 June 1863 and London SE (date illegible).

<br/>"
1841,1893,June 13th [1863],1863-06-13,"MS Westcountry Studies Library, Exeter/ Yonge 1863/5[[footnote:1]]","Otterbourne, Winchester","[[footnote:1]]With envelope addressed to Miss Smith/ 8 Wellington Road/ Charlton SE and postmarked Winchester 13 July and London SE 15 July 1863.

<br/>"
1842,1894,June 29th 1863 ,1863-06-29,MS Archives Nationales,Elderfield Otterbourn Winchester England,"[[footnote:1]]Sarah Austin (1793–1867) had translated several of Guizot’s books into English.

[[footnote:2]]The second series of <i>Biographies of Good Women</i> (1865) included CMY’s own account of the lives of  Anne-Paule-Dominique (de Noailles), marquise de Montagu (1766-1839), Marie-Adrienne-Françoise, marquise de La Fayette (1759-1807) and their three sisters.  The introduction acknowledges the permission of the Duc de Noailles to extract the biographies from <i>Anne-Paule-Dominique de Noailles, marquise de Montagu</i> (Paris: Laine et Havard  1864).  This privately printed work, anonymously edited by Auguste Callet, was published in 1865 and became the subject of litigation between him and the duke over the credit of the authorship. 


"
1846,1898,July 13th [31 July 1863][[footnote:2]],1863-07-13,MS WDRO Acc No 308: 31/7/63[[footnote:1]] ,St Dunstans ,"[[footnote:1]]Black-edged paper. The use of black-edged paper continued until February 1864. During this period CMY was in mourning for two cousins from Puslinch, [[person:27]Alethea Anderson Morshead] whose death was followed by that of her eldest surviving brother John Bargus Yonge (1821-12 Nov 1863).

[[footnote:2]]The letter is dated July 13th , but in the context of others this must be an error, and it also has written on it upside down at the foot of the page ‘July 31st St Dunstans’.

[[footnote:3]]Anne\'s father was mourning his daughter Alethea (d.22 July 1863), while his sister Elizabeth, Lady Seaton, was mourning her daughter Cordelia (d. 30 May 1862) and her husband (d. 17 May 1863)."
3527,3579,July 22 [after 1863] ,1863-07-22,MS British Library Add 45224 L,Elderfield,
1843,1895,July 25th [1863],1863-07-25,MS WDRO Acc No 308: 25/7/63,Newsells ,"[[footnote:1]]News of the death of  Anne Yonge’s sister [[person:27]Alethea (Yonge) Anderson Morshead] (1815-22 July 1863)

[[footnote:2]]The various celebrations marking the end of the [[other:50]Winchester College] school year, including the singing of the school song “Dulce Domum”.

[[footnote:3]]She had six sons.

[[footnote:4]]Mary was Anne’s elder sister, who presumably intended to nurse their sister-in-law Charlotte (Pode) Yonge who was expecting her first child.
"
1844,1896,July 27th [1863],1863-07-27,MS WDRO Acc No 308: 27/7/63,Newsells,"[[footnote:1]]Newsells Bury, near Barkway, Hertfordshire, was the home of  [[person:1442]Caroline Vernon Harcourt] (d.1871), an old friend of FMY\'s and CMY\'s godmother.

[[footnote:2]]The \'boys\' were Anne\'s nephews, the six sons of her sister [[person:27]Alethea] who had just died.

[[footnote:3]]The elder boys were boarders at [[other:50]Winchester College].

[[footnote:4]][[person:930]Anne Mackenzie]’s eldest sister Elizabeth (d. 1858) had married George Dundas (1802-1869), Senator of the College of Justice in Scotland, from 1868 styled Lord Manour. Their children included Captain [[person:453]James Dundas] (1842–1879) V.C. and [[person:455]Mary Frances Dundas], who was a Gosling as Ladyfern from 1863 to 1868. 

[[footnote:5]]The tablet in the church of Holy Cross, Newton Ferrars, near Puslinch, reads: To/ the Memory/of/ James Yonge/ Who died Nov 2nd 1834/ Aged 18 years/ Also of Edmund Charles Yonge,/ who died Jany 15 1847: aged 19 years/ sons of the Revd John Yonge,/ of Puslinch, (rector of this parish),/ and Alethea H. His Wife/ They both died at Otterbourn/ in the County of Hants./ And are interred there. Jesus said ‘What I do, thou knowest not now But thou shalt know hereafter.’ John 13. 7.

[[footnote:6]]Anne\'s brother Duke, Vicar of Newton Ferrars, and his wife Charlotte, were expecting their first child.
"
1845,1897,July 30th [1863],1863-07-30,MS WDRO Acc No 308: 30/7/63 ,Dunstans,"[[footnote:1]]The sons of [[person:27]Alethea Anderson Morshead], Anne\'s sister who had just died, were pupils at [[other:50]Winchester College], and had a holiday on St. Matthew\'s Day (21 September).

[[footnote:2]]Elizabeth Colborne and her sister Jane (Colborne) Moore. The graves of the Colborne family are in the churchyard at Newton Ferrars, the parish church of Puslinch although not very near the house. To walk (rather than drive) to church on Sundays and to attend the parish church (rather than another for partisan or aesthetic reasons) were key elements of Tractarian practice. The sense of this is that the Colbornes usually go to church near home, at the tiny All Saints, Sparkwell they have built outside their gate, which has no graveyard; they only go to Newton Ferrars for funerals. To the Yonges, however, the long brisk Sunday walk to Newton is familiar and has pleasant associations.

[[footnote:2]]A reference to the poem by Henry Vaughan, ‘They are all gone into the world of light!/  And I alone sit ling’ring here . . ‘
"
1847,1899,Aug 4th [1863],1863-08-04,MS WDRO Acc No 308: 4/8/63[[footnote:1]],Crookham,"[[footnote:1]]Black-edged paper.

[[footnote:2]]The recently widowed Delia Oldfield was first cousin both to CMY and Anne.  Her brother John Francis Duke Yonge was also widowed in 1863.

[[footnote:3]]Anne\'s sister-in-law Charlotte was expecting a baby.

[[footnote:4]]John Anderson Morshead had been left a widower with six sons by the recent death of Anne\'s sister [[person:27]Alethea]."
1848,1900,"Aug. 6, 1863.",1863-08-06,"MS location unknown. Printed in Yonge, <i>[[cmybook:102]Life of John Coleridge Patteson]</i> II,57-60.","‘Southern Cross,’ Kohimarama ","[[footnote:1]]In July 1863 British troops were ordered into the Waikato region (south of Auckland) to attack the Maori forts and strongholds established there.
"
1849,1901,Aug 11th 1863,1863-08-11,MS Huntington Library[[footnote:1]],"Elderfield, Otterbourne, Winchester.","[[footnote:1]]Black-edged paper.

[[footnote:2]]Presumably slips of paper with the name of the book printed on the top where the usage of each individual word could be added.

 

	"
1850,1902,Aug 18 1863. ,1863-08-18,"MS Girton College Cambridge, Yonge XII 1[[footnote:1]] ","Elderfield, Otterbourne, Winchester.","[[footnote:1]]Black-edged paper. Envelope addressed to F H Wilson esq/Parsonage/Rownhams/Southampton and postmarked Winchester and Southampton 18 and 19 August 1863.

[[footnote:2]]This presumably came from CMY’s American friend, Miss Lewis - 710 Pine St Philadelphia US.

[[footnote:3]]This suggests that Maria Wilson had visited FMY and CMY at Elderfield before they had undertaking the London shopping mentioned in the letter to Anne Yonge, dated 25 July 1863.
"
1851,1903,Sept 11th [1863],1863-09-11,"MS Westcountry Studies Library, Exeter/ Yonge 1863/6[[footnote:1]]",Elderfield,"[[footnote:1]]In envelope addressed to Miss Smith/ 8 Wellington Road/ Old Charlton/ SE and postmarked Winchester 11 September 1863 and London SE 12 September 1863.

<br/>"
1852,1904,Sept 12th [1863],1863-09-12,MS UCLA: collection 100: box 95[[footnote:1]],Elderfield,"[[footnote:1]]Black-edged paper.

[[footnote:2]]Probably as a result of the move from Otterbourn House to Elderfield."
1853,1905,Oct 7th 1863,1863-10-07,MS British Library Add 54920: : 1-2: [[footnote:1]],"Otterbourne, Winchester.","[[footnote:1]]Black-edged paper.

<br/>[[footnote:2]]Serialised in <i>Churchman\'s Family Magazine</i>, Jan 1864 to March 1865 and published by Macmillan and Co. 1865.

<br/>"
1854,1906,Oct. 9. 1863,1863-10-09,Copy outletter book British Library Add MSS.55381 (2) P. 536,,
1855,1907,Oct 13th 1863,1863-10-13,MS British Library Add MSS 54920: 3-4,"Otterbourne, Winchester.",
1856,1908,Oct 24th 1863,1863-10-24,MS Charlotte Mitchell[[footnote:1]],Elderfield Otterbourne Winchester,"[[footnote:1]]Pasted into a handsomely bound copy of <i>The Dove in the Eagle’s Nest</i> 2 vols (London: Macmillan 1866), with the bookplate of St. Edward’s School, Oxford.

[[footnote:2]]The corner of the letter is missing.
"
1859,1911,Oct 29th [1863],1863-10-29,"MS Westcountry Studies Library, Exeter/ Yonge 1863/7[[footnote:1]]","Elderfield, Otterbourne, Winchester.","[[footnote:1]]Envelope addressed to Miss Smith/ 8 Wellington Road/ Old Charlton/ SE and postmarked Winchester 29 October 1863 and London SE 30 October 1863.

[[footnote:2]]The envelope for this letter also contains a single sheet of yellow paper printed on both sides with an advertisement for “<i>Events of the Month: A Magazine of News, Literature, Science, and General Information; Designed for Youthful Readers</i> to be published by John and Charles Mozley, starting January 1st, 1864. Price sixpence.” It was edited by Henrietta Murray and ran from Jan. 1864 to Jan. . 1865. CMY later described it to Macmillan (3 June 1864) as “a sort of school room Athenaeum”, and tried unsuccessfully to get him to take it over when the Mozleys abandoned it.(see Macmillan to CMY  17 January 1865).

<br/>"
1860,1912,Nov: 4. 1863.,1863-11-04,Copy outletter book British Library Add MSS.55381 (2) P. 618,,
1861,1913,Novr 5th [1863],1863-11-05,MS British Library Add MSS 54920[[footnote:1]] ,"Elderfield, Otterbourne, Winchester. ","[[footnote:1]]Black-edged paper.

[[footnote:2]]It appeared there from Jan 1864 to May 1865. Macmillan published it in 1865.

[[footnote:3]]Publishers of the <i>Churchman’s Family Magazine</i> from Jan. 1863 to April 1873.

<br/>"
1862,1914,Novr 11th [1863],1863-11-11,MS British Library Add MSS 54920: 7-8[[footnote:1]],"Elderfield, Otterbourne, Winchester.","[[footnote:1]]Black-edged paper.

<br/>"
1863,1915,Novr 12th [1863],1863-11-12,"MS Westcountry Studies Library, Exeter/ Yonge 1863/8[[footnote:1]]",Elderfield Otterbourn,"[[footnote:1]]Envelope addressed to Miss Smith/ 8 Wellington Buildings/ Old Charlton/ SE and postmarked Winchester 13 November 1863 and London SE 14 November 1863.

<br/>"
1864,1916,Nov: 20. 1863.,1863-11-20,Copy outletter book British Library Add MSS.55381 (2) P. 661,,
1865,1917,Novr 24th [1863],1863-11-24,MS British Library Add MSS 54920: 9-10[[footnote:1]],"Elderfield, Otterbourne, Winchester.","[[footnote:1]]Black-edged paper.

<br/>"
1866,1918,Nov: 25. 1863,1863-11-25,Copy outletter book British Library Add MSS.55381 (2) p. 671,,
1867,1919,Novr 27th 1863,1863-11-27,MS British Library Add MSS 54920: 11-12,Elderfield Otterbourne Winchester,
1868,1920,Decr 1st 1863,1863-12-01,"MS Princeton University, Princeton University, Parrish Collection, CO171: Box 29: Author Files Wood-Yonge[[footnote:1]]","Elderfield, Otterbourne, Winchester.","[[footnote:1]]Black-edged paper.

[[footnote:2]]Mary Charlotte Julia Gordon (1840-1926), later (1865) Mrs Disney Leith, was a niece of Lady Elinor Wodehouse, who was sister to her mother and to the mother of Algernon Swinburne, with whom Mary Gordon collaborated on a story <i>The Children of the Chapel</i> (1864).  
"
1869,1921,Decr 5th [1863],1863-12-05,MS Mrs Katherine Wykes-Sneyd,"Elderfield Otterbourne, Winchester.","[[footnote:1]]The people referred to are the Reverend John Richard Bogue (1808-1857) and his children Edith Elizabeth Bogue (1857-1863) and Francis Reginald Bogue (1855-1863). They were cousins of CMY\'s through the Bargus family. The condolences are therefore probably on the death of Henrietta’s aunt [[person:537]Elisabeth Fursdon] (1805-1863).

[[footnote:2]]This was presumably in connection with the [[other:104]Gosling Society].

<br/>"
1871,1923,Dec 18th [1863],1863-12-18,MS Mrs Katherine Wykes-Sneyd[[footnote:1]],Elderfield,"[[footnote:1]]Black-edged paper.

[[footnote:2]]This was probably the flyer for <i>[[other:69]Events of the Month]</i> which CMY also sent to Ann Carter Smith on 29 October 1863.

[[footnote:3]]Henrietta\'s aunt [[person:537]Elizabeth Fursdon] had recently died."
3507,3559,Decr 19th [after 1863],1863-12-19,"MS Harry Ransom Humanities Research Center, University of Texas, Austin",Elderfield,"[[footnote:1]]Two other affectionate letters to a cousin addressed as Jay exist (MSS Charlotte Mitchell), and from internal evidence  the most likely recipient seems to be Jane (Colborne) Montgomery Moore.

<br/>"
1882,1934,[1864],1864-00-00,"MS location unknown. This fragment printed in Mary J. Y. Harris, <i>[[otherbook:318]Memoirs of Frances Mary Peard]</i>, p. 50.",,"[[footnote:1]]CMY was interested in a new newspaper for children called <i>[[other:69]Events of the Month]</i>. 

[[footnote:2]]Harris suggests the Rev. Richard William Church (1815-1890).

<br/>"
1909,1961,[Summer 1864][[footnote:1]],1864-00-00,"MS location unknown. This fragment printed in <i>[[otherbook:122]Dulce Domum]</i>, 175.",,"[[footnote:1]]This is printed by the author of <i>Dulce Domum</i> as part of a group of fragments with dates ranging from May to October 1864.

[[footnote:2]]Two of the faces must be those of Alice’s second brother, [[person:1011]Arthur Moberly] (1840?-1858), and second sister, [[person:1020]Mary Louisa (Moberly) Ridding] (1838-1859). The third person was perhaps [[person:1631]WCY].

<br/>"
1872,1924,Jany 4th [1864],1864-01-04,MS Mrs Clare Roels[[footnote:1]],Elderfield,"[[footnote:1]]Black-edged paper.

[[footnote:2]]Christabel’s father, the [[person:1900]Reverend Derwent Coleridge] (1800-1883), had just resigned indignantly from his job as head of St. Mark’s College, Chelsea. The services at St. Mark’s and the musical instruction given to trainee teachers helped to bring about the transformation of music teaching in schools and the revival of choral services in the Church of England, described in Benarr Rainbow, <i>The Choral Revival in the Anglican Church (1839-1872)</i> (1970).

<br/>"
1873,1925,Jan 12th [1864],1864-01-12, MS Society of Antiquaries 444/17/144[[footnote:1]],Elderfield,"[[footnote:1]]Black-edged paper.

[[footnote:2]]Felicia Skene had recently taken over as editor of the <i>Churchman\'s Companion</i>.  A story called \'Christina\' appears in Wilford\'s <i>A Vantage Ground and Other Stories</i> Reprinted from the <i>Monthly Packet</i> and the <i>Churchman\'s Companion</i> (London: Masters 1879)."
1874,1926,Jany 18th 1864,1864-01-18,MS British Library Add MSS 54920: 13-14[[footnote:1]],"Elderfield, Otterbourne, Winchester. ",[[footnote:1]]Black-edged paper.
1875,1927,Jan. 19. 1864,1864-01-19,Copy outletter book British Library Add MSS.55382 P. 59-60,,
1876,1928,Jan 21.1864,1864-01-21,Copy outletter book British Library Add MSS.55382 P. 72,,"[[footnote:1]]This was the idea for <i>[[cmybook:51]A Book of Golden Deeds]</i>.

[[footnote:2]]CMY was fond of quoting [[person:1672]Walter Scott]\'s statement, recorded by Felicia Hemans: \'Do not say that noble blood is wasted, it sends down a roaring voice through all time’.  The quotation occurs <i>The Daisy Chain</i> II, Ch.5, the source being, Harriet Browne, [[otherbook:992]<i>Memoir of the Life and Writings of Mrs. Hemans</i>], 200."
1877,1929,Jany 22nd [1864],1864-01-22,"MS Bodleian Library, Oxford: MS English Letters: e 86.[[footnote:1]] ",Elderfield,"[[footnote:1]]Black-edged paper. Envelope addressed to “The Revd/ J F Moor/Ampfield/Romsey. Postmarked Winchester Jan 23/64.

[[footnote:2]]This letter and the letter to Moor dated 26 January 1864 suggest that CMY and her mother were offering prizes to local National School pupils to be presented some time later in the year. Ampfield, like Otterbourne, was still under Keble’s general supervision, and it is not clear whether these prizes were solely for Ampfield children or whether they were being invited to take part in a wider competition involving other schools within the parish.

<br/>"
1878,1930,Jany 25th 1864,1864-01-25,MS British Library Add MSS 54920: 15-16[[footnote:1]],Elderfield Otterbourne Winchester,"[[footnote:1]]Black-edged paper.
"
1879,1931,Jany 26 [1864],1864-01-26,"MS Bodleian Library, Oxford: MS English Letters: e 86.[[footnote:1]] ",Elderfield,[[footnote:1]]Black-edged paper. Envelope addressed to “The Revd/ J F Moor/Ampfield/Romsey. Postmarked Winchester J 24/64.
1880,1932,Jany 27th [1864],1864-01-27,MS British Library Add MSS 54920: 17[[footnote:1]],Elderfield,"[[footnote:1]]Black-edged paper.

<br/>"
1881,1933,Febry 1st [1864],1864-02-01,MS British Library Add MSS 54920: 18[[footnote:1]],"Elderfield, Otterbourne, Winchester.","[[footnote:1]]Black-edged paper.

<br/>"
1883,1935,Febry 3d [1864],1864-02-03,MS NLS 966 f.381[[footnote:1]],Elderfield,"[[footnote:1]]Black-edged paper.

[[footnote:2]]Queen [[person:485]Emma] of Hawaii visited Hursley in August 1865, and the Honolulu letters may have been in connection with this.



<br/>"
1884,1936,Febry 5th [1864],1864-02-05,MS British Library Add MSS 54920: 19[[footnote:1]],"Elderfield Otterbourne, Winchester","[[footnote:1]]Black-edged paper.

<br/>"
1885,1937,Febry 17th [1864],1864-02-17,"MS Westcountry Studies Library, Exeter/ Yonge 1864/1[[footnote:1]]","Elderfield Otterbourne, Winchester.","[[footnote:1]]Black-edged paper. This letter properly belongs in the envelope addressed to Miss Smith/ 8 Wellington Road/ Old Charlton/ EE and postmarked Winchester 17 February 1864 which currently contains the letter dated March 31st 1864

<br/>"
1886,1938,Febry 17th [1864],1864-02-17,MS British Library Add MSS 54920: 20[[footnote:1]],"Elderfield Otterbourne, Winchester.","[[footnote:1]]Black-edged paper.

<br/>"
3528,3580,Feb 22d [1864-9],1864-02-22,MS Torquay Museum AR2059,"Elderfield, Otterbourne, Winchester.",
1887,1939,Feb 25:1864,1864-02-25,MS British Library Add MSS.55382 P. 218-9,,
1889,1941,Feb 26th [1864],1864-02-26,"MS Princeton University, Parrish Collection, CO171: Box 29[[footnote:1]]","Elderfield Otterbourne, Winchester.[[footnote:2]]","[[footnote:1]]Black-edged paper.

[[footnote:2]]Elderfield added by hand to the printed address.

[[footnote:3]]Louisa Catherine Palmer (d. 1868) and [[person:1132]Mary Anne Palmer] (d. 1884) were sisters -in-law of the Rev. Charles Abraham, first bishop of Wellington, New Zealand.  They may have supplied CMY with tales of missionary heroism for use in <i>[[cmybook:51]A Book of Golden Deeds]</i>.
"
1888,1940,Febry 26th 1864,1864-02-26,MS British Library Add MSS 54920: 21-22[[footnote:1]],"Elderfield Otterbourne, Winchester.","[[footnote:1]]Black-edged paper.

[[footnote:2]]All three incidents are included in <i>A Book of Golden Deeds</i>.
"
3631,19282,March 6th [1864],1864-03-06,MS BL Add 61896: 181[[footnote:1]],Elderfield,"[[footnote:1]]Black-edged paper.

[[footnote:2]]Henriette de Witt\'s earliest contribution to <i>MP</i> seems to have been \'A Good Example, or, A Manufacturing Town in France\' <i>Monthly Packet</i> (October 1868) 378-92, but CMY\'s correspondence with her seems to date from 1864.  In March that year CMY was still using black-edged paper following the death of her cousin John Bargus Yonge in November 1863."
1890,1942,March 7th [1864],1864-03-07,"MS Princeton University, Parrish Collection, C0171: Box 29: Author Files Wood-Yonge: ","Elderfield, Otterbourne, Winchester.","[[footnote:1]]A day visit was possible because Kittiwake and her mother lived in Winchester where her father, the Rev. Charles Alexander Johns (1811-1874), ran a prep school.  

<br/>"
1891,1943,March 9.1864,1864-03-09,Copy outletter book British Library Add MSS.55382 P. 267,,"[[footnote:1]]Robert B. Farren (b. 1832), later an artist and illustrator but at that date working as curator of a geological museum in Cambridge. There are many letters to him in this volume of Macmillan’s correspondence, and, as later letters reveal, Macmillan pressed CMY to allow him to illustrate a number of her books.

<br/>"
1892,1944,March 11th 1864,1864-03-11,MS British Library Add MSS 54920: [[footnote:1]],"Elderfield Otterbourne, Winchester.","[[footnote:1]]Black-edged paper.

[[footnote:2]]Another hand has written ‘6 by rail’ across the top left corner.

<br/"
1895,1947,[late March 1864],1864-03-18,"MS Westcountry Studies Library, Exeter/ Yonge 1864/ 5[[footnote:1]]",,"[[footnote:1]]Empty envelope addressed to Miss Smith/ 8 Wellington Road/ Old Charlton/ SE, the stamp and front postmark cut off, postmarked on reverse London SE 1 April 1864, and annotated in pencil ‘Indian muslin & grandmothers’.  However, the letter which deals with those topics is dated 28 March and has its own envelope.

<br/>"
1893,1945,March 28th 1864,1864-03-28,"MS Westcountry Studies Library, Exeter/ Yonge 1864/3[[footnote:1]]","Elderfield, Otterbourne, Winchester.","[[footnote:1]]Envelope addressed to Miss Smith/ and postmarked Winchester 28 March 1864 and London SE 29 March 1864.

[[footnote:2]]She had evidently been sent a draft manuscript of <i>The Two Anastasias</i> 3 vols (London: Bentley 1864).
"
1894,1946,March 31st 1864,1864-03-31,"MS Westcountry Studies Library, Exeter/ [[footnote:1]]","Elderfield, Otterbourne, Winchester.","[[footnote:1]]This letter is printed with a few omissions by Battiscombe, <i>[[otherbook:17]Charlotte Mary Yonge]</i>, 114-115.

[[footnote:2]]Battiscombe transcribes this as ‘have been in the Doctor’s house’

<br/>"
1896,1948,April 18th 1864,1864-04-18,"MS Birmingham City Archives, Birmingham Reference Library MS 135","Elderfield, Otterbourne, Winchester.","[[footnote:1]]The biographical dictionary referred to here was probably <i>[[otherbook:363]Men of the Time]</i> (7th ed. London: Routledge 1868), whose entry on CMY appears to correspond with this letter.
"
1897,1949,April 26th [1864],1864-04-26,"MS Princeton University, Parrish Collection C0171: Box 29[[footnote:1]]","Otterbourne, Winchester.","[[footnote:1]]Envelope addressed to Miss Twining/Industrial House/22 New Ormond Street/London WC and postmarked 1864.

[[footnote:2]] The paper referred to here was evidently the unsigned \'Help for Incurables <i>MP</i> (April 1864) 437-449, which can be attributed to Twining on the basis of this letter.  A notice to correspondents appeared <i>MP</i> (June 1864) 668: ‘Miss L. Twining begs to acknowledge, with many thanks, the receipt of the following donations from readers of The Monthly Packet, to the [[other:26]Home for Incurable and Infirm Women], 23, New Ormond Street, W.C.’ followed by a list of names and amounts. These must be the “acknowledgements” that were too late for the May issue.

<br/> ‘Hints on Reading’ (March 1864) 335) also includes a notice of ‘Stories of Crowbridge Union,’ edited by Miss Twining,. ‘The book would be useful, not for young readers, but in showing those who can gain access to a Union Workhouse, the sort of use they can be of to the inmates--a subject on which we hope to say more in our next number.’ The book was M.A.B., <i>Tales of Crowbridge Workhouse. Blind Charlie. The Three Friends. Cousin Jane</i>. By M. A. B. With a preface by Louisa Twining. (London: Masters 1863)
"
1898,1950,April 27 1864,1864-04-27,"MS Girton College, Cambridge, Yonge II",House of Commons,"[[footnote:1]]CMY had apparently sent Sir William a draft of the chapter in <i>[[cmybook:58]The Clever Woman of the Family]</i> (Chapter XXI) concerning the exposure of the forger and embezzler, Maddox/Mauleverer. Mr Grey is the local magistrate who commits him to trial, Mr Beauchamp the man defrauded, and Edward the one whose signature was forged.  Alison is Edward’s sister, who is called to identify the documents as forged, and Maria is Maddox/Mauleverer’s mistress who is called on to give evidence of his alias.

[[footnote:2]]The main purpose of these notes seems to be to help CMY devise a way of allowing Edward, now living in Russia, to testify at the trial of Maddox/Mauleverer.  The \'she\' of these notes is Maria, Maddox’s mistress, who was accused of ill-treating girls placed in her care, ostensibly to learn wood-engraving.

<br/>"
1899,1951,"April 27, 1864.",1864-04-27,"MS location unknown. Printed in Yonge, <i>[[cmybook:102]Life of John Coleridge Patteson]</i> II, 90-1.",St. Andrew’s,
1900,1952,April 28th 1864,1864-04-28,MS Huntington Library,"Elderfield, Otterbourne, Winchester.","[[footnote:1]]Though in August 1863 CMY was dealing with the letter B for the Philological Society\'s Dictionary, she seems now to have moved on to dealing with N. These seem to have become misplaced at a later date: see letter to Furnivall of  23 April  1874.

[[footnote:2]]The OED retains many citations of this work.

<br/>"
1901,1953,May 7th [1864],1864-05-07,MS British Library Add MSS 54920: 25,,
1903,1955,May 13 1864,1864-05-13,Copy outletter book British Library Add MSS. 5538SKIP3 (1): P. 49,,
1902,1954,"[‘Southern Cross’ between Auckland and Norfolk Island, May 1864]",1864-05-18,"MS location unknown. Printed in Yonge, <i>[[otherbook:102]Life of John Coleridge Patteson]</i> II, 92-4",,"[[footnote:1]]This letter, which is not explicitly stated to be addressed to CMY, but appears to be so from the context, was omitted from the abridged edition. 

[[footnote:2]]CMY describes it (<i>Life of John Coleridge Patteson</i>, II, 94) as ‘a large one in a velvet-lined case, and represented him in his episcopal robes, but unfortunately, the success as a portrait was not proportionate to the splendour of the fittings.’

<br/>"
1904,1956,May 31st 1864,1864-05-31,MS British Library Add MSS 54920: 26-27,"Elderfield, Otterbourne, Winchester.",
1908,1960,[June 1864][[footnote:1]] ,1864-06-00,"MS Bodleian Library, Oxford: MS English Letters: e 86. ",Elderfield ,"[[footnote:1]]Archivist’s annotation.

[[footnote:2]]The identity of Emily is not quite clear.  The writing case prize suggests the village children were the contestants, in which case it might be [[person:404]Emily Dampier].  But if this was a Gosling question [[person:81]Emily Moberly] seems more likely.

<br/>"
1914,1966,[Summer 1864][[footnote:1]],1864-06-00,"MS location unknown. Printed in Romanes, <i>[[otherbook:241]Appreciation]</i> p. 102",,"[[footnote:1]]The request for plot changes to <i>[[cmybook:58]The Clever Woman of the Family]</i> suggests that the letter was written while it was being serialised. The serialisation took 17 months, and the incidents referred to come in the first third of the book.

<br/>[[footnote:2]]From <i>The Daisy Chain</i>.

<br/>[[footnote:3]]Romanes’s parentheses.

<br/>"
1905,1957,June 2nd 1864,1864-06-02,"Copy outletter book British Library Add MSS. 55383 (1): P. 62	",,
1906,1958,June 3d 1864,1864-06-03,MS British LibraryAdd MSS 54920: 28-29,"Elderfield, Otterbourne, Winchester.",
1996,2048,June 23d [1864?],1864-06-23,"MS Columbia University Library, New York: Samuels, J.H. Collection ","Elderfield, Otterbourne, Winchester. ",[[footnote:1]]This letter evidently predates the republication of <i>Last Heartsease Leaves</i> as \'Lost Heartsease Leaves\' in <i>Events of the Month</i> (January 1865).
1907,1959,June 28th [1864],1864-06-28,MS New York Public Library: Berg Collection,Otterbourn ,"[[footnote:1]]It seems to have been a common practice when sending a very private letter to a correspondent who was a member of a close-knit family to include a second note which could be read aloud and so avoid questioning. It is hard to see, however, what was so private about this one.

[[footnote:2]]British travellers who ventured to France after the Peace of Amiens (1802) were interned in Verdun when war broke out again in the following year.

[[footnote:3]]Possibly Henry Tracy Coxwell (1819-1900), a dentist, who in 1848 became a professional balloonist. He belonged to a Gloucestershire family with whom Mrs Keble had connections. It may be, however, that another member of the same family is referred to here.

[[footnote:4]]Raphael Semmes (1809-1877) was captain of the <i>Alabama</i>, a confederate warship built anonymously in the British shipyards at Birkenhead. When the Unionist government discovered this they demanded that it be detained in the yard, but in 1862, on the pretext of a trial run, Semmes and his crew escaped with it to the Azores where it was armed and proceeded to do immense damage to Unionist shipping, to the commercial benefit of the British. In 1864 the <i>Alabama</i> was sunk off Cherbourg but Semmes was picked up by an English yacht and brought to England. CMY referred to the <i>Alabama</i> affair disapprovingly in the <i>Barnacle</i>.

<br/>"
1910,1962,[11 July 1864],1864-07-11,"MS Westcountry Studies Library, Exeter/ Yonge 1864/ 6 [[footnote:1]]",,"[[footnote:1]]Empty envelope, addressed to Miss Smith/ Clare Hall/ Cambridge and postmarked Winchester 11 July 1864 and Cambridge 13 July 1864.

<br/>"
1912,1964,July 12th [1864],1864-07-12,MS British Library Add MSS 54920: 30-31,45 Westbourne Terrace,"[[footnote:1]]Nikolai Mikhailovich Karamzin (1766-1826). The work referred to is probably his <i>History of the Russian Empire</i>, which existed in both French and German translations. CMY possibly needed it for background to \'The Petitioners for Pardon\' in <i>A Book of Golden Deeds</i>, the story of a young girl, Prascovia, who faced many dangers as she travelled from Siberia to St Petersburg to beg for a pardon for her father.

[[footnote:2]]The ladies at Streatham were Macmillan\'s [[person:940]wife] and his [[person:941]sister-in-law], mother of his nephew Maurice.

[[footnote:3]]The women were [[person:1919]Mary (Fowler) Calvert] (1814-1882), wife of the Methodist  missionary James Calvert (1813-1892) and the [[person:1920]wife] of the medical missionary Richard Burdsall Lyth (1810-1887); the incident is described in James Calvert, <i>Fiji and the Fijians</i> (London : Alexander Heylin, 1858, rpt. Suva: Fiji Museum 2003)  Chapter 8, 290-1.
"
1913,1965,July 25th [1864],1864-07-25,MS Huntington Library: Letters to Frederick James Furnivall. FU 971,Corby,"[[footnote:1]]CMY and her mother were making a round of visits.  At this point, in the station at Corby in Northamptonshire, they may have been on their way between FMY\'s old friend [[person:57]Julia Argles] at Stamford, Lincs., and with her old friend [[person:1442]Caroline Vernon Harcourt] at Royston, Herts..

[[footnote:2]]St. Dunstan\'s, in Regents Park, was the London home of CMY\'s cousin [[person:558]Henry Hucks Gibbs]."
1915,1967,July 30 1864,1864-07-30,Copy outletter book British Library Add MSS. 55383 (1): P. 196    ,,"[[footnote:1]]This letter and certain requests from CMY to Macmillan (see letters dated 12 September 1864 and 14 July 1865) suggest that Julian Yonge was hoping for  literary work.

[[footnote:2]]Masson was editor of <i>Macmillan’s Magazine</i>.

<br/>"
1916,1968,Aug 2nd [1864] ,1864-08-02,MS Charlotte Mitchell/9,London,"[[footnote:1]]Eusèbe Salverte, <i>History of the Names of Men, Nations, and Places in their Connection with the Progress of Civilisation</i> tr. L. H. Mordacque, 2 vols (1862, 1864)  was noticed in <i>MP</i> (November 1864), 553."
1917,1969,Aug 3 1864,1864-08-03,Copy outletter book British Library Add MSS. 55383 (1): P. 246,,"[[footnote:1]]The story of “Lotty” that CMY had seen in the <i>Times</i> and wanted to include in the <i>[[cmybook:51]Book of Golden Deeds]</i>.

[[footnote:2]]Macmillan, his wife and children, his sister-in-law, her children and servants. 
"
1918,1970,Aug 17th [1864],1864-08-17,"MS Princeton University, Parrish Collection C0171: Box 29",Testwood[[footnote:1]],"[[footnote:1]]CMY and her mother were staying with Anne Sturges Bourne while plasterers were at work at Elderfield.

[[footnote:2]]Richard Wilbraham, brother of Fanny, was governor of the Royal Victoria Hospital, Netley, a military hospital with attached army nursing school, founded to deal with Crimean invalids.

[[footnote:3]]When she stayed with the Mackenzie sisters in July and August 1862. Among the Wilbraham papers is a letter, MS Cheshire Record Office DBW/P/K/5/5, from Keble to Fanny Wilbraham (21 August 1862) stating that CMY was then in Edinburgh.  
"
1919,1971,August 22nd [1864],1864-08-22,MS British Library Add MSS 54920: 32-33,[[person:1379]Miss Sturges Bourn] Testwood Southampton,"[[footnote:1]]The story of Publius Decius Mus and his toga proetexta [sic] is given in <i>A Book of Golden Deeds</i>.

[[footnote:2]]The story of \'Lotty\' was one she had seen in a newspaper and wished to include in <i>A Book of Golden Deeds</i>, but she does not appear to have been able to recover it.  The Monthyon Prizes were awards for philanthropy given to poor French people, and are described there. 

[[footnote:3]]His [[person:940]wife] and [[person:941]sister-in-law]."
1920,1972,Sept 3d 1864,1864-09-03,British Library Add MSS 54920: 34 ,Testwood ,"[[footnote:1]]The Ven. Hopkins Badnall (1821- 1892) was Archdeacon of George in South Africa, and later Bishop of Cape Town, which accounts for his correspondence being forwarded. CMY was probably presenting the books to a school.

[[footnote:2]]On the reverse is a list of book titles in CMY’s writing: ‘History of Christian Names/ The Heir of Redclyffe/ Dynevor Terrace/ Daisy Chain/ Heartsease/ Hopes and Fears/ Young Stepmother/ Lances of Lynwood/ Little Duke / Marie Theresè of Lamourous’. These have been ticked in pencil and \'sent by I.D.C. Sept 5’ is noted.

<br/>"
1921,1973,Sept 12th 1864,1864-09-12,MS British Library Add MSS 54920: 36-7[[footnote:1]],Elderfield,"[[footnote:1]]Black-edged paper.

[[footnote:2]]Each of the deeds is dated and \'ancient history\' probably means the first fourteen chapters, the last of which was dated 404 A.D.

[[footnote:3]]The review was by [[person:1270]William Howard Russell].  JBY was presumably offering to translate from the French rather than the Russian edition.


"
1922,1974,Sept 12th 1864,1864-09-12,MS University of Sheffield Library ,Elderfield,[[footnote:1]]CMY judges them unsuitable for <i>[[other:52]MP</i>.]
1923,1975,Sept. 13 1864,1864-09-13,"Copy outletter book British Library Add MSS. 55383 (1): P. 327		",,
1925,1977,Sept 14th [1864],1864-09-14,MS British Library: Add MSS 54920: 38-39 [[footnote:1]],"Elderfield, Otterbourne, Winchester.","[[footnote:1]]Black-edged paper.

[[footnote:2]]In ‘The Last Fight in the Colisæum’ CMY quotes Byron, <i>[[otherbook:370]Childe Harold]</i> iv, 140-1: ‘I see before me the Gladiator lie . . ‘ The slightly disparaging tone is typical of her attitude to Byron.
"
1924,1976,Sept 14th 1864,1864-09-14,MS British Library Add MSS 54920: 40-41 [[footnote:1]],"Elderfield, Otterbourne, Winchester.","[[footnote:1]]Black-edged paper.

[[footnote:2]]This project seems to have come to nothing at this time. In 1881, however, Marcus Ward published her <i>[[cmybook:143]Aunt Charlotte\'s evenings at home with the poets : a collection of poems for the young, with conversations, arranged in twenty-five evenings]</i>.

<br/>"
1926,1978,Sept 17th [1864],1864-09-17,MS British Library Add MSS 54920: 42[[footnote:1]],Elderfield,"[[footnote:1]]Black-edged paper.

[[footnote:2]]It had been decided to use an [[other:167]illustration] of Florence Nightingale\'s lamp in <i>[[cmybook:51]A Book of Golden Deeds]</i>."
1927,1979,Sept. 27 1864,1864-09-27,Copy outletter book British Library Add MSS. 55383 (1): P. 385,,"[[footnote:1]]Probably portraits of  Florence Nightingale that Macmillan was proposing for the title page vignette in <i>[[cmybook:51]A Book of Golden Deeds]</i>. The Bonham-Carters were [[person:1086]Florence Nightingale]’s cousins

<br/>"
1928,1980,Sept 28th [1864],1864-09-28,MS British Library Add MSS 54920: 43-44 ,"Elderfield Otterbourne, Winchester.","[[footnote:1]]Evidently portraits of [[person:1086]Florence Nightingale] to be used for <i>[[cmybook:51]A Book of Golden Deeds]</i>.
"
1929,1981,Oct 3d 1864,1864-10-03,MS British Library Add MSS 54920: 45-46 ,"Otterbourne,Winchester.",
1930,1982,Oct 4 1864,1864-10-04,Copy outletter book British Library Add MSS. 55383 (1): P. 394,,
1931,1983,Oct 7th 1864 [?],1864-10-07,MS UCLA: collection 100: box 95,,"[[footnote:1]]Susanna Warren published, as ‘S.W.’, <i>A Manual of the Litany</i> (London: Mozley 1865), <i>A Manual of the Te Deum</i> (London: Mozley 1865) and <i>A Manual of the Office for Public Baptism of Infants, the Office for Private Baptism of Children, and the Order of Confirmation. For the use of Candidates for the examination for the Bishop of Exeter’s Prayer-Book Prizes</i> (London, Derby, Mozley 1866).   These books do not seem to have been published any earlier (the first was commended in \'Hints on Reading\' in <i>MP</i> September 1865), and it may be that this letter in fact dates from later in the 1860s."
1932,1984,Oct 19th [1864],1864-10-19,MS British Library Add MSS 54920: 47-48 ,"Elderfield, Otterbourne, Winchester.","[[footnote:1]]Katie Johns, who was related to the novelist Annie Keary (1825-1879).
"
1933,1985,Oct 24th 1864,1864-10-24,MS British Library Add MSS 54920: 49-51,"Elderfield, Otterbourne, Winchester.",
1934,1986,Oct 28th 1864,1864-10-28,"MS Bodleian Library, Oxford: MS English Letters: e 86. ","Elderfield, Otterbourne, Winchester.","[[footnote:1]]One of the arithmetic questions over which they were cooperating. See the letters to Moor dated June and 23 November 1864.
"
1935,1987,Oct. 28 1864,1864-10-28,Copy outletter book British Library Add MSS. 55383 (2): P. 514,,
1936,1988,Oct 29th [1864],1864-10-29,MS UCLA: collection 100: box 95,"Elderfield, Otterbourne, Winchester.",
1937,1989,Oct 31st 1864,1864-10-31,MS University of Delaware F295 ,"Elderfield, Otterbourne, Winchester. ",
1938,1990,Novr 4th 1864,1864-11-04,"MS Princeton University, Parrish CollectionC0171: Box 29: Author Files Wood-Yonge: ",,
1939,1991,Novr 8th 1864,1864-11-08,"MS Westcountry Studies Library, Exeter/ Yonge 1864/ 7[[footnote:1]]","Elderfield, Otterbourne, Winchester.","[[footnote:1]]Envelope addressed to Miss Smith/ 8 Wellington Road/ Charlton/ SE postmarked Winchester 8 November 1864 and London SE 9 November 1864.

[[footnote:2]]The Rev. [[person:297]Richard Carter Smith] died on 1 October 1864.  CMY\'s father [[person:1631]WCY] had died in 1853."
1940,1992,Novr 10th 1864,1864-11-10,"MS Bodleian Library, Oxford: MS Eng. Lett d.418.ff 154-155","Elderfield, Otterbourne, Winchester.","[[footnote:1]]CMY and her mother were planning to stay with the Warden at New College. (See letter to Macmillan dated 11 November 1864). She was looking for background material for <i>[[cmybook:62]The Dove in the Eagle’s Nest]</i> which she had just begun to write. 
"
1941,1993,Novr 11th [1864],1864-11-11,MS British Library Add MSS 54920: 52-53 ,"Elderfield, Otterbourne, Winchester.","[[footnote:1]]Penny Readings were a form of village entertainment where poems and passages from prose works both fiction and non-fiction were read aloud, as dramatically and entertainingly as possible, to an audience who paid a penny to attend. CMY had a section about the choice of readings in her booklet <i>[[cmybook:196]What Books to Lend and What to Give]</i> (1887).
"
3490,3542,Novr 20th.[1864],1864-11-20,MS UCLA: collection 100: box 95,"“Monthly Packet,” 6, Paternoster Row, London, E.C.","[[footnote:1]]<i>MP</i> (January 1865) \'Notices to Correspondents\' noted \'A Subscriber may be glad to know that funds are being raised to establish a training ship in the Mersey for good destitute boys, on a similar plan to the Akbar Reformatory Ship.  Treasurer, John Clint Esq., Liverpool.’  George H. Chambers was chairman of the committee of the training ship Worcester (<i>The Times</i> 29 September 1874).

<br/>"
1942,1994,Novr 21st 1864,1864-11-21,MS British Library Add MSS 54920: 54-55 ,"Elderfield, Otterbourne, Winchester.","[[footnote:1]]]No book that fits this description appeared until the 1880s when CMY published <i>Aunt Charlotte\'s Evenings at Home with the Poets: A collection of poems for the Young, with conversations</i> (1881) and <i>Historical Ballads: Arranged to meet the New Code of 1882, Schedule II, English (in three parts</i>) (1882).

[[footnote:2]]Macmillan’s[[person:940] wife] and[[person:941] sister-in-law].
"
1943,1995,Novr 22d 1864,1864-11-22,MS British Library Add MSS 54920: ,"Elderfield, Otterbourne, Winchester.","[[footnote:1]]The letter is endorsed ‘sent Nov 24’.
"
1944,1996,Novr 23d [1864],1864-11-23,"MS Bodleian Library, Oxford: MS English Letters: e 86. ","Elderfield, Otterbourne, Winchester.","[[footnote:1]]One of the arithmetic questions over which they were cooperating. See letters to Moor dated June and 10 October 1864. The reference to \'young ladies\' makes it sound as if it was aimed at the [[other:104]Gosling Society].
"
3475,3527,Novr 24th [1864[[footnote:2]]],1864-11-24,"MS Princeton University, Parrish Collection[[footnote:1]]",,"[[footnote:1]]Sewn onto a piece of paper with address “Miss Nutis[?] Popham/Chilton Rectory/Hungerford, suggesting that the autograph was collected by one of the daughters of the Rev. John Leyborne-Popham (1811-1872), Rector of Chilton Foliat.

[[footnote:2]]Dated on the assumption that it is addressed to the recently widowed Hannah Yonge.

[[footnote:3]]The internal evidence suggests that the letter is addressed to Hannah (Rogers) Carey, daughter of W. Rogers, who married (1860) James Arthur Yonge (1822-1864), third son of CMY’s Eton uncle, and, secondly (1874) Charles Egerton Carey.  Stoke Lodge was their home, and seems to have been afterwards occupied by his youngest brother George Edward Yonge (1824-1904).  James Yonge died before 16 September 1864.

[[footnote:4]] Notices to Correspondents, <i>MP</i> (June 1865), 684, stated:  \'There is a depot at 32 Southampton Street, where half-worn garments for the use of indigent clerical families are received and distributed according to need.\'"
1945,1997,Novr 29th [1864],1864-11-29,MS British Library Add MSS 54920: 59 ,Elderfield,
1946,1998,Decr 7th [1864],1864-12-07,MS British Library Add MSS 54920: 60 ,"Elderfield, Otterbourne, Winchester.",
1870,1922,Decr 12th [1864],1864-12-12,"MS Princeton University, Parrish Collection, CO171: Box 29","Elderfield, Otterbourne, Winchester.","[[footnote:1]]Gatty\'s sister [[person:471]Horatia Elder] had contributed [[otherbook:434]\'Sonnets from the Collects]\' to <i>[[other:52]MP]</i>.

[[footnote:2]]Margaret Gatty, <i>The History of a Bit of Bread</i> (1864), a translation of Jean Macé, <i>Histoire d’une bouchée de pain : lettres à une petite fille sur la vie de l’homme et des animaux</i> (1861). According to her biographer Gatty had completed the \'heavy work\' on the translation by May 1864.

<br/>"
1947,1999,Decr 23d [1864],1864-12-23,MS British Library Add MSS 54920: 61-62 ,"Elderfield, Otterbourne, Winchester.","[[footnote:1]]Gustav Freytag (1816-1895), a German novelist, journalist, playwright, and cultural historian who wrote a five-volume social history of Germany, and a six-volume series of historical novels.

[[footnote:2]]The implication may be that CMY corresponded with Freytag, or the letter may have been written to a third party.
"
1948,2000,Decr 30th [1864?][[footnote:1]],1864-12-30,"MS Westcountry Studies Library, Exeter/ Yonge 1864/ 8","Elderfield, Otterbourne, Winchester.","[[footnote:1]]Although this letter dates from after the move to Elderfield in 1863, the benefaction referred to is evidently the same as that discussed in the letter of 18 March 1861.  1863 may also be a possible date."
2041,2093,[1865/6],1865-00-00,"MS location unknown. This fragment printed in Mary J. Y. Harris, 1903. <i>[[otherbook:318]Memoirs of Frances Mary Peard]</i>, pp. 51-52. ",,
1949,2001,[1865?] ,1865-00-00,"MS location unknown. This fragment printed in Romanes, <i>[[otherbook:241]Appreciation]</i> p. 181	",,"[[footnote:1]]CMY contributed an unsigned [[cmybook:50]article] on Eugénie de Guérin to the <i>Christian Remembrancer</i> in 1864.  <i>[[otherbook:378]Lettres d’Eugénie de Guérin]</i> (Paris, Didier 1865) was also reviewed in the <i>MP</i> 29 (March 1865) 297 as ‘Additional Letters of Eugenie de Guerin’.
"
1972,2024,[1865],1865-00-00,"MS location unknown. Printed in Romanes, <i>[[otherbook:241]Appreciation]</i> p. 93",,"[[footnote:1]]The explorer and missionary Dr. David Livingstone (1813-1873) was a Congregationalist, which would account for CMY’s regret.  She and her mother had no doubt been reading his <i>[[otherbook:395]Narrative of an expedition to the Zambesi and its tributaries and of the discovery of the lakes Shirwa and Nyassa, 1858-1864]</i> (1865). 

<br/>"
3522,3574,[1865],1865-00-00,MS fragment Charlotte Mitchell/13,,"[[footnote:1]]The Rev. Joseph Hemington Harris (1799/1800-1881), Vicar of Tor Mohun, Torquay, was married to Jane Yonge, sister of the Rev. John Yonge of Puslinch.  His son the Rev. George Collyer Harris (1833-1874) married Percy Primrose in London in 1865 (June 1865).

<br/>"
2042,2094,[About 1865],1865-00-00,MS location unknown. Printed in Romanes <i>[[otherbook:241]Appreciation]</i> 183-4,,"[[footnote:1]]Francis Turner Palgrave (1824-1897), critic and anthologist, was probably collecting material for his <i>[[otherbook:440]The Poetical Works of Sir Walter Scott, with a Biographical and Critical Memoir]</i> (1866).  The \'number\' sent him by CMY was no doubt their copy of the 1838 volume of the <i>British Critic</i> containing John Keble’s review of J.G. Lockhart’s <i>Life of Scott</i>. The article, reprinted in Keble’s <i>[[otherbook:441]Occasional Papers and Reviews]</i> (1877), discusses the influence of Scott’s work on the Tractarian movement. This point had recently been raised in J. H. Newman’s <i>[[otherbook:444]Apologia pro Vita Sua]</i> (1864).

[[footnote:2]] ‘Never let me hear that brave blood has been shed in vain. It sends a roaring voice down through all time.’  CMY was fond of this sentiment, and quoted it in <i>[[cmybook:24]The Daisy Chain]</i>.

[[footnote:3]]Harriett Elizabeth (Newman) Mozley (1803-1852) was the sister of J. H. Newman. Although she had died in 1852, her husband and daughter, her three brothers and one sister, and that sister’s six children were still alive in 1866, as were eight of her husband Thomas Mozley’s brothers and sisters.
"
3635,19354,[?1865],1865-01-01,"This fragment printed in Mary J. Harris, 1903. [[otherbook:318]<i>Memoir of Frances Mary Peard</i>],",,"[[footnote:1]] Croquet is believed to have been introduced into England in 1856. It was played by adults and children of both sexes on the lawns of private houses. It figures in the plot of Yonge\'s [[cmybook:58]<i>The Clever Woman of the Family</i>], and may have provoked comments from FMP to which this is a response."
3553,3605,[after 1865],1865-01-01,"MS Humanities Research Center, University of Texas, Austin, Charlotte M. Yonge collection",,"[[footnote:1]]Mr Clare is a character in CMY\'s [[cmybook:58]<i>The Clever Woman of the Family</i>] (1865).

<br/>"
1950,2002,Jan 17 1865,1865-01-17,Copy outletter book British Library Add MSS. 55384 (1):  p. 1,,"[[footnote:1]]It seems that CMY had suggested to the [[person:1073]Henrietta Murray], the editor of <i>Events of the Month</i> that Macmillan might take it over from the Mozleys who published the last number in January 1865..

<br/>"
3605,9411,Jany 17th 1865,1865-01-17,"MS Houghton Library, Harvard University,  Eng 1635 (20)","Elderfield, Otterbourne, Winchester. ","[[footnote:1]]The cataloguer has assumed that this is the addressee, and described it as a letter to a \'Miss Moseley\', but the word seems clearly to be \'Messrs\'.  The author was the sister of [[person:549]Margaret Gatty] to whom there is another letter referring to these sonnets, and also talking about where they should be sent to."
3590,8014,Jany 21st [1865],1865-01-21,MS Dr Susan Walton,"Elderfield, Otterbourne, Winchester.","[[footnote:1]]The article on the cyclone at Masulipatam is described in letters from the assistant collector there, Francis Brandt.  This letter is evidently to one of his three sisters, and has arbitrarily been assigned to the eldest, though it may equally have been addressed to [[person:1897]Emily Charlotte Brandt] or [[person:1899]Margaret Adelaide Brandt] (it seems odd but he did have two sisters whose first name was Margaret).  The \'butter\' was the official commendation of Brandt\'s conduct."
1951,2003,Jany 23d 1865,1865-01-23,MS Mrs Clare Roels,"Elderfield, Otterbourne, Winchester.","[[footnote:1]]‘[[otherbook:365]The Eagle of one house is the Goose of Another\']. She had evidently contributed to <i>MP</i>, and the \'golden egg\' enclosed with the letter was a cheque to Coleridge for £5 which was cashed on 17 February. The story had appeared in December 1864 and was later reprinted in Coleridge\'s <i>[[otherbook:437]The Face of Carlyon and Other Stories]</i> (1875).

[[footnote:2]]The gosling, Elizabeth Catherine Yonge (1847/8-1905). In fact she called herself Cricket. Census returns suggest that she was born in 1847/8 so she may have been older than CMY thought.
"
1952,2004,Jany 25th 1865,1865-01-25,"MS Princeton University, Parrish Collection C0171: Box 29","Elderfield, Otterbourne, Winchester.","[[footnote:1]]\'Home life in a Confederate state\', appeared in <i>MP</i> (November 1864-December 1865).  By 1866 the writer was back in England, had found out that her letters had been published in the <i>MP</i> and consented to more information appearing as \'Extracts from the journal of a refugee in Georgia\' (August 1866-May 1867\').

[[footnote:2]]Possibly the plan for editing a selection of historical readings, ultimately published as <i>Historical Selections</i> (see letter to Macmillan dated 9 June 1865).

[[footnote:3]]Ann Biscoe (Tyndale) Dallas (d. 1877), wife of the Rev. Alexander Robert Charles Dallas (1791-1869), Rector of Wonston, near Winchester, a prominent opponent of Tractarianism and moving spirit in the Irish Church Mission to Roman Catholics, which tried to encourage conversions in Ireland.  
"
1953,2005,Febry 3d [1865],1865-02-03,"Princeton University, Parrish Collection C0171: Box 29",Elderfield,"[[footnote:1]]Cricket was CMY\'s cousin Elizabeth Yonge, who was to be introduced to the Johns daughter Katie who was also a member of the [[other:104]Gosling Society].  The accompanying sister was probably either [[person:1628]Mary] or [[person:1588]Charlotte Yonge]."
1954,2006,Febry 7th 1865,1865-02-07,MS British Library Add MSS 54920: 63-64 ,"Elderfield, Otterbourne, Winchester.",
1955,2007,Feb 8 1865,1865-02-08,Copy outletter book British Library Add MSS. 55384 (1): P. 112,,"[[footnote:1]]Macmillan’s proposal for a [[other:145]Sunday Library] with CMY as editor. The rocky history of the scheme unfolds in later letters.

[[footnote:3]]George Frederick Maclear, <i>[[otherbook:386]A History of Christian Missions During the Middle Ages]</i> (Cambridge: Macmillan 1863) and <i>[[otherbook:387]A Class Book of Old Testament History]</i> (Cambridge: Macmillan 1865), the latter of which was probably the \'little School Book\'."
1956,2008,Febry 10th 1865,1865-02-10,MS British Library Add MSS 54920: 65-68 ,"Elderfield, Otterbourne, Winchester.","[[footnote:1]]This begins the long troubled negotiation over the editorship of the proposed Sunday Library.  See Ellen Jordan, ‘“I am too high church and too narrow”; Charlotte Yonge, Macmillan and the Sunday Library.’ <i>Charlotte M Yonge Fellowship Journal</i>. 6 (2003): 12-25.

[[footnote:2]]<i>Events of the Month</i> edited by Henrietta Murray, was a children\'s newspaper published by Mozley which had ceased publication in January 1865. 
"
1957,2009,Febry 14 [1865],1865-02-14,MS University of Delaware,"Elderfield, Otterbourne, Winchester.","[[footnote:1]]This letter begins the discussion of the kind of art training most suitable for Mrs Johns’s daughter [[person:887]Ann Catherine Johns], known as Katie, and a member of the [[other:104]Gosling Society] as Kittiwake.  She is described by Julia Courtney, in her [[otherbook:190]article] on the <i>Barnacle</i>, as \'the most talented\' of its artists. During this discussion CMY emerges as heavily on the side of \'safety\'.  As it happened, Katie Johns later married, separated from her clergyman husband, quarrelled with her mother and became a theosophist.  Possibly CMY\'s caution at this point was prompted by symptoms of rebelliousness already apparent in Katie.  Ruskin had presumably been offered her drawings of Griselda to inspect.  Perhaps they were illustrations of Chaucer\'s \'Clerk\'s Tale\', which would be ironic in the light of later events?
"
1958,2010,March 6 1865,1865-03-06,Copy outletter book British Library Add MSS. 55384 (1):  P. 220,,"[[footnote:1]]This is Macmillan’s initial proposal for a book to be called \'Bethlehem\' to be written by CMY, that apparently never came to fruition, though their letters give a detailed account of its progress.  The quotation is a paraphrase of Psalm 131:2: \'Surely I have behaved and quieted myself, as a child that is weaned of his mother: my soul is even as a weaned child.\'
"
1959,2011,March 10th 1865,1865-03-10,MS University of Delaware,"Elderfield, Otterbourne, Winchester.",[[footnote:1]]The marriage between John Ruskin (1819-1900) and Euphemia Chalmers Gray (1828-1897) was annulled on the grounds of non-consummation in 1854; she married the painter John Everett Millais (1829-1896) the following year.
1960,2012,March 23d 1865,1865-03-23,MS British Library Add MSS 54920: 69-70 ,"Elderfield, Otterbourne, Winchester.","[[footnote:1]]Probably the Rev. [[person:1439]Charles John Vaughan] (1816-1897), vicar of Doncaster and former headmaster of Harrow School, and his wife Catherine Maria (Stanley) Vaughan (1821-1899). Mrs Vaughan edited <i>An Advanced Reading Book for Girls</i> (1866).

<br/>"
1961,2013,March 24. 1865,1865-03-24,Copy outletter book British Library Add MSS. 55384 (1): P. 291,,"[[footnote:1]]In <i>The Clever Woman of the Family</i> there is a housekeeper who speaks broad Scottish.
"
1962,2014,March 25th 1865,1865-03-25,MS British Library Add MSS 54920: 71-72 ,"Elderfield, Otterbourne, Winchester.","[[footnote:1]]In fact the letter was from James Sutcliffe, principal of the Hindu College, Calcutta.

[[footnote:2]]In <i>The Clever Woman of the Family</i>. The “friend” was probably [[person:930]Anne Mackenzie], (1813-1877), with whom CMY had stayed in Edinburgh in July 1862.

[[footnote:2]] <i>Macmillan\'s Magazine</i> I (1860) 199-203 had carried an obituary by John Cairns of the chemist, museum director and popular science writer George Wilson (1818-1859)."
1963,2015,March 28. 1865,1865-03-28,Copy outletter book British Library Add MSS. 55384 (1): P.310,,"[[footnote:1]]In fact the letter was from James Sutcliffe, principal of the Hindu College, Calcutta."
1964,2016,March 30. 1865,1865-03-30,Copy outletter book British Library Add MSS. 55384 (1):  P. 319,,"[[footnote:1]]CMY had misread Sutcliffe\'s name as Ratcliffe because of his poor handwriting.

[[footnote:2]]It seems that Macmillan’s sister-in-law, Frances Eliza Macmillan, was going to take a hand in the editing of \'Bethlehem\'. She had suggested the Golden Deeds project, and perhaps \'Bethlehem\' was also her idea.

<br/>"
1986,2038,[9 April 1865],1865-04-09,"MS Harry Ransom Humanities Research Center, University of Texas, Austin.",,
1965,2017,April 20th [1865],1865-04-20,MS British Library Add MSS 54920: 73-74,"Elderfield, Otterbourne, Winchester.",
1966,2018,April 24. 1865,1865-04-24,Copy outletter book British Library Add MSS. 55384 (1): P. 397,,
1967,2019,April 25th 1865,1865-04-25,MS British Library Add MSS 54920: 75-76 ,"Elderfield, Otterbourne, Winchester.",
1968,2020,April 26. 1865,1865-04-26,Copy outletter book British Library Add MSS. 55384 (1): P. 409,,
1969,2021,April 26th 1865,1865-04-26,MS British Library Add MSS 54920: 77 ,"Elderfield, Otterbourne, Winchester.",[[footnote:1]]A [[other:160]cheque] for £200.
1970,2022,April 28.1865,1865-04-28,Copy outletter book British Library Add MSS. 55384 (1): P. 419,,
1971,2023,April 29th [1865],1865-04-29,MS Charlotte Mitchell/Cobweb-6[[footnote:1]],Elderfield,"[[footnote:1]]Cream envelope 68mm x 122mm with stamped mark Parkins & Gotto, Makers 24 & 25, Oxford Street and remains of flower embossed wafer, addressed to Miss Helmore/ 6 Cheyne Walk/ Chelsea/ SW, and postmarked Winchester 29 April 1865 and London 1 May 1865.

<br/>"
1974,2026,May 4th 1865,1865-05-04,MS British Library Add MSS 54920: 78-79 ,"Elderfield, Otterbourne, Winchester.",
1975,2027,May 5. 1865,1865-05-05,Copy outletter book British Library Add MSS. 55384 (1): P.440,,
1976,2028,May 6th 1865,1865-05-06,MS British Library,"Elderfield, Otterbourne, Winchester",
1977,2029,May 8. 1865,1865-05-08,Copy outletter book British Library Add MSS. 55384 (1): P. 450,,
1978,2030,May 9th [1865],1865-05-09,MS British Library Add MSS 54920: 82-85 ,Elderfield,
1980,2032,May 10. 1865.,1865-05-10,Copy outletter book British Library Add MSS. 55384 (1): P. 463,,"[[footnote:1]]Arthur Penrhyn Stanley (1815-1881), Dean of Westminster, published many volumes of sermons. His <i>Sermons preached before the Prince of Wales during his tour in the East in 1862, with notices of some of the localities visited</i>  (London : Murray 1863) is probably the one referred to here.

<br/>[[footnote:2]]Publishers of CMY’s works in America.

<br/>[[footnote:3]]<i>Ravenshoe</i> (1862) and <i>Austin Elliot</i> (1863).

<br/>"
1979,2031,May 10th 1865,1865-05-10,"MS Princeton University, Parrish Collection, C0171: Box 29",,"[[footnote:1]]We have not succeeded in identifying this, which may not have been published.

[[footnote:2]]The mourning was for the death of Abraham Lincoln on 14 April  1865.
"
1982,2034,May 17th 1865,1865-05-17,MS British Library Add MSS 54920: 86-87 ,"Elderfield, Otterbourne, Winchester.",[[footnote:1]]She was writing a [[cmybook:59]review] of Trevelyan\'s book about the massacre at Cawnpore during the [[other:134]Indian Mutiny].
1981,2033,May 18. 1865,1865-05-18,Copy outletter book British Library Add MSS. 55384 (1): P. 486,,[[footnote:1]]George Otto Trevelyan\'s book described the massacre at Cawnpore during the [[other:134]Indian Mutiny].
1983,2035,May 25. 1865,1865-05-25,Copy outletter book British Library Add MSS. 55384 (2): P. 506,,[[footnote:1]]CMY had written a review for <i>[[other:78]Macmillan\'s Magazine]</i> of George Otto Trevelyan\'s book on the massacre at Cawnpore during the [[other:]Indian Mutiny]. 
1984,2036,May 29th 1865,1865-05-29,MS British Library Add MSS 54920: 88-89 ,"Elderfield, Otterbourne, Winchester.","[[footnote:1]]Her review of George Otto Trevelyan\'s book about the massacre at Cawnpore during the [[other:134]Indian Mutiny] appeared in <i>[[other:78]Macmillan\'s Magazine]</i> in July.
"
1985,2037,May 30. 1865,1865-05-30,Copy outletter book British Library Add MSS. 55384 (2): P. 526,,
1987,2039,June 1st 1865,1865-06-01,MS British Library Add MSS 54920: 90-91 ,"Elderfield, Otterbourne, Winchester.",
1988,2040,June 2. 1865,1865-06-02,Copy outletter book British Library Add MSS. 55384 (2): P. 534,,
1989,2041,June 6th 1865,1865-06-06,MS British Library Add MSS 54920: 92-93 ,"Elderfield, Otterbourne, Winchester.","[[footnote:1]]In fact CMY never returned to the Bethlehem project.
"
1990,2042,June 9th 1865,1865-06-09,MS British Library Add MSS 54920: 94-95 ,"Elderfield, Otterbourne, Winchester.","[[footnote:1]]The proposed project resulted in the publication of <i>[[cmybook:71]Historical Selections]</i> (1868) and its successor volume of 1870.  CMY\'s previous letter had postponed work on Macmillan\'s idea for a scripture history provisionally entitled \'[[other:177]Bethlehem]\'.
"
1991,2043,June 15. 1865,1865-06-15,Copy outletter book British Library Add MSS. 55384 (2): P. 572,,
1973,2025,[Before June 1865],1865-06-18,"MS location unknown. This fragment printed in <i>[[otherbook:396]Letters of Alfred Lord Tennyson]</i>,  II,  471",,"[[footnote:1]][[person:1874]Alfred Tennyson] had asked [[person:1466]Warburton] (later a canon of Winchester but at that date an inspector of schools) to find out from CMY the source of the story, ‘Odin’s Sacrifice’, in the <i>[[cmybook:51]Book of Golden Deeds]</i>. On 6 June 1865, he quoted this extract from one of two letters he had received from her. Tennyson used the story in his poem \'[[otherbook:413]The Victim]\'.

<br/>"
1992,2044,June 19th 1865,1865-06-19,MS British Library,"Elderfield, Otterbourne, Winchester.",[[footnote:1]]These were plans for <i>[[cmybook:71]Historical Selections]</i>.
1993,2045,June 20. 1865,1865-06-20,Copy outletter book British Library Add MSS. 55384 (2): P. 584,,"[[footnote:1]]They were planning the work which became <i>[[cmybook:71]Historical Selections]</i>.

[[footnote:2]]His two elder sons were [[person:1945]Malcolm Kingsley Macmillan] (1852-1889) and [[person:1946]George Augustin Macmillan] (1855-1936)."
1994,2046,June 20th 1865,1865-06-20,MS UCLA: collection 100: box 95,"Elderfield, Otterbourne, Winchester.",
1995,2047,June 23d [1865],1865-06-23,MS British Library Add MSS 54920: 97-98 ,Elderfield,"[[footnote:1]]She and Elizabeth Sewell were planning the work which became <i>[[cmybook:71]Historical Selections]</i>.

[[footnote:2]]Photozincography, or the creation of relief photographic images on zinc plates which could then be printed from, had been invented in the late 1850s to use for the reproduction of maps."
1997,2049,June 26. 1865,1865-06-26,Copy outletter British Library Add MSS. 55384 (2): P. 604,,"[[footnote:1]]This refers to the chapters of <i>[[cmybook:62]The Dove in the Eagle\'s Nest]</i> which she was sending to [[person:980]David Masson], editor of <i>[[other:78]Macmillan’s Magazine]</i>, where it was being serialized.

<br/>"
1998,2050,July 1st 1865,1865-07-01,MS British Library Add MSS 54920: 99-100,,
1999,2051,July 3. 1865,1865-07-03,Copy outletter book British Library Add MSS. 55384 (2): P. 625,,"[[footnote:1]]The scheme was for the book which became <i>[[cmybook:71]Historical Selections]</i>.

[[footnote:2]]CMY was trying to persuade him to use a drawing by [[person:887]Katie Johns]."
2000,2052,July 4. 1865,1865-07-04,Copy outletter book British Library Add MSS. 55384 (2): P. 627,,
2001,2053,July 10. 1865,1865-07-10,Copy outletter book British Library Add MSS. 55384 (2): P. 647,,"[[footnote:1]]A letter is missing, dated between 4 and 10 July 1865, in which CMY evidently asked for Maclear\'s address.

[[footnote:2]]CMY had tried to persuade him to use [[person:887]Katie Johns] as illustrator of <i>[[cmybook:61]The Prince and the Page]</i>.

[[footnote:3]]CMY had been producing “Cameos from English History” for the <i>MP</i> since the beginning of 1851, and 70 had appeared by the time of this letter.
"
2002,2054,July 14th 1865,1865-07-14,MS British Library Add MSS 54920: 101 ,"Elderfield, Otterbourne, Winchester.","[[footnote:1]]We have not been able to trace any publication of this essay in <i>Macmillan’s Magazine</i> or elsewhere.
"
2003,2055,July 17th 1865,1865-07-17,MS British Library Add MSS 54920: 102 ,"Elderfield, Otterbourne, Winchester.","[[footnote:1]]He had sent her an unsigned cheque.

[[footnote:2]]JBY wanted to publish an article on the Huntley and Palmer biscuit factory at Reading in <i>Macmillan\'s Magazine</i>."
2005,2057,July 25th 1865,1865-07-25,MS University of Delaware,"Elderfield, Otterbourne, Winchester.","[[footnote:1]]Alice Coleridge and Katie Johns were both members of the [[other:104]Gosling Society], which was probably why CMY particularly wished to introduce them, by taking the former to Winton House, Andover Road, Winchester, where Charles Johns conducted a private school.

[[footnote:2]]Alexander Macmillan had refused to allow Katie Johns to illustrate <i>[[cmybook:61]The Prince and the Page]</i>."
2006,2058,July 28th [1865],1865-07-28,MS British Library Add MSS 54920: 103-4 ,"Elderfield, Otterbourne, Winchester.","[[footnote:1]]This was done.

[[footnote:2]]Scott did this in <i>[[otherbook:414]Anne of Geierstein]</i>.

[[footnote:3]]The book, first printed in 1517, now attributed in part to Maximilian’s chaplain Melchior Pfintzing, appears under various titles; CMY used more than one edition.

<br/>"
2008,2060,Aug 1. 1865,1865-08-01,Copy outletter book British Library Add MSS. 55384 (2): P. 718,,"[[footnote:1]]CMY had sent him the remaining chapters of <i>[[cmybook:62]The Dove in the Eagle\'s Nest]</i> which was being serialized in <i>[[other:78]Macmillan\'s Magazine]</i>, so the sense of this must be \'I will divide the chapters up suitably for monthly publication\'.

[[footnote:2]]The Craiks married in April 1865 and lived at Chilchester Lodge, Wickham Road, Beckenham.

[[footnote:3]]CMY had suggested that illustrations could be based on those in <i>[[otherbook:419]Der Theuerdank]</i>.

[[footnote:4]]Macmillan had three sons, two daughters, a niece and three nephews under his roof, all under the age of 15."
2009,2061,Aug 2nd 1865,1865-08-02,MS British Library Add MSS 54920: 105-6 ,"Elderfield, Otterbourne, Winchester.","[[footnote:1]]The Bodleian Library has several editions of <i>Der Theuerdank</i>, including two early ones published in Frankfurt in 1563 and 1596, neither of which has the title in the form given in this letter. CMY wanted to [[other:167]illustrate] <i>The Dove in the Eagle\'s Nest</i> with pictures from this book.

[[footnote:2]]<i>Der Weisskunig</i>, another fictionalized autobiography or biography of Maximilian I, published from fragments in 1775.

[[footnote:3]]<i>The Prince and the Page</i> was being serialized in <i>MP</i>, and Macmillan, who was going to publish it as a Christmas book, had asked her to send the rest of the story to the illustrator.
"
2010,2062,Aug 3. 1865,1865-08-03,Copy outletter book British Library Add MSS. 55384 (2): P. 727,,[[footnote:1]]CMY had suggested that when <i>The Dove in the Eagle\'s Nest</i> was published in volume form it should be illustrated with pictures from <i>Der Theuerdank</i> (1517).
2011,2063,5th August 1865,1865-08-05,"MS BL Add. 57,504 f.128[[footnote:1]]",,"[[footnote:1]]Miscatalogued as from ‘Miss Yonge’.  Black-edged paper.

[[footnote:2]]Daniel Sedgwick (1814-1879), a hymnologist, was seeking information about hymns in the collection produced much earlier by FMY: <i>[[otherbook:186]The Child\'s Christian Year: hymns for every Sunday and Holy-day. Compiled for the use of parochial schools]</i> (Oxford : J. H. Parker 1841).  The two hymns appeared there for Christmas Day and for the Second Sunday in Advent respectively.

[[footnote:3]]Inserted in pencil in another hand, ‘Miss Jacob’.  This however is an error for \'Miss Garnier\'.  John Julian’s <i>Dictionary of Hymnology</i> (1898), which drew on Sedgwick\'s collections, notes that it was written in 1835 by Emily Garnier, daughter of the Dean of Winchester (II, 1164).
"
2012,2064,Aug 12. 1865,1865-08-12,Copy outletter book British Library Add MSS. 55384 (2): P. 749,,
2013,2065,Aug 13th [1865],1865-08-13,MS British Library Add MSS 54920: 107-8 ,"Elderfield, Otterbourne, Winchester.","[[footnote:1]]Money received in respect of the sale of [[other:172]pirated] American editions in the British Empire.

[[footnote:2]]These [[other:167]illustrations] were intended for the volume edition of <i>[[cmybook:62]The Dove in the Eagle\'s Nest]</i>."
2007,2059,[August 1865],1865-08-18,"MS location unknown. This fragment printed in Yonge, <i>[[cmybook:102]Life of John Coleridge Patteson]</i> II, 150-2.",,"[[footnote:1]]CMY’s footnote: \'Missions of the Middle Ages\'.

[[footnote:3]]The rest of the letter from this point on was omitted from the revised edition of CMY\'s biography.
"
2014,2066,"August 19, 1865.",1865-08-19,"MS location unknown. Printed in Coleridge, <i>[[otherbook:40]Life]</i> 222-223",,"[[footnote:1]]Not yet identified, but evidently someone nursing the Kebles.

[[footnote:2]]Emma (1835-1885), queen consort of Hawaii, had travelled to England to raise funds for an Anglican cathedral and girls’ school. CMY comments in <i>[[cmybook:88]Musings over the Christian Year]</i>, li: ‘Queen Emma had expressed her wish to be allowed to visit Hursley, and as soon as she was known to be in England, Mr. Keble wrote to invite her, feeling much as if he were writing to Queen Bertha of Kent.’  It was Queen Bertha who had smoothed the passage of St. Augustine of Canterbury when he arrived to spread Christianity in England in 597 AD.

[[footnote:3]]CMY refers here to revision of her novels [[cmybook:37]<i>Hopes and Fears</i>], whose heroine is named Honor, and [[cmybook:69]<i>The Chaplet of Pearls</i>], whose hero and heroine are Beranger and Eustacie. 

[[footnote:4]]Probably a drawing or photograph of the monument designed by Thorvaldsen and erected in Lucerne in the 1820s commemorating the Swiss mercenaries who died defending Louis XVI at the Tuileries.
"
2015,2067,Aug. 26 [1865],1865-08-26,"MS Harry Ransom Humanities Research Center, University of Texas. C. R. Coleridge Collection","Elderfield, Otterbourne, Winchester.","[[footnote:1]]CMY was worried about the health of both John and Charlotte Keble. Both Mrs Heathcote and Lady Herbert became Roman Catholics at about this time.

[[footnote:2]]The Reverend Charles Hudson, (1828-1865), vicar of Skillington, Lincolnshire, a well-known mountaineer who had died in July 1865 while climbing the Matterhorn. His wife was Emily Antoinette Mylne.

[[footnote:4]]The Rev. Dr. Andrew Reed had founded an ‘asylum for idiots’ in Highgate which soon became overcrowded. New premises were built in Earlswood (near Redhill). The first Medical Superintendent there was Dr. John Langdon Down who developed a compassionate and radical new model of care for the inmates, and who first identified the condition which has now become known as ‘<i>Down’s Syndrome’</i>.
"
3506,3558,"Aug. 26 [1865]
",1865-08-26,"MS Harry Ransom Humanities Research Center, University of Texas. C. R. Coleridge Collection
","Elderfield, Otterbourne, Winchester.
","[[footnote:1]]Probably to Fanny Wilbraham, who lived in Chester with her sisters Emily and Henrietta.
<br/>[[footnote:2]]The Rev. William Beadon Heathcote (1812-1862), whose father had preceded Keble as Rector of Hursley, had been precentor of Salisbury Cathedral; his wife was Elizabeth Mary Deane.
<br/>[[footnote:3]]The Reverend Charles Hudson, (1828-1865), vicar of Skillington, Lincolnshire, a well-known mountaineer who had died in July 1865 while climbing the Matterhorn. His wife was Emily Antoinette Mylne [0DNB].
<br/>[[footnote:4]]The Rev. Dr. Andrew Reed had founded an ‘asylum for idiots’ in Highgate which soon became overcrowded. New premises were built in Earlswood, (near Redhill). The first Medical Superintendent there was Dr. John Langdon Down who developed a compassionate and radical new model of care for the inmates, and who first identified the condition which has now become known as ‘<i>Down’s Syndrome’</i>.
<br/>"
2016,2068,Sept 1.1865,1865-09-01,Copy outletter book British Library Add MSS. 55384 (2): P. 829,,
2017,2069,Sept 5th 1865,1865-09-05,MS British Library Add MSS 54920: 109-10 ,"Elderfield, Otterbourne, Winchester.","[[footnote:1]]The preceding letter from Macmillan (British Library Add MSS. 55384 (2): P. 846), which probably contained this request, is quite illegible.

[[footnote:2]]To avoid confusion with her eldest unmarried cousin Mary Yonge."
2018,2070,Sept 7th [1865],1865-09-07,MS Charlotte Mitchell/Cobweb-7[[footnote:1]],Ottery,"[[footnote:1]]Tiny blue envelope 54mm x 94mm postmarked Ottery and Exeter 7 September 1865 and London S. W. 8 September 1865.
"
2019,2071,12th Sept. 1865,1865-09-12,Copy outletter book British Library Add MSS. 55384 (2): P. 860,,
2020,2072,Oct 2. 1865,1865-10-02,Copy outletter book British Library Add MSS. 55384 (2): P. 885,,
2021,2073,Oct 4th 1865,1865-10-04,MS British Library Add MSS 54920: 111-2 ,[[other:181]Sorel] Torquay,"[[footnote:1]]Edward John Eyre, <i>[[otherbook:423]Journals of Expeditions of discovery into Central Australia, and overland from Adelaide to King George’s Sound, in 1840-1, including an account of the manners and customs of the Aborigines, and the state of their relations with Europeans]</i> 2 vols (1845). CMY’s deep enthusiasm for missionary work explains her interest in the book; this very month, however, Eyre, as Governor of Jamaica, repressed an uprising with a violence which led to a public controversy and the ruin of his career.

<br/>"
3501,3553,Oct 5th [1865],1865-10-05,University of Iowa; MsL/Y56hu,Torquay,[[footnote:1]]The reopening of St. Cross Hospital after its restoration took place on 19 October 1865;  see the <i>Hampshire Advertiser</i> (21 October 1865) 4.
2022,2074,Saturday Evening Oct 21st 1865,1865-10-21,MS British Library Add MSS 54920: 113 ,,"[[footnote:1]]The address of Macmillan & Co.’s office.
"
2023,2075,Oct 23. 1865,1865-10-23,Copy outletter book British Library Add MSS. 55384 (2): P. 964,,
2024,2076,Oct 26th [1865],1865-10-26,MS British Library Add MSS 54920: 114 ,Crookham,
2025,2077,Oct 27th [1865],1865-10-27,"MS Girton College Cambridge, Yonge VI 1 ",Crookham,"[[footnote:1]]On their <i>[[cmybook:71]Historical Selections]</i>.

[[footnote:2]]This is a little obscure and may be a misreading.  The life of St. Anselm in the published book was taken from the Rev. Richard Church, <i>[[otherbook:424]Essays and Reviews]</i> (1854)
"
2026,2078,Oct 30th [1865],1865-10-30,MS Mrs Clare Roels.,Elderfield,"[[footnote:1]]The members of the Gosling Society had presented CMY with an album of photographs of themselves for Christmas 1861.

[[footnote:2]]Lilian Mary Mitchell (1847/8-1893) was an orphan in the care of the Rev. John Hawkins Hext, vicar of King’s Teignton, whose son she married in 1874. She was on the circulation list for the Christmas 1865 <i>Barnacle</i>, taking the name Ugly Duckling.

[[footnote:5]]Alice Coleridge had been brought up by her elder sister, whose husband, the Revd Edward Clarke Lowe (1823–1912) was headmaster of Hurstpierpoint College, one of the Woodard schools founded to raise the standard of education for the middle classes.  The \'great affair\' was probably the dedication of the chapel on 17 October 1865.
"
2027,2079,Oct 30th 1865,1865-10-30,MS British Library Add MSS 54920: 115-6 ,Elderfield,
2028,2080,Nov 1st [1865],1865-11-01,MS British Library Add MSS 54920: 117-8 ,Elderfield,"[[footnote:1]]They were discussing plans for illustrating <i>The Prince and the Page</i>.

[[footnote:2]]Walter Scott, <i>[[otherbook:141]The Lay of the Last Minstrel]</i> I, 7.
"
2029,2081,[13 November 1865],1865-11-13,"MS Girton College Cambridge, Yonge XI 3[[footnote:1]]",Otterbourne Winchester. ,"[[footnote:1]]Envelope addressed to \'Miss Susanna Warren/3 South Bailey/ Durham\' and postmarked Winchester and Durham 13 and 14 November 1865.

[[footnote:2]]Warren had perhaps sent a copy of her <i>[[otherbook:428]Manual of the Te Deum]</i> (1865)

[[footnote:3]]Warren\'s elder sisters Selina and Charlotte seem to have lived at Bovey Tracy, Devon, which is within reach of Torquay.

[[footnote:4]]Warren was staying in Durham with her nephew William Henderson.

<br/>"
3500,3552,Novr 23d [after 1865],1865-11-23,MS University of Iowa; MsL/Y56/23.Nov.,"Elderfield, Otterbourne, Winchester.","[[footnote:1]]William Wordsworth, <i>Ecclesiastical Sonnets</i>, 28, begins: \'The Sabbath bells renew the inviting peal\', and may be the poem referred to."
2030,2082,Novr 28th [1865?][[footnote:1]],1865-11-28,MS location unknown. Photocopies lent by Barbara Dennis: Maggie/3,,"[[footnote:1]]The dating of this letter obviously depends on the date of the confirmation of Maggie Moberly and the identity of her godparents.  If the \'daisy\' verses were written by Keble, it must post-date his death in March 1866.

[[footnote:2]]The Tractarians venerated the memory of the Rt. Rev. Thomas Wilson (1663-1755), Bishop of Sodor and Man, and Keble published a biography of him.  The book given CMY by her godmother and aunt Charlotte Jones was perhaps his <i>[[otherbook:494]A Short and Plain Instruction for the Better Understanding of the Lord\'s Supper]</i> (1734)."
2031,2083,Decr 6th 1865,1865-12-06,MS British Library Add MSS 54920: 119-20 ,Elderfield,[[footnote:1]]Amédée Pichot (1795-1877) was a prolific translator; his work included <i>La Colombe dans le nid de l’aigle</i> (Paris: 1867).  It seems CMY proposed to get in touch with him through [[other:165]Williams and Norgate].
2032,2084,Decr 8th 1865,1865-12-08,British Library Add MSS 54920: 121-2,"Elderfield, Otterbourne, Winchester.",[[footnote:1]]This was the preface to <i>[[cmybook:61]The Prince and the Page]</i>.
2033,2085,Decr 17th [1865],1865-12-17,MS British Library Add MSS 54920: 123-4 ,,
2034,2086,Decr 18th [1865],1865-12-18,MS British Library Add MSS 54920: 125,,
2035,2087,Decr 19th [1865],1865-12-19,MS British Library Add MSS 54920: 126-7 ,"Elderfield, Otterbourne, Winchester.","[[footnote:1]]Samuel Budgett (1794–1851), the subject of the bestselling biography by William Arthur, <i>[[otherbook:438]The Successful Merchant]</i> (London 1852)."
2036,2088,"Decr 22d [1865]	",1865-12-22,MS University of Delaware,,
2037,2089,Decr 23d [1865],1865-12-23,MS British Library Add MSS 54920: 128-9 ,,"[[footnote:1]]JBY had written an article about the Huntley and Palmer factory at Reading, which he was trying to get published. ‘Not available’ here means ‘of no use to <i>Macmillan’s Magazine</i>’.

<br/>"
2038,2090,"Holy Innocents [28? December], 1865.",1865-12-28,"MS location unknown. Printed in <i>[[cmybook:88]Musings over the Christian Year]</i>, liii-liv.","Bournemouth,","[[footnote:1]]These letters would have been from the [[person:1155]Rt. Rev. John Coleridge Patteson].

[[footnote:2]]Margaret Yonge had in fact died on 14 December.  CMY\'s account to the Kebles had perhaps been deliberately optimistic, since she had described her niece\'s condition as \'hopeless\' as early as 8 December.  "
2039,2091,"29th Dec., 1865.",1865-12-29,"MS location unknown. These extracts printed in <i>[[cmybook:88]Musings over the Christian Year]</i>, liv-lv.",B.Mouth,[[footnote:1]]Keble had mislaid a letter to himself and a letter to CMY from the Rt. Rev. John Coleridge Patteson.
2040,2092,Decr 29th 1865,1865-12-29,"Princeton University, Parrish Collection, C0171: Box 29",Elderfield,"[[footnote:1]]<i>The Net Cast in Many Waters: Sketches from the Life of Missionaries</i>, a missionary magazine edited by Anne Mackenzie and published annually from 1866 to 1896.

<br/>"
2050,2102,[“early” 1866] [[footnote:1]],1866-00-00,"MS location unknown. This fragment printed in Christabel Maxwell, <i>[[otherbook:306]Mrs. Gatty and Mrs. Ewing]</i>, (1949) 144.",,"[[footnote:1]]‘The Brownies’ had appeared in the <i>MP</i> (December 1865). Maxwell writes: \'Early in 1866 there was a letter from Miss Yonge to say that it [the Brownies] had evoked a perfect chorus of approval and in her opinion it had been the most successful that they had had in the <i>Monthly Packet</i> for a long time.\' This letter was sent “shortly afterwards”.

<br/>"
3469,3521,[after 1866] ,1866-00-00,"MS Princeton University, Parrish Collection",,
2043,2095,Jan 2nd [1866],1866-01-02,MS British Library Add MSS 54920: 130-1[[footnote:1]],,"[[footnote:1]]Endorsed ‘Rail January 3rd’.

<br/>"
2044,2096,Epiphany [6 January 1866],1866-01-06,MS British Library Add MSS 54920: 132-3 ,"Elderfield, Otterbourne, Winchester.","[[footnote:1]]The last episode in <i>The Dove in the Eagle\'s Nest</i>, in which a modern traveller sees the tombs of the twins who have died a lifetime apart, appeared in <i>[[other:78]Macmillan\'s Magazine]</i> in December 1865.  Ebbo\'s tomb is there (p. 108) inscribed \'Denique\': \'finally\'.  In the printed edition of the novel the tomb is inscribed ‘Demum’: ‘at last’. ‘Tandem’ could also mean ‘at last’ but was frequently translated as \'at length\' and was thus used punningly of two horses harnessed one behind the other to a carriage; it was not yet associated with a two person bicycle.

[[footnote:2]]This does not seem to have been published.  The Clarendon Press series had a prospectus, which advertisements invited readers to send for;  possibly the proposed work may be described more fully there.
"
2045,2097,Jan 9th [1866],1866-01-09,"MS Princeton University, Parrish Collection, CO171: Box 29",Elderfield Otterbourn,"[[footnote:1]]Ivanovna ontributed to the <i>MP</i> 1861-1891, but chiefly in the 1860s. She wrote on such topics as Needlewoman’s Institution, Mission Work at Home, Industrial Charities.
"
2046,2098,[12 January 1866],1866-01-12,MS Mrs Clare Roels[[footnote:1]],,"[[footnote:1]]Endorsed ‘January 12 1866’.

[[footnote:2]]Frances Peard’s answer to CMY’s request that she join the [[other:104]Gosling Society]."
2047,2099,Jan 22nd [1866],1866-01-22,"MS Westcountry Studies Library, Exeter/ Yonge 1866/ 1[[footnote:1]]",,"[[footnote:1]]Envelope addressed to Miss Carter Smith/ 8 Wellington Road/ Old Charlton SE and postmarked indistinctly Winchester 23 January 1866 and London SE.
"
2048,2100,Jan 22nd [1866],1866-01-22,MS British Library Add MSS 54920: 134-5 ,,"[[footnote:1]]It appears that Macmillan was proposing a joint editorship with someone as yet unnamed. CMY’s reservations largely restate views she had expressed a year earlier when the Sunday Library was first suggested, in her letter to Macmillan of 10 February 1865.
"
2049,2101,Jan 31st 1866,1866-01-31,MS British Library Add MSS 54920: 138-141,"Elderfield, Otterbourne, Winchester.","[[footnote:1]]The book referred to here was perhaps Margaret Oliphant, <i>Sundays</i> (London: Nisbet 1858).

[[footnote:2]]The Rev. William Palmer (1811-1879), elder brother of [[person:1129]Roundell Palmer], had sought to reconcile the Church of England and the Orthodox Churches before becoming a Roman Catholic in 1855.
"
2247,2299,Febry 3d [1866],1866-02-03,MS Mrs Katherine Wykes-Sneyd[[footnote:1]],Elderfield,"[[footnote:1]]Black-edged paper.

[[footnote:2]]The two new members of the [[other:104]Gosling Society] were [[person:1160]Frances Mary Peard] and [[person:1520]Florence Wilford].

[[footnote:3]]The Pattesons were [[person:1154]Joan] and [[person:1151]Fanny Patteson], who lived at Torquay, not far from Lilian Mitchell\'s home at Kingsteignton."
3684,20150,Febry 3d [1866],1866-02-03,MS Charlotte Mitchell,"Elderfield, Otterbourne, Winchester.","[[footnote:1]]\'Autobiography of Prince Charles of Hesse\' <i>Monthly Packet</i> (May 1866) is evidently the article referred to;  it is extracted from the <i>Revue des Deux Mondes</i> (December 1865).  The addressee was no doubt the author of the piece on Mère Angélique in the second series of <i>Biographies of Good Women</i>, which is signed M.L.C..  Confusingly, there are two writers using these two initials during the same period.  



The attractive memoir <i>Sometime in Ireland: A Recollection</i> (London: King 1874), published as by \'M.L.C.\' and a novel <i>This Picture and That</i> (1886), advertised as by the author of the memoir, Mrs Charles Chapman, seem to be by Mary Lee (1814/5-1892), youngest daughter of the Very Rev. Ussher Lee, Dean of Waterford (1763/4-1850) and his wife Hannah (1774/5-1854), who married, first (1843), the Rev. John Hellier Stephenson (d.1861), Rector of Corringham, Essex, and, secondly (28 September 1866), as his second wife, the Rev. Charles Chapman (1806-1892), Rector of Acrise, Kent until 1871.  However, the date of her marriage to Chapman makes it impossible she should have contributed the biography under those initials.



Another candidate, also an Irishwoman, is Mary L. Code, who is listed as author of a series of children\'s books published in the early 1870s under these initials: <i>Lonely Lily</i> (London: Shaw 1870); <i>Clarie’s Little Charge</i> (London: Shaw 1871); <i>The Happy Land, or, Willie the Orphan</i> (London: Shaw 1872); <i>Wandering May, or, ‘Come unto Me’</i> (London: Shaw 1872); and <i>Left at Home, or, The Heart’s Resting Place</i>  (London: Shaw 1874).  She appears to be Mary Louisa Code (1848/9-1873), daughter of the Rev. John Marsden Code (1805-1873), who had resigned from the Church of Ireland to become a Plymouth Brother. She was living in Bath during the 1871 census and died there a couple of years later.  Unless she was much less of an evangelical than her father it seems unlikely CMY would have admitted her to the <i>Monthly Packet</i>, and she is rather young.



It seems probable, therefore, that CMY\'s correspondent was a third woman writing under these initials.  "
2051,2103,Febry 5th [1866],1866-02-05,MS British Library Add MSS 54920: 142-143,"Elderfield, Otterbourne, Winchester.",[[footnote:1]]CMY had objected to the unsympathetic tone of Smith\'s review of Pusey\'s <i>Eirenicon</i> in <i>[[other:78]Macmillan\'s Magazine]</i>.
2052,2104,Feb 17th [1866]    ,1866-02-17,MS British Library Add MSS 54920: 144-147,"Elderfield, Otterbourne, Winchester.","[[footnote:1]]William Laud (1573–1645) and William Juxon (1582-1663), archbishops of Canterbury; Lancelot Andrewes (1555–1626), bishop of Winchester; and Henry Hammond (1605–1660), chaplain to Charles I and the subject of Keble’s poem ‘Hammond’s Grave’.
"
2053,2105,Feb 21st 1866,1866-02-21,MS BL Add.70949 f.387,"Elderfield, Otterbourne, Winchester.","[[footnote:1]]<i>One story by two authors; or, A tale without a moral</i> by Jean Ingelow and Frances Mary Levett was serialised in <i>MP</i> 1860-61 and published \'with additions\' in 1862.

<br/>"
2054,2106,March 15th [1866],1866-03-15,"MS Princeton University, Parrish Collection, CO171: Box 29",,"[[footnote:1]]They were working together on <i>Historical Selections</i>, an anthology of passages from different historians arranged chronologically by subject, beginning with the Norman Conquest."
2055,2107,March 19th [1866],1866-03-19,MS Charlotte Mitchell/Cobweb-8[[footnote:1]],,"[[footnote:1]]Tiny blue envelope 92mm x 54mm addressed to Miss Helmore/ Cheyne Walk/Chelsea/ London/ S.W. postmarked Winchester 19 March 1866 and London 20 March 1866.

[[footnote:2]]Helmore was contributing a series of articles on composers to the <i>[[other:89]Barnacle]</i>.

<br/>"
2056,2108,March 19th [1866],1866-03-19,MS British Library Add MSS 54920: 148-149,,"[[footnote:1]]Probably the Rev. Edward Hayes Plumptre (1821-1891), chaplain of King’s College London and a professor at Queen’s College, Harley Street. He was brother-in-law of F. D. Maurice and influenced by him, which would sufficiently account for CMY’s suspicions.

<br/>"
2057,2109,March 27th 1866,1866-03-27,MS British Library Add MSS 54920: 150-151,"Elderfield, Otterbourne, Winchester.",[[footnote:1]]<i>Die Taube im Adlerhorst</i> Aus dem Englischen  (Stuttgart: S. G. Liesching 1866).
2058,2110,"March 29, 1866.",1866-03-29,"MS location unknown. Printed in Coleridge, <i>[[otherbook:40]Life]</i> 223","Elderfield, Otterbourne, Winchester, ",[[footnote:1]]1 April 1866 was Easter Sunday.
2059,2111,"Good Friday [30 March], 1866",1866-03-30,"MS location unknown. Printed in Coleridge, <i>[[otherbook:40]Life]</i> 224","Elderfield, Otterbourne, Winchester","[[footnote:1]]John Keble died at Bournemouth on Thursday 29 March 1866; his wife Charlotte, who had long been an invalid, survived him for six weeks. Newman’s comment was: ‘it struck me (I trust it is a really charitable thought) that she was to be kept awhile to do penance for having kept Keble from being a Catholic.’ <i>[[otherbook:456]Letters and Diaries]</i> XXII 234.

<br/>"
2060,2112,"Easter Eve [31 March], 1866.",1866-03-31,"MS location unknown. Printed in <i>[[otherbook:122]Dulce Domum]</i>, 177-8.",Otterbourne,"[[footnote:1]]John Keble had died on Thursday 29 March 1866, the day before Good Friday. His wife Charlotte, who had long been an invalid, survived him for only a few weeks."
2062,2114,April 4th [1866],1866-04-04,"MS Bodleian Library, Oxford: MSS. Autogr. MSS. Autogr. d. 34 ff 108-9","Elderfield, Otterbourne, Winchester.","[[footnote:1]]They were choosing authorities for their anthology of historical writings, <i>[[cmybook:71]Historical Selections]</i>. The Rev. John Allen Giles (1808-1884) had edited and translated a large number of mediaeval chronicles and histories, to one of which CMY probably refers. Fabyan\'s [[otherbook:458]<i>Chronicles</i>] is the authority used in the published book for the reign of Stephen.  In their work together they made extensive use of the [[other:29]London Library], which CMY had joined in 1862.

[[footnote:2]]The right hand top corner of the paper seems to have been bent down when it was trimmed and now emerges as larger than the rest.

[[footnote:3]]CMY means \'sent out by the London Library\'."
2063,2115,April 5. 1866.,1866-04-05,"MS copy in the Newman archives, The Oratory, Edgbaston, Birmingham[[footnote:1]]",,"[[footnote:1]]Jemima Mozley was John Henry Newman’s sister; evidently she lent him CMY’s letter about the death of John Keble from which this copy was made.

[[footnote:2]]Newman had visited Hursley and met both Keble and Pusey after many years on 13 September 1865. Keble’s poem for St. Mark’s Day in <i>The Christian Year</i> begins:

 Oh! who shall dare in this frail scene

 On holiest happiest thoughts to to lean,

 On Friendship, Kindred, or on Love?

 Since not Apostles’ hands can clasp

 Each other in so firm a grasp, 

 But they shall change and variance prove.

 Yet deem not, on such parting sad

 Shall dawn no welcome dear and glad:

 Divided in their earthly race,

 Together at the glorious goal,

 Each leading many a rescu’d soul,

 The faithful champions shall embrace.
"
2064,2116,April 5th [1866],1866-04-05,MS UCLA: collection 100: box 95,"Elderfield, Otterbourne, Winchester.",[[footnote:1]]‘The History of Lord Moorlane’ by M.M. appeared in <i>MP</i> (September 1866) 306-9.
2065,2117,"April 6, 1866",1866-04-06,"MS location unknown. Printed in Coleridge, <i>[[otherbook:40]Life]</i> 224","Elderfield, Otterbourne, Winchester","[[footnote:1]]Keble\'s funeral took place at All Saints, Hursley on Friday 6 April 1866."
2061,2113,[7? April 1866],1866-04-07,"MS location unknown. Printed in Romanes, <i>[[otherbook:241]Appreciation]</i> p. 103",,"[[footnote:1]]The [[other:184]funeral] of [[person:798]John Keble] took place at All Saints, Hursley, on Friday 6 April 1866.  The text is John 5:35."
2066,2118,April 19th [1866],1866-04-19,MS British Library Add MSS 54920: 152-153,"Elderfield, Otterbourne, Winchester.","[[footnote:1]]A proposed illustration for <i>[[cmybook:62]The Dove in the Eagle\'s Nest]</i>.

[[footnote:2]]Elizabeth Gaskell, <i>Wives and Daughters</i>, was being serialized in the <i>Cornhill Magazine</i> when she died on 12 November 1865; the unfinished novel was published by Smith, Elder in February 1866.  The illustrations complained of by CMY were by George du Maurier (1834-1896)."
2067,2119,April 19th 1866,1866-04-19,MS British Library Add MSS 54920: 154-155: ,"Elderfield, Otterbourne, Winchester.","[[footnote:1]]The letter is endorsed ‘You should answer this - or your wife’. Macmillan’s partner, George Lillie Craik (1837-1905) had married (29 April 1865) the well-known novelist Dinah Maria Mulock (1826-1887), whose latest work was <i>A Noble Life</i> 2 vols (London, Hurst & Blackett 1866).

<br/>"
2068,2120,"April 24, 1866.",1866-04-24,"MS location unknown. Printed in Yonge, <i>[[cmybook:102]Life of John Coleridge Patteson]</i> II, 172-5.",[[other:139]St. Andrew’s],"[[footnote:1]]He presumably anticipated the death of [[person:798]John Keble], which occurred on 29 March 1866."
2069,2121,April 26th [1866],1866-04-26,MS British Library Add MSS 54920: 156-157,"Elderfield, Otterbourne, Winchester.",
2070,2122,May 3d  [1866],1866-05-03,MS Helen Schinske,New College,"[[footnote:1]]Presumably the same child, denied entry to Earlswood on these grounds, is referred to in a letter to Fanny Wilbraham (26 August 1865): http://www.yongeletters.com/wordpress/2067/to-fanny ."
2072,2124,May 11th [1866],1866-05-11,"MS Harvard University, Houghton Library",Torquay,"[[footnote:1]]Lewis Carroll. His <i>[[otherbook:466]Journals]</i> record that he lunched with CMY and her mother at [[person:1208]Professor Price]’s on May 3, 1866 and photographed them in his studio the next day.

[[footnote:2]]Canto 4 of Carroll’s poem to \'Phantasmagoria\', which first appeared in 1867, begins \'Oh, when I was a little ghost,/A merry time had we!/Each seated on our favourite post,/We chumped and chawed the buttered toast/ They gave us for our tea\', which is obviously based on the traditional rhyme about the \'little ghostesses/ Sitting on postesses\'.

<br/>"
3642,19551,14 May 1866,1866-05-14,Copy outletter book British Library Add MSS.55386 (1) P. 48,,
2071,2123,May 1866,1866-05-18,MS location unknown. This fragment printed in <i>[[otherbook:122]Dulce Domum]</i> 184 -5,Wantage,"[[footnote:1]][[person:798]John Keble] had been brought up at Fairford.

[[footnote:2]]Elizabeth Keble (d.1860), Keble’s invalid sister.

[[footnote:3]][[person:1154]Joan] and [[person:1151]Fanny Patteson] lived at Weston Villa, Marychurch, Torquay."
2073,2125,May 19th [1866],1866-05-19,MS University of London Library/AL 293/2/2,[[other:126]Beechwood],
3643,19563, June 14 1866,1866-06-14,Copy outletter book British Library Add MSS.55386 (1) P.160,,"[[footnote:1]]Frances Macmillan appears to have been very ill, but was recovering by September 6.

[[footnote:2]]Macmillan proposes here the collection that eventually became [[cmybook:80]A Book of Worthies]."
2074,2126,June 18th [1866],1866-06-18,"MS Princeton University, Parrish Collection, CO171: Box 29",Torquay,"[[footnote:1]]This address was the home of CMY’s friends [[person:1971]Thomas] and [[person:638]Sophia Harrison].

[[footnote:1]]Perhaps \'Ivanovna\', ‘[[otherbook:468]Convalescent institutions]’ <i>MP</i> (November 1866) 509-515.
"
2076,2128,July 4th [1866],1866-07-04,MS British Library Add MSS 54920: 158-159,"Elderfield, Otterbourne, Winchester.",
3644,19572,July 6 1866,1866-07-06,Copy outletter book British Library Add MSS.55386 (1) p. 228,,"[[footnote:1]]In 1856 Macmillan had published Charles Kingsley\'s, [[otherbook:358]<i>The Heroes, or, Greek fairy tales for my children</i>].

[[footnote:2]]Macmillan had attended a meeting of the Delegates, or governing committee, of the [[other:263]Cambridge University Press]."
3645,19593,July 7 1866,1866-07-07,Copy outletter book British Library Add MSS.55386 (1) P.230,,
2077,2129,July 11th [1866],1866-07-11,British Library Add MSS 54920: 160-161,Elderfield,
2075,2127,[July 1866],1866-07-18,"MS location unknown. This fragment printed in Yonge, <i>[[cmybook:102]Life of John Coleridge Patteson]</i> II, 205.[[footnote:1]]","[Bauro, now San Cristobal, Solomon Islands]","[[footnote:1]]The passage about Mackenzie, as far as \'It is 9 p.m.\' was omitted from the 1875 revised edition.
"
2078,2130,Aug 6th [1866?][[footnote:1]],1866-08-06,MS Lambeth Palace Library Keble Deposit 4/143,,"[[footnote:1]]Written on paper used between 1864 and 1868. It seems probable that the query related to the life of [[person:798]John Keble].

<br/>"
3503,3555,[August 1866[[footnote:1]]],1866-08-18,MS University of Iowa; MsL/Y56wa,"Elderfield, Otterbourne, Winchester.","[[footnote:1]]Louisa Walter married  Francis Edward Halliday in Otterbourne on Tuesday 7 August 1866.

<br/>"
2079,2131,[21 August 1866],1866-08-21,"MS Westcountry Studies Library, Exeter/ Yonge 1866/2[[footnote:1]]",Elderfield,"[[footnote:1]]In envelope addressed to Miss Smith/ 8 Wellington Road/ Old Charlton/ SE and postmarked Winchester 20 August and London SE 21 August 1866.

[[footnote:2]]In fact the <i>Magazine for the Young</i> was increasingly making a feature of acrostics, not just at Christmas but throughout the year."
2080,2132,evening September 1st [1866?],1866-09-01,MS Charlotte Mitchell,"Elderfield, Otterbourne, Winchester.","[[footnote:1]][[person:1025]Alice Moberly] was a contemporary of Edith Jacob\'s, and she, rather than [[person:327]Alice Coleridge], is probably referred to here."
2081,2133,Sept 3d 1866,1866-09-03,MS British Library Add MSS 54920: 162-163 ,"Elderfield, Otterbourne, Winchester.","[[footnote:1]]Chapters of Caroline Norton’s <i>Old Sir Douglas</i> appeared in <i>[[other:78]Macmillan’s Magazine]</i> from January to May 1866, and then from September 1866 to October 1867.  <i>The Chaplet of Pearls</i> was serialized from November, 1867 to December 1868.


"
3646,19598, Sept 6 1866,1866-09-06,Copy outletter book British Library Add MSS.55386 (1) P.387,,"[[footnote:1]]  Chapters of [[person:1978]Caroline Norton]’s [[otherbook:469]<i>Old Sir Douglas</i>] appeared in [[other:78]Macmillan’s Magazine] from January to May 1866, and then from September 1866 to October 1867. <i>The Chaplet of Pearls</> was serialized from November, 1867 to December 1868. [[person:1940]Henry Kingsley]’s <i>Silcote of the Silcotes</i> ran from July 1866 to September 1867."
2082,2134,"October 6, 1866.",1866-10-06,"MS location unknown. Printed in Yonge, <i>[[cmybook:102]Life of John Coleridge Patteson]</i>, II, 211-2.","[At sea off Norfolk Island, then at [[other:139]Kohimarama], now Mission Bay, New Zealand]",
3647,19634,Oct 8 1866,1866-10-08,Copy outletter book British Library Add MSS.55386 (1) P. 451,,"[[footnote:1]]This is probably a reference to the Rev. Hugh Macmillan, [[otherbook:509]<i>Bible Teachings in Nature</i>] (1867).  In 1861 Macmillan had published another book by the same author (to whom he was related) entitled [[otherbook:1128]<i>Footnotes from the Page of Nature</i>]."
2083,2135,Oct 10th 1866,1866-10-10,MS University of Iowa; MsL/Y56/1866,"Elderfield, Otterbourne, Winchester.",
3648,19637,Oct.12 1866,1866-10-12,Copy outletter book British Library Add MSS.55386 (1) P. 472,,"[[footnote:1]]The letter with these comments is not held in the Macmillan papers in the British Library. Possibly Macmillan forwarded it to his relation, the Rev. Hugh Macmillan, author of [[otherbook:509]<i>Bible Teachings in Nature</i>]."
3649,19643,Oct 26 1866,1866-10-26,Copy outletter book British Library Add MSS.55386 (2) P. 520,,
2084,2136,Oct 26th 1866,1866-10-26,MS British Library Add MSS 54920: 164-165,"Elderfield, Otterbourne, Winchester.","[[footnote:1]]It appeared as \'[[otherbook:473]The Fairy of the Sands]\'. It seems that CMY was mistaken in thinking Dagneau\'s 1853 edition was the first.

[[footnote:2]]The Battle of the Standard (1138), between the Scots and the English, at Northallerton in North Yorkshire.
"
2085,2137,Oct 26th 1866,1866-10-26,MS British Library Add MSS 54920: 166-167,"Elderfield, Otterbourne, Winchester.",
2086,2138,"All Saints’ Day [2 November], 1866.",1866-11-02,"MS location unknown. Printed in Yonge, <i>[[cmybook:102]Life of John Coleridge Patteson]</i>, II, 218-20.",,"[[footnote:1]]The motto of Keble\'s <i>The Christian Year</i> was \'In quietness and in confidence shall be your strength\' - <i>Isaiah</i> xxx. 15.\'

[[footnote:2]]This may be a reference to 1 Corinthians 8:13: \'Wherefore, if meat make my brother to offend, I will eat no flesh while the world standeth, lest I make my brother to offend.\'
"
3650,19651,Nov 2 1866,1866-11-02,Copy outletter book British Library Add MSS.55386 (2) P.548,,
3651,19653,Nov. 7 1866,1866-11-07,Copy outletter book British Library Add MSS.55386 (2) P. 572,,"[[footnote:1]]CMY had evidently proposed that the [[other:145]Sunday Library] should include Frances Mary Peard\'s <i>History of the Prayer Book</i>, a series of papers originally contributed to the [[other:81]<i>Monthly Paper of Sunday Teaching</i>], and subsequently published in 1870 by the SPCK.

[[footnote:2]]Macmillan refers to CMY and Sewell\'s collaboration on [[cmybook:71]<i>Historical Selections</i>].
"
2087,2139,Novr 19th 1866,1866-11-19,MS British Library Add MSS 54920: 168-169,"Elderfield, Otterbourne, Winchester.","[[footnote:1]]Otto Franke (b.1842) was the author of a work on Catullus.  

[[footnote:2]]These were probably the articles by [[person:1160]Frances Mary Peard], originally published in the <i>[[other:81]Monthly Paper of Sunday Teaching]</i>, which CMY wanted Macmillan to publish in his [[other:145]Sunday Library] series."
3653,19659,Nov. 22 1866,1866-11-22,Copy outletter book British Library Add MSS.55386 (2) P.654,,
3652,19655,Nov. 26 1866,1866-11-26,Copy outletter book British Library Add MSS.55386 (2) P. 636,,[[footnote:1]]This relates to a dispute over money due to CMY from the American firm of [[other:142]Appleton & Co]. 
3654,19661,Dec. 3. 1866,1866-12-03,Copy outletter book British Library Add MSS.55386 (2) P.701,,"[[footnote:1]]CMY had evidently suggested, in reply to Macmillan\'s suggestion that the copies of <i>Dynevor Terrace</i> inherited from Parker and Son should be sold off cheap to Routledge or W. H. Smith, that the books should instead be donated to a charity."
2088,2140,Dec 6th [1866],1866-12-06,"MS Princeton University, Parrish Collection, CO171: Box 29",,"[[footnote:1]]The enclosure was no doubt some comment on the recent death of [[person:798]John Keble] and his wife, about which CMY had been corresponding with his sister-in-law Elizabeth Jane Keble (Mrs Thomas Keble).  Anne Mackenzie edited a missionary magazine called <i>The Net</i>, and Mary Arthur, a missionary in South Africa, was probably one of her correspondents.
"
2089,2141,Innocents’ day [28 December 1866],1866-12-28,"MS Bodleian Library, Oxford: MS English Letters: e 86.[[footnote:1]] ","Elderfield, Otterbourne, Winchester.","[[footnote:1]]Envelope pasted on previous page addressed to \'The Revd/ J F Moor/Ampfield/Romsey.\' and postmarked Winchester De 28/66. \'Miss Yonge’s autograph\' written across the side in a different hand.

[[footnote:2]]A magic lantern show to be put on for the entertainment of the parish, later postponed because of bad weather. "
2090,2142,Dec 30th [1866?],1866-12-30,"MS Harry Ransom Humanities Research Center, University of Texas. C. R. Coleridge Collection","Elderfield, Otterbourne, Winchester.","[[footnote:1]]‘Aunt Cecily’s music lessons,’ addressed to her niece Mabel, appeared in <i>MP</i> (July 1866-July 1869). The 1871 census indicates that the music teacher at Winnington Hall was then Elizabeth Flowel or Howel (b. Hampshire 1847/8).
"
3655,19664, Dec. 31. 1866,1866-12-31,Copy outletter book British Library Add MSS.55386 (2) P.752,,
2108,2160,[1867?],1867-00-00,MS Huntington Library: Letter to Lady Mount Temple: Stamped “Kane American”. HM 34936[[footnote:1]],,"[[footnote:1]]This fragment was almost certainly preserved simply for the autograph. It could date from any time between 1864, by which time Helen Yonge (b.1860) was presumably learning to read, to September 1869 when CMY was giving her regular lessons. The reference to \'keeping quiet\' suggests recovery from childbirth, and this probably dates from around the birth of either Maurice (b.1867), George (b.1871) or Joanna (b.1873).

<br/>"
2145,2197,[1867],1867-00-00,"MS Royal Institution of Great Britain, XVA/186/32 f.63/2","Elderfield, Otterbourne, Winchester.","[[footnote:1]]Copies of the photographs mentioned in the letter of July 20 to Marianne Bigg Wither were probably being made by a photographer in Plymouth.

<br/>"
2169,2221,[1867],1867-00-00,"MS Bodleian Library, Oxford: MSS. Autogr. c.25 ff 268-9 ",,
3656,19667,Jan. 1. 1867,1867-01-01,Copy outletter book British Library Add MSS.55386 (2) P. 754,,
2091,2143,Jan 3d [1867],1867-01-03,"MS Bodleian Library, Oxford: MS English Letters: e 86. [[footnote:1]]","Elderfield, Otterbourne, Winchester.","[[footnote:1]]Envelope addressed to \'The Revd/ J F Moor/Ampfield Parsonage/ Romsey.\' and postmarked Winchester Ja 3/67.

[[footnote:2]]The parish entertainment being arranged in letter to Moor, 28 December 1866.
"
3657,19670,Jan. 3. 1867,1867-01-03,Copy outletter book British Library Add MSS.55386 (2) Pp. 764-5,,"[[footnote:1]]Elizabeth Sewell had evidently suggested that it was not necessary to obtain formal permission for republication of extracts from historical works in [[cmybook:71]<i>Historical Selections</i>].

[[footnote:2]]The Rev. Henry Wilbraham, fellow of Trinity College, Cambridge, mathematician and registrar of the Court of Chancery in Manchester, was a third cousin to CMY\'s friend Frances Maria Wilbraham, whom she was anxious to have as a contributor to Macmillan\'s [[other:145]Sunday Library]."
2092,2144,Jan 7th [1867],1867-01-07,MS University of Iowa; MsL/Y56ma1,,"[[footnote:1]]Perhaps [[person:464]Mary Anne Dyson] (who is known to have encouraged CMY to make Eustacie less adult) and her [[person:462]sister-in-law].
"
2093,2145,Jan 14th 1867,1867-01-14,MS British Library Add MSS 54920: 170-171,"[Elderfield, Otterbourne, Winchester.[[footnote:1]]]","[[footnote:1]]The printed address has been cut out of the MS.

[[footnote:2]]CMY and Sewell wanted to use an extract from the elder Palgrave\'s, <i>[[otherbook:479]The History of Normandy and of England]</i> (1851-64) in <i>[[cmybook:71]Historical Selections</i>].
"
2094,2146,Jany 17th [1867],1867-01-17,MS British Library Add MSS 54920: 172-173,"[Elderfield, Otterbourne, Winchester.[[footnote:1]]]","[[footnote:1]]The printed address has been cut out of the MS.

<br/>"
3658,19672,Jan. 19. 1867,1867-01-19,Copy outletter book British Library Add MSS.55386 (2) P. 814,,"[[footnote:1]]CMY had asked him in her letter of 17 January to find her a copy of Palgrave\'s <i>History of Normandy</i> to use as background for  [[cmybook:73]<i>Cameos from English History: From Rollo to Edward</i>].

[[footnote:2]]CMY had reported that Henriette de Witt had told her of Guizot\'s admiration for Dinah Craik\'s novel <i>Two Marriages</i>.

[[footnote:3]]

 



[3] CMY had written (14 January 1867), with reference to obtaining permissions for republication of extracts from historians in [[cmybook:71]<i>Historical Selections</i>]: \'Do you know who Roscoe’s representatives are, for there is all the Battle of Hastings from him. Miss Sewell says she wants all the MS to look over and arrange again – would you send it to her.\'"
2095,2147,"January 29, 1867.",1867-01-29,"MS location unknown. Printed in Yonge, <i>[[cmybook:102]Life of John Coleridge Patteson]</i>, II, 227-30.",,
2096,2148,Jan 30th [1867] ,1867-01-30,"Harry Ransom Humanities Research Center, University of Texas","Elderfield, Otterbourne, Winchester.","[[footnote:1]]Winton House was the home in Winchester of the Rev. [[person:769]Charles Alexander Johns] and his family.

[[footnote:2]]The Goslings had evidently had to answer a question about Charles I.  \'Today\' was the anniversary of his execution (30 January 1649)."
3484,3536,Feb 16th [1867?],1867-02-16,MS UCLA: collection 100: box 95,,"[[footnote:1]]Horatia Elder, sister of [[person:549]Margaret Gatty], contributed \'Sonnets from the Collects\' to <i>[[other:52]MP]</i> between 1865-7;  ‘The Annunciation’ appeared in <i>MP</i> (March 1867) 209-10. Mrs Elder was paid £3 on 22 July 1867.

<br/>"
2097,2149,Feb 16th [1867],1867-02-16,UCLA: collection 100: box 95,,"[[footnote:1]] The Sonnet on the Annunciation appeared in <i>[[other:52]MP]</i> (March 1867) 209.
"
3659,19674,Feb. 18. 1867,1867-02-18,Copy outletter book British Library Add MSS.55386 (2) P. 895,,"[[footnote:1]]Macmillan\'s sister-in-law and business partner, [[person:941]Frances Eliza Macmillan], had died on 21 January 1867.

[[footnote:2]]CMY had evidently tried to persuade Macmillan to publish in volume form a story by Florence Wilford, which had been serialised in <i>MP</i> (January-December 1866) as \'A Twelfth-Day King, or, Glimpses of French Life in the Fifteenth Century\' and which was eventually published as <i>The King of a Day, or, Glimpses of French life in the Fifteenth Century</i>(London: Masters 1868)."
2109,2161,<span class=‘strike’>March</span> April 1st [1867],1867-03-01,MS Charlotte Mitchell,,"[[footnote:1]]The Rev. William Alexander (1824-1911) was known as the Dean of Emly 1864 until his appointment as Bishop of Derry in 1867; he was husband of the hymnwriter Cecil Alexander, and was a candidate for the professorship of poetry at Oxford in 1867.

[[footnote:2]]Hebrews 5: 7-8: ‘Who in the days of his flesh, when he had offered up prayers and supplications with strong crying and tears unto him that was able to save him from death, and was heard in that he feared; Though he were a Son, yet learned he obedience by the things that he suffered;’

<br/>"
2098,2150,Ash Wednesday [6 March 1867?],1867-03-06,MS Mrs Clare Roels,"Elderfield, Otterbourne, Winchester.","[[footnote:1]]No doubt a scheme to expand the [[other:104]Gosling Society], as was eventually done with the [[other:116]Spider Society].

[[footnote:2]]Three Goslings, [[person:945]Emily Maconchy], [[person:973]Paulina Martyn] and Frances Peard, lived in Torquay.

<br/>"
3660,19676,March 8. 1867,1867-03-08,Copy outletter book British Library Add MSS.55386 (2) P. 969,,
3661,19678,March 13. 1867,1867-03-13,Copy outletter book British Library Add MSS.55386 (2) P. 988,,[[footnote:1]]Precisely what Macmillan refers to here is not clear.
2099,2151,March 13th 1867,1867-03-13,"MS John Rylands Library, Manchester, FA1/7/831","Elderfield, Otterbourne, Winchester","[[footnote:1]]Freeman had written in his [[otherbook:482]<i>History of the Norman conquest</i>] I, 233:\'I cannot help also mentioning Miss Yonge\'s tale of the ;Little Duke,\' where the whole legend is very pleasantly told, though with too great a leaning to the Norman side.\' 
"
2100,2152,March 21st [1867],1867-03-21,MS Charlotte Mitchell,"Elderfield, Otterbourne, Winchester.","[[footnote:1]][[footnote:2]]High Church “reserve” made CMY very chary of writing what she regarded as sacred names in a secular context. It seemed to her particularly inappropriate to put invented words into the mouth of Christ. The question is discussed in more detail in her next letter to Jacob (1 April 1867).

<br/>"
2101,2153,March 22 1867,1867-03-22,Copy outletter book British Library Add MSS.55387 (1) P. 29,,[[footnote:1]]Caroline Norton\'s <i>[[otherbook:469]Old Sir Douglas]</i> had been coming out irregularly in <i>Macmillan\'s Magazine</i>.
2102,2154,"March 23, 1867.",1867-03-23,"MS location unknown. Printed in Yonge, <i>cmybook:102]Life of John Coleridge Patteson]</i>, II, 240-46.",[[other:139]Kohimarama],
2104,2156,March 25th [1867],1867-03-25,MS British Library Add MSS 54920: 174-175,"Elderfield, Otterbourne, Winchester.",
2103,2155,March 25th 1867,1867-03-25,MS Charlotte Mitchell,"Elderfield, Otterbourne, Winchester.","[[footnote:1]]As far as this the text has been crossed through in pencil, as if part publication had been contemplated.

[[footnote:2]]<i>Purgatorio</i> Canto 28.

[[footnote:3]]CMY was concerned about the irreverence of putting words into Christ\'s mouth."
2105,2157,March 27.1867.,1867-03-27,Copy outletter book British Library Add MSS.55387 (1) P. 45,,
2106,2158,March 27th 1867,1867-03-27,"MS Princeton University, Parrish Collection C0171: Box 29","Elderfield, Otterbourne, Winchester.","[[footnote:1]]Unidentified, but possibly the children’s writer [[person:1983]Sarah Cook (Stuart) Robbins] (1817-1910).

<br/>"
2107,2159,March 28th 1867,1867-03-28,MS British Library Add MSS 54974/1-4 ,"16, Mornington Road Regents Park","[[footnote:1]]Frances Martin (1829-1922) had been in charge of the junior department of Bedford College since 1853, but was at this date experiencing difficulties with the Council. Macmillan had invited her to help edit the Sunday Library but did not fully explain her role to CMY. Possibly Frances Martin over-estimated the extent of the responsibilities handed to her, and, believing that she had been appointed official editor of the Library, was affronted that CMY did not immediately recognise this.

<br/>"
2110,2162,"April 2d, 1867",1867-04-02,MS British Library Add MSS.54974/5-8 ,,
2111,2163,April 10th [1867],1867-04-10,MS Charlotte Mitchell,,"[[footnote:1]]CMY had reviewed Pauline Craven, <i>Récit d’une soeur: Souvenirs de famille</i> (1866) in ‘[[cmybook:64]The La Ferronnays Family]’, <i>Christian Remembrancer</i>; she had also written an [[cmybook:50]article] there on [[person:1984]Eugénie] and [[person:1985]Maurice de Guérin] in 1864.

[[footnote:2]]The sense is perhaps that the erasure is untidy; the erased word looks like ‘old’: ‘Gerontius’ means ‘old man’.

[[footnote:3]]This refers to the forthcoming publication of Jacob\'s \'The Gate of Paradise\' in the <i>[[other:52]MP]</i>."
2112,2164,April 12th [1867?],1867-04-12,"MS Princeton University, Parrish Collection, C0171: Box 29: Author Files Wood-Yonge","Elderfield, Otterbourne, Winchester.","[[footnote:1]]The Bounty survivors on Pitcairn were transferred to Norfolk Island in 1856. In March 1867 Bishop Patteson began moving his Melanesian Mission to Norfolk Island, where it was intended he should also minister to the Pitcairners.

[[footnote:2]]<i>i.e.</i> in her recent <i>MP</i> [[cmybook:289]article] encouraging support for the Ladies\' Association of the [[other:41]SPG] and giving advice on the best kind of donations for various purposes.
"
2113,2165,April 21st 1867,1867-04-21,MS British Library Add MSS.54974/10-15 ,Mrs Shephard Waterhead Windermere,
2114,2166,April 27th [1867],1867-04-27,MS Charlotte Mitchell[[footnote:1]],,"[[footnote:1]]Black-edged paper. CMY used black-edged paper for all the letters we have found dating from the next two and a half months.

[[footnote:2]]George Moberly resigned as headmaster of Winchester College in 1866 but the family’s holiday home, Field House, remained theirs until July 1868.

[[footnote:3]]Alexandrine de la Ferronnays, sister-in-law of Pauline Craven; her adventures are described in the latter\'s <i>[[otherbook:486]Récit d’une soeur]</i> . In <i>[[cmybook:109]The Pillars of the House]</i> Mr Audley likens Sister Constance to her.
"
2115,2167,May 8th 1867,1867-05-08,"MS Westcountry Studies Library, Exeter/ Yonge 1867/ 1[[footnote:1]] ","Elderfield, Otterbourne, Winchester. ","[[footnote:1]]Black-edged paper.

<br/>[[footnote:2]]William Henry Ridley, <i>The Holy Communion</i> (1854), or possibly his <i>Daily Service and How All Persons can Take Part in It</i> (1859).

<br/>[[footnote:3]]W. E. Scudamore, <i>Steps to the Altar: A Manual of Devotion for the Blessed Eucharist</i> (1840).

<br/>[[footnote:4]][Maria Trench] <i>Devotions before and after Holy Communion</i> (1865) with a recommendatory notice signed J. K. [John Keble].

<br/>[[footnote:5]]Robert Brett, <i>The Churchman’s Guide to Faith and Piety</i> (1862).

<br/>[[footnote:6]]Arthur Henry Dyke Acland Troyte, <i>Daily Steps towards Heaven, or, Practical Thoughts on the Gospel History . . . for Every Day in the Year</i> (1850).

<br/>[[footnote:7]]The High Church publishers.

<br/>[[footnote:8]]<i>The Brook by the Way: A Text and Prayer for Every Day in the Year</i> (London, RTS 1867) was published anonymously and is not attributed in the BL catalogue. Alice Mackenzie (b. 1823), sixth and youngest sister of the Rt. Rev. Charles Frederick Mackenzie (d. 1862), married (1861) the Reverend Charles Grubbe. Her diary and correspondence with her brother were published in 1900.

<br/>"
2116,2168,May 10 1867     ,1867-05-10,"Copy outletter book British Library Add MSS.55387 (1) P. 168	",,"[[footnote:1]]The novelist Dinah Craik (1826-1887), who had married Macmillan’s partner in 1865, had shared lodgings with Frances Martin in 1850 when both were in their early twenties.

<br/>"
2117,2169,May 13th [1867],1867-05-13,MS Library of Congress[[footnote:1]] ,"Elderfield, Otterbourne, Winchester.","[[footnote:1]]Black-edged paper.

[[footnote:2]]She had obtained Francis Turner Palgrave\'s permission to use an extract from his father\'s <i>[[otherbook:479]History of Normandy and England]</i> in the book of [[cmybook:71]<i>Historical Selections]</i> she and Sewell were editing

[[footnote:3]]This must mean \'no photographs of Queen Emma\'.
"
2118,2170,May 14. 1867,1867-05-14,Copy outletter book British Library Add MSS.55387 (1) P. 171,,
2119,2171,May 16. 1867.,1867-05-16,Copy outletter book British Library Add MSS.55387 (1) P. 179,,[[footnote:1]]CMY was compiling her <i>[[cmybook:80]Book of Worthies]</i>.
2120,2172,May 23. 1867,1867-05-23,Copy outletter book British Library Add MSS.55387 (1) P. 209,,[[footnote:1]]The sense of this is presumably \'your large law paper\'.
2121,2173,May 25 th [1867],1867-05-25,MS Mrs Clare Roels[[footnote:1]],,"[[footnote:1]]Black-edged paper.

[[footnote:2]]Christabel Coleridge had taken over supervision of the distribution of the <i>Barnacle</i> from CMY who is warning her of some of the problems in getting the members of the [[other:104]Gosling Society] to pass it from one to another."
2122,2174,Whit Monday [10 June]1867,1867-06-10,MS British Library Add MSS 54920: 176-177[[footnote:1]],"Elderfield, Otterbourne, Winchester.","[[footnote:1]]Black-edged paper.

[[footnote:2]]The battle of the Granicus (334 BC) was a victory of Alexander the Great over the Persians, described in <i>[[cmybook:80]A Book of Worthies]</i>.

<br/>[[footnote:5]]According to a recent local history of Eastleigh she ultimately contributed £500. For further details of plans for the church see letter to Robert Brett dated 4 September 1867.

<br/>[[footnote:6]]Johanna Batty, who contributed to <i>MP</i> as ‘Ivanovna’.

<br/>[[footnote:7]]For Macmillan’s response, see next letter.

<br/>"
2124,2176,June 12th [1867],1867-06-12,MS Charlotte Mitchell[[footnote:1]] ,"Elderfield, Otterbourne, Winchester.","[[footnote:1]]Black-edged paper.

[[footnote:2]]This suggests that Edith Jacob had recommended a nursery maid to JBY’s family, and CMY is giving news of her progress.

[[footnote:3]]The farmhouse at Hursley which [[person:1015]Dr. George Moberly] had rented from Sir William Heathcote, which his family were now leaving for ever.
"
2123,2175,June 1867.,1867-06-18,Copy outletter book British Library Add MSS.55387 (1) P. 276,,"[[footnote:1]]The books originally published by [[other:152]Parker] which Macmillan was now distributing for CMY \'on commission\'. See letters between CMY and Macmillan dated 7, 9 and 13 October 1863.

<br/>"
2125,2177,June 24th [1867],1867-06-24,"MS Westcountry Studies Library, Exeter/ Yonge 1867/ 2[[footnote:1]]",Elderfield,"[[footnote:1]]Black-edged paper. With envelope addressed to Miss Smith/ 8 Wellington Road/ Charlton SW [sic] and postmarked London 25 June 1867.

[[footnote:2]]The article was a review of an exhibition at the National Portrait Gallery.



<br/>"
2126,2178,June 26th 1867.,1867-06-26,MS Charlotte Mitchell[[footnote:1]],"Elderfield, Otterbourne, Winchester.","[[footnote:1]]Black-edged paper.

<br/>"
2128,2180,June 27 1867,1867-06-27,Copy outletter book British Library Add MSS.55387 (1): P. 305,,
2127,2179,June 27th [1867],1867-06-27,"MS Princeton University, Parrish Collection, CO171: Box 29[[footnote:1]]","Elderfield, Otterbourne, Winchester.","[[footnote:1]]Black-edged paper.

[[footnote:2]]Probably the poem for the thirteenth Sunday after Trinity in [[otherbook:186]<i>The Child’s Christian Year]</i>, which begins: ‘ The Assyrian King in splendour came/ Determined Judah\'s pride to tame,/ Came to reproach and to defy/ With blasphemy, the Lord most high.’ Biggs had contributed ‘English Hymnology’ <i>MP</i> (July 1867) 14-19, the first in a series which he published as a [[otherbook:545]book] in 1873."
2129,2181,June 28th 1867,1867-06-28,MS British Library Add MSS 54920: 178-180:[[footnote:1]] ,"Elderfield, Otterbourne, Winchester.","[[footnote:1]]Black-edged paper.

[[footnote:2]]She was working on <i>The Pupils of St. John the Divine</i>.

[[footnote:3]]The Seven Churches in Asia are listed in Revelation 1:11. They are Ephesus, Smyrna, Pergamos, Thyatira, Sardis, Philadelphia, and Laodicea.

[[footnote:4]]Ignatius and Polycarp were bishops of Antioch and Smyrna respectively. Both were pupils of St John and early Christian martyrs.
"
2130,2182,June 29. 1867.,1867-06-29,Copy outletter book British Library Add MSS.55387 (1): P. 313,,"[[footnote:1]]CMY had been anxious whether Macmillan\'s view of his [[other:145]Sunday Library] was consonant with her High Church views.

[[footnote:2]]The lions in the Colosseum who devoured St John’s pupil Ignatius.

<br/>"
2131,2183,July 1st [1867],1867-07-01,MS British Library Add MSS 54920: 181-182,Elderfield Otterbourn,"[[footnote:1]]He had objected to the childish tone of her draft chapters of <i>[[cmybook:72]The Pupils of St. John the Divine]</i>.

[[footnote:2]]This would be in connection with the book of <i>[[cmybook:71]Historical Selections]</i> being compiled by CMY and Sewell.
"
2132,2184,July 4th [1867],1867-07-04,MS UCLA: collection 100: box 95[[footnote:1]],"Elderfield, Otterbourne, Winchester.","[[footnote:1]]Black-edged paper and envelope postmarked Winchester C Jy 4 67, addressed to “Miss Alcock/39 Green Street/Grosvenor Square/London W”.
"
2133,2185,July 6th [1867],1867-07-06,MS Mrs Clare Roels,"Elderfield, Otterbourne, Winchester.",
2134,2186,July 9th [1867],1867-07-09,MS British Library Add MSS 54920: 183-184,"Elderfield, Otterbourne, Winchester.","[[footnote:1]]The <i>Pall Mall Gazette</i> (2 July 1867), 11, reviewed <i>[[cmybook:63]The Danvers Papers]</i> in appreciative if slightly patronizing terms."
3432,3484,July 9th [1867],1867-07-09,MS Charlotte Mitchell[[footnote:1]],"Elderfield, Otterbourne, Winchester.","[[footnote:1]]With envelope addressed to Mrs Johns/ Winton House/ Winchester and postmarked Winchester 9 July 1867.

<br/>"
2135,2187,July 10th [1867],1867-07-10,MS UCLA: collection 100: box 95[[footnote:2]],,"[[footnote:1]]Perhaps addressed to Harriet Poole (b. 1843/4), a governess. ‘Rosa’s Dream’ was not published in <i>MP</i> under that title.

[[footnote:2]]Part of the letter is obscured by paper pasted on the back.
"
2137,2189,July 12 1867,1867-07-12,Copy outletter book British Library Add MSS.55387 (1) P. 348,,
2136,2188,July 12th [1867],1867-07-12,MS British Library Add MSS 54920: 185,"Elderfield, Otterbourne, Winchester.","[[footnote:1]]Macmillan agreed to take the parcel to CMY’s correspondent [[person:873]Miss Lewis], of 710 Pine St., Philadelphia."
2138,2190,16 July [1867],1867-07-16,MS Charlotte Mitchell,"Elderfield, Otterbourne, Winchester.","[[footnote:1]]Probably an illustrated card that CMY placed in the hymn book she used regularly.

[[footnote:2]]Perhaps the nursery maid referred to in the letter of 12 June 1867.

[[footnote:3]]Annotated in another hand ‘(a story sent for the Monthly Packet)’, 

[[footnote:4]]Annotated in another hand: “(The ‘friend’ & Miss Yonge are doing a book of the Charities of England & I recommended a bit out of one of the Prince’s speeches at ‘Sons of the Clergy’[)]”. The Corporation of the Sons of the Clergy was a Church of England charity.

[[footnote:5]]The sensation novelist Annie Hall Thomas (1836-1918) married in 1867 the Rev. Pender Hodge Cudlip (1835-1911), who was curate of Yealmpton, near Puslinch. Other people apart from CMY and her family were scandalized by the fast tone of Annie Thomas’s fiction; she was also very prolific, and had already published <i>Lady Lorme</i> (1863), <i>The Cross of Honour</i> (1863), <i>Denis Donne</i> (1864), <i>Bertie Bray</i> (1864), <i>A Dangerous Secret</i> (1864) <i>Sir Victor’s Choice</i> (1864), <i>On Guard</i> (1865), <i>Theo Leigh</i> (1865), <i>Barry O’ Byrne</i> (1865), <i>Walter Goring</i> (1866), <i>Played Out</i> (1866), and <i>Called to Account</i> (1867), one of which presumably must be the novel described. 

[[footnote:6]]Domum was a festival at [[other:50]Winchester College];  Anne Mackenzie, who was staying in Hursley, had evidently asked CMY and her mother to look after her invalid nephew George Dundas (1844-1869)."
2139,2191,July 17. 1867,1867-07-17,Copy outletter book British Library Add MSS.55387 (1): P. 360,,[[footnote:1]]This letter is concerned with the appearance of CMY\'s <[[cmybook:72]The Pupils of St. John the Divine]</i> in Macmillan\'s Sunday Library series edited by Frances Martin.
2140,2192, July 18th 1867,1867-07-18,MS British Library Add MSS. 54974/24,"Canal Cottage, Bude, Cornwall","[[footnote:1]]On his way to his martyrdom in Rome (he was eaten by lions in the Colosseum), Ignatius (died c.67AD), one of the pupils of St John and later Bishop of Antioch, wrote a series of Epistles to his congregation in which these words appear.  Frances Martin, the editor of Macmillan\'s [[other:145]Sunday Library], with her Broad Church views and interest in recent biblical criticism, was unsympathetic to CMY’s High Church preoccupation with such questions as the apostolic succession. Objections of this kind had been foreseen by CMY in her letter to Macmillan of 28 June, and she had been reassured by him in his letter of June 29.

[[footnote:2]]Papias of Hierapolis was a writer whose fragmentary surviving works record traditions of the early church.  "
2142,2194,July 18/1867,1867-07-18,Copy outletter book British Library Add MSS.55387 (1): P. 362,,"[[footnote:1]]Frances Martin, the editor of Macmillan\'s [[other:145]Sunday Library] series, had criticized CMY\'s <i>The Pupils of St. John the Divine</i>."
2141,2193,July 18th 1867,1867-07-18,MS British Library Add MSS 54920: 186-187,"Elderfield, Otterbourne, Winchester.","[[footnote:1]]Frances Martin was the editor of Macmillan\'s [[other:145]Sunday Library] series, to which CMY was writing <i>The Pupils of St. John the Divine</i>."
2144,2196,July 20 1867,1867-07-20,Copy outletter book British Library Add MSS.55387 (1): P. 370,,"[[footnote:1]]See also letters from Macmillan, 25 July and from CMY to Macmillan 29 July 1867.
"
2143,2195,July 20th [1867],1867-07-20,"MS Royal Institution of Great Britain, XVA/186/32 f.63/1","Elderfield, Otterbourne, Winchester.","[[footnote:1]]When CMY was at Puslinch in the summer of 1867, her cousin Duke took a number of photographs of her many of them in the garden. The two referred to here are probably those held by the National Portrait Gallery, London, and catalogued as NPG x5575 and NPG x38898.  The \'alias\' was taken from <i>The Bandit\'s Bride; or, The Maid of Saxony.: A romance</i>  by Louisa Sidney Stanhope (Minerva-Press: 1807). Copies of NPG x38898 were later sold to raise money for building a school in connection with the [[other:188]Church of the Resurrection, Eastleigh]. 

<br/>"
2146,2198,July 24.1867.,1867-07-24,Copy outletter book British Library Add MSS.55387 (1): P. 384,,
2147,2199,July 25. 1867.,1867-07-25,Copy outletter book British Library Add MSS.55387 (1): P. 389,,[[footnote:1]]CMY had asked him to deliver an illumination to her friend Miss Lewis in Philadelphia.
2148,2200,July 29th [1867] ,1867-07-29,MS British Library Add MSS 54920: 188-189,"Elderfield, Otterbourne, Winchester.",[[footnote:1]]She was working on <i>[[cmybook:72]The Pupils of St. John the Divine]</i>.
2149,2201,July 30th [1867],1867-07-30,MS Mrs Clare Roels,,"[[footnote:1]]Thomas Gray, ‘Elegy in a Country Churchyard’: ‘Full many a flower is born to blush unseen/ And waste its sweetness on the desert air.’ <i>Lilium auratum</i> had been introduced from Japan in the 1850s by Robert Fortune (1812–1880).

<br/>"
2150,2202,10 Aug. 1867.,1867-08-10,Copy outletter book British Library Add MSS.55387 (1): P. 463,,
2151,2203,Aug 12 [1867],1867-08-12,MS location unknown. Photocopies lent by Barbara Dennis: Maggie/5,,"[[footnote:1]]The Rev. Latham Wickham (b. 1833/4) was headmaster of Twyford School 1862-87.  The ten-year-old son of the Rev. Lewis Humbert, Warden of St. Cross, had recently died, and probably vacated a scholarship reserved for the children of poor clergymen.

[[footnote:2]]After his resignation from Winchester College Dr. Moberly was Rector of Brighstone, Isle of Wight from 1866 to 1869. The family did not finally leave Winchester and their holiday house near Hursley until May/June 1867.  

[[footnote:3]]The Simeons were a large family living in Hursley, children of Captain [[person:1322]Charles Simeon];  here CMY means one of their unmarried daughters.
"
2152,2204,15th Aug. 1867.,1867-08-15,Copy outletter book British Library Add MSS.55387 (1): P. 469,,"[[footnote:1]]Frances Martin was the editor of [[other:145]Macmillan\'s Sunday Library], in which CMY\'s <i>The Pupils of St. John the Divine</i> was going to appear."
2153,2205,Aug 16th [1867],1867-08-16,"MS Historical Society of Pennsylvania: Gratz Collection: Case 10, Box 36. British Authors ","Elderfield, Otterbourne, Winchester. ","[[footnote:1]]Unidentified.

[[footnote:3]]‘[[otherbook:506]The naval review]’, by A sailor’s daughter, had appeared in <i>MP</i> in September.
"
2154,2206,Sept 4th 1867,1867-09-04,"MS Princeton University, Parrish Collection C0171: Box 29","Elderfield, Otterbourne, Winchester.","[[footnote:1]]<i>i.e</i>. pew rents were not paid and seating was free to all.
"
2155,2207,Sept 24th [1867],1867-09-24,MS Mrs Clare Roels[[footnote:1]],"Elderfield, Otterbourne, Winchester. ","[[footnote:1]]Endorsed ‘1867’.

[[footnote:2]]The copies of the <i>Barnacle</i> were assembled from material written by contributors on their own paper, and though member of the [[other:104]Gosling Society] were begged and exhorted to use a standard size, the pages vary a good deal in size and shape.

[[footnote:3]]<i>Two and Two</i>, a story by Frances Peard (Fern Seed) features in the last extant volume of the <i>Barnacle</i> (Michaelmas 1867).

<br/>"
2156,2208,"September 24, 1867",1867-09-24,"MS location unknown. This fragment printed in Coleridge, <i>[[otherbook:40]Life]</i> 235",,
2157,2209,September 28 [1867],1867-09-28,"MS location unknown. Printed in Coleridge, <i>[[otherbook:40]Life]</i> 316-7","Elderfield, Otterbourne, Winchester","[[footnote:1]]To distinguish her from her eldest cousin Mary Yonge.

<br/>"
3512,3564,Michaelmas [29 September ?1867],1867-09-29,"MS  Harry Ransom Humanities Research Center, University of Texas, Austin","Elderfield, Otterbourne, Winchester.	","[[footnote:1]]Sic: CMY apparently lost the thread of her sentence when turning the page.  An excerpt from James C. Morison, <i>[[otherbook:577]Life and Times of St. Bernard]</i> appeared in the second volume of <i>[[cmybook:82]European History]</i> (1871).  It is tempting to date the letter to 1869, but the use of the word \'we\' seems to place it definitely before the death of CMY\'s mother.
"
2158,2210,Octr 10th [1867],1867-10-10,MS Miss Sarah Jardine-Willoughby,Puslinch,"[[footnote:1]]The Pan-Anglican Synod which had opened (25 September 1867) at Lambeth Palace.  The Encyclical condemned the views of the Rt. Rev.[[person:1872]John William Colenso], Bishop of Natal.

[[footnote:2]]CMY appears to be referring here to the legal case of the Bishop of Exeter <i>v.</i> Marshall (1867), which related to a Bishop\'s right to refuse to admit a clergyman to a benefice in his diocese.  The Rev. P. C. Marshall, vicar of Tregony, Cornwall, resigned his living, and, since he owned the right of presentation to it, chose as his successor the Rev. John Reid.  Dr. Phillpotts, Bishop of Exeter refused to institute Reid, against whom there were allegations of attempted simony and non-residence in his previous parish; but Marshall fought the case to the House of Lords and won. 

<br/>"
2159,2211,Oct 12th 1867,1867-10-12,MS British Library Add MSS 54920: 190-191,Puslinch Yealmpton,"[[footnote:1]]The letter is endorsed ‘Roman Magazine & Roman Zeitung publ by Otto Franke probably Borges is the translator’.

<br/>"
2160,2212,Oct 12th 1867,1867-10-12,MS Mrs Clare Roels,Puslinch Yealmpton,"[[footnote:1]]Probably the question was how much [[other:1422]Warne] should pay Coleridge for the copyright of <i>[[otherbook:500]Giftie]</i>, in comparison with whatever had been paid by CMY for the publication of ‘The Eagle of one house is the Goose of another’ in <i>MP</i>.

<br/>"
2161,2213,[late October] 1867,1867-10-18,MS British Library Add MSS 54920: 192-193[[footnote:1]],[[other:196]Weston] St Mary Church Torquay ,"[[footnote:1]]Endorsed ‘Macmillan replied 1 Nov’.

[[footnote:2]]CMY\'s friend in Philadelphia, to whom Macmillan had, at CMY’s request, delivered \'a roll of paper containing an illumination\'. 

<br/>"
3456,3508,Oct 28th [1867?][[footnote:1]],1867-10-28,MS UCLA: collection 100: box 95,Puslinch,"[[footnote:1]]She was at Puslinch in late October 1867, but this is not conclusive evidence for this date.
"
2162,2214,Nov: 1.1867.,1867-11-01,Copy outletter book British Library Add MSS.55387 (2): P. 650,,[[footnote:1]]CMY had been told that her draft of <i>The Pupils of St. John the Divine</i> was not long enough.
2163,2215,"November 4, 1867",1867-11-04,"MS location unknown. Printed in Coleridge, <i>[[otherbook:40]Life]</i> 229-30",Weston St. Mary Church,"[[footnote:1]]CMY and her mother were staying with the Patteson sisters in Torquay for the consecration of the new church of [[other:195]All Saints, Babbacombe].

[[footnote:2]]Coleridge transcribes \'Scroffs\' but the most likely candidate for the person referred to is [[person:1999]Emma Frances Scroggs], the wife of a former curate of Keble\'s, who now lived at Kingsteignton, nearby.

[[footnote:3]]The Rt. Rev. George Augustus Selwyn, Bishop of New Zealand, his wife Sarah and her cousin Caroline Abraham.

[[footnote:4]]This is a reference to the controversy about the Rt. Rev.[[person:1872] John William Colenso] (1814 - 1883), Bishop of Natal, who had been excommunicated for heresy in 1863 by the Rt. Rev. Robert Gray (1809-1872), Bishop of Cape Town. Colenso fought his case, and won in the courts in 1866. In the aftermath, the Rev. William Butler was offered the bishopric of Natal, and accepted, but was dissuaded by Archbishop Longley and another appointment was eventually made.

<br/>"
2164,2216,Nov: 11.1867.,1867-11-11,Copy outletter book British Library Add MSS.55387 (1) P. 670,,[[footnote:1]]Frances Martin was the editor of [[other:145]Macmillan\'s Sunday Library].
2165,2217,16th [November 1867],1867-11-16,MS Charlotte Mitchell[[footnote:1]],"Elderfield, Otterbourne, Winchester.","[[footnote:1]]Black-edged paper.

[[footnote:2]]At the consecration of [[other:195]All Saints, Babbacombe].

[[footnote:3]]The sentence beginning ‘Most likely’ has been substituted for several erased lines.
"
2166,2218,Novr 20th [1867],1867-11-20,MS British Library Add.42577 f.348,"Elderfield, Otterbourne, Winchester.","[[footnote:1]][[person:1607]Francis Arthur Yonge] (1861-1919) and [[person:1630]Maurice Edward Yonge] (1867-1940).

[[footnote:2]]CMY used the same metaphor when discussing the editorship of the Sunday Library with Macmillan. See letter to Macmillan, 10 February 1865.  CMY is evidently replying point by point to Valentine\'s letter, and it is not easy to be certain what she refers to.  The very successful burlesque book might perhaps be <i>Alice\'s Adventures in Wonderland</i> (1865) which had reached its ninth thousand by October 1867. 

<br/>"
2167,2219,Nov:21. 1867,1867-11-21,Copy outletter book British Library Add MSS.55387 (2): P. 705,,[[footnote:1]]CMY was contributing a volume to [[other:145]Macmillan\'s Sunday Library].
2168,2220,Novr 30th [1867?],1867-11-30,MS Charlotte Mitchell. ,"Elderfield, Otterbourne, Winchester.",
2170,2222,Decr 4th 1867,1867-12-04,MS British Library Add MSS 54920: 194,"Elderfield, Otterbourne, Winchester.","[[footnote:1]]Unprivileged: Those without a license to sell.

<br/>"
2171,2223,Decr 14th [1867],1867-12-14,MS Charlotte Mitchell,"Elderfield, Otterbourne, Winchester.","[[footnote:1]]The letter is endorsed ‘after receiving the MS of ‘Watching’.
"
2172,2224,"Christmas Day [25 December], 1867.",1867-12-25,"MS location unknown. Printed in Yonge, <i>[[cmybook:102]Life of John Coleridge Patteson]</i>, II, 291-9.",Norfolk Island,"[[footnote:1]]The old school near Auckland had been called St. Andrew’s, after the church founded in <i>[[cmybook:24]The Daisy Chain]</i>, from the proceeds of which it had been built.  CMY notes ‘He need not have been sorry. I give this to show his kind scrupulous consideration; but I, like everyone else, could not help feeling that it was more fitting that the germ of a missionary theological college should not bear a name even in allusion to a work of fiction.’

[[footnote:2]]CMY notes (<i>Life of John Coleridge Patteson</i> II, 299): ‘The conclusion is missing. I think it asked for a copy of ‘Eucharistic Adoration’ and also whether I could state Mr. Keble’s opinions as expressed in direct teaching or conversation on the subject.’

<br/>"
2173,2225,Decr 30th [1867],1867-12-30,"MS Bodleian Library, Oxford: MSS. Wilberforce c. 16 ff64-5[[footnote:1]]",Otterbourne,"[[footnote:1]]Black-edged paper.

[[footnote:2]]CMY had been in Devon in October, returning on 12 November 1867. This excuse to Bishop Wilberforce may mark the beginning of her mother’s decline.

<br/>"
2174,2226,Dec.31. 1867.,1867-12-31,Copy outletter book British Library Add MSS.55387 (2): P. 827,,"[[footnote:1]]There are no letters from CMY in the Macmillan archives between December 4 1867 and May 5 1868, even though there are copies in the outletter book of 11 written by Macmillan on issues relating to the final publication of <i>[[cmybook:72]The Pupils of St John]</i> (the opening volume in Macmillan\'s Sunday Library series), and to the progress of her <i>[[cmybook:73]Cameos from English History]</i> and of the <i>[[cmybook:71]Historical Selections]</i> she was editing with[[person:1301]Elizabeth Sewell].  One possibility is that Macmillan gave the letters to [[person:971]Frances Martin]."
2198,2250,[1868],1868-00-00,MS Charlotte Mitchell,,"[[footnote:1]]Jacob is evidently seeking the admission of Miss Erle, whose first name was presumably Margaretta or Margaret, to a home for incurables. CMY had a subscriber\'s vote at the [[other:37]Royal Hospital for Incurables], but the [[other:26]Home for Incurable and Infirm Women] is another possibility."
2175,2227,Jany 1st 1868,1868-01-01,"MS UCLA; Collection 846 (Mulock Family Papers), Box 2, Folder 14","Elderfield, Otterbourne, Winchester.","[[footnote:1]]\'Good Catholics, being the history of \\""Les Petites Soeurs des Pauvres\\""\' by Henriette de Witt appeared in the January 1868 issue of <i>[[other:78]Macmillan\'s Magazine]</i>. 

[[footnote:2]]No doubt because of Plymouth\'s strong Nonconformist tradition and the opposition which had met Lydia Sellon’s attempts to establish a sisterhood there.

<br/>"
2176,2228,Jan. 6. 1868.,1868-01-06,Copy outletter book British Library Add MSS.55387 (2): P. 845,,"[[footnote:1]]CMY\'s <i>Pupils of St. John the Divine</i> was appearing in [[other:145]Macmillan\'s Sunday Library] series, to which she later contributed <i>Pioneers and Founders</i> on a more modern topic."
2177,2229,Jan [<i>illegible</i>] 1868,1868-01-18,Copy outletter book British Library Add MSS.55387 (2): P. 907,Bedford Street [<i>illegible</i>],[[footnote:1]]These were presumably [[person:60]Edward Armitage]\'s illustrations for <i>[[cmybook:72]The Pupils of St. John the Divine]</i> in Macmillan\'s [[other:145]Sunday Library] series.
2178,2230,"January 22, 1868.",1868-01-22,"MS location unknown. Printed in Yonge, <i>[[cmybook:102]Life of John Coleridge Patteson]</i>, II, 303-5.",[Norfolk Island],
2179,2231,Jany 23d [1868],1868-01-23,"MS Westcountry Studies Library, Exeter/ Yonge 1869/1[[footnote:1]] ",,"[[footnote:1]]Black-edged paper.

[[footnote:2]] Most of the features CMY criticized remain in the published story, \'Mr. Short\'s Summer Visit to Bishop Thornton\' <i>MP</i> (July 1868) 42-53, but Sally appears on p.53.

[[footnote:3]]CMY and her mother subscribed to the [[other:38]Earlswood Asylum], so had a vote to give eligible candidates.  Carter Smith was trying to get a girl in, but the Yonges had been unable to vote for her in 1866, having promised their vote elsewhere. See letter to A. Carter Smith of 3 May 1866.

<br/>"
3472,3524,Feb 17th [1868],1868-02-17,"MS Princeton University, Parrish Collection",,"[[footnote:1]]Margaret Gatty was the editor of <i>[[other:54]Aunt Judy’s Magazine]</i>, published by Bell.
"
2180,2232,Feb 18 1868,1868-02-18,Copy outletter book British Library Add MSS.55388 (1): P.27,,"[[footnote:1]]This relates to the choice of title for the anthology of historical writing edited by CMY and Elizabeth Sewell, eventually published as <i>[[cmybook:71]Historical Selections: A Series of Readings from the Best Authorities in English and European History]</i>."
2182,2234,Febry 18th [1868],1868-02-18,MS Mrs Clare Roels,"Elderfield, Otterbourne, Winchester.","[[footnote:1]]It sounds as if there had been two members of the [[other:104]Gosling Society] with the sobriquet Firefly.  However, the only one traced is [[person:1168]Jessie Peters].
"
2181,2233,Feb 21 1868,1868-02-21,Copy outletter book British Library Add MSS.55388 (1): P.35,,"[[footnote:1]]This relates to the choice of title for the anthology of historical writing edited by CMY and Elizabeth Sewell, eventually published as <i>[[cmybook:71]Historical Selections: A Series of Readings from the Best Authorities in English and European History]</i>."
2183,2235,Feb 27 1868,1868-02-27,Copy outletter book British Library Add MSS.55388 (1): P. 62 ,,[[footnote:1]]Probably that for <i>[[cmybook:71]Historical Selections]</i>.
2184,2236,March 4 1868,1868-03-04,Copy outletter book British Library Add MSS.55388 (1): P.88,,
2186,2238,March 6 1868[[footnote:1]],1868-03-06,Copy outletter book British Library Add MSS.55388 (1): P.99 ,,"[[footnote:1]]Although dated earlier than the previous letter from Macmillan, this letter is placed after it in the Macmillan letter book

<br/>"
2185,2237,March 8 1868,1868-03-08,Copy outletter book British Library Add MSS.55388 (1): P. 90 ,,"[[footnote:1]]This refers to <i>[[cmybook:72]The Pupils of St. John the Divine]</i>, which was published in one volume, as the first in the [[other:145]Sunday Library], and advertised as cloth 4<i>s.</i>, gilt edges 4<i>s.</i> 6<i>d.</i>. "
2188,2240,April 4th [1868],1868-04-04,"MS Princeton University, Parrish Collection, C0171: Box 29","Elderfield, Otterbourne, Winchester.","[[footnote:1]]Presumably her [[person:1606]mother]\'s mental and physical decline.
"
2187,2239,April 11 1868,1868-04-11,Copy outletter book British Library Add MSS.55388 (1): P.227 ,,[[footnote:1]]Pearson\'s book was excerpted in both <i>[[cmybook:71]Historical Selections]</i> and its continuation <i>[[cmybook:82]European History]</i>.
3487,3539,April 24th [1868?[[footnote:1]]],1868-04-24,MS UCLA: collection 100: box 95,,"[[footnote:1]]The letter must post-date the marriage of Frances Yonge’s sister Louisa to Frank Halliday in August 1866.  The reference to Montrose (about whom Dampier published a novel with a preface by CMY, <i>[[cmybook:91]Lady Beatrix Graham]</i>) may possibly relate to a correspondence in <i>MP</i> between September and December 1868, in which a line from Lovelace\'s \'To Lucasta, on Going to the Wars\' was incorrectly attributed to Montrose."
2189,2241,April 29 1868,1868-04-29,Copy outletter book British Library Add MSS.55388 (1): P. 302 ,,
2190,2242,May 1 1868,1868-05-01,Copy outletter book British Library Add MSS.55388 (1): P. 312 ,,
2191,2243,May 5th 1868,1868-05-05,MS British Library Add MSS 54920: 195-6,"Elderfield, Otterbourne, Winchester.","[[footnote:1]]The first volume of <i>Cameos from English History</i> was published in 1868, the second in 1871.
"
2192,2244,May 6th 1868,1868-05-06,"MS Princeton University, Parrish Collection, C0171: Box 29","Elderfield, Otterbourne, Winchester.","[[footnote:1]]For the laying of the first stone of Keble College, Oxford.

[[footnote:2]]Janetta Sewell, who kept house for her brother, the Warden of New College, Oxford, sister of Elizabeth Missing, Ellen and Emma Sewell and aunt of Eleanor Sewell.

<br/>[[footnote:3]]William Bright (1824–1901), of University College, Oxford, who had published <i>Hymns and Other Poems</i> (London: Rivington 1866).

<br/>"
2193,2245,May 11th [1868],1868-05-11,MS British Library Add MSS 54920: 197-8,"Elderfield, Otterbourne, Winchester.",
2195,2247,May 29 1868,1868-05-29,Copy outletter book British Library Add MSS.55387 (1) P. 400 ,,
2194,2246,May 29th [1868],1868-05-29,MS British Library Add MSS 54920: 199-200,"Elderfield, Otterbourne, Winchester.","[[footnote:1]]This issue, and the reference to Clay’s complaint, must have been raised by Macmillan in letters either missing from the archive, or indecipherable because of bad wet-press copying.

<br/>"
2196,2248,May 30th [1868],1868-05-30,MS British Library Add MSS 54920: 201-2,"Elderfield, Otterbourne, Winchester.","[[footnote:1]]CMY appears to be referring to the illustration which Macmillan had had put on the title page.

[[footnote:2]]The book does not appear to have been published under this title, nor Miss Eyre to have published at this period under that name.

<br/>"
2197,2249,June 1st 1868,1868-06-01,MS Charlotte Mitchell,"Elderfield, Otterbourne, Winchester.","[[footnote:1]][[person:1607]Francis Arthur], [[person:1613]Helen Emma], [[person:182]Louisa Alethea] and [[person:1630]Maurice Edward Yonge], CMY\'s nephews and nieces.

[[footnote:2]]This sentence has been inserted above the line.
"
2199,2251,2 June 1868,1868-06-02,MS Charlotte Mitchell,"Elderfield, Otterbourne, Winchester.","[[footnote:1]]Agnes Jones (1832- 19 February 1868), lady superintendent of the Liverpool Workhouse Infirmary. Florence Nightingale’s article ‘Una and the Lion’ <i>Good Words</i> 9 (1868) 360-6 described her career without mentioning her by name.

<br/>"
2200,2252, June 10 1868,1868-06-10,Copy outletter book British Library Add MSS.55387 (1) P. 447,,
2201,2253,June 13th [1868],1868-06-13,"MS Princeton University, Parrish Collection, CO171: Box 29","Elderfield, Otterbourne, Winchester. ","[[footnote:1]]These were the notes to the anthology of historical writing <i>[[cmybook:71]Historical Selections]</i> which they had jointly compiled.

<br/>"
2202,2254,June 27 1868,1868-06-27,Copy outletter book British Library Add MSS.55388 (1): P. 490 ,,"[[footnote:1]]These were for the <i>[[cmybook:71]Historical Selections]</i> compiled by CMY and Elizabeth Sewell.

[[footnote:2]]<i>The Chaplet of Pearls</i> was being serialized in <i>[[other:52]MP]</i>."
2203,2255,July 1st [1868],1868-07-01,MS Mrs Clare Roels,"Elderfield, Otterbourne, Winchester.","[[footnote:1]]The boat sailed from Southampton, picking up Bishop Robert Gray and his wife at Plymouth on 10 October 1868.

[[footnote:2]]The mother of Sparrowhawk (Anne Baker b.1840/1) was sister to Bog Oak (Mary Anderson Morshead)’s father; her mother and the mother of Iceberg (Mary Sunderland 1853/4-1877), were sisters.
"
2210,2262,[July 1868[[footnote:1]]] ,1868-07-18,"MS Westcountry Studies Library, Exeter/ Yonge 1867/ 3 ",,"[[footnote:1]]The paper has been cut about to remove the signature, address and date.

[[footnote:2]]A. Carter Smith’s article ‘National Portrait Gallery’ appeared in <i>MP</i> 1868 (2): 65.

<br/>[[footnote:3]]Walter Farquhar Hook wrote <i>The Three Reformations</i> (1847), <i>Lives of the Archbishops of Canterbury</i> (1862) and <i>A Church Dictionary</i> (1864, 9th ed.)

<br/>"
2205,2257,"[Norfolk Island, 18 July 1868]",1868-07-18,"MS location unknown. This fragment printed in Yonge, <i>[[cmybook:102]Life of John Coleridge Patteson]</i>, II, 330-1.[[footnote:1]]",,"[[footnote:1]]The second paragraph was omitted from the revised edition.
"
2204,2256,July 18th [1868?],1868-07-18,MS University of Iowa; MsL/Y56va,"Elderfield, Otterbourne, Winchester.",[[footnote:1]]It sounds as if Valentine had solicited a contribution to one of the annuals she edited for Warne.  
2206,2258,July 22nd [1868],1868-07-22,MS British Library Add MSS 54920: 203-4,"Elderfield, Otterbourne, Winchester.",
2207,2259,July 22nd 1868,1868-07-22,"MS Girton College Cambridge, GCRF 9/1/22. Partly quoted in M.C.Bradbrook, <i>‘That infidel place’: a short history of Girton College, 1859-1969</i> (London: Chatto & Windus 1969).","Elderfield, Otterbourne, Winchester.","[[footnote:1]]Emily Davies was trying to gain support for a residential college for women where they could undertake standard undergraduate degree courses. The college was established at Hitchin, halfway between London and Cambridge on 16 October 1869. In October 1873 it was moved to Cambridge and renamed [[other:201]Girton College].

<br/>"
2208,2260,July 23 [1868[[footnote:1]]],1868-07-23,MS Charlotte Mitchell,"Elderfield, Otterbourne, Winchester.","[[footnote:1]]The year date has been added in pencil in another hand.

[[footnote:2]]Malvern in Worcestershire was a well-known health resort.

[[footnote:3]]Her [[person:1606]mother] was increasingly feeble in mind and body.

[[footnote:4]]The Consecration of the [[other:188]Church of the Resurrection], Eastleigh to whose building fund CMY had made a substantial contribution.
"
2209,2261,July 24 [1868],1868-07-24,"MS Princeton University, Parrish Collection, C0171: Box 29","Elderfield, Otterbourne, Winchester.				",
2212,2264,[Late August 1868],1868-08-18,"MS Princeton University, Parrish Collection, CO171: Box 29",,"[[footnote:1]]The [[other:188]Church of the Resurrection], Eastleigh was consecrated on 13 August 1868.

[[footnote:3]]The High Church party had since the 1830s been concerned that the Church of England would be \'disestablished\' and placed on the same footing as other denominations.

[[footnote:4]]CMY’s uncle Dr James Yonge of Plymouth. married secondly (25 August 1868) Anna. Susanna Couch (d. 1894). His first wife, his cousin Margaret Crawley, had died on 22 April 1867. After their three children died in 1830-31, she \'gave way entirely to her grief\' and became a recluse until her death (Coleridge, <i>[[otherbook:40]Life]</i> p. 78).  
"
2211,2263,Aug 26th [1868],1868-08-26,MS University of Iowa; MsL/Y56,"Elderfield, Otterbourne, Winchester.","[[footnote:1]]Edith Crawley was a second cousin of CMY\'s, and was one of the women who accompanied the Rt. Rev. [[person:578]Robert Gray] and his wife Sophia (Myddleton) Gray (d.1871) on his return to his diocese of Cape Town. They included Mary Anderson Morshead, and [[person:495]Anna Jane (Fair) Seymour]; the latter may have been the older lady CMY mentions.

<br/>"
2213,2265,Sept 5th [1868],1868-09-05,MS British Library Add MSS 54920: 208-9,"Elderfield, Otterbourne, Winchester.",
2214,2266,Sept 9th [1868],1868-09-09,MS British Library Add MSS 54920: 210-11,"Elderfield, Otterbourne, Winchester.","[[footnote:1]]The Cameo concerning the Edward I\'s conquest of Wales had accidentally been omitted from the book version.

[[footnote:2]]In the end she dealt with this problem by adding an apologetic preface to <i>The Chaplet of Pearls</i>, in which Sidney and Walsingham are characters.
"
2215,2267,Sept 15th [1868],1868-09-15,MS Mrs Clare Roels,"Elderfield, Otterbourne, Winchester. ","[[footnote:1]]For Cape Town to work as a missionary. See letter to Christabel Coleridge, 1 July 1868.

[[footnote:2]]Laura Valentine worked as a children’s books editor for Warne, who published <i>Giftie</i> in 1869; the annual was probably <i>Warne’s Home Annual</i> (1869 etc). Perhaps the Christmas 1868 edition was dated 1869."
2216,2268,Sept 21 [1868[[footnote:1]]],1868-09-21,MS Charlotte Mitchell,Elderfield,"[[footnote:1]]The year date has been added in pencil in another hand, and the words ‘The first year of my illness.’

[[footnote:2]]Annotated ‘It was in answer to this I said that our Blessed Lord seemed to know this human instinct in us when he instituted the Blessed Sacrament by which we might touch Him, to which CY alludes in her next’.

<br/>"
2217,2269,Sept 23d [1868],1868-09-23,MS British Library Add MSS 54920: 212-3,Elderfield,"[[footnote:1]]Endorsed ‘Routledge attending to this’.  These anachronisms were noted in the preface to <i>[[cmybook:69]The Chaplet of Pearls]</i>.

[[footnote:2]]Frederick Warne (1825-1901), publisher, had offices at 15 Bedford Street, next door to Macmillan.

<br/>"
2218,2270,"Sept. 30, 1868",1868-09-30,MS location unknown. This fragment printed in <i>[[otherbook:122]Dulce Domum]</i> 206-7,Otterbourne,"[[footnote:1]]CMY’s mother Frances Mary Yonge had died on 28 September 1868.

[[footnote:2]]<i>i. e</i>. at WCY\'s funeral.

[[footnote:3]]Henry Vaughan (1621-1695): ‘They are all gone into the world of light!/ And I alone sit lingring here’.
"
2219,2271,"September 30, 1868",1868-09-30,"MS location unknown. Printed in Coleridge, <i>[[otherbook:40]Life]</i> 235","Elderfield, Otterbourne, Winchester",
2220,2272,Oct 1st [1868],1868-10-01,MS British Library Add MSS 54920: 214-5[[footnote:1]],"Elderfield, Otterbourne, Winchester.","[[footnote:1]]Black-edged paper.

<br/>"
2222,2274,Oct 3d [1868],1868-10-03,MS Charlotte Mitchell[[footnote:1]],"Elderfield, Otterbourne, Winchester.","[[footnote:1]]Black-edged paper. The letter is inscribed in pencil ‘To Gertrude’ and the date ‘1868’ added in pencil. CMY seems to have taken two sheets of paper stuck together, and her letter is only on the outside of one and inside of another. The rest of the space has been filled by the note from Gertrude Jacob to Edith Jacob.

[[footnote:2]]Major-General Sir George Le Grand Jacob (1805-1881), their uncle, an invalid and oriental scholar with whom Gertrude lived as adopted daughter, and with whom she wrote <i>Western India before and during the Mutinies</i> (1871).

[[footnote:3]]Presumably their pet bullfinch.

<br/>"
2221,2273,"October 3, 1868.",1868-10-03,"MS location unknown. This fragment printed in Yonge, <i>[[cmybook:102]Life of John Coleridge Patteson]</i>, II, 337-8.[[footnote:1]]",Auckland.,"[[footnote:1]]The third paragraph was omitted from the revised edition.

[[footnote:2]]CMY\'s mother had already died by the time Patteson wrote this letter.

[[footnote:2]]Patteson had come to New Zealand to attend the General Synod and to say goodbye to Bishop Selwyn who was returning to England to become Bishop of Lichfield.

<br/>"
2223,2275,"October 5, 1868",1868-10-05,"MS location unknown. Printed in Coleridge, <i>[[otherbook:40]Life]</i> 236 - 7","Elderfield, Otterbourne, Winchester","[[footnote:1]]Keble, <i>[[otherbook:232]Lyra Innocentium]</i>, V, 5: 



Even now the call that wakes the dying 

Steals on thine ear with gentle sighing: 

The breath, the dew of heaven hath touched thy tongue: 

Far to the winds are flung 

The bonds unseen, ill spirits\' work: 

Satan no more may round thee lurk, 

Thine  Ephphatha  is sung.



The word appears in Mark 7:34, where Jesus’s healing of the deaf and dumb man is described: \'And looking up to heaven, he sighed, and saith unto him, Ephphatha, that is, Be opened.\'

[[footnote:2]]<i>i.e.</i> one strand on [[person:1631]WCY]\'s death 

[[footnote:2]]Coleridge transcribed ‘Poole’ here and in the next paragraph, but the reference below to ‘the three brother-like cousins’ indicates that CMY meant ‘Anne [Yonge] and John Pode’.

[[footnote:3]]Probably another mistranscription for Frances (Walter) Yonge’s sister Mary Walter (b.1845).
"
2225,2277,Oct 6th [1868[[footnote:2]]],1868-10-06,MS Charlotte Mitchell[[footnote:1]],"Elderfield, Otterbourne, Winchester.","[[footnote:1]]Black-edged paper.

[[footnote:2]]‘1867’ has been added in pencil in another hand, and then changed to ‘1868’. The letter is annotated in pencil ‘after Mrs Yonge’s death’ and also marked ‘Return’.

[[footnote:3]]The death of her mother [[person:1606]FMY] on 28 September 1868.

[[footnote:4]]Annotated in pencil ‘spinal chair’.
"
2226,2278,Oct 7th 1868,1868-10-07,MS British Library Add MSS 54920: 216-7[[footnote:1]],"Elderfield, Otterbourne, Winchester.","[[footnote:1]]Black-edged paper.

[[footnote:2]]A story for which CMY was trying to find a publisher, possibly the \'story of Indian life\' mentioned in the letters to Macmillan dated 23 September and 10 October 1868.

<br/>"
2227,2279,Oct 8th [1868],1868-10-08,MS University of Delaware ,"Elderfield, Otterbourne, Winchester. ",[[footnote:1]]The sorrow was for the death of her mother [[person:1606]FMY] on 28 September 1868.
2229,2281,Oct 8th [1868],1868-10-08,"MS Westcountry Studies Library, Exeter/ Yonge 1868/1[[footnote:1]]","Elderfield, Otterbourne, Winchester.","[[footnote:1]]Black-edged paper.

[[footnote:2]]CMY is replying to a letter of condolence on the death of [[person:1606]FMY], who died on 28 September 1868. Ann Carter Smith’s father, the Rev. Richard Carter Smith, perpetual curate of St. Paul’s Charlton, had died on on 1 October 1864."
2228,2280,"October 8, 1868",1868-10-08,"MS location unknown. Printed in Coleridge, <i>[[otherbook:40]Life]</i> 297-9","Elderfield, Otterbourne, Winchester.","[[footnote:1]]CMY\'s mother died on 28 September 1868. Caroline Cooke-Trench was Sir William Heathcote’s daughter by his first marriage. He had been a great friend of CMY\'s father [[person:1631]WCY], who had died in 1854. The later references in the letter suggest that Heathcote was at Malvern for his health.

[[footnote:2]]Perhaps Ecclesiastes 12: 1 \'Remember now thy Creator in the days of thy youth, while the evil days come not, nor the years draw nigh, when thou shalt say, I have no pleasure in them\' or 12:5: \'and the grasshopper shall be a burden, and desire shall fail: because man goeth to his long home, and the mourners go about the streets.\'

[[footnote:3]]The Collect for St. Michael\'s day in the <i>Book of Common Prayer</i>:



O EVERLASTING God, who hast ordained and constituted the services of Angels and men in a wonderful order; Mercifully grant that, as thy holy Angels always do thee service in heaven, so, by thy appointment, they may succour and defend us on earth; through Jesus Christ our Lord. Amen."
2230,2282,Oct 10th 1868,1868-10-10,MS British Library Add MSS 54920: 218-9[[footnote:1]],"Elderfield, Otterbourne, Winchester.","[[footnote:1]]Black-edged paper.

[[footnote:2]]CMY subsequently lent her name as editor to Warne\'s \'[[cmybook:212]Star of Hope]\' and \'[[cmybook:211]Victoria Tales and Stories]\' series.  Possibly the projected series may be connected with either or both of these.

[[footnote:3]]A list is appended in a different hand: ‘Heartsease, Dynevor Terrace, Heir of Redclyffe, Daisy Chain, Hopes & Fears, Young Stepmother, Dove in Eagle’s Nest, Clever Woman of A Family.’

<br/>"
2224,2276,[early] Oct. 1868.,1868-10-18,"MS location unknown. This fragment printed in <i>[[otherbook:122]Dulce Domum]</i>, 207.","Otterbourne,","[[footnote:1]]Anne Yonge (b. 1825) would have been 29 fourteen years earlier, Emily Awdry (nee Moberly) (b. 1839) only 15.

[[footnote:2]]Dr Moberly was appointed a Canon of Chester in October 1868, and the family moved there in December 1868.
"
2231,2283,Oct 20th [1868],1868-10-20,MS British Library Add MSS 54920: 220-1[[footnote:1]],"Elderfield, Otterbourne, Winchester.","[[footnote:1]]Black-edged paper.
"
2232,2284,Oct 20th [1868],1868-10-20,MS Miss Sarah Jardine-Willoughby[[footnote:1]],"Elderfield, Otterbourne, Winchester.","[[footnote:1]]Black-edged paper. The words ‘of our heliotropes’ written on the reverse in CMY’s hand.

[[footnote:2]]The name has been erased in ink.

[[footnote:3]]The [[other:188]Church of the Resurrection], Eastleigh, being consecrated, funds were now being raised for a Church of England school in connection with it.  The photographs were of CMY herself.

<br/>"
2233,2285,Octr 24. 1868,1868-10-24,MS WDRO Acc No 308: 24/10/68,,
2234,2286,Oct 26th 1868,1868-10-26,MS British Library Add MSS 54920: 224[[footnote:1]],"Elderfield, Otterbourne, Winchester. ","[[footnote:1]]Black-edged paper.

[[footnote:2]]Guizot contributed to Macmillan\'s [[other:145]Sunday Library] a volume entitled <i>[[otherbook:535]Great Christians of France: St. Louis and Calvin]</i> (London: Macmillan 1868)."
2235,2287,Oct 26th 1868,1868-10-26,MS UCLA: collection 100: box 95[[footnote:1]],"Elderfield, Otterbourne, Winchester.","[[footnote:1]]Black-edged paper and a small black-edged blue envelope addressed “The Revd J F Moor/Ampfield”, not sent through the post.

[[footnote:2]]Selina and Philip Moor were the Moors\' two youngest children."
2236,2288,St. S[imon]. & J[ude]. [28 October] 1868,1868-10-28,"MS location unknown. Printed in Coleridge, <i>[[otherbook:40]Life]</i> 237-8","Elderfield, Otterbourne, Winchester","[[footnote:1]]She had become an Exterior Sister of the [[other:21]Community of St Mary the Virgin], Wantage, a sisterhood founded by Butler in 1848.

[[footnote:2]]It is interesting that CMY applied to herself this poem by John Henry Newman. Although it subsequently gained the title \'Flowers without Fruit\', when it appeared in <i>[[otherbook:92]Lyra Apostolica]</i> it was called \'Deeds not Words\':



Prune thou thy words; the thoughts control

That o\'er thee swell and throng;--

They will condense within thy soul,

And change to purpose strong.



But he who lets his feelings run

In soft luxurious flow,

Shrinks when hard service must be done,

And faints at every woe.



Faith\'s meanest deed more favor bears,

Where hearts and wills are weighed,

Than brightest transports, choicest prayers,

Which bloom their hour, and fade. 



[[footnote:3]]Coleridge transcribes \'missing\', but the quotation, from Tate and Brady\'s version of  Psalm 43 5:4, runs:



I sigh, whene\'er my musing thoughts

Those happy days present,

When I with troops of pious friends

Thy temple did frequent;"
2237,2289,Oct 30th [1868],1868-10-30,MS University of Edinburgh Library[[footnote:1]],"Elderfield, Otterbourne, Winchester.","[[footnote:1]]Black-edged paper.
"
2238,2290,Novr 6th [1868],1868-11-06,"MS King Edward VI School, Southampton.[[footnote:1]]","Elderfield, Otterbourne, Winchester.","[[footnote:1]]Black-edged paper.

[[footnote:2]]The elections of 23 November 1868 were the first under the extended franchise, and resulted in a Liberal landslide and the formation of Gladstone’s first ministry.


"
2301,2353,Novr 9th [1868],1868-11-09,"MS Harry Ransom Humanities Research Center, University of Texas.[[footnote:1]] ","Elderfield, Otterbourne, Winchester.","[[footnote:1]]Black-edged paper

[[footnote:2]]During the 1850s Oxford and Cambridge had established written examinations to test the adequacy of the teaching in boys’ schools. They became known as \'local\' examinations because they were held at centres throughout the country.  In 1863 Emily Davies, the educational pioneer, had arranged for girls to be admitted informally to the Cambridge examinations, and in 1865 girls were formally admitted.  CMY’s <i>[[cmybook:125]The Disturbing Element, or, Chronicles of the Blue-bell Society]</i> (1878) concerns a group of girls who come together to prepare for the Cambridge locals.

<br/>"
3677,20021,Nov 10th [1868],1868-11-10,"MS Yale University, Beinecke Library ","Elderfield, Otterbourne, Winchester.","[[footnote:1]]Dinah Mulock Craik, <i>The Woman\'s Kingdom</i>. 3 vols.London:Hurst and Blackett, 1869. (First published serially in [[other:73]<i>Good Words</i>], Jan-Dec, 1868.)

[[footnote:2]]Sir John Robert Mowbray, Bt. (1815–1899) succeeded Sir William Heathcote as M. P. for the University of Oxford in 1868."
2241,2293,[November 1868],1868-11-18,"MS location unknown. This fragment printed in <i>[[otherbook:122]Dulce Domum]</i>, 207-8.",Puslinch,"[[footnote:1]]Dora Frances Moberly’s had become engaged to the Rev. Charles Martin, whom she married 14 September 1869.

[[footnote:2]]Mary Anne Dyson\'s sister-in-law [[person:462]Elizabeth Dyson] (with whom she had lived at Crookham since her brother’s death) had died in the first quarter of 1868, and CMY\'s [[person:1606]mother] had died on 28 September 1868.

<br/>"
2239,2291,Nov 20th [1868],1868-11-20,MS Mrs Clare Roels[[footnote:1]],Puslinch,"[[footnote:1]]Black-edged paper.

[[footnote:2]]Mary Augusta Arnold was trying to enrol as a member of the Gosling Society and also suggesting that her Guernsey friend Theodora Clarke would like to join too.

[[footnote:3]][[person:1384]Mary Sunderland] and Annie Baker were first cousins to Mary Morshead.

[[footnote:5]]Emily Synge and (probably) Anna Swinton.

<br/>"
2240,2292,[22 November 1868],1868-11-22,MS British Library Add MSS 54920: 222-3[[footnote:1]],"Elderfield, Otterbourne, Winchester.","[[footnote:1]]Black-edged paper.

[[footnote:2]]CMY’s nephew, [[person:1607]Francis Arthur Yonge] was going to be seven on 23 November 1868.

<br/>"
2242,2294,Decr 3d [1868],1868-12-03,MS Mrs Clare Roels[[footnote:1]],Puslinch Yealmpton,"[[footnote:1]]Black-edged paper.

[[footnote:2]]A reference to the photograph of CMY which she was selling in aid of the proposed school in connection with the [[other:188]Church of the Resurrection], Eastleigh.

[[footnote:3]]The letter is concerned with the administration of the [[other:104]Gosling Society], of which Coleridge was secretary."
3571,3908,Decr 6th [1868],1868-12-06,MS Chris Bebbington[[footnote:1]],Puslinch,"[[footnote:1]]Black-edged paper

[[footnote:2]]This may be meant to read \'Befsie\', or an old-fashioned handwritten double-S may have been used.  The latter is not really typical of CMY\'s writing, but is not impossible at this date.  There may be a hidden joke involved."
2243,2295,"December 21, 1868.",1868-12-21,"MS location unknown. This fragment printed in Yonge, <i>[[cmybook:102]Life of John Coleridge Patteson]</i>, II, 341-4 and 346-8.","St. Thomas, Norfolk Island","[[footnote:1]]The passage between asterisks was omitted from the revised edition.

[[footnote:2]]The rest of the letter, from this point on, was omitted from the abridged edition.

[[footnote:3]]CMY\'s [[person:1606]mother] had died on 28 September 1868."
2294,2346,[1869],1869-00-00,"MS fragment Bodleian Library, Oxford: MS English Letters: e 86[[footnote:1]]",,"[[footnote:1]]The envelope is addressed to \'The Revd/[[person:1046] J F Moor]/Ampfield/Romsey’ and postmarked Winchester Oc 5/69.
"
2244,2296,"January 19, 1869",1869-01-19,"MS location unknown. Printed in Coleridge, <i>[[otherbook:40]Life]</i> 331-2",,"[[footnote:1]]Mary Morshead was now working as a missionary in Cape Town.

[[footnote:2]]It seems probable that the article \'[[otherbook:538]Account of the Consecration of the Rev. W. K. Macrorie]\' which subsequently appeared in <i>MP</i> was by Mary Morshead.

[[footnote:3]]It is not quite clear which periodical CMY refers to here;  the <i>Illustrated London News</i> seems unlikely to have been making animadversions on the <i>MP</i>;  a more likely possibility is the <i>Pictorial Missionary News</i> edited by the Rev. Henry Grattan Guinness.

[[footnote:4]]The sisters were [[person:36]Louisa] (b.1846/7), [[person:34]Julia] (b. 1850/1), [[person:37]Mildred] (b. 1855/6) and Beatrice Anderson Morshead.

[[footnote:5]]The Rt. Rev. William Kenneth Macrorie (1831-1905) was consecrated Bishop of Maritzburg by Bishop Gray on 25 January 1869, a rival to [[person:1872]Colenso] who was still in Natal maintaining his right to be bishop.  The Rt. Rev. Archibald Campbell Tait, Bishop of London, had been appointed Archbishop of Canterbury in October 1868.

[[footnote:6]]The Ven. Edwin Palmer (1824-1895), archdeacon of Oxford, was not appointed head of Keble College.
"
2245,2297,Jany 25th [1869],1869-01-25,"MS New York Public Library, De Coursey Fales Collection/4[[footnote:1]]","Elderfield, Otterbourne, Winchester.","[[footnote:1]]Black-edged paper, endorsed ‘1869’.

[[footnote:2]]Possibly [[person:1301]Elizabeth Missing Sewell], a number of whose letters from CMY are marked in this way.

<br/>"
2246,2298,Febry 2nd [1869],1869-02-02,MS British Library Add MSS 54920: 225-6[[footnote:1]],"Elderfield, Otterbourne, Winchester.",[[footnote:1]]Black-edged paper.
3495,3547,Febry 4 [1869[[footnote:2]]],1869-02-04,MS UCLA: collection 100: box 95[[footnote:1]],"Elderfield, Otterbourne, Winchester.","[[footnote:1]]Black-edged paper.

[[footnote:2]]Dated on the assumption that it refers to Henriette de Witt’s article [[otherbook:575]\'Across the Sea’], which appeared in <i>[[other:54]Aunt Judy’s Magazine]</i> (March 1869) 273-286.

<br/>"
2248,2300,"February 11, 1869.",1869-02-11,"MS location unknown. This fragment printed in Coleridge, <i>[[otherbook:40]Life]</i> p. 259",Rownhams,"[[footnote:1]]John Keble, ‘Third Sunday after Easter’ from <i>[[otherbook:95]The Christian Year]</i>.

[[footnote:2]]CMY was staying with the Rev. Robert Wilson, Vicar of Rownhams, and his wife Maria, and reading Sir John Taylor Coleridge\'s biography of [[person:798]Keble], which did not give general satisfaction.

Christabel Coleridge transcribes \'Siddon\' but it may be that Mrs Wilson had discussed the book with the [[person:877]Rev. Henry Parry Liddon].
"
2249,2301,Feb 13th [1869],1869-02-13,"MS Columbia University Library, New York: Lohf Collection[[footnote:1]] ","Elderfield, Otterbourne, Winchester.","[[footnote:1]]Black-edged paper.

[[footnote:2]]The \'incurable list\' was evidently a list of candidates for admission to an asylum;  perhaps either the [[other:26]Home for Incurable and Infirm Women] or the [[other:37]Royal Hospital for Incurables]."
3581,7759,Feb 15th 1869,1869-02-15,MS British Library: Coleridge Family Papers E: Add MSS 86206 Yonge JTC  ,Elderfield,
2250,2302,Feb 18th [1869],1869-02-18,"MS Harry Ransom Humanities Resource Center, University of Texas.","‘Monthly Packet’, 6, Paternoster Row, London, E.C.	",
2251,2303,Febry 21st [1869],1869-02-21,MS Huntington Library: Letters to Frederick James Furnivall. FU 974[[footnote:1]],,"[[footnote:1]]Black-edged paper. Small black-edged envelope with black fuchsia-like flowering plant on flap, addressed F J Furnivall Esq/ 3 Old Square/ Lincolns Inn/ London WC.

[[footnote:2]]<i>Hymns to the Virgin & Christ, The parliament of devils, and Other Religious Poems, Chiefly from the Archbishop of Canterbury’s Lambeth MS. no. 853</i> ed. F. J. Furnivall (London, Early English Text Society 1867-8)  and  <i>Political, religious, and love poems from the Archbishop of Canterbury’s Lambeth MS. no. 306, and other sources ; with a fragment of the romance of Peare of Provence and the fair Maguelone ; and a sketch, with the prolog and epilog, of the romance of The Knight Amoryus and the Lady Cleopes by John Metham, scholar of Cambridge, A.D. 1448-9</i> ed. F. J. Furnivall (London, Early English Texts Society 1866).

<br/>"
2252,2304,"February 28, 1869",1869-02-28,"MS location unknown. Printed in Coleridge, <i>[[otherbook:40]Life]</i> 299-300","Elderfield, Otterbourne, Winchester","[[footnote:1]]CMY means she was unwilling to review Coleridge\'s recent [[otherbook:226]biography] of Keble.

[[footnote:2]]The <i>British Critic</i> had ceased publication in 1843;  CMY was no doubt looking for an article by or about Keble in it.

[[footnote:3]]It sounds as if Sir John Taylor Coleridge was involved in a dispute of some kind with the architect [[person:2028]G. E. Street].

<br/>"
2254,2306,March 6 th [1869],1869-03-06,MS Mrs Clare Roels,,[[footnote:1]]The circulation of essays between the various members of the [[other:104]Gosling Society] caused endless trouble.
2256,2308,March 7th [1869],1869-03-07,"MS Girton College Cambridge, Yonge V 1[[footnote:1]]",Elderfield,"[[footnote:1]]Black-edged paper.

[[footnote:2]]<i>Le Petit duc</i>. Par l\'auteur de \'L\'Héritier de Redclyffe\'. Traduit par Mme Eugène Bersier. (Paris: Meyrueis 1855).

[[footnote:3]]Of <i>[[cmybook:72]The Pupils of St. John the Divine]</i>. On 11 August 1868 CMY signed receipts for £200 each for the copyrights of the <i>Cameos</i> and <i>The Pupils</i>. [BL: Add.54920/206 and 207].

[[footnote:4]]CMY disliked [[other:60]Armitage]\'s [[other:167]illustrations] of <i>The Pupils</i>."
2257,2309,March 16th [1869],1869-03-16,"MS Princeton University, Parrish Collection[[footnote:1]]","Elderfield, Otterbourne, Winchester.","[[footnote:1]]Black-edged paper.

[[footnote:2]]Margaret Wilcox was a cousin and close friend of Lewis Carroll\'s.

<br/>"
2258,2310,March 17 [1869],1869-03-17,MS Charlotte Mitchell/2[[footnote:1]],"Elderfield, Otterbourne, Winchester.","[[footnote:1]]Black-edged paper.

<br/>"
2255,2307,[March 1869],1869-03-18,MS Mrs Clare Roels[[footnote:1]],,"[[footnote:1]]Black-edged paper. 

[[footnote:2]]This seems to be the only surviving example of a \'Cackle\', one of the circular letters with which CMY communicated with the members of the [[other:104]Gosling Society]."
2340,2392,Friday [November or December 1870][[footnote:1]],1869-03-18,MS UCLA collection 100 box 119/5,Ecclesfield,"[[footnote:1]][The watermark on the paper is Joynson 1869.

[[footnote:2]]A correspondent named K.A.H.  in <i>MP</i> ns 10 (November 1870), 528,  asked for the identification of the first four lines of Shakespeare’s sonnet 71, and was answered in the December number, 628, with the rather discouraging comment: ‘Those of the Sonnets which most readers of English Poetry know, are exquisite;  but the whole collection amounts to <i>one hundred and fifty-four</i> and these are of all degrees of merit, or the reverse.’

[[footnote:3]]Juliana Horatia Ewing,  ‘The blind hermit and the Trinity flower’ <i>MP</i> ns 11 (May 1871) 490-7.

<br/>"
2259,2311,March 20th [1869],1869-03-20,MS British Library Add MSS 54920: 227-8[[footnote:1]],"Elderfield, Otterbourne, Winchester.","[[footnote:1]]Black-edged paper.

[[footnote:2]]Nevertheless Macmillan was to publish it in his magazine, in three parts: [[cmybook:74]\'Children’s literature of the last century: I. - Nursery books of the eighteenth century.\']; [[cmybook:75]Children’s literature of the last century: II. - Didactic fiction.\']; and [[cmybook:76]\'Children’s literature of the last century: III. - Class literature of the last thirty years.\']
"
2260,2312,March 25th [1869],1869-03-25,"MS Princeton University, Parrish Collection, CO171: Box 29[[footnote:1]]","Elderfield, Otterbourne, Winchester.","[[footnote:1]]Black-edged paper.
"
2261,2313,March 29th [1869],1869-03-29,MS British Library Add MSS 54920: 230-31[[footnote:1]],"Elderfield, Otterbourne, Winchester.","[[footnote:1]]Black-edged paper.

[[footnote:2]]This project became <i>A Storehouse of Stories</i>, [[cmybook:83]first series] (1870) and [[cmybook:96]second series] (1872). 
"
2262,2314,April 1st [1869],1869-04-01,"MS Princeton University, Parrish Collection, CO171[[footnote:1]]","Elderfield, Otterbourne, Winchester.","[[footnote:1]]Black-edged paper.

<br/>"
3519,3571,[April? 1869[[footnote:1]]],1869-04-18,"MS Harry Ransom Humanities Research Center, University of Texas, Austin","Elderfield, Otterbourne, Winchester.","[[footnote:1]]CMY visited the Moberlys at Brightstone in May 1869.

[[footnote:2]]Probably Thomas Keightley, <i>The Crusaders, or, Scenes, Events and Characters from the Times of the Crusades</i> (London: Parker, 1834).
"
2355,2407,May 14th [1869],1869-05-14,MS UCLA: collection 100: box 95[[footnote:1]],"Elderfield,  Otterbourne, Winchester.","[[footnote:1]]Black-edged paper.

[[footnote:2]]This letter is dated on the assumption that the conference referred to was over the [[cmybook:82]second series] of their <i>Historical Selections</i>, and that it took place during CMY\'s May 1869 visit to the Moberlys at Brighstone.  It appears that CMY intending subsequently to stay at New College with Sewell\'s brother [[person:1304]Edwards] and sister [[person:1305]Janetta Sewell].  

<br/>"
2263,2315,May 29th [1869],1869-05-29,"MS Bodleian Library, Oxford: MS English Letters: e 86.[[footnote:1]] ","Elderfield, Otterbourne, Winchester.",[[footnote:1]]Black-edged paper.
2264,2316,June 4th [1869],1869-06-04,"MS Keble College, Oxford, Liddon Correspondence 1869 (2:4).[[footnote:1]]",New College,"[[footnote:1]]Blue paper with the printed centred address ‘Elderfield, Otterbourne, Winchester.’ crossed out.  Transcribed by the librarian, Margaret Sarosi.

[[footnote:2]]This was published in <i>MP</i> and collected in <i>[[cmybook:88]Musings over the Christian Year]</i>.

[[footnote:3]]CMY refers to Coleridge\'s <i>[[otherbook:226]A Memoir of the Rev. John Keble]."
2265,2317,June 7. [1869],1869-06-07,"MS location unknown. Printed in Coleridge, <i>[[otherbook:40]Life]</i> p. 259","Wantage,","[[footnote:1]]The universities of Oxford and Cambridge had recently voted money for the purchase in the Near East of Arabic and other ancient manuscripts.  There was also a geographical survey being made of the Sinai peninsula, which it was hoped would shed light on the history and geography of the Old Testament.

[[footnote:2]]If this is a quotation it is unidentified, but it clearly refers to the elaborate parish arrangements which the [[person:244]Reverend William Butler] and his family had established in Wantage.  These included schools, welfare workers and a nunnery, the [[other:21]Community of St. Mary the Virgin], of which CMY at about this time became an Associate Member.

<br/>"
2267,2319,June 9th 1869,1869-06-09,"MS Princeton University, Parrish Collection, CO171: Box 29[[footnote:1]]",Wantage[[footnote:2]],"[[footnote:1]]Black-edged paper.

[[footnote:2]]The paper has the printed Elderfield address, but this has been cancelled in ink.
"
2268,2320,June 14th [1869],1869-06-14,MS Mrs Caroline Fairclough/17[[footnote:2]],"Elderfield, Otterbourne, Winchester.","[[footnote:1]]Black-edged paper, endorsed ‘1868?’.

[[footnote:2]]This and subsequent letters to Arthur Butler refer to a series in <i>MP</i> by CMY called ‘Polyglott Parsing’, a discussion between several cousins about differences between Greek, Latin, German, French, Italian and Spanish, compared with reference to various translations of the New Testament, which began in July 1869 and of which 8 chapters appeared, increasingly infrequently, the last in August 1870. There are several references to Grimm’s Law in ‘Polyglott Parsing’, for example in Chapter 4, ‘Phonetic Changes’ (Oct 1869).

[[footnote:3]]Francisque Michel\'s translations of Tennyson included <i>Viviane</i> (1868) and <i>Genièvre</i> (1868).

[[footnote:4]]The 1869 Royal Academy Summer Exhibition included John Bagnold Burgess\'s \'The Troubles in the Church\', a scene of a Roman Catholic priest seated with two youths, and Edwin Landseer, \'Swannery invaded by Sea Eagles\'.

The two pictures are illustrated respectively at 

www.icollector.com/James-Bagnold-Burgess-1830-1897-British-THE-TROUBLES-IN-THE-CHURCH-Oil-on-canvas-titled-t_i83806

and at www.artraart.com/ufiles/landseer_swannery_thumb.jpg."
2269,2321,June 17th [1869?],1869-06-17,MS New York Public Library: Berg Collection [[footnote:1]],"Elderfield, Otterbourne, Winchester.","[[footnote:1]]Black-edged paper.

<br/>"
2270,2322,June 18th [1869],1869-06-18,MS Mrs Caroline Fairclough/18[[footnote:1]],"Elderfield, Otterbourne, Winchester.","[[footnote:1]]Black-edged paper.

[[footnote:2]]This correspondence with Arthur Butler relates to a series in <i>MP</i> on which they were collaborating entitled [[cmybook:348]\'Polyglott Parsing\'], which traced the connections between several ancient and modern languages.

[[footnote:3]]CMY felt that she photographed badly, and had nicknamed some taken by her cousin Duke Yonge \'the Bandit\'s Bride\', perhaps after <i>The Bandit\'s Bride; or, The Maid of Saxony.: A romance</i>  by Louisa Sidney Stanhope (London: Minerva Press 1807).  \'smiling at grief\' is from <i>Twelfth Night</i> II, 4.
"
2271,2323,June 22nd [1869],1869-06-22,"MS Princeton University, Parrish Collection, CO171: Box 29"," “Monthly Packet” 6, Paternoster Row, London, E.C.",
2272,2324,June 24th [1869],1869-06-24,"MS Princeton University, Parrish Collection, CO171: Box 29[[footnote:1]]","Elderfield, Otterbourne, Winchester. ","[[footnote:1]]Black-edged paper.

[[footnote:2]]\'Mrs. Twitch\' was a story, signed R. L. C., published in <i>MP</i> (June 1869) 606-12, which gave rise to a query answered in (October 1869) 415.  Two later stories, also about Mrs Twitch and presumably by the same author, were \'Pin-Baskets\' (June 1875) 639-646, and \'True and Just in All My Dealings\' (September 1881) 300-3.  \'St. Canace\'s Jackdaw\' was a poem, published in <i>MP</i> (August 1869) 140-1.  The other stories mentioned have not been traced.  
"
2273,2325,July 5th [1869],1869-07-05,MS Mrs Caroline Fairclough/18[[footnote:1]],"Elderfield, Otterbourne, Winchester.","[[footnote:1]]Black-edged paper.

<br/>"
3459,3511,July 12th [1869?],1869-07-12,MS Huntington Library[[footnote:1]],"Elderfield, Otterbourne, Winchester.","[[footnote:1]]Black-edged paper.

[[footnote:2]]This refers to Furnivall’s edition of the works of Andrew Borde, <i>The first boke of the introduction of knowledge and a compendyous regyment or a dyetary of helth, with, Barnes in the defence of the Berde, a treatyse made answerynge the treatyse of Doctor Borde upon Berdes: edited, with a life of Andrew Boorde and large extracts from his Breuyary</i>  (London: Early English Text Society, 1870).  Borde observed in <i>The First Boke of the Introduction of Knowledge</i> that  ‘In Cornwal is two speches, the one is naughty englyshe, and the other is Cornyshe speche.’  The friend might have been [[person:1160]Frances Mary Peard].

<br/>"
2274,2326,July 12th [1869],1869-07-12,MS Mrs Caroline Fairclough/20[[footnote:1]],"Elderfield, Otterbourne, Winchester.","[[footnote:1]]Black-edged paper.

[[footnote:2]]This letter refers to Chapters 2 and 3 of ‘[[cmybook:348]Polyglott Parsing]’: ‘Articles and Cases’ and ‘Conjunctions and Comparatives’, which appeared in <i>MP</i> 8 (August 1869) 170-7 and (September 1869) 293-6, respectively.

[[footnote:3]]This probably refers to one of the many editions and translations of Giovanni Veneroni, <i>Le maître italien</i> (1681), an Italian language manual originally written for the French market, or another work by the same author.

[[footnote:4]]CMY actually wrote ðïëãò.

<br/>"
2275,2327,July 29th [1869],1869-07-29,MS Mrs Katherine Wykes-Sneyd[[footnote:1]],Elderfield ,"[[footnote:1]]Black-edged paper.

[[footnote:2]]Henrietta Fursdon’s younger sister [[person:539]Mary] became a member of the [[other:104]Gosling Society] this year.

<br/>"
2276,2328,August 5 [1869],1869-08-05,"MS location unknown. Printed in Coleridge, <i>[[otherbook:40]Life]</i> 238- 241","[[other:205]Val Richer], ","[[footnote:1]]Like CMY, Guizot had contributed to the Sunday Library series.

[[footnote:2]]The Abbey of Bec is mentioned in <i>[[cmybook:20]The Little Duke]</i>.

[[footnote:3]]Henriette (Guizot) de Witt (1829-1908), translator and author, elder daughter of Guizot, had married Conrad de Witt in 1850. Their two surviving children were [[person:425]Marguérite] (1853-1924) and [[person:424]Jeanne] (1855-1944)."
2277,2329,August 6. [1869],1869-08-06,"MS location unknown. Printed in Coleridge, <i>[[otherbook:40]Life]</i> 241-244","[[other:25]Val Richer], ","[[footnote:1]]CRC’s note: In the <i>Chaplet of Pearls</i>.

[[footnote:2]]Although Guizot was himself a Protestant, he was evidently taking a great interest in the imminent First Vatican Council, which opened in Rome in December 1869, and was much concerned with issues of Papal authority. The French theologians mentioned are  Jean-Baptiste-Henri Dominique Lacordaire (1802–1861), Charles-Jean-Marie Loyson (1827-1912), known as Père Hyacinthe, another famous preacher in Paris, and Félix-Antoine-Philibert Dupanloup (1802-1878), bishop of Orléans.

[[footnote:3]]In 1846 Guizot had arranged the marriages of Isabella II, Queen of Spain (1830-1904) to her cousin [[person:69]Francisco de Asis] (1822-1902), who was thought to be impotent, and of her sister and heiress, the Infanta Maria Luisa Fernanda (1833-1897) to the [[person:918]Duc de Montpensier] (1824-1890), younger son of Louis Philippe, king of France. This contravened an existing agreement with the British designed to prevent the succession of a French prince to the Spanish throne, and caused great resentment in some circles in Britain."
2278,2330,August 9. [1869],1869-08-09,"MS location unknown. Printed in Coleridge, <i>Life</i> 245-247","Val Richer, ","[[footnote:1]]Jean-Jacques Ampère (1800-1864), historian and son of the physicist André-Marie Ampère.

[[footnote:2]]Cornélis de Witt (1852-1941), eldest son of Cornélis and Pauline de Witt.

[[footnote:3]]In the second of her three articles on children’s literature, ‘Didactic fiction: by Miss Yonge’, <i>Macmillan’s Magazine</i> Vol 20 pp.302-310.

[[footnote:4]]Ary Scheffer (1795- 1858), a French painter of Dutch extraction, much admired in his day for his depiction of religious subjects."
2279,2331,August 10. [1869],1869-08-10,"MS location unknown. Printed in Coleridge, <i>[[otherbook:40]Life]</i> 248-249","[[other:205]Val Richer], ",[[footnote:1]]Norman May is one of the principal characters in <i>[[cmybook:24]The Daisy Chain]</i>.
2280,2332,August 11. [1869],1869-08-11,"MS location unknown. Printed in Coleridge, <i>[[otherbook:40]Life]</i> 249-252","[[other:205]Val Richer], ","[[footnote:1]]Joseph-Michel Montgolfier (1740-1810) and Jacques-Étienne Montgolfier (1745-1799) were the inventors of the <i>montgolfière</i> hot air balloon, and launched the first public manned ascent on 4 June 1783. In recognition of their achievement, their father Pierre was elevated to the nobility and the hereditary appellation of de Montgolfier by King Louis XVI of France.

<br/>"
2281,2333,August 12. [1869],1869-08-12,"MS location unknown. Printed in Coleridge, <i>[[otherbook:40]Life]</i> 252-253","[[other:205]Val Richer], ","[[footnote:1]]The <i>International Magazine</i> is unidentified.

[[footnote:2]]The book referred to here was perhaps Albert Germeau, <i>[[otherbook:554]La Réforme en 1560, ou, le tumulte d\'Amboise: scènes historiques]</i> (Paris: Levavasseur 1829)."
2282,2334,August 13. [1869],1869-08-13,"MS location unknown. Printed in Coleridge, <i>[[otherbook:40]Life]</i> 254-255","[[other:205]Val Richer], ",[[footnote:1]]CMY probably meant the [[person:2046]Bishop of Bayeux].
2283,2335,August 14. [1869],1869-08-14,"MS location unknown. Printed in Coleridge, <i>[[otherbook:40]Life]</i> 255-257","Hotel Castiglione, 12 Rue Castiglione, ",
2284,2336,Aug 28th [1869],1869-08-28,MS NLS 399 f. 379-80[[footnote:1]],"Elderfield, Otterbourne, Winchester.","[[footnote:1]]Black-edged paper.
"
2285,2337,Sept 2nd [1869],1869-09-02,MS British Library Add MSS 54920: 232,Testwood,
2286,2338,Sept 4th [1869],1869-09-04,MS West Devon Area Record Office Ac 1092/27[[footnote:1]],"Elderfield, Otterbourne, Winchester. ","[[footnote:1]]Black-edged paper.

[[footnote:2]]Anne Yonge died 1 September 1869.

[[footnote:3]]John Keble, \'Burial of the Dead\' in <i>[[otherbook:92]Lyra Apostolica]</i>, 56.

[[footnote:4]]Ecclesiastes 12:2.

[[footnote:5]]Psalms 150:1."
2287,2339,"September 5, 1869",1869-09-05,"MS location unknown. Printed in Coleridge, <i>[[otherbook:40]Life]</i> 257-8","Elderfield, Otterbourne, Winchester","[[footnote:1]]CMY is too unwell to attend the funeral of her cousin Anne Yonge.

[[footnote:2]]Newton Ferrars, the parish church, with memorial tablets to all Anne’s deceased siblings.

[[footnote:2]]John Keble, \'Fire\' in <i>[[otherbook:232]Lyra Innocentium]</i>, 155.
"
2288,2340,Sept 6th [1869],1869-09-06,MS West Devon Area Record Office Ac 1092/35[[footnote:1]],"Elderfield, Otterbourne, Winchester.","[[footnote:1]]Black-edged paper.

[[footnote:2]]CMY had asked Charlotte Cordelia Yonge for an account of the death of Anne Yonge.

[[footnote:3]]Katherine (b. 1863) was the eldest of  Duke and Cordelia Yonge\'s children, and Helen (b.1860) was the eldest of CMY\'s brother\'s children.

<br/>"
2289,2341,"September 11, 1869",1869-09-11,"MS location unknown. Printed in Coleridge, <i>[[otherbook:40]Life]</i> 258-9.","Elderfield, Otterbourne, Winchester","[[footnote:1]]The tablet in the church of Holy Cross, Newton Ferrars, near Puslinch, reads:



To/ the Memory/of/ James Yonge/ Who died Nov 2nd 1834/ Aged 18 years/ Also of Edmund Charles Yonge,/ who died Jany 15 1847: aged 19 years/ sons of the Revd John Yonge,/ of Puslinch, (rector of this parish),/ and Alethea H. His Wife/ They both died at Otterbourn/ in the County of Hants./ And are interred there. Jesus said ‘What I do, thou knowest not now But thou shalt know hereafter.’ John 13. 7.



[[footnote:2]]Anne Yonge’s nephew and godson Ernest Garstin Anderson Morshead (b. 1851), was at school at Winchester College, and would have had a holiday on St. Matthew’s Day (21 September)."
2290,2342,"September 20, 1869.",1869-09-20,"MS location unknown. Printed in Coleridge, <i>[[otherbook:40]Life]</i> 316","Elderfield, Otterbourne, Winchester","[[footnote:1]]Apart from Mary Yonge, the surviving Puslinch cousins were the Rev. [[person:1599]Duke Yonge] and the youngest sister, [[person:1605]Frances], who was retarded."
2291,2343,Sept 26th [1868-9?],1869-09-26,"MS Princeton University, Parrish Collection, CO171: Box 29[[footnote:1]]","Elderfield, Otterbourne, Winchester.","[[footnote:1]]Black-edged paper.

[[footnote:2]]Kitty Moberly had married the Rev. Henry Barter in September 1863. In the 1871 census they are at Shipton under Wychwood in Oxfordshire, where he was Vicar, and where his sister Catherine Barter (b. 1820/1) is also found, running a small boarding-school with a South African ward, Salome Melango (b.1863/4). 

[[footnote:3]]Probably [[otherbook:546]‘St Peter’s Home and Sisterhood, Kilburn’], signed FF, an article describing the work of the[[other:203]sisterhood] and appealing for donations of books of all kinds for the use of the Home’s patients, <i>MP</i>(September 1869), 303-5, which was followed by a grateful acknowledgement (November 1869) 520.  It seems possible that this Miss Forrest may have been Christina Fanny Forrest (1844-1926), daughter of the Chief Constable of Hampshire, and later a campaigner for the state registration of nurses and Lady Superintendent of York County Hospital.
"
2292,2344,Sept 27th [1869],1869-09-27,"MS Princeton University, Parrish Collection, CO171: Box 29[[footnote:1]]","Elderfield, Otterbourne, Winchester.","[[footnote:1]]Black-edged paper.

[[footnote:2]]It is uncertain which story is referred to here."
2293,2345,Sept 30th [1869],1869-09-30,MS British Library Add MSS 54920: 233-4,"Elderfield, Otterbourne, Winchester.",[[footnote:1]]All the stories mentioned here were included in either the first or [[cmybook:96]second] <i>Storehouse of Stories</i>.
2295,2347,"October 8, 1869.",1869-10-08,"MS location unknown. Printed in Coleridge, <i>[[otherbook:40]Life]</i> 332-3",Elderfield,"[[footnote:1]]<i>i.e</i>. all those for whom she was accustomed to pray as a little girl: her parents, her Puslinch cousins, etc..

[[footnote:2]]The obscurity of this sentence could come from a mistranscription of  \'for\' as \'from\'. 

[[footnote:3]]The new bishops of Winchester and Oxford were respectively [[person:1517]Samuel Wilberforce] and [[person:926]John Fielder Mackarness].

[[footnote:4]]Anderson Morshead had evidently asked for women volunteers to help with the missionary work she was doing in South Africa.

[[footnote:5]]Possibly the material subsequently printed as [[cmybook:190]<i>Teachings on the Catechism for the Little Ones</i>] (1886).

[[footnote:5]]A colloquial term describing the attitude of ignorant or sensation-seeking tourists.

[[footnote:6]]Raphael\'s picture of St. Michael slaying the devil is still in the Louvre and illustrated on the site www.louvre.fr
"
2296,2348,Oct 11th [1869 [[footnote:2]]],1869-10-11,MS Charlotte Mitchell[[footnote:1]],"Elderfield, Otterbourne, Winchester.","[[footnote:1]]Black-edged paper.

[[footnote:2]]‘1868’ added in pencil in another hand, but the reference to Anne Yonge’s death on 1 September 1869 makes this impossible.

[[footnote:3]]The four sisters CMY was worried about, [[person:2052]Elizabeth], [[person:455]Mary], [[person:2053]Helen] and [[person:2054]Katherine Dundas], were aged between 28 and 19. The twin brothers were born in 1842. In fact the \'girls\' lived on in Edinburgh with their younger brothers.  Later they seem to have lived in England, where the youngest became a Sister of Mercy."
2297,2349,Oct 17th [1869],1869-10-17,MS Charlotte Mitchell/16[[footnote:1]],"Elderfield, Otterbourne, Winchester ","[[footnote:1]]Black-edged paper.

<br/>"
2298,2350,Novr 4th [1869?],1869-11-04,"MS Bodleian Library, Oxford: MS English Letters: e 86.[[footnote:1]] ","Elderfield, Otterbourne, Winchester.","[[footnote:1]]Black-edged paper.

[[footnote:2]]The problem seems to be to find accommodation nearby for Frewen Moor who is coming home from school and cannot come home because his mother is ill.  "
2299,2351,Nov 5th [1869],1869-11-05,"MS Princeton University, Parrish Collection, CO171[[footnote:1]]","Elderfield, Otterbourne, Winchester","[[footnote:1]]Black-edged paper.

[[footnote:2]]CMY had written to Macmillan on September 30th: \'I believe the [[cmybook:82]second part] of Historical Selections is almost ready.\'

<br/>"
2300,2352,Novr 6 th [1869],1869-11-06,MS WDRO Acc No 308: 6/11/69[[footnote:1]],"Elderfield, Otterbourne, Winchester.","[[footnote:1]]Black-edged paper.

[[footnote:2]]The photographs were being sold to raise money for a school in connection with the Church of the Resurrection at Eastleigh. 

[[footnote:3]]A reference to [[person:1582]Anne Yonge]’s death on 1 September 1869.

[[footnote:4]]George Moberly was consecrated as Bishop of Salisbury on 28 October 1869. 

[[footnote:5]]The husband of Alethea Mackarness (1826-1909 ), Mary Coleridge’s sister, had just been appointed Bishop of Oxford, so he would have to leave Honiton, which was conveniently near the Coleridges\' home at Ottery St. Mary. He was consecrated on 25 January 1870. The Rt. Rev. Charles Richard Sumner (1790-1874), Bishop of Winchester since 1827, had been paralysed since March 1868. After legislation had been passed enabling him to retire,  he was succeeded by the Right Rev. Samuel Wilberforce (1805-1878), the former bishop of Oxford (enthroned December 1869), creating the vacancy filled by Mackarness."
2302,2354,Novr 13th [1869],1869-11-13,MS Mrs Caroline Fairclough/21[[footnote:1]],"Elderfield, Otterbourne, Winchester.","[[footnote:1]]Black-edged paper.

[[footnote:2]]As well as discussing Butler\'s comments on her articles on \'Polyglott Parsing\', CMY is referring to the stories in her <i>[[cmybook:80]A Book of Worthies]</i> (1869).

<br/>"
2303,2355,"November 24, 1869.",1869-11-24,"MS location unknown. Printed in Yonge, <i>[[cmybook:102]Life of John Coleridge Patteson</i>], II, 390-6.",Norfolk Island,
3435,3487,[1869/70?],1869-12-01,"This fragment printed in Mary J. Harris, 1903. [[otherbook:318]<i>Memoir of Frances Mary Peard</i>],",,"[[footnote:1]] Probably \\""My Own Story\\"", a nine-part serial signed \\""F.M.P\\"" that ran in the [[other:79]Magazine for the Young] from January to September 1870. It does not seem to have appeared in volume form."
2304,2356,Decr 1st [1869],1869-12-01,"Guildhall Library MS ii,012 v. 25 f. 233[[footnote:1]]","Elderfield, Otterbourne, Winchester.","[[footnote:1]]Black-edged paper.

[[footnote:2]]This letter seems to be a response to Louisa Gibbs’s comments on CMY’s <i>[[cmybook:79]Keynotes of the First Lessons for Every Day of the Year . . .Published under the direction of the Tract Committee]</i> which was issued by the SPCK in 1869. But the plan for a larger book may relate to [[cmybook:87]<i>Scripture Readings for Schools and Families</i>] (1871-1879.

[[footnote:3]]The Rev. Richard Mant, Bishop of Down, was one of the editors of a family Bible (1814), with notes including maps, published by the S.P.C.K, which CMY mentions her father using in her childhood: ‘Daily, before breakfast, he read the Bible with us, from Mant’s edition’ ‘A Real Childhood’ <i>Mothers in Council</i> II, No 5 (January 1892) 15-19.  

[[footnote:5]]James Usher or Ussher, Archbishop of Armagh (1581-1656) had established in the 1650s that the date of the foundation of the world was 24 October 4004 BC; this reference reflects CMY’s sense that modern geology and ancient history have disputed the date, and also her unwillingness to deal with controversial matters.

[[footnote:6]]Kate (Crawley) Low was a first cousin of Louisa\'s husband Henry Hucks Gibbs.

<br/>"
2305,2357,Decr 7th [1869],1869-12-07,MS Mrs Caroline Fairclough/22[[footnote:1]],Heaths court,"[[footnote:1]]Black-edged paper.
"
3458,3510,Dec 10th [1869[[footnote:2]]],1869-12-10,MS University of Delaware[[footnote:1]],"Elderfield, Otterbourne, Winchester.","[[footnote:1]]Black-edged paper.

[[footnote:2]]CMY reverted to plain paper in May 1870.
"
2306,2358,Decr 13th [1869],1869-12-13,MS WDRO Acc No 308: 13-12-69[[footnote:1]],"Elderfield, Otterbourne, Winchester.","[[footnote:1]]Black-edged paper.

[[footnote:2]]John Fielder Mackarness, husband of the Coleridge\'s daughter Alethea, had been made Bishop of Oxford.

[[footnote:3]]The children were CMY\'s nieces and nephews and Anne Parnell was probably their nurse.
"
2307,2359,Decr 15th [1869],1869-12-15,"MS Princeton University, Parrish Collection, CO171: Box 29","“Monthly Packet” 6, Paternoster Row, London, E.C.","[[footnote:1]]Mercier\'s novel <i>Christabel Hope, or, The Beginnings of Life</i> (London, Warne 1869) was noticed in ‘Hints on Reading’ <i>MP</i> 8 (December 1869) 619 as <i>Christabel Ross</i>.

<br/>"
2308,2360,December 16 [1869],1869-12-16,"MS location unknown. Printed in Coleridge, <i>[[otherbook:40]Life]</i> 260","Elderfield, Otterbourne, Winchester","[[footnote:1]]Samuel Wilberforce, formerly Bishop of Oxford, was enthroned as Bishop of Winchester on 16 December 1869.

[[footnote:2]]Peter: 1, 24: For all flesh is grass, and all the glory of man as the flower of grass. The grass withereth, and the flower thereof falleth away:

[[footnote:3]]The Very Rev. Thomas Garnier (1776-1873), dean of Winchester since 1840, not described as old flippantly.

<br/>"
2309,2361,Decr 17th [1869],1869-12-17,MS British Library Add MSS 54920: 236-7[[footnote:1]],Elderfield,"[[footnote:1]]Black-edged paper.

[[footnote:2]]This relates to the publication of the anthology of historical writings CMY and Elizabeth Sewell had co-edited, of which the first part appeared as <i>[[cmybook:71]Historical Selections]</i> (1868) and both parts together in two volumes as <i>[[cmybook:82]European History: Narrated in a series of Historical Selections]</i> (1870).

[[footnote:3]]CMY\'s brother JBY was translating this book, to which she lent her name as editor of the translation, as is implied in the letter to Macmillan dated 29 December 1869.

[[footnote:4]]CMY was writing another book, eventually called <i>[[cmybook:90]Pioneers and Founders, or, Recent Works in the Mission Field]</i> (1871) for Macmillan\'s [[other:145]Sunday Library] series, of which Frances Martin was editor.

<br/>"
2310,2362,Decr 22 [1869],1869-12-22,MS WDRO Acc No 308: 22/12/69[[footnote:1]],"Elderfield, Otterbourne, Winchester.","[[footnote:1]]Black-edged paper.
"
2311,2363,Decr 29th [1869],1869-12-29,MS British Library Add MSS 54920: 242-3[[footnote:1]],"Elderfield, Otterbourne, Winchester.","[[footnote:1]]Black-edged paper.

[[footnote:2]]The book CMY and JBY were offering to translate was Comte Jacques-Claude Beugnot, <i>Mémoires du comte Beugnot, ancien ministre (1783-1815</i>) 2 vols (Paris: Dentu 1866). The translation, edited by CMY, was published by Hurst and Blackett in 1871.
"
3486,3538,[<i>c</i>. 1870?],1870-00-00,MS UCLA: collection 100: box 95,,"[[footnote:1]]Perhaps <i>Mémoires de Mademoiselle de Montpensier</i> ed. Adolphe Cheruel 4 vols (Paris: Charpentier 1858-9).

<br/>"
2379,2431,[1870],1870-00-00,MS UCLA: collection 100: box 95,,"[[footnote:1]]This letter evidently refers to the joint editorial work on [[cmybook:82]<i>European History</i>] (1870), the second of two anthologies of excerpts from historical writings which CMY and Sewell had published."
2636,2688,[1870-2?][[footnote:1]],1870-00-00,"MS Mitchell Library, Sydney. ML A27 1-275 (Microfilmed Sept 1993, Reel CY2846 ) [[footnote:1]]",,"[[footnote:1]]Two letters are folded together in an envelope addressed to \'Mrs Johns, Winton House, Winchester\', andpostmarked 1Winchester/D/ DE 5/70.\' This letter evidently dates between the foundation of the [[other:208]Winchester Literary and Scientific Society] and the death of the Rev. Charles Alexander Johns in 1874.  It probably dates from the earlier part of that period, since his death seems to have been preceded by illness.<br/>"
3460,3512,[1870s?],1870-00-00,MS Charlotte Mary Yonge Society/3,,"[[footnote:1]]Perhaps Miss Davies who was Diocesan Secretary of the Girls’ Friendly Society in 1878.

<br/>"
2637,2689,[late 1870s],1870-00-00,MS Charlotte Mary Yonge Society/6,"Elderfield, Otterbourne, Winchester.","[[footnote:1]]Cyril Hammond Elgie (1871-1917) was the eldest son of the Rev. Walter Elgie, curate and then Vicar of Otterbourne.  His mother wrote in Coleridge, [[otherbook:40]<i>Life</i>], 264: \'Children were not afraid of her, as many grown-up people were;  my own children were perfectly at their ease with her, and one adventurous spirit used to write stories (very ill-spelt) and send them to Miss Yonge, when an unfailing reply came, generally the same evening, telling some other story in return.\' 

<br/>"
3464,3516,Febry 14th [1870s?],1870-01-01,"MS Harry Ransom Humanities Research Center, University of Texas, Austin","Elderfield, Otterbourne, Winchester.","[[footnote:1]]The letter is obviously addressed to a child, and is catalogued in the Coleridge collection at Texas.  [[person:350]Mary Elizabeth Coleridge] (1861-1907) is suggested as a possibility.  None of the books mentioned was published later than 1862.

<br/>"
2312,2364,Jany 4th [1870],1870-01-04,MS Plymouth and West Devon Area Record Office Acc No 308: 4/1/70 [[footnote:1]],"Elderfield, Otterbourne, Winchester.","[[footnote:1]]Black-edged paper.

[[footnote:2]]There is perhaps a trace of remorse here because mean things had been said when Dr James Yonge (1793- 3 January 1870) had married for the second time (1868) Anna Susanna Couch, less than a year after the death of his first wife, who had never recovered from the death of all three of her children in 1830.

[[footnote:3]]Frances Alethea Pode (1845-1929) was the younger sister of Mary Yonge’s sister-in-law Charlotte (Pode) Yonge and first cousin to CMY. She married (1873) the Rev. Thomas Hickes (d.1907).

[[footnote:4]]The \'other house\', occupied by CMY\'s brother Julian and his wife Frances.  Her sisters Louisa and Mary, and the former\'s children, were evidently visiting.

[[footnote:5]]Mary Plumridge (b.1840/1) was mistress of the Otterbourne National School in 1867 and daughter of Henry Plumridge, the clerk to Hursley Union of parishes and former schoolmaster of Hursley.

[[footnote:6]]A Winchester photographer.  He had evidently supplied photographs of CMY to be sold to raise funds for charity.

<br/>"
2314,2366,Jan 8th [1870],1870-01-08,"MS Princeton University, Parrish Collection, C0171: Box 29 [[footnote:1]]","Elderfield,  Otterbourne, Winchester.","[[footnote:1]]Black-edged paper.

[[footnote:2]]Miss Tucker may perhaps have been author of one of the [[cmybook:211]Victoria Tales and Stories] series edited by CMY and published by Warne."
2315,2367,"Jan 8th [or perhaps 6th, 1870]",1870-01-08,MS Plymouth and West Devon Area Record Office Acc No 308: 8/1/70 [[footnote:1]],"Elderfield, Otterbourne, Winchester.","[[footnote:1]]Black-edged paper.

[[footnote:2]]As well as having a tragic home life, Dr Yonge tried to keep political radicals and religious nonconformists  from gaining influence in the city of Plymouth, with limited success.

[[footnote:3]]Emily Caroline (Garnier) Papillon (b.1839), granddaughter of the aged dean of Winchester, married (1862) Philip Oxenden Papillon (1826-1899). The dead girl was  Beatrice Emily Papillon (1863/4-1870) and  the goddaughter Muriel Caroline Papillon (b. 1866).  Two more daughters were born subsequently.

<br/>"
2313,2365,"Jan 8th	1870 [corrected from 1869]",1870-01-08,MS UCLA: collection 100: box 95 [[footnote:1]],"Elderfield, Otterbourne, Winchester.","[[footnote:1]]Black-edged paper.

<br/>"
2316,2368,Jan 17th [1870],1870-01-17,"MS  Harry Ransom Humanities Research Center, University of Texas, Austin",Elderfield,"[[footnote:1]]Jane Mary Dampier (1836/7-1906) and her sister Emily Dampier (b.1838/9) were living at this date at Twyford House, Twyford.  The former, who later married and adopted the surname Smith-Dampier, was the author of a novel, [[cmybook:91]<i>Journal of Lady Beatrix Graham</i>] (1870) which was published with an introduction by CMY.

<br/>"
3461,3513,[probably late January ?1870s],1870-01-18,"MS fragment Mitchell Library, Sydney. Autograph letters collected by Sir Henry Parkes, 1862-1888. (Microfilmed Dec 1995. Reel CY3430.)",,"[[footnote:1]]Perhaps addressed to [[person:1136]Emily Caroline (Garnier) Papillon], the mother of CMY\'s goddaughter Muriel Papillon (b.1867).

<br/>"
3580,7749,Jany 26th [1870],1870-01-26,MS British Library: Coleridge Family Papers E: Add MSS 86206 Yonge JTC [[footnote:1]],,"[[footnote:1]]Black-edged paper.  

[[footnote:2]]Her mother [[person:1606]FMY] had died on 28 September 1869."
2318,2370,[28 January 1870],1870-01-28,"MS Girton College Cambridge, Yonge VI 2 [[footnote:1]]","Elderfield, Otterbourne, Winchester.","[[footnote:1]]Black-edged paper, with  envelope addressed to  \'Miss Elizthe Sewell/Bonchurch/I of Wight\' and postmarked Winchester and Ventnor 28 and 29 January 1870.

<br/>"
2317,2369,Jany 28th  [1870],1870-01-28,MS Mrs Clare Roels [[footnote:1]],"Elderfield, Otterbourne, Winchester.","[[footnote:1]]Black-edged paper.

[[footnote:2]]Ivy is an unidentified member of the [[other:104]Gosling Society].  Double Daisy was two sisters: [[person:1161]Jane Pearson] and either Margaret or Mary Pearson.

[[footnote:3]]‘What parallel stories does folklore in different countries present to the adventures of Ulysses in the Odyssey?’  See the letter to Mary Fursdon of 29 January 1870.

[[footnote:4]]The details of Geraldine\'s going to South Kensington for training appeared in <i>MP</i> (January 1872).

<br/>"
2319,2371,Jany 29th [1870],1870-01-29,MS Mrs Katherine Wykes-Sneyd [[footnote:1]],"Elderfield, Otterbourne, Winchester.","[[footnote:1]]Black-edged paper, with black-edged blue envelope addressed to Miss Mary Fursdon/ Fursdon/ Tiverton postmarked Winchester 29 Jan and Tiverton 30 Jan 1870.

<br/>"
2320,2372,Jan 31st  [1870],1870-01-31,MS Plymouth and West Devon Area Record Office Acc No 308: 31/1/1870 [[footnote:1]],"Elderfield, Otterbourne, Winchester.","[[footnote:1]]Black-edged paper.

[[footnote:2]]Photographs of CMY by [[person:1283]William Savage] had been sold to raise funds for the school in connection with [[other:188]the Church of the Resurrection, Eastleigh].  Mary Yonge had bought some and was to have paid in stamps.

[[footnote:3]]The new Bishop of Winchester, Samuel Wilberforce, opened the schools at Eastleigh on Monday 24 January, in the presence of \'a large, fashionable and attentive assemblage\' (<i>The Hampshire Advertiser</i>, 29 January 1870).

[[footnote:4]]Amelia (Onslow) Chamberlayne (c.1807-1898), wife of Thomas Chamberlayne (1805-1876), of Cranbury Park,  Otterbourne’s village squire.

[[footnote:5]]Among those present in Westminster Abbey at the consecration of the Rt. Rev. John Fielder Mackarness as Bishop of Oxford on 25 January (St. Paul\'s Day) was the Greek Orthodox Archbishop of Syros, who was visiting Britain.

[[footnote:6]]Probably <i>The Married Life of Rachel, Lady Russell</i> (London: Bosworth 1855), an English translation of François Guizot, <i>L\'Amour dans le mariage</i>.

[[footnote:7]]The sense of this is that Anne Yonge\'s bedroom is unused at Puslinch, but at Elderfield CMY cannot preserve her mother\'s as a memorial.

[[footnote:9]]Probably the Hon. Francis Lionel Lydstone Colborne (1855-1924), second son of the 2nd Lord Seaton (though as a child he was called Lionel), rather than his uncle General the Hon. Sir Francis Colborne (1817-1895).

[[footnote:9]]The Rt. Rev. Frederick Temple (1821-1902), headmaster of Rugby 1857-69, had refused Gladstone’s offer of the deanery of Durham in July 1869, and accepted the see of Exeter in September.  There was opposition to his appointment, evidently shared by the Yonges, because he had contributed a relatively uncontroversial essay to a controversial book, <i>Essays and Reviews</i> (1860).  He was subsequently (1896) Archbishop of Canterbury.

<br/>"
2321,2373,Feb 8th 1870,1870-02-08,"MS Girton College Cambridge, Yonge IX 2 [[footnote:1]]","Elderfield, Otterbourne, Winchester.","[[footnote:1]]Black-edged paper.

[[footnote:2]]CMY was a collector for the Melanesian Mission, which had its training centre on Norfolk Island, to which the former inhabitants of Pitcairn had also been transferred  in 1856.  The Pitcairners, descendants of survivors of the mutiny on H.M.S.Bounty, attracted much interest in England, and Anne Mackenzie was collecting donations for them.

<br/>"
3524,3576,Febry 10th [1870s?],1870-02-10,"MS Harry Ransom Humanities Research Center, University of Texas, Austin",Elderfield,"[[footnote:1]]There was more than one series of ‘Warne’s Victoria Toy Books:  A Packet of Twelve Nursery Stories’, and they are treated variously by cataloguers, since they appeared as  ‘Edited by the Author of <i>The Heir of Redclyffe</i>’.  Some assume this means that CMY wrote them. According to WorldCat the only surviving copy of <i>Ella’s Dream</i> is owned by the University of Florida. 

<br/>"
2322,2374,March 2 [1870],1870-03-02,MS Mrs Clare Roels [[footnote:1]],"Elderfield, Otterbourne, Winchester.","[[footnote:1]]Black-edged paper.

[[footnote:2]]‘Write the history of Henry VIII’s expedition to France.’  Sent to Mary Fursdon 29 January 1870.

<br/>"
2323,2375,March 4th [?1870] [[footnote:1]],1870-03-04,MS Mrs Caroline Fairclough/23,"Elderfield, Otterbourne, Winchester.","[[footnote:1]]It is not easy to identify the chapter of [[cmybook:348]‘Polyglot Parsing’] referred to here and it may not have been published.

<br/>"
2641,2693,March 5th [1870?],1870-03-05,"MS Princeton University, Parrish Collection, CO171: Box 29 ","Elderfield, Otterbourne, Winchester.","[[footnote:1]]<i>Mrs Filby\'s Maria</i>, a tale probably by Mercier, did in fact appear in Warne\'s [[cmybook:211]Victoria Tales and Stories series], \'edited by the author of <i>The Heir of Redclyffe</i>\'. It was reviewed in <i>MP</i> (April 1871).  Since the succeeding letter to Mercier seems to have enclosed a proof and is dated in June, the present letter and that one probably date from 1870.

<br/>"
2253,2305,March 5th [after 1870?],1870-03-05,"MS Princeton University, Parrish Collection, CO171: Box 29[[footnote:1]]","Elderfield, Otterbourne, Winchester.","[[footnote:1]]Black-edged paper.
"
2324,2376,March 14th 1870,1870-03-14,"MS John Rylands Library, Manchester, FA1/7/832","Elderfield, Otterbourne, Winchester.","[[footnote:1]]The name has been written over the word \'Sir\'.

[[footnote:2]]Peter Andreas Münch (1810-1863), mediaeval historian and uncle of the painter Edvard Münch.

[[footnote:3]]A translation and continuation, by William Bell, of Friedrich Strass\'s general chronology, originally published in England as <i>Descriptive Guide to the Stream of Time, or, General Outline of Universal History, Chronology and Biography, At One View</i> (London: Vernor, Hood & Sharpe 1810).

[[footnote:4]]The sentence is indecipherable.

<br/>"
3439,3491,March 22nd [1870?[[footnote:2]]],1870-03-22,"MS Girton College Cambridge, Yonge XI 1[[footnote:1]]",,"[[footnote:1]]Black-edged paper.

[[footnote:2]]CMY’s use of mourning paper ended in May 1870.

[[footnote:3]]<i>Stories for the Saints’ Days</i> by S.W. (London: SPCK 1873). This letter relates to contributions to [[other:81]<i>The Monthly Paper of Sunday Teaching</i>].

[[footnote:4]]In \'Hints on Reading\' <i>MP</i> (August 1873) 212, readers were advised that ‘<i>The Comment on the Book of Daniel</i>, translated from Gaussen\'s French, by Miss Blackstone, which appeared in The Monthly Paper of Sunday Teaching, has been published separately by Messrs. Mozley.  It was originally given in lectures to a Sunday School, and we need scarcely say that it appears to us excellent both in form, style, and translation.’  The book appeared as Margaret Blackstone, <i>The Prophet Daniel Explained, in a Series of Readings for Young Persons</i> 2 vols (London: Mozley 1873, 1874).

<br/>"
2325,2377,March 30th [1870],1870-03-30,MS Mrs Caroline Fairclough/24 [[footnote:1]],"Elderfield, Otterbourne, Winchester.","[[footnote:1]]Black-edged paper.

[[footnote:2]]CMY presumably refers to John Whethamstede  (c.1392–1465), Abbot of St. Albans.


"
2326,2378,March 31 [1870?] ,1870-03-31,"MS Mitchell Library, State Library of New South Wales.  ML A27 1-275, Reel CY2846 [[footnote:1]] ","Elderfield, Otterbourne, Winchester. ","[[footnote:1]]Two letters are folded together in an envelope addressed to “Mrs Johns, Winton House, Winchester”, and postmarked \'Winchester/D/ DE 5/70.\'

[[footnote:2]]This may be a reference to a song written by Lance Underwood for Gertrude May in <i>[[cmybook:109]The Pillars of the House]</i>, or Miss May could have been a real person."
3634,19342,April 14 1870,1870-04-14,"MS Yale University, Beinecke Library ","Elderfield, Otterbourne, Winchester  ",
2327,2379,May 9th [1870] ,1870-05-09,MS Mrs Clare Roels [[footnote:1]] ,Puslinch ,"[[footnote:1]]Black-edged paper.

[[footnote:2]]Gaggles were occasional meetings of members of the Gosling Society.

[[footnote:3]]Probably the printed Rules of the Society of Goslings, a copy of which survives among the Fursdon letters.

<br/>"
2328,2380,May 27th [1870] ,1870-05-27,MS  British Library Add MSS 54920: 239 [[footnote:1]] ,Ottery ,"[[footnote:1]]Black-edged paper.

[[footnote:2]]The book in question must have been <i>[[cmybook:82]European History]</i> (1870)."
2329,2381,May 30th [1870] ,1870-05-30,MS British Library Add MSS 54920: 240-1 [[footnote:1]] ,Wantage ,"[[footnote:1]]Black-edged paper.

[[footnote:2]]This letter is among the correspondence with [[person:939]Alexander Macmillan], and the salutation may simply be a mistake.  Or the letter may have been addressed to his sister-in-law [[person:941]Eliza (Orridge) Macmillan], who was his partner, but one would expect CMY, who had met her, to address her as Mrs Macmillan.  Or it is possible that the letter was addressed to [[person:971]Frances Martin], the editor of [[other:145]Macmillan\'s Sunday Library], although the <i>Scripture Readings</i> do not appear to have come out in that series.

[[footnote:3]]The first of the [[cmybook:87]<i>Scripture Readings for schools, with comments, Genesis to Deuteronomy</i>], was published by Macmillan in May 1871; it cost 3<i>s.</i> 6<i>d.</i> and the version without comments was 1<i>s.</i> 6<i>d.</i>.  Eventually there were 5 volumes, 1871-1879.

<br/>"
2330,2382,May 31 st [1870] ,1870-05-31,MS Mrs Clare Roels [[footnote:1]] ,Wantage ,"[[footnote:1]]Black-edged paper.

[[footnote:2]]Mary Fursdon was told Alethea Colborne was to be Bluebell on 10 July 1870.

[[footnote:3]]CMY was staying with Frog\'s parents the Butlers at Wantage Vicarage.

<br/>"
2266,2318,June 8th [1870],1870-06-08,"MS Princeton University, Parrish Collection, CO171: Box 29[[footnote:1]]","Elderfield, Otterbourne, Winchester.","[[footnote:1]]Black-edged paper.

[[footnote:2]]The phrase \'charming little story\' suggests that CMY was sending a proof for final correction, but no short stories containing Maria and Marian appeared in <i>MP</i>during the next eighteen months. A possible explanation is that Mercier was the author of a story called <i>Mrs Filby\'s Maria</i> which was published in Warne\'s Victoria Packet series, and which CMY commended in \'Hints on Reading\' <i>MP</i> (April 1871) 418.  CMY was the nominal editor of the [[cmybook:211]Victoria Tales and Stories].  No extant copies of <i>Mrs Filby\'s Maria</i> have been traced.

[[footnote:3]]Anne M., \'A Letter on Fashion\' <i>MP</i> (July 1870) 99-101.
"
2642,2694,June 8th [1870],1870-06-08,"MS Princeton University, Parrish Collection, CO171: Box 29 ","Elderfield, Otterbourne, Winchester.","[[footnote:1]]‘Hints on Reading’ <i>MP</i> (April 1871), 418, recommends ‘Mr. Warne’s last <i>Victoria Packet</i>, where . . . <i>Mrs.Filby’s Maria</i>  rises far above the general order of such little books’.  However, since this letter evidently encloses a proof for correction, it presumably dates from the previous year.  Several series of [[cmybook:211]‘Warne’s Victoria Toy Books:  A Packet of Twelve Nursery Stories’ ]were published.  Since they appeared under CMY\'s editorship and several were anonymous, they are sometimes incorrectly catalogued as her work. 

<br/>"
3491,3543,June 29th [1870],1870-06-29,MS UCLA: collection 100: box 95[[footnote:1]],,"[[footnote:1]]Black-edged paper.

[[footnote:2]]Edward Augustus Freeman, <i>History of the Cathedral Church of Wells</i> (London: Macmillan 1870).

[[footnote:3]]Thomas M. Lindsay, [[otherbook:924]\'Scotch Students at Oxford Five Hundred Years Ago\'] <i>Macmillan\'s Magazine</i> 22 (July 1870) 230.  In CMY\'s novel [[cmybook:81]<i>The Caged Lion</i>], Ch 17, p196, she had incautiously observed \'Oxford and Cambridge were almost the only universities where Scots were not\'.

<br/>"
2331,2383,July 5th [1870],1870-07-05,"MS Princeton University, Parrish Collection C0171: Box 29 [[footnote:1]]","Elderfield, Otterbourne, Winchester.","[[footnote:1]]Black-edged paper.

[[footnote:2]][[person:403]Margaret Sarah Dampier] (1802/3-June 1870) was the mother of Jane, Emily and William John Dampier.

[[footnote:3]]Probably her novel [[cmybook:91]<i>Lady Beatrix Graham</i>].

<br/>"
2332,2384,[10 July 1870],1870-07-10,MS  Mrs Katherine Wykes-Sneyd[[footnote:1]],"Elderfield, Otterbourne, Winchester.","[[footnote:1]]Black-edged paper with black-edged envelope postmarked Winchester 10 July and Tiverton 11 July 1870 andaddressed to Miss Mary Fursdon/ Fursdon/ Tiverton.

<br/>"
2333,2385,"August 2, 1870.",1870-08-02,"MS location unknown.  Printed in Coleridge, <i>[[otherbook:40]Life]</i> p.300","Elderfield, Otterbourne, Winchester, ","[[footnote:1]]CRC’s note: He was sworn of the Privy Council.

<br/>"
2334,2386,Aug 6th [1870?[[footnote:2]]],1870-08-06,MS Lambeth Palace Library Keble Deposit 4/143,"Elderfield,  Otterbourne, Winchester.","[[footnote:1]]Elizabeth Jane Clarke (1804–1870) married (1835) the Reverend Thomas Keble, younger brother of John Keble who married her younger sister Charlotte in 1835.

[[footnote:2]]Probably after John Keble\'s death in 1866 and before Elizabeth Keble\'s death in September 1870.  Placed here on the assumption that it relates to the composition of <i>[[cmybook:88]Musings over the \'Christian Year\']</i> (1871).

<br/>"
3618,18851,"Aug. 16, 1870.",1870-08-16,"MS location unknown.  This portion printed in A. J. Butler, [[otherbook:26]<i>Life and Letters of William John Butler, late Dean of Lincoln</i>], 285-6.","Lee House, Brighton, ","[[footnote:1]]Butler refers to the following texts: Ezekiel 9:4 \'And the Lord said unto him, Go through the midst of the city, through the midst of Jerusalem, and set a mark upon the foreheads of the men that sigh and that cry for all the abominations that be done in the midst thereof\';  and  Revelation 7: 3 \'Saying, Hurt not the earth, neither the sea, nor the trees, till we have sealed the servants of our God in their foreheads.\'

[[footnote:2]]Cornelius Cornelissen Van den Steen (1567–1637), S. J., was professor of Hebrew at Leiden University and author of many commentaries on the Bible; in his 1621 [[otherbook:1112]commentary on Ezekiel] he observes, 83, \'Unde & Ægyptii, Serapidis pectori <i>tau</i> inscribebant, qualisignum futurae vitae.\'

[[footnote:3]]CMY quoted this letter from Butler in her response to her unknown correspondent, see http://www.yongeletters.com/wordpress/?p=2387 .

[[footnote:4]]The Franco-Prussian War had broken out on 19 July 1870."
2335,2387,Aug 18th [1870],1870-08-18,"MS Princeton University, Parrish Collection C0171: Box 29[[footnote:1]]","Elderfield, Otterbourne, Winchester.","[[footnote:1]]Black-edged paper.

[[footnote:2]]The Rev. [[person:244]William Butler], of Wantage.  His letter in response to CMY\'s enquiry was printed in his [[otherbook:26]<i>Life and Letters</i>], 285-6. See http://www.yongeletters.com/wordpress/?p=18851 .

[[footnote:3]]Butler refers to the following texts: Ezekiel 9:4 \'And the Lord said unto him, Go through the midst of the city, through the midst of Jerusalem, and set a mark upon the foreheads of the men that sigh and that cry for all the abominations that be done in the midst thereof\';  and  Revelation 7: 3 \'Saying, Hurt not the earth, neither the sea, nor the trees, till we have sealed the servants of our God in their foreheads.\'



<br/>"
2336,2388,Sept 13th [1870],1870-09-13,"MS Princeton University, Parrish Collection, C0171: Box 29[[footnote:1]]","Elderfield, Otterbourne, Winchester.","[[footnote:1]]Black-edged paper.

<br/>"
2338,2390,September [1870],1870-09-18,"MS location unknown.  Printed in Coleridge, [[otherbook:40]<i>Life</i>] 305-6","Elderfield, Otterbourne, Winchester","[[footnote:1]]This was the letter of 16 August 1870 printed in [[otherbook:26]<i>Life and Letters of William John Butler</i>] (1897), 285-6, which answers an enquiry of CMY\'s about the Hebrew letter TAU.

[[footnote:2]]The Franco-Prussian War of 1870.

[[footnote:3]]During the Franco-Prussian War the poem \'Die Wacht am Rhein\' by Max Schneckenburger was sung as a patriotic anthem.  The provinces of Schleswig and Holstein were seized from Denmark and taken by Prussia and Austria respectively in 1865 as a result of Prussian intervention organized by Bismarck.

[[footnote:4]]Helmuth Karl von Moltke (1800-1891), the chief architect of German victory over France.

<br/>"
2337,2389,Sept 21 [?1870],1870-09-21,"MS location unknown, formerly owned by Georgina Battiscombe.[[footnote:1]]  ",,"[[footnote:1]]This fragment is quoted by Enid Huws Jones, <i>Mrs Humphry Ward</i>  (London : Heinemann, 1973), who states that the MS was then owned by Georgina Battiscombe.

[[footnote:2]]The letter is described as a rejection of a story called ‘A Gay Life’ as unsuitable for [[other:52]<i>MP</i>].,

<br/>"
2339,2391,[1 October 1870],1870-10-01,"MS Girton College Cambridge, Yonge XI 4[[footnote:1]]","Elderfield, Otterbourne, Winchester.","[[footnote:1]]Envelope addressed \'Miss Susanna Warren / Hazlewood/ Kennock/ Bovey Tracey\' postmarked Winchester and Newton Abbot 1 and 3 October 1870.

[[footnote:2]][[person:798]John Keble] and his brother Thomas married sisters, Charlotte and Elizabeth Clarke.

[[footnote:3]]The Rev. Thomas Keble jr. was John Keble’s literary executor.  It seems probable that Warren wanted to quote the elder Keble in a contribution she was making to the[[other:81]<i>Monthly Paper of Sunday Teaching</i>].

<br/>"
2643,2695,Oct 4th [1870s?] [[footnote:1]],1870-10-04,MS Plymouth and West Devon Area Record Office Acc No 308,"Elderfield, Otterbourne, Winchester.","[[footnote:1]]This letter was written some time after the consecration of George Moberly as Bishop of Salisbury in October 1869, and before the death of the Rev. Walter Elgie in February 1881."
2635,2687,Novr 15th [1870s?],1870-11-15,"MS Bodleian Library, Oxford: Ms. Eng. lett. d.328 ff198-9","Elderfield, Otterbourne, Winchester.",[[footnote:1]]No paper in <i>MP</i> on this subject has been identified.
2341,2393,Decr 3/1870,1870-12-03,MS UCLA collection 100 box 119,"Secretary of State, Home Department Smeeth","[[footnote:1]][[otherbook:799]\'The Search after Happiness\'] <i>MP</i> (February 1871), 200. "
2342,2394,Decr 9th 1870,1870-12-09,MS Archives Nationales,"Elderfield, Otterbourne, Winchester.","[[footnote:1]]Possibly <i>M. Guizot à Messieurs les Membres du Gouvernement de la Défense Nationale</i> (Lisieux, 1870)?  CMY refers to the Prussian occupation of France.

[[footnote:2]] Untraced."
2343,2395,Decr 12th 1870,1870-12-12,"MS  Reading University Library, uncatalogued Bell MSS/2","Elderfield, Otterbourne, Winchester","[[footnote:1]]The book was eventually published by Warne as Henriette Guizot de Witt, [[cmybook:100]<i>Dames of High Estate</i>], the translations edited by Charlotte M. Yonge (1871).

<br/>"
2344,2396,Decr 31st [1870],1870-12-31,MS British Library. Add MSS 54920: 244-5  ,"Elderfield, Otterbourne, Winchester.","[[footnote:1]]Her <i>A Parallel History of France and England, consisting of Outlines and Dates</i> (London: Macmillan 1871) was on the verge of publication.

<br/>"
2345,2397,[?1871],1871-00-00,"MS location unknown.  This fragment quoted in Mare and Percival, [[otherbook:598]<i>Victorian Best-Seller</i>], 215.",,"[[footnote:1]]‘When two years after the French visit, the Heathcotes asked Charlotte Yonge to winter in Rome with them, she declined on the grounds that . . .’  Mare and Percival, <i>Victorian Best-Seller</i>, 215.

<br/>"
2378,2430,[1871?],1871-00-00,MS fragment UCLA: collection 100: box 95[[footnote:1]],"Elderfield,  Otterbourne, Winchester.","[[footnote:1]]Black-edged paper.

[[footnote:2]]Name partly erased.

[[footnote:3]]Name partly erased.

[[footnote:4]]John Whitehead Peard (1811-1880), known as \'Garibaldi\'s Englishman\', who had fought with Garibaldi in Italy, was Peard’s uncle and lived in Cornwall.

<br/>"
2346,2398,"February 16th, 1871.",1871-02-16,"MS location unknown.  Printed in Yonge, <i>Life of John Coleridge Patteson</i>, II,  508-9.",Norfolk Island,
2347,2399,Feb 20th [1871],1871-02-20,MS Miss Barbara Dennis/1,"Elderfield, Otterbourne, Winchester.","[[footnote:1]]Florence Wilford\'s aunt [[person:384]Maria Cristall] lived at St. Cross with [[person:88]Mary Bacon] (b. 1804/5).

[[footnote:2]]George Parker Heathcote (1828-15 Feb 1871), who had returned from India  paralysed in 1860.  He had married in 1869 his cousin Isabella Margaretta Elizabeth Walpole (d.1938).

[[footnote:3]]The heroine of Florence Wilford\'s 1868 novel [[otherbook:536]<i>Nigel Bartram\'s Ideal</i>] turns out to have written a sensation novel called <i>Mark\'s Dream</i>.

<br/>"
2349,2401,March 3d 1871,1871-03-03,"MS Princeton University, Parrish Collection","Elderfield, Otterbourne, Winchester.","[[footnote:1]]Melville Portal (1819-1904), a local landowner.

<br/>"
2350,2402,March 16th 1871,1871-03-16,MS Mrs Caroline Fairclough/25,"Elderfield, Otterbourne, Winchester.","[[footnote:1]]Butler, who was the son of CMY\'s friend the Rev. W. J. Butler, Vicar of Wantage, shared her enthusiasm for etymology (expressed in her ground-breaking [[cmybook:48]<i>History of Christian Names</i>], and collaborated with her on a series of articles in <i>MP</i> on comparative linguistics under the title \'Polyglot Parsing\'.  "
2348,2400,[March 1871[[footnote:2]]],1871-03-18,"MS location unknown.  This fragment printed in [[otherbook:122]<i>Dulce Domum</i>], 231-2.",Otterbourne.,"[[footnote:1]]Edith Emily Moberly (b.1839), third daughter of George Moberly.

[[footnote:2]]The date is implied by its position in <i>Dulce Domum</i>.

<br/>"
2351,2629,31 March 1871 [changed from mistken 31 march 1817],1871-03-31,MS UCLA: collection 100: box 95,"Elderfield, Otterbourne, Winchester.","[[footnote:1]]Perhaps the Royal Needles Hotel, Alum Bay, from which Marconi sent the first wireless transmission in 1897.

[[footnote:2]]Catharine Elgie, wife of the curate of Otterbourne.

<br/>"
2352,2404,S Philip & S James [1 May] 1871,1871-05-01,"MS Harry Ransom Humanities Resource Centre, University of Texas","Elderfield, Otterbourne, Winchester.","[[footnote:1]]The Rev. William Bigg Wither had become Rector of Hardwick, Bucks., after being curate of Otterbourne since 1834.

<br/>"
2353,2405,May 11th 1871,1871-05-11,"MS Princeton University, Parrish Collection C0171: Box 29","Elderfield, Otterbourne, Winchester.",[[footnote:1]]CMY perhaps refers here to [[cmybook:88]<i>Musings over the \'Christian Year\'</i>]?
2354,2406,[13 May 1871],1871-05-13,UCLA: collection 100: box 95[[footnote:1]],,"[[footnote:1]]A postcard postmarked Winchester D My 13 71 and Ventnor My 14.

<br/>"
2356,2408,May 17th 1871,1871-05-17,"MS Lady Margaret Hall, Oxford.","Elderfield, Otterbourne, Winchester.","[[footnote:1]]Perhaps <i>[[cmybook:89]A Parallel History of France and England]</i>.

[[footnote:2]]They had met there in June 1870, while CMY was the guest of the Warden of New College, the Rev. James Edwards Sewell (1810-1903),  and his sister Janetta.


"
2357,2409,May 19th [1871],1871-05-19,"MS Princeton University, Parrish Collection C0171: Box 29","Elderfield, Otterbourne, Winchester.","[[footnote:1]]\'The Crawl: A Legend of Tichborne\', a ballad, was published in <i>MP</i> ns 12 (July 1871).  The subject was topical because the trial of the Tichborne claimant was in progress (10 May 1871-6 March 1872).

[[footnote:2]]<i>Dames of High Estate</i> (London: Warne 1871).  Valentine worked for Warne as a children\'s books editor.  CMY wanted to send money to Henriette de Witt who was doing charity work in the aftermath of the Franco-Prussian war.

[[footnote:4]]St Dunstan\'s was a grand house in Regent\'s Park where CMY\'s cousin Henry Hucks Gibbs (1819-1901), later (1896) 1st Lord Aldenham, lived.

<br/>"
2358,2410,May 20th [1871?[[footnote:1]]],1871-05-20,MS Charlotte Mitchell,"Elderfield, Otterbourne, Winchester.","[[footnote:1]]The year 1869 added in pencil in another hand, but it seems likely that the letter refers to Selwyn Moberly\'s death on 8 April 1871.

[[footnote:2]]Mary Adams (b.1831/2) ran a small boarding school in Otterbourne with her aunt from 1862.

[[footnote:3]]As far as this the text has been crossed through in pencil, as if part publication had been contemplated.

[[footnote:4]]Miss Seymour was probably Edith Jacob’s first cousin, daughter of  Rev. George Augustus Seymour (1828/9-1909), Rector of Holy Trinity, Winchester, whose wife Elizabeth Noel (d. 1868), was her aunt.

[[footnote:5]]John Milton, \'On His Blindness\' 14: \'They also serve who only stand and wait.\'  Edith Jacob was a confirmed invalid.

[[footnote:6]]The Moberlys\' youngest son Selwyn died in 1871.

<br/>"
2359,2411,July 1st [1871[[footnote:1]]],1871-07-01,MS Mrs Clare Roels,"Elderfield, Otterbourne, Winchester.","[[footnote:1]]Endorsed \'Envelope shows 1871\'.

[[footnote:2]]Probably this refers to some attempt by Coleridge to publish fiction in [[other:73]<i>Good Words</i>], the magazine published by Alexander Strahan.

[[footnote:3]]The decennial performance of the Passion Play in the Bavarian village of Oberammergau had become a popular tourist attraction.  The 1870 performance was interrupted by the outbreak of the Franco-Prussian War, and was resumed in June 1871 (<i>Pall Mall Gazette</i> 9 June 1871).

<br/>"
2360,2412,July 18th 1871,1871-07-18,MS Charlotte Mitchell,"Elderfield, Otterbourne, Winchester.","[[footnote:1]][[person:750]Eustace Wilberforce Jacob] (1834-9 July 1871), elder brother of Edith Jacob, died at his father\'s rectory at Crawley.  He was described on the 1871 census as \'curate of Rookloof D. Natal\' and in the death announcement in <i>The Times</i>  (12 July 1871) as \'missionary of the SPG of the diocese of Natal and eldest surviving son of the Archdeacon of Winchester\'.  At the time of the census his wife Marianne F. Jacob (b. 1824/5) was also resident at the Rectory. Edgar Jacob’s memoir of his sister Edith states that they had a brother in each of the army and the navy.

[[footnote:2]]The Ven. Canon Philip Jacob (d. 1884), Archdeacon of Winchester, father of Edith Jacob.

[[footnote:3]]The Rev. Edgar Jacob (1844-1920) had just been appointed curate of St. James, Bermondsey.

[[footnote:4]]CMY alludes here to David slaying Goliath, the lion and the bear in 1 Samuel 17.

<br/>"
2361,2413,Aug 1st [?1871],1871-08-01,"MS New York Public Library, De Coursey Fales Collection/3","Elderfield, Otterbourne, Winchester","[[footnote:1]]An appeal for a Daisy Chain cot to be founded at Cumberland Street Children’s Hospital appeared in <i>MP</i> (1 January 1871) 92-5.

<br/>"
2363,2415,Aug 4th 1871 ,1871-08-04,"MS Lady Margaret Hall, Oxford.","Elderfield, Otterbourne, Winchester.","[[footnote:1]]The authorities consulted were [[otherbook:804]<i>The Holy Bible with notes and Introductions by Christopher Wordsworth</i>], 6 vols (1869-71) and [[otherbook:805]<i>The Holy Bible with a commentary explanatory and practical</i>] (1860) edited by E. B Pusey, of which only the volumes on the minor prophets were ever published.

[[footnote:2]]Georges Darboy (1813-1871), Archbishop of Paris, who was taken hostage and shot during the Paris Commune.

<br/>"
2362,2414,Aug 5th 1871,1871-08-05,MS Archives Nationales,Elderfield,"[[footnote:1]]It is not clear which book CMY refers to here, but by \'the saddest of the time\' she may mean the French Revolution.  If so, she is probably not referring to the book Guizot was currently publishing, the children\'s version of his French history entitled [[otherbook:802]<i>L\'histoire de France depuis les temps les plus reculés jusqu\'en 1789, racontée à mes petits-enfants</i>] 5 vols (1870-1876).  After his death in 1874 that book was completed by his daughter Henriette de Witt from his notes;  she also published a continuation, [[otherbook:803]<i>L\' histoire de France depuis 1789 jusqu\'en 1848, racontée à mes petits-enfants: leçons recueillies par Madame de Witt</i>] (1878-9).  Did the latter exist in some version as early as 1871?"
2364,2416,Aug 11th [1871],1871-08-11,"MS Harry Ransom Humanities Research Center, University of Texas.","Elderfield, Otterbourne, Winchester.","[[footnote:1]]The Rev. [[person:730]Lewis Macnaughton Humbert] (1819-1896), was Master of St. Cross Hospital at the time of the 1861 census, and Rector of Chiddingfold in 1871. The almshouse of St. Cross had been the subject of a well-known scandal over clerical pluralism which is supposed to have inspired Trollope\'s novel [[otherbook:170]<i>The Warden</i>].  Florence Wilford\'s aunt [[person:384]Maria Cristall] lived at St. Cross with an elderly friend. The \'girls\' were [[person:731]Ellen] (b. 1850/1) and [[person:732]Margaret] (b. 1858/9).

[[footnote:2]]The Rt. Rev. Charles Sumner, Bishop of Winchester, who had retired owing to ill-health in 1869, had been antagonistic to Keble and his circle.

[[footnote:3]]The implication seems to be that Ann Catherine Johns worked as an illustrator on <i>Good Words</i>, the magazine published by Alexander Stuart Strahan (1833–1918).
"
2365,2417,Aug 29th [1871?] ,1871-08-29,MS Mrs Katherine Wykes-Sneyd,,"[[footnote:1]]Agnes Henrietta Acland (b.1851)  who seems to have become a Gosling as Acorn, was the daughter of Sir Thomas Dyke Acland (1809–1898), 11th Bt., a prominent Tractarian layman with a special interest in education.

<br/>"
2366,2418,Sept 8th [1871],1871-09-08,MS UCLA: collection 100: box 95[[footnote:1]],,"[[footnote:1]]Black-edged paper.

[[footnote:2]]The next two papers by Sewell to appear in <i>MP</i> were \'Questions of the Day: Reason and Faith\' (November 1871), 421-427, and \'Questions of the Day: The Limits of Evidence\' (February 1872), 111-118, both part of an occasional series published between June 1871 and May 1875, collected as [[otherbook:809]<i>Some Questions of the Day</i>] (1875).

<br/>"
2367,2419,Sept 9th [1871],1871-09-09,"MS Harry Ransom Humanities Research Center,  University of Texas","Elderfield, Otterbourne, Winchester.","[[footnote:1]]Killerton was the home of the Acland family.  Evidently Agnes Acland had adopted the Gosling name Acorn.

<br/>"
2368,2420,Sept 13th [1871],1871-09-13,MS Plymouth and West Devon Area Record Office Ac 1092/34,"Elderfield, Otterbourne, Winchester","[[footnote:1]]Mary Walter (b.1845), sister of Frances (Walter) Yonge,  married (1871) Major Robert Woollcombe (1835-1920).   Charlotte Cordelia Yonge would have been interested in him because his brother William John Woollcombe (1832-1913) had married in 1861 her sister Anne Catharina Pode (d.1913).

[[footnote:2]]The books referred to are Maria, Lady Callcott, <i>Little Arthur’s History of England</i> (1835);  Elizabeth Sewell, <i>A First History of Greece</i> (1852) and <i>The Child’s First History of Rome</i> (1849);  C.M. Yonge, <i>Kings of England: A History for the Young</i> (1859), <i>Landmarks of History: Ancient History from the Earliest Times to the Mahometan Conquest</i> (1852), <i>Landmarks of History: Middle Ages: From the Reign of Charlemagne to that of Charles V</i> (1853) and <i>Landmarks of History: Modern History: From the Reformation to the Fall of Napoleon</i> (1857);  W.E.Flaherty, <i>The New School-history of England: From Early Writers and National Records</i> (1870).

<br/>"
2369,2421,Oct 12th [1871?],1871-10-12,MS Mrs Clare Roels,"Elderfield, Otterbourne, Winchester.","[[footnote:1]]Perhaps the Goslings called York and Lancaster Rose, who joined the society after 1869 and left it in November 1872.

[[footnote:2]]‘ La nuit tous les chats sont gris’ is proverbial in French.

[[footnote:3]]Christabel Coleridge had published a story in 1864 entitled [[otherbook:365]\'The eagle of one house is the goose of another\'.]  CMY was proposing to make this proverb the theme of the <i>MP</i> Christmas number for 1872.

<br/>"
2370,2422,Novr 8th  [1871],1871-11-08,MS Mrs Clare Roels,‘Monthly Packet’ /6 Paternoster Row /London EC.  ,"[[footnote:1]]The catch-phrase derives from  Miguel de Cervantes, <i>Don Quixote</i>, Part II, Chapter 23: ‘Patience, cousin, and shuffle the cards’, but CMY’s source may have been Walter Scott, who was fond of the expression, using it in <i>Waverly</i>, in <i>Quentin Durward</i> and several times in his journal, sometimes in the form ‘Patience, cousin, and shuffle the cards, till our hand is a stronger one.’

[[footnote:2]]The <i>Englishwoman’s Review</i> 1 (January 1870) 27 notes \'Lectures to ladies on English literature are to be given by Professor Morley, at Winchester in the autumn.\' Eliza Keary’s memoir of her sister Annie records visits to Winchester to visit cousins, and it seems these were the Johns family.

[[footnote:3]]Matilda Betham-Edwards, <i>The Sylvestres</i>, a love story serialised in <i>Good Words</i> between January and December 1871.

<br/>"
2372,2424,Nov. 1871.,1871-11-18,"MS location unknown.  This fragment printed in [[otherbook:122]<i>Dulce Domum</i>], 245.","Otterbourne,","[[footnote:1]]The news that Bishop Patteson had been murdered in the Santa Cruz Islands on 20 September 1871 was reported in <i>The Times</i>, 28 November 1871, 9e.

[[footnote:2]]Psalms 126:6.

<br/>"
2371,2423,Novr 21st [1871?],1871-11-21,"MS Winchester City Council, Historic Resources Centre LH803.4","Elderfield, Otterbourne, Winchester.","[[footnote:1]]Mary Bramston is recorded in the 1871 census living in Winchester with her brother [[person:196]John] who was a master at [[other:50]Winchester College].

[[footnote:2]]The <i>Englishwoman’s Review</i> 1 (January 1870), 27 notes, \'Lectures to ladies on English literature are to be given by Professor Morley, at Winchester in the autumn.\' "
2373,2425,December 8 [1871],1871-12-08,"MS location unknown.  Printed in Coleridge, [[otherbook:40]<i>Life</i>] 268-9",,"[[footnote:1]]Joanna Patteson (1818/9-1884) was the elder half-sister of Fanny Patteson and of Bishop Patteson.  The news of the latter\'s murder on 20 September 1871 reached England in December.

<br/>[[footnote:2]]John Keble,  ‘Twenty-first Sunday after Trinity’, ll. 28-30, from <i>The Christian Year</i>.

<br/>[[footnote:3]]Georges Darboy (1813-1871), Archbishop of Paris, taken hostage and shot by the Paris Commune in May.

<br/>"
2374,2426,Decr 11th 1871,1871-12-11,"MS Princeton University, Parrish Collection C0171: Box 29","Elderfield, Otterbourne, Winchester.","[[footnote:1]]Freeman\'s wide historical interests included pre-Conquest England;  earlier this year the <i>Bristol Mercury</i> (2 Sept 1871) had reported of his address to the Somerset Archaeological and Natural History Society: \'The President then spoke at some length of the original inhabitants of Britain, and traced their history down to the times of the Romans.\' CMY refers to Sir Richard Colt Hoare, Bt., <i>The History of Ancient Wiltshire</i> 2 vols (London: Miller 1810-21).

[[footnote:2]]The tumulus at Lexden, near Colchester, is a late Iron Age burial mound.  The implication must be that CMY had seen it while visiting Lexden Manor, home of Philip Oxenden Papillon and his wife [[person:1136]Emily Caroline Garnier].

[[footnote:3]]CMY was anxious to prepare a revised edition of her <i>History of Christian Names</i>.  It was her practice to defer to the superior linguistic and etymological knowledge of her male correspondents.

<br/>"
2375,2427,Decr 23d [1871?],1871-12-23,"MS Princeton University, Parrish Collection C0171: Box 29","Elderfield, Otterbourne, Winchester.","[[footnote:1]]Since Gertrude Walter was born in May 1849, this would date the letter to 1871.

<br/>"
2376,2428,Innocents\' Day [28 December 1871],1871-12-28,MS location unknown.  Printed in [[otherbook:122]<i>Dulce Domum</i>] 245,,"[[footnote:1]]CMY had been commissioned by the sisters of the martyred Bishop Patteson to write his biography, and went to talk to his former colleagues in New Zealand, the Rt. Rev. George Augustus Selwyn, Bishop of Lichfield, the Rt. Rev. [[person:4]Charles Abraham], Bishop of Wellington, and their wives."
2377,2429,December 30 [1871],1871-12-30,"MS location unknown.  Printed in Coleridge, [[otherbook:40]<i>Life</i>], 269-70","Elderfield, Otterbourne, Winchester","[[footnote:1]]Mary Parker, wife of Sir William Martin (1807-1880), lord chief justice of New Zealand, friend of Bishop Selwyn.  The Martins retired to Torquay in the 1870s.  Lady Martin contributed several passages to CMY\'s [[cmybook:102]<i>Life of John Coleridge Patteson</i>].

[[footnote:2]]John Keble, ‘The Saints’ Infancy’ ll.13-16, from <i>Lyra Innocentium</i>: ‘Who knows but maiden mild or smiling boy,/ Our own entrusted care and joy, / By His electing grace / May with His martyrs find their glorious place?’

[[footnote:3]]The Rev. [[person:1541]R. F. Wilson] and [[person:1539]his wife Maria] were staying with the Heathcotes at Hursley Park.

[[footnote:4]]The Bishop of Lichfield was George Augustus Selwyn, the former Primate of New Zealand who had appointed Patteson.  The \'change of schoolmistresses\' refers to the controversial reform of [[other:107]Otterbourne School], events which inspired CMY\'s later novel [[cmybook:198]<i>Our New Mistress</i>].

[[footnote:5]][[person:1132]Mary Anne Palmer] (1805/6-1884), a neighbour of Mary Anne Dyson’s, whose sister Caroline (Palmer) Abraham was married to Selwyn’s former chaplain, who also lived in Lichfield.

[[footnote:6]]The actors were [[person:653]Arthur Malcolm Heathcote] (1847-1934), his sisters [[person:663]Helena Mary Heathcote] (1853-1925), twins [[person:655]Beatrice Henrietta] (1856-1909) and [[person:656]Jennetta Alethea Heathcote] (1856-1887), his brother [[person:670]Charles George Heathcote] (1843-1924) and the children of the Vicar of Hursley, the Rev. [[person:1634]James Gavin Young].

[[footnote:6]]The reference may be to Philip Pusey (1799-1855), agricultural expert and elder brother of the Rev. Dr Edward Bouverie Pusey, though the latter also had a son named Philip.<br/>"
2417,2469,[1872? 1873?],1872-00-00,MS location unknown. Microfiche copy The Women’s Library: 9/07/048 No.112 .,"Elderfield, Otterbourne, Winchester.  ",
2416,2468,[check 1872],1872-00-00,"MS location unknown.  This fragment printed in Romanes, [[otherbook:241]<i>Appreciation</i>], 158 - 9",[Tyntesfield],"[[footnote:1]]The Rev. John Fielder Mackarness (1820-1889), bishop of Oxford, who signed his letters J. F. O., was married to CMY\'s cousin Alethea Coleridge.  CMY was staying at Tyntesfield, the home of William and Blanche Gibbs, rich and enthusiastic members of the Church Movement.  Both the Gibbses were related to CMY through the Crawley-Boevey family.

[[footnote:2]]The Rev. Richard William Randall (1824-1906), a notorious ritualist, became first vicar of  All Saints, Clifton in 1868.  It was designed by G. E. Street and rebuilt after bombing in the Second World War.

[[footnote:3]]The Rev. James Skinner (1818-1881), founder of the English Church Union and vicar of Newland, Worcs., was author of \'A Plea for the Threatened Ritual of the Church of England\' (1865).

[[footnote:4]]The Venerable George Anthony Denison (1805-1896), archdeacon of Taunton, vicar of East Brent, Somerset, and protagonist in a protracted battle in the ecclesiastical courts during 1854- 8 over the doctrine of the Real Presence.

[[footnote:5]]The Rector of Wraxall since 1857, the Rev. Edward Protheroe Vaughan, who owned the presentation of the living.

[[footnote:6]]The Bishop of Bath and Wells, in whose diocese Wraxall lay, was an Evangelical, the Hon. and Rt. Rev. Lord Arthur Charles Hervey (1808-1894);  the Bishop of Ely was the Rt. Rev. Edward Harold Browne (1811-1891);  and \'our Bishop\' was Samuel Wilberforce (1805-1873), Bishop of Winchester.

<br/>"
2382,2434,Jan 1st [1872],1872-01-01,MS Mrs Clare Roels,"Elderfield, Otterbourne, Winchester. ",[[footnote:1]]CMY refers to the murder of [[person:1155]Bishop Patteson] in the Santa Cruz Islands.
2380,2432,"Jan. 1, 1872.",1872-01-01,"MS location unknown.  This fragment printed in [[otherbook:122]<i>Dulce Domum</i>], 245-6.",,"[[footnote:1]]CMY refers to the reports of the death of the Rt. Rev. [[person:1155]John Coleridge Patteson], and to her visit to Lichfield to research the [[cmybook:102]biography] she was writing.  The Bishop of Lichfield, George Augustus Selwyn, had formerly been Bishop of New Zealand and had appointed Patteson Missionary Bishop of Melanesia."
2383,2435,"January 10, 1872.",1872-01-10,"MS location unknown.  Printed in Coleridge, [[otherbook:40]<i>Life</i>], 300-301","Palace, Lichfield,","[[footnote:1]]Edward Williams Faithfull, <i>Occasional Thoughts</i> (London, E. Faithfull, and Winchester, Jacob and Johnson  1872), a volume of verse published by private subscription, probably in aid of the rebuilt [[other:36]Royal Hampshire Hospital] in Winchester.

<br/>"
2384,2436,Jany 17th 1872,1872-01-17,"MS Girton College,  Cambridge Yonge I 2","Bray, ","[[footnote:1]]The Rev. James Edward Austen Leigh (1794-1874), nephew and biographer of Jane Austen, had been friends from childhood with Sir William Heathcote, whose mother was a friend of his aunt\'s.

[[footnote:2]]He had seven sons.





<br/>"
3582,7783,Jany 17th 1872,1872-01-17,MS British Library: Coleridge Family Papers E: Add MSS 86206 Yonge JTC  ,"Elderfield, Otterbourne, Winchester.","[[footnote:1]]The letter is concerned with CMY\'s decision to write a biography of Sir John\'s nephew, the Rt.Rev. [[person:1155]John Coleridge Patteson]."
2381,2433,[early January 1872],1872-01-18,"MS fragment  Historical Society of Pennsylvania: Gratz Collection: Case 11, Box 14. ",,"[[footnote:1]]CMY refers to the murder of the Rt. Rev. John Coleridge Patteson in the Santa Cruz Islands. It was reported that Patteson’s body had received five wounds, as Christ\'s had. 

<br/>"
2385,2437,Jan 30th 1872,1872-01-30,"MS Girton College Cambridge, Yonge  I 1. Printed in Coleridge, [[otherbook:40]<i>Life</i>] 301.","Elderfield, Otterbourne, Winchester","[[footnote:1]]The novel she was currently working on was [[cmybook:109]<i>The Pillars of the House</i>].

<br/>"
2386,2438,Feb 1st [endorsed \'1872\'],1872-02-01,MS Mrs Clare Roels,"Elderfield, Otterbourne, Winchester. ","[[footnote:1]]Polypodium, Maria Archer Houblon, was a member of the [[other:104]Gosling Society], of which Christabel Coleridge was the secretary.

[[footnote:2]]The phrase no doubt comes from the well-known parodies of Wordsworth etc. (James and Horatio Smith, <i>Rejected Addresses</i>, 1812).  The Rev. Charles Alexander Johns ran a prep school at Winton House, Winchester, until his death in 1874;  but was absent during the 1871 census, and it is possible that ill-health or some other reason had led to a scaling down of the school. Christabel\'s brother [[person:336]Ernest] had perhaps hoped for his pupils.

[[footnote:3]]This  refers to the questions in the church catechism about \'my duty towards my Neighbour\'.

<br/>"
3670,19897,Feb 21st 1872,1872-02-21,MS Charlotte Mitchell. ,"Elderfield, Otterbourne, Winchester.","[[footnote:1]]The well-known children\'s writer Maria Louisa Charlesworth was unmarried, so it is not clear if this reference is to her or not.  Her work was probably too Low Church for <i>MP</i> and possibly the rather chilly tone of this note is connected with CMY\'s view of her works."
2387,2439,March 23d 1872,1872-03-23,MS Plymouth and West Devon Area Record Office Ac 1092/36,"Elderfield, Otterbourne, Winchester.","[[footnote:1]]The reference is probably to the Rt. Rev. Charles Richard Alford  (1816-1898), Bishop of Victoria, Hong Kong (1867-72).  It seems hardly likely that CMY could already have heard of the election of his successor the Rt. Rev. John Shaw Burdon (1826–1907).

[[footnote:2]]The word \'abusing\' deleted.

[[footnote:3]][[person:1002]Laura Milner] (b.London 1839/40) was the Elgie\'s governess at the time of the 1871 census.  However, the current governess may have been [[person:1187]Harriet Poole], who is probably the Miss Poole referred to as reading German with Gertrude later this year (To Mary Anne Dyson, 11 May 1872), and who possessed a mother and younger sister.

[[footnote:4]]The Rev. George Harris was a clergyman in Torquay, and a cousin, his mother Jane (Yonge) Harris being a sister of the Rev. John Yonge of Puslinch.

[[footnote:5]]From this word on the letter is taken from MS Ac 1092/38, which though on different paper seems to be the same letter.

[[footnote:6]]The Rev. Robert Henry Codrington (1830-1922), Patteson’s successor as head of the Melanesian mission, author of a Mota dictionary.  There was much debate about the propriety of retaliation for Bishop Patteson’s death.

[[footnote:7]]Anne Catharina Pode (d.1913) married  (1861) William John Woollcombe (1832-1913) and had ten children between 1862 and 1877;  she was the eldest sister of Charlotte Cordelia (Pode) Yonge.

[[footnote:8]]William Spratt  (1819-26 March 1872) was a brother of CMY’s maid Harriet Spratt, and Emmeline (b.1857) was his daughter. 

<br/>"
2388,2440,Easter Eve [30 March 1872],1872-03-30,MS Plymouth and West Devon Area Record Office Ac 1092/15[[footnote:1]],"Elderfield, Otterbourne, Winchester. ","[[footnote:1]]With envelope addressed to Miss Yonge Puslinch Yealmpton and postmarked Winchester 30 March 1872.

[[footnote:2]]The Rev. Merton Smith became Vicar of Plympton St. Mary in 1873, and disappeared while on holiday in the Pyrenees in 1883, his remains being found more than a year later.

[[footnote:3]]General Francis Edward Halliday (1834-?1910), R.M.A., married Louisa Walter (b.1840), sister of Frances (Walter) Yonge.

[[footnote:4]]Rowland Jones-Bateman 1826-1896), a close friend of JBY who later settled near Otterbourne, his wife was Jessy Burlton (b. 1839/40).  Dick Woollcombe\'s brother Robert had married Mary Walter (sister of Frances Yonge, Gertrude Walter and Louisa Halliday) in 1871.

<br/>"
2389,2441,[4 April 1872?],1872-04-04,MS UCLA: collection 100: box 95[[footnote:1]],,"[[footnote:1]]An envelope, which may go with this note, is  postmarked Winchester 4 Ap 17 72, and addressed to  “Miss E M Sewell/Bonchurch/I of Wight”.  Otherwise it seems more likely that the note dates from their collaboration in 1867-8.

<br/>"
2390,2442,"April 8, 1872",1872-04-08,"MS location unknown.  Printed in Coleridge, [[otherbook:40]<i>Life</i>], 301-2","Elderfield, Otterbourne, Winchester","[[footnote:1]]The cult of Charles I was very significant to the Tractarians.  In the case of the Hursley group their intense historical consciousness was stimulated by the fact that Richard Cromwell had inhabited the village.



<br/>"
2391,2443,"April 10, 1872",1872-04-10,"MS location unknown.  Printed in Coleridge, [[otherbook:40]<i>Life</i>], 302.","Elderfield, Otterbourne, Winchester","[[footnote:1]]Mary Anne Dyson had wanted CMY to remove a reference in [[otherbook:88]<i>Musings over the Christian Year</i>] to Charles I being careless of the truth.  CMY referred the question to George Moberly, with whom she was staying."
3583,7798,April 22nd [1872],1872-04-22,MS British Library: Coleridge Family Papers E: Add MSS 86206 Yonge JTC  ,"Elderfield, Otterbourne, Winchester.","[[footnote:1]]Patteson\'s sister [[person:1151]Fanny] and half-sister [[person:1154]Joanna] lived together, often abroad. Sophy (Coleridge) Martyn was their first cousin, daughter of Sir John Taylor Coleridge\'s eldest brother, the Rev. James Duke Coleridge, and widow of the Rev. Thomas Martyn.

[[footnote:2]]CMY asked Sir William Heathcote to supply this."
2392,2444,"April 23, 1872.",1872-04-23,"MS location unknown.  Printed in Coleridge, [[otherbook:40]<i>Life</i>], 302-303.","Elderfield, Otterbourne, Winchester","[[footnote:1]]CRC’s note: This opinion is incorporated in the [[cmybook:102]<i>Life of Bishop Patteson</i>].

[[footnote:2]]She means she can hardly ask [[person:343]John Duke Coleridge] to praise his father and uncle at the expense of himself and his judicial colleagues.

<br/>"
3521,3573,April 25th [1872-1891],1872-04-25,"MS Harry Ransom Humanities Research Center, University of Texas, Austin","Elderfield, Otterbourne, Winchester. ",
2393,2445,April 25th 1872,1872-04-25,"MS Royal College of Surgeons, London, Hunter-Baillie collection 0014/7/244 [[footnote:1]]","Elderfield, Otterbourne, Winchester.","[[footnote:1]]Other letters in this collection are addressed to the Rev. Edward Coleridge; letter 242 is from Max Müller enclosing letters from Bishop Patteson for CMY’s biography; 239 from Sir John Taylor Coleridge, about his own illness; 246 last page of letter from Bishop Patteson, when Selwyn’s chaplain, giving his views on New Zealand politics, especially his disagreement with the Governor.

[[footnote:2]]  CMY was researching her [[cmybook:102]biography] of Bishop Patteson. Coleridge was Bishop Patteson\'s uncle, and had taught him at Eton, but was also an important British supporter of the Melanesian mission.



<br/>"
3641,19462,[26 April 1872],1872-04-26,MS British Library: Add. MSS 61896 182-3,"Elderfield, Otterbourne, Winchester.","[[footnote:1]] This was the home of [[person:1015]Bishop Moberly] and his family.

[[footnote:2]]James Wyatt had made extensive demediaevalizing restorations to Salisbury Cathedral in 1789-92.

[[footnote:3]] She went on to stay with [[person:2219]Countess Nelson] at Landford House, Romsey."
2394,2446,May 11 [1872],1872-05-11,"MS location unknown.  Printed in Coleridge, [[otherbook:40]<i>Life</i>], 272","Elderfield, Otterbourne, Winchester","[[footnote:1]]Perhaps Harriet Poole (b. 1843/4), a governess whose sister Alice subsequently joined the Gosling society.

<br/>"
2395,2447,14 May 1872,1872-05-14,"MS Lady Margaret Hall, Oxford.","Elderfield, Otterbourne, Winchester.","[[footnote:1]]The former curate of Otterbourne, the Rev. William Bigg-Wither.  ‘C.Lincoln’ would have been Bishop Wordsworth’s signature.

[[footnote:2]]CMY refers to the death of [[person:1155]Bishop Patteson]. His assistant the Rev. Robert Henry Codrington (1830-1922),  refused the bishopric of Melanesia after his death but was head of the mission 1871-77.

[[footnote:3]]CMY\'s [[cmybook:102]biography of Patteson] records that between his being wounded and the tetanus coming on Atkin read her novel [[cmybook:69]<i>The Chaplet of Pearls</i>].

[[footnote:4]]The Rev. [[person:1620]John Eyre Yonge] (1818-1890), first cousin to CMY, had six daughters, of whom one married in 1872.  The Rev. Walter Francis Elgie (d.1881), curate of Otterbourne, was probably ill or on holiday.

<br/>"
2396,2448,June 5th [1872] [[footnote:1]],1872-06-05,"MS Princeton University, Parrish Collection C0171: Box 29","Elderfield, Otterbourne, Winchester.","[[footnote:1]]11 June 1872 was a Tuesday.

[[footnote:2]]Edith Margaret Argles (1853-1935) was the daughter of Marsham Argles and CMY’s childhood friend Margaret Davys.  Her sister Agnes, nicknamed Dolly, was one of the correspondents of Lewis Carroll.  Perhaps the word transcribed \'daughter\' in the first sentence may have been \'daughters\'?

<br/>"
2397,2449,June 6th [1872?],1872-06-06,MS Mrs Clare Roels,"Elderfield, Otterbourne, Winchester.","[[footnote:1]]Florence Wilford, <i>Dominie Freylinghausen</i> (London, Mozley 1875).  It ran as a serial in <i>MP</i> ns 13 (January-June 1872).

<br/>"
2398,2450,June 17th 1872,1872-06-17,"MS Bodleian Library, Oxford: MSS. Wilberforce c. 18 ff129-30","Elderfield, Otterbourne, Winchester. ",
2399,2451,July 1st 1872,1872-07-01,MS Mrs Clare Roels,"Elderfield, Otterbourne, Winchester.","[[footnote:1]]CMy refers to the plans for the Christmas number of the <i>MP</i> for 1872, to which Coleridge contributed a story called [[otherbook:818]\'Minne\'s Knight\'].

[[footnote:2]]Inserted above, \'young lady\'.

<br/>"
1911,1963,July 10th [1872?],1872-07-10,MS UCLA: collection 100: box 95,,"[[footnote:1]]Name partly erased.

[[footnote:2]]This cannot refer to the story signed C.D., [[otherbook:365]\'The eagle of one house is the goose of another\'], which appeared in <i>MP</i> (December 1864), 602-626, because it is by Christabel Coleridge.  It therefore seems more likely that this letter refers to the making up of the Christmas number for 1872, which had the proverb as its theme.

Another possibility is that these \'queries\'  refer to one from \'Mrs. S. C., Leasam, Rye, Sussex\', who asked to borrow or buy <i>Uphem\'s Salem Witchcraft</i> in <i>MP</i> (July 1875) 96;  and to an answer to a question, signed \'B.C.C.\', which appeared on the next page.   Bessie Curteis published in <i>MP</i> under the intials \'B.C.C.\'."
2403,2455,Aug 31st [1872],1872-08-31,"MS John Rylands Library, Manchester, FA1/7/842a-842b",Flaxley Abbey,"[[footnote:1]]Freeman had probably mentioned to her the \'Historical Course for Schools\' series which he was editing for Macmillan.  The fifth volume was James Sime, [[otherbook:827]<i>History of Germany</i>] (1874). 

[[footnote:2]][[person:1244]Margaret Roberts].

[[footnote:3]][[cmybook:101]<i>Aunt Charlotte\'s Stories of English History for the Little Ones</i>] (London: Ward 1873).

[[footnote:4]]Flaxley Abbey, near Cinderford, Gloucestershire, was the home of the Crawley-Boevey family, to which CMY\'s paternal grandmother had belonged.

<br/>"
2404,2456,Sept 11th 1872,1872-09-11,"MS John Rylands Library, Manchester, FA1/7/833-833b ","Elderfield, Otterbourne, Winchester.","[[footnote:1]]In her previous letter CMY had mentioned that she and Margaret Roberts were thinking of writing a school history of Germany, and asked whether his forthcoming \'Historical Course for Schools\' series would include such a volume, in which case they need not bother. Freeman had no doubt replied that he had commissioned a [[otherbook:827]<i>History of Germany</i>] from the Scots journalist, James Sime (1843-1895).

[[footnote:2]]The discussion relates the \'Historical Course for Schools\' series, edited by Freeman, to which CMY has been invited to contribute.

[[footnote:3]]The children\'s history books mentioned are: Maria, Lady Callcott, <i>Little Arthur\'s History of England</i> (London: Murray 1835); Isa (Craig) Knox, <i>The Little Folks\' History of England</i> (London: Cassell 1872); Elizabeth Sewell, [[otherbook:825]<i>A Catechism of English History</i>] (London:  1872); and Edith Thompson, <i>History of England</i> (London: Macmillan 1873), which was volume 2 in the Historical Course for Schools series edited by Freeman.

[[footnote:4]]The fictional hero of <i>The Chaplet of Pearls</i>, which is set during the sixteenth-century French wars of religion, is called Béranger de Ribaumont.  Presumably the reviewer was referring to the poet Pierre Jean de Béranger (1780–1857).  The mistake of the novelist who had written about the Gueux of sixteenth-century Flanders was to confuse St. Benedict with the hero of Shakespeare\'s <i>Much Ado about Nothing</i> - it was an anachronistic allusion.  Paul of Samosata was a heretical bishop of Antioch in the 3rd century AD and is not to be confused with St. Paul of Tarsus.

[[footnote:5]]A mortuary.  In her previous letter CMY had asked Freeman\'s opinion about the original purpose of part of  Gloucester Cathedral.

<br/>"
2405,2457,Oct 2nd [1872],1872-10-02,"MS John Rylands Library, Manchester, FA1/7/843","Elderfield, Otterbourne, Winchester.","[[footnote:1]]Edward Augustus Freeman, <i>General Sketch of European History</i> (London: Macmillan 1872) was volume 1 of the \'Historical Course for Schools\' of which he was editor.

[[footnote:2]]Owen Jones (1809-1874) was a well-known designer and decorator whose work used lavish polychromatic effects, including stained glass;  the St. Frideswide window in Christ Church Cathedral, however, had been designed by [[person:227]Edward Burne-Jones] (1833-1898).

<br/>"
2406,2458,Oct 25th [1872],1872-10-25,MS Mrs Clare Roels,"Elderfield,  Otterbourne, Winchester.","[[footnote:1]]A story by Coleridge, published in <i>MP</i> (November 1873-February 1874) and collected in <i>The Face of Carlyon and other stories</i> (1875).

[[footnote:2]]Coleridge was the secretary of the [[other:104]Gosling Society], and the current question set to the members was evidently about \'forms and ceremonies\'."
2407,2459,Novr 2nd [1872],1872-11-02,MS Mrs Clare Roels,"Elderfield, Otterbourne, Winchester.",
2408,2460,Novr 7th 1872   ,1872-11-07,MS Yonge Letters: Huntington Library,"Elderfield, Otterbourne, Winchester.","[[footnote:1]]Perhaps this relates to the sale of review copies?

<br/>"
3584,7831, Novr 9th 1872,1872-11-09,MS British Library: Coleridge Family Papers E: Add MSS 86206 Yonge JTC  ,"Elderfield, Otterbourne, Winchester.","[[footnote:1]]The \'senior wrangler\' was the title given at the University of Cambridge to the student with highest marks in the Mathematical tripos. \'Arcades ambo\' is a quotation from Virgil, <i>Eclogue</i> 7,4, meaning \'both Arcadians\'. Achates in Virgil <i>Æneid</i> is the hero\'s loyal follower.  They were well-worn quotation cliches by this date, meaning something like \'two innocents\' and \'faithful friend\' respectively.

[[footnote:2]]\'Bessie Yonge\' seems likely to be Elizabeth Catharine Yonge, whose father, like Edward Coleridge, was a master at Eton College."
2409,2461,Novr 13 th [1872],1872-11-13,MS Mrs Clare Roels,"Elderfield, Otterbourne, Winchester.","[[footnote:1]]\'York and Lancaster Rose\' was the sobriquet of two sisters, members of the [[other:104]Gosling Society].  Their replacement, Alice F. S. Poole (b. Newland, Gloucestershire 1849/50), was living at Uffington with her mother Catherine Poole (b. 1807/8);  she later became a governess and at the time of the 1881 census was living in Camberwell with her sister Harriet Poole (b. Mansfield, Nottingham 1843/4), also a governess.  The latter is probably the Miss Poole to whom there are several other references.

<br/>"
2410,2462,Novr 15 1872,1872-11-15,MS Mrs Katherine Wykes-Sneyd,"Elderfield, Otterbourne, Winchester.","[[footnote:1]]The members of the [[other:104]Gosling Society] took it in turns to pose questions for each other to write on, and the essays were read by CMY."
2411,2463,Decr 2nd [1872],1872-12-02,MS Royal Academy GRI/3/465,"Elderfield, Otterbourne, Winchester.",
2412,2464,Decr 18th 1872,1872-12-18,"MS Princeton University, Parrish Collection C0171: Box 29[[footnote:1]]","Elderfield, Otterbourne, Winchester.","[[footnote:1]]Black-edged paper.







<br/>"
2413,2465,Decr 23d [1872],1872-12-23,MS Mrs Clare Roels[[footnote:1]],,"[[footnote:1]]The paper has a decorated motif  ‘New Year’s Day With the Season’s Cheer and a Friend’s Regards.\'

[[footnote:2]]‘Minne’s Knight’ was Coleridge\'s contribution to the <i>MP</i> Christmas number of 1872..

[[footnote:3]]<i>MP</i> (January 1873) carries on the back an advertisement for [[other:116]\'COBWEBS OR, THE MONTHLY PACKET ESSAY SOCIETY].  <i>Two Questions, to be Answered in Writing, on History, Literature, Art or Science, will be proposed in each Number.  Answers to be directed to</i> ARACHNE, CARE OF THE EDITOR OF THE MONTHLY PACKET.\'

[[footnote:4]]The Rev.[[person:85]William Awdry] (1842-1910) and his wife since 1868, former Gosling Frances [[person:81]Emily Moberly] (1844-1921) had been the moving spirits in bringing lecturers to Winchester in connection with the movement for the higher education of women.

<br/>"
2414,2466,Innocents day [28 December 1872],1872-12-28,MS Mrs Clare Roels[[footnote:1]],,"[[footnote:1]]The paper has an ornamental decoration: \'Dear Friend Accept This CHRISTMAS Greeting Heart with Heart in Memory Meeting\'.

[[footnote:2]]The Goslings had been asked to write an essay on ‘The history of the Escorial’, a theme proposed by Pixie (CMY to Mary Fursdon, 15 November 1872)



<br/>"
2415,2467,Decr 31st [1872],1872-12-31,"MS Princeton University, Parrish Collection C0171: Box 29[[footnote:1]]",,"[[footnote:1]]The paper has an ornamental decoration: \'With a Christmas greeting on my tongue/ with a friendship old whose faith keeps young/ I venture friend thy friends among\'.

<br/>"
2418,2470,Jany 17th [1873?][[footnote:1]],1873-01-17,MS University of Pennsylvania,"Elderfield, Otterbourne, Winchester.","[[footnote:1]]Another example of this paper dates from July 1882.

[[footnote:2]]CMY’s bank account records the payment of £5 to Miss E. Gee on 10 April 1873, the only one to a person of this name.  A story ‘What the Church Eagle Said’ appeared in <i>MP</i> (?Christmas 1872) 4.  Evelyn Gee (b. Herts. 1843/4), daughter of the Rev. Richard Gee, Vicar of Abbots Langley and later of Windsor, who married 1880 Richard Rivington Holmes, librarian at Windsor Castle, seems a plausible candidate.  He has an entry in ODNB, which states that she survived him.  No separate publication of the story has been traced.

<br/>"
2419,2471,April 21st 1872 [1873?],1873-04-21,"MS Girton College Cambridge, Yonge X 1[[footnote:1]]","Elderfield, Otterbourne, Winchester ","[[footnote:1]]With envelope addressed to \'The Revd the Warden/ New College/ Oxford\', postmarked Winchester and Oxford 21 and 22 April 1873.

[[footnote:2]]The Rev. James Edwards Sewell, Warden of New College, Oxford and brother of Elizabeth Sewell.

<br/>"
2420,2472,April 30th [1873],1873-04-30,MS Charlotte Mitchell,"Elderfield, Otterbourne, Winchester.","[[footnote:1]]The first chapter of  G.L.J., [[otherbook:833]\'The English Raja: James Brooke\'], was published in <i>MP</i> 16 (August 1873) 135-46, which ran until August 1874, and was published as Gertrude L. Jacob,  <i>The Raja of Saráwak : An account of Sir James Brooke, K.C.B., LL.D., given chiefly through letters and journals</i> (London: Macmillan 1876).

[[footnote:2]]G. L. J., \'Twilight\' <i>MP</i> ns 16 (July 1873) 100-104.

[[footnote:3]]Jacob\'s father was Rector of Crawley, near Winchester.

<br/>"
2421,2473,May 9th 1873,1873-05-09,"MS Princeton University, Parrish Collection C0171: Box 29","Elderfield, Otterbourne, Winchester.","[[footnote:1]]In fact the sonnet waited a year to be published in <i>MP</i> (May 1874).  Blanche Medhurst\'s social work had brought her in touch with Emmeline, the niece of CMY\'s maid Harriet Spratt."
2422,2474,May 10 1873,1873-05-10,"MS John Rylands Library, Manchester, FA1/7/834","Elderfield, Otterbourne, Winchester. ","[[footnote:1]]The stained-glass window with sixteen scenes from the life of St. Frideswide, patron saint of Oxford, in Christ Church cathedral, Oxford, designed by Edward Burne-Jones in 1857.  CMY had commented unfavourably on it in a previous letter to Freeman.

[[footnote:2]]Freeman preferred the use of words of Anglo-Saxon origin to those with French or Latin roots.

[[footnote:3]]Ansley Conyers, <i>Chesterleigh</i> (London: King 1873). Freeman was a prolific contributor to the <i>Saturday Review</i>.  The reviewer is wrong about the earl\'s younger son.

<br/>"
3502,3554,June 30th [1873?],1873-06-30,MS University of Iowa; MsL/Y56ma2,"Elderfield, Otterbourne, Winchester.","[[footnote:1]]CMY’s visit to Aylesbury was probably to  the Rev. William Bigg Wither, who had become Rector of Hardwicke, Bucks. in 1871.  She is known to have visited him in 1873.

<br/>"
2423,2475,July 2nd 1873,1873-07-02,MS Mrs Clare Roels[[footnote:1]],"Elderfield, Otterbourne, Winchester. ","[[footnote:1]]With envelope addressed to \'Miss C R Coleridge Pickhurst/ Chiddingfold/ Godalming\' and postmarked Winchester 2 July 1873.  Her brother Ernest Hartley Coleridge was running a school at Pickhurst, Chiddingfold.

[[footnote:2]][[otherbook:838]\'The Light of the Sun\'], the story of the daughter of an irreligious father, was contributed by Coleridge to the Christmas 1873 number of <i>MP</i>.

[[footnote:3]]Laetitia Matilda Hawkins, <i>Rosanne, or, A Father\'s Labour Lost</i> 3 vols (London, Rivington 1814).

[[footnote:4]]This refers to the administration of the Gosling Society, of which Coleridge was the secretary.

[[footnote:5]]This sentence does not seem to refer to the Gosling Society;  it probably relates to the composition of the Christmas number, to which Peard and Wilford, like Coleridge, contributed.

<br/>"
2424,2476,July 17th [1873],1873-07-17,"MS Bodleian Library, Oxford: MS English Letters: e 86.[[footnote:1]] ","Elderfield, Otterbourne, Winchester.","[[footnote:1]]Envelope addressed to \'The Revd/ J F Moor/Ampfield Vicarage/ Romsey\' and postmarked Winchester Jy 17/73.

[[footnote:2]]The Rev. William Bigg Wither, formerly curate of Otterbourne, had moved to Hardwick, Buckinghamshire.

<br/>"
2004,2056,July 20th [1873?],1873-07-20,"MS Bodleian Library, Oxford: MS English Letters: e 86. ",,"[[footnote:1]]The reference to Hardwick, Bucks., of which the Rev. William Bigg Wither became Rector in 1871, suggests the 1870s; and CMY visited him in July 1873."
2425,2477,[23 July 1873],1873-07-23,MS Charlotte Mitchell/14[[footnote:1]],,"[[footnote:1]]A printed postcard, addressed on reverse to ‘Miss W M James/ Clarghyll Hall/ Alston/ Carlisle’ and postmarked 23 July 1873.  James was a novelist, who contributed a story called \'Coin of the Realm\' to the <i>MP</i> Christmas number of 1874 under her usual pseudonym \'Austin Clare\'.  However, this enigmatic message does not seem to relate to that.  

<br/>"
3638,19419,"July 23, 1873",1873-07-23,"MS location unknown.  Printed in Coleridge, <i>[[otherbook:40]Life]</i> 317-8","Elderfield, Otterbourne,Winchester","[[footnote:1]]The Bishop of Winchester had died.

[[footnote:2]]The see of Winchester was valuable, and the sense of this is that the government is more likely to appoint another Bishop to it (\'a translation\') than a clergyman of lower rank."
2426,2478,Aug 1st [1873],1873-08-01,MS Charlotte Mitchell,"Elderfield, Otterbourne, Winchester.","[[footnote:1]]This probably refers to Jacob\'s [[otherbook:833]<i>The Raja of Sarawak</i>], which was coming out in <i>MP</i>.

[[footnote:2]]Annotated \'Bp [[person:1512]Samuel Wilberforce]\'.  He had died on 19 July 1873.

[[footnote:3]]A suffragan see of Guildford was created out of the diocese of Winchester in 1874. It became a separate see in 1927.

<br/>"
2427,2479,Aug 12th [1873] [[footnote:1]],1873-08-12,"MS Princeton University, Parrish Collection C0171: Box 29","Elderfield, Otterbourne, Winchester.","[[footnote:1]]Dated on the assumption that the poem was  [[otherbook:839]\'New Year\'s Eve\'], which was published in <i>MP</i> in December 1873."
2428,2480,[August 1873][[footnote:1]],1873-08-18,MS Charlotte Mitchell,,"[[footnote:1]]Endorsed in pencil ‘Aug. 1873/ authoress’.[[footnote:2]]Presumed to be addressed to Harriet Poole, governess and sister of the Gosling Alice Poole.

[[footnote:3]]Heath\'s Court was the home of Sir [[person:344]John Taylor Coleridge].



<br/>"
2429,2481,Sept 10th 1873,1873-09-10,"MS National Library of Wales 11,981E","Elderfield, Otterbourne, Winchester.",
2430,2482,Oct 8th [1873],1873-10-08,"MS Victoria University of Wellington, NZ[[footnote:1]]","Elderfield, Otterbourne, Winchester.",[[footnote:1]]Endorsed in pencil 1873.<br/>
2431,2483,November 15th 1873,1873-11-15,"MS Harry Ransom Humanities Research Center, University of Texas, Austin[[footnote:1]]","Hanwell Rectory, Middlesex, W.","[[footnote:1]]In Derwent Coleridge’s copy outletter book.

<br/>"
2432,2484,Novr. 20th 1873,1873-11-20,"MS Alexander Turnbull Library, Wellington, New Zealand.Ref: ms-papers-1786-4.","Elderfield, Otterbourne, Winchester. ","[[footnote:2]]The Rev. John Frederick Lloyd (1810-1875) was a fellow of St John\'s College, Auckland, 1849-1853, vicar of St Paul\'s, Auckland, 1853-1865 and archdeacon of Waitemata, 1865-1870. Owing to ill health he returned to England in 1870 where he became rector of Kirk-lreton, Wirksworth. CMY is thanking him for help with her [[cmybook:102]<i>Life of John Coleridge Patteson</i>].

<br/>"
3640,19453,Decr 12th [?1873],1873-12-12,"MS Pierpont Morgan Library, New York, MA 1485","Elderfield, ","[[footnote:1]]It seems possible that this letter relates to the abridgement of the[[cmybook:102] Life of John Coleridge Patteson] and is addressed to [[person:1583]Arthur Duke Yonge] who was in correspondence with his brother,[[person:1608] Frederick Duke Yonge], who lived in New Zealand.  The letter is in the autograph album of Mary Millais, and Arthur Yonge was a professional painter."
2433,2485,Decr 15th 1873,1873-12-15,"MS Columbia University Library, New York:  Ray Coll","Elderfield, Otterbourne, Winchester.",
2466,2518,Decr 29th [1873?],1873-12-29,"MS Princeton University, Parrish Collection C0171: Box 29","Elderfield,  Otterbourne,  Winchester.","[[footnote:1]]Since CMY would hardly have to particularize that next year meant 1875 if writing in 1874, and the end of December would be too late to get a story into the following January\'s issue of <i>MP</i>, it seems likely that this was written in 1873.  No story by Weber appeared in January 1875, but the one referred to here might be [[otherbook:855]\'I Wonder Why\'],  published in November 1874.<br/>"
2467,2519,[1874?[[footnote:1]]],1874-00-00,MS Charlotte Mary Yonge Society/2,,"[[footnote:1]]The Rev. Walter Elgie was curate of Otterbourne 1870-1876, and then, after it was formed into a separate parish, vicar until his death in February 1881.  He was evidently looking for a better job. The Rev William Dann Harrison, Vicar of South Stoneham, and Crondell, Hampshire, had the gift of the living of Crookham cum Ewshott, an ecclesiastical district formed in 1841 out of the parish of Crondell.  Mary Anne Dyson lived nearby and had no doubt alerted CMY.  The <i>Church News</i> noted the appointment of a new vicar of Crookham (7 June 1875), 3.

<br/>"
3256,3308,I think you must be mistaken about Hicks’ House as I find a deed dated in 1874 which conveys this pr,1874-00-00,"MS Hampshire Record Office 70M92W/60/218
","Jan 24 96

Dear Madam

I will look carefully into the Insurance questions in the course of a few days & write to you

It is very desirable that all your property should be fully insured.

To prevent a",
2434,2486,Jany 19th 1874,1874-01-19,MS British Library Add MSS 54921: 1-2,"Elderfield, Otterbourne, Winchester. ","[[footnote:1]]For the biography of Bishop Patteson.

<br/>"
2435,2487,Jany 20th 1874,1874-01-20,"MS Bodleian Library, Oxford: Ms. Eng. lett. e.116 ff166-68.[[footnote:1]]","Elderfield, Otterbourne, Winchester.","[[footnote:1]]Envelope addressed to ‘The Honble/ Laura Palmer/ 30 Portland Place,/ London W’, and postmarked ‘Winchester/JA 20/74’.

[[footnote:2]]\'Knight-Errantry, or, The Red Cross Knight and Una, 1852\' appeared in <i>MP</i> (May 1874) 487-492, but the other paper is less easy to identify.<br/>"
2437,2489,5 February [1874],1874-02-05,"MS Lady Margaret Hall, Oxford.","Elderfield, Otterbourne,Winchester.","[[footnote:1]]<i>The Life and Adventures of Lady Anne, the Little Pedlar</i> (1823), a children’s book, reprinted 1874 with an introduction by Christopher Wordsworth, and 1914  with an introduction by Elizabeth Wordsworth.  In her ‘journal notes’ about her visit in May 1872 Wordsworth says  CMY told her of a cousin ‘who used to tell her about <i>Lady Anne</i>, a favourite old child’s book I happened to mention’.  Romanes, [[otherbook:241]<i>Appreciation</i>],  148.

[[footnote:2]]The Colbornes here are the eight children of Field-Marshal Lord Seaton (1778-1863) and his wife Elizabeth Yonge.

[[footnote:3]]In EW’s ‘journal notes’ about her visit to Otterbourne in May 1872, she records that she dictated the words of the song that Angela sings in [[cmybook:109]<i>The Pillars of the House</i>]: ‘It is dreadfully vulgar, but the children in the Children’s Hospital in Nottingham used to sing it.’  Romanes, <i>Appreciation</i>, 142.

<br/>"
2436,2488,Febry 5th [1874],1874-02-05,MS Mrs Caroline Fairclough/25,"Elderfield, Otterbourne, Winchester.","[[footnote:1]]‘Cobwebs, or, The Monthly Packet Essay Society’ had begun in the issue of January 1873.  The question for February 1874 was ‘Classify the Aryan languages’.

[[footnote:2]]Arthur Butler was a prolific contributor to the <i>Athenaeum</i>.

[[footnote:3]]The reference is probably to her [[cmybook:101]<i>Aunt Charlotte\'s Stories of English History for the Little Ones</i>], which had appeared in time for Christmas 1873.

<br/>"
2438,2490,Febry 12th [1874],1874-02-12,MS Mrs Caroline Fairclough/27,"Elderfield, Otterbourne, Winchester.","[[footnote:1]]The questions which members of the Spider Society had to answer included \'Write the life of St. Chrysostom\' (January 1874) and \'Classify the Aryan Languages\' (February 1874).  In the <i>MP</i> (April 1874) 4-6, the best answer to the latter question was printed; it is signed \'May-Pole\', but perhaps on the evidence of this letter may be attributed to Arthur Butler.  Butler was fond of climbing and had travelled in the Dolomites.  The confusion between the Aryan heretics and the Aryan languages was the kind of joke CMY particularly enjoyed.

[[footnote:2]]Arthur Butler became engaged (8 February 1874) to Mary Caroline Humphry, whom he married on 6 April 1875.

[[footnote:3]]The biography of Wat Tyler (d.1381), leader of the Peasants\' Revolt, is obscure.<br/>"
2439,2491,Feb 22 [1874?],1874-02-22,"MS Princeton University, Parrish Collection C0171: Box 29[[footnote:1]]","Elderfield, Otterbourne, Winchester.","[[footnote:1]]Endorsed in pencil \'1874\'.[[footnote:2]]The letter is evidently addressed to a schoolboy at Winchester College, but the most likely candidate, George Tremenheere Huntingford (1873-1939) did not attend the school until 1886, after George Ridding\'s departure.

<br/>"
2440,2492,Feb 26th 1874,1874-02-26,MS Gloucestershire Record Office D1773/5[[footnote:1]],"Elderfield, Otterbourne, Winchester.","[[footnote:1]]With envelope addressed to The Revd/ H. Dombrain/ Framilode Rectory/ Stonehouse/Gloucester.

[[footnote:2]]The document referred to, an account of the Hursley windows in Keble’s hand, is with the letter in Gloucestershire Record Office.<br/>"
2441,2493,March 3d 1874,1874-03-03,MS British Library Add MSS 54921: 3-4 ,"Elderfield, Otterbourne, Winchester. ","[[footnote:1]][[footnote:1]]‘The Children in the Forest’, a translation from the German by C.P., had appeared in <i>MP</i> (November 1856), 376-384.<br/>"
2442,2494,March 15th [1874],1874-03-15,MS British Library Add MSS 54920: 246-7   ,Elderfield,"[[footnote:1]]The letter is about the publication of the [[cmybook:102]<i>Life of John Coleridge Patteson</i>].

<br/>"
2443,2495,March 24th 1874,1874-03-24,MS Charlotte Mitchell/5,"Elderfield, Otterbourne, Winchester.","[[footnote:1]]This may be a reference to [[person:601]the Rev. Alfred Gurney], but the letter is hard to interpret.

[[footnote:2]]This sounds like a reference to a family bereavement.  Maria Wilson was related by marriage to [[person:1044]Frances Dorothy Moor], whose son John Frewen Moor jr. tragically drowned in 1874.  Possibly \'Misey\' was related to the Moor family.  "
3572,6729,March 26th [1874],1874-03-26,"MS Ewelme Cottage, 11 Ayr St., Parnell, Auckland, N.Z. [footnote:1]]",Elderfield,"[[footnote:1]]With envelope addressed to Miss Lush/ Northlands/ Hollington/ S. Leonards-on-Sea, and postmarked Winchester 26 March 1874.

[[footnote:2]]Miss Lush’s brother the Rev. Vicesimus Lush (1817-1882) had emigrated to New Zealand in 1850 and worked in various capacities in the Auckland region under Bishop Selwyn. See his <i>[[otherbook:292]The Auckland Journals, 1850-63]</i> and <i>[[otherbook:293]The Thames Journals 1868-82]</i>. "
2444,2496,April 1st 1874,1874-04-01,MS Charlotte Mitchell/6,"Elderfield, Otterbourne, Winchester.","[[footnote:1]]This present was no doubt given in connection with CMY\'s work on the [[cmybook:102]<i>Life of John Coleridge Patteson</i>], with whom these places were associated.  Mrs Codrington was probably a relation (perhaps the mother) of the Rev. Robert Henry Codrington (1830-1922), who succeeded Bishop Patteson as head of the Melanesian mission in 1871.<br/>"
2445,2497,April 21st 1874,1874-04-21,"MS John Rylands Library, Manchester, FA1/7/835","Elderfield, Otterbourne, Winchester. ","[[footnote:1]]Edward Augustus Freeman, <i>King Ine</i> Part I (1872) and Part II (1874) were reprinted from the <i>Proceedings of the Somersetshire Archaeological and Natural History Society</i>.

[[footnote:2]]Margaret Macarthur, <i>History of Scotland</i> (London: Macmillan 1873), volume 3 of the Historical Course for Schools series edited by Freeman.

[[footnote:3]]The Rev. G. W. Kitchin\'s <i>A History of France</i> was published in three volumes between 1773-7.

<br/>"
2446,2498,April 23rd 1874 ,1874-04-23,"MS Girton College Cambridge, Yonge XV 1","Elderfield, Otterbourne, Winchester.",[[footnote:1]]CMY and her mother had been recruited by Furnivall among the readers collecting quotations for the [[other:151]project] which was to become the <i>New English Dictionary</i>.
2447,2499,"May 7, 1874.",1874-05-07,"MS location unknown.  Printed in Coleridge, [[otherbook:40]<i>Life</i>], p. 261","Elderfield, Otterbourne, Winchester, ","[[footnote:1]]The Rev. George Collyer Harris (1833-4 May 1874), Vicar of St. Luke\'s Torquay, was the step-son of Jane (Yonge) Harris (b. 1796), first cousin of CMY\'s father.  CMY later published a [[cmybook:113]memoir] of him prefixed to a volume of his sermons.

[[footnote:2]]The implication seems to be that Miss Poole, perhaps Harriet Poole, has visited the Guizots.  Perhaps she was working as a governess in Paris.  Guizot\'s daughter Pauline had died in February, and the family were also distressed by the estrangement from his son Guillaume, who had borrowed 50,000 francs from Napoleon III to pay his gambling debts.  Guizot raised the money to pay this debt by selling books and a picture before his death on 12 September 1874.  See [[otherbook:848]<i>Lettres a sa fille Henriette</i>], 49.  <br/>"
2448,2500,May 10th [1874],1874-05-10,"Bodleian Library, Oxford: Bryce 156 (microfilm) ff17-18","Elderfield, Otterbourne, Winchester.","[[footnote:1]]This letter is addressed to Florence, one of the daughters of the historian Edward Augustus Freeman, who is taking part in the [[other:116]Spider Society] essay competitions run in the <i>Monthly Packet</i>, using the name \'Pisa\'.    ‘Collect the various associations - Scriptural, astronomical, classical and poetical - of the Constellation of the Pleiades’ was one of the Spider Questions for March 1874.  A long answer by a Spider called \'P\' was printed, and a shorter section by  \'Pisa\' in  <i>MP</i> 17 (May 1874), 4.   ‘Write the life of St. Chrysostom’ was one of the Spider questions for January 1874, and \'Pisa\'\'s answer was commended. \'What curious adventures have the Regalia of different countries undergone? and \'Describe and explain the process of multiplying 4265 by 3902\' were the Spider questions for May 1874.  \'Pisa\'\'s \'Curious Adventures of the Regalia of Different Countries\',  appeared in <i>MP</i> (July 1874), 3-9.

<br/>"
2450,2502,May 13 1874,1874-05-13,"MS Eton College, ALS to AIT.","Elderfield, Otterbourne, Winchester.","[[footnote:1]]One of CMY\'s correspondent\'s best-known novels was [[otherbook:731]<i>Old Kensington</i>].

<br/>"
2449,2501,May 13th 1874,1874-05-13,"MS Princeton University, Parrish Collection C0171: Box 29","Elderfield, Otterbourne, Winchester.","[[footnote:1]]CMY\'s correspondent was taking part in the [[other:116]Spider Society]\'s essay competitions in the <i>Monthly Packet</i>.

[[footnote:2]]\'Describe and explain the process of multiplying 4265 by 3902\' was one of the Spider questions for May 1874.<br/>"
2451,2503,May 18th 1874,1874-05-18,"MS Bodleian Library, Oxford: Bryce 156 (microfilm) ff19-20","Elderfield, Otterbourne, Winchester.","[[footnote:1]]Freeman was taking part in the [[other:116]Spider Society] essay competitions in the <i>MP</i>. \'What curious adventures have the Regalia of different countries undergone?\' was one of the Spider questions for May 1874.  \'Pisa\'\'s \'Curious Adventures of the Regalia of Different Countries\',  appeared in <i>MP</i> (July 1874), 3-9.

<br/>"
2452,2504,May 18th 1874,1874-05-18,"MS Princeton University, Parrish Collection C0171: Box 29","Elderfield, Otterbourne, Winchester.","[[footnote:1]]

[[footnote:1]]<i>Journal of  the Lady Beatrix Graham</i> was an anonymous historical novel by Jane Smith-Dampier, published with an introduction by CMY in 1871.

[[footnote:1]]The Great Hall of Winchester Castle was restored by Thomas Henry Wyatt (1807-1880) in 1873.

<br/>"
2453,2505,May 18th 1874,1874-05-18,"MS Bodleian Library, Oxford: Bryce 156 (microfilm) ff21-2","Elderfield, Otterbourne, Winchester.","[[footnote:1]]Freeman had taken part in the Spider Society essay competitions in <i>MP</i>.

[[footnote:2]]This confirms the identification of Freeman as \'Pisa\', for <i>MP</i> (July 1874) 8, prints \'Money Spinner\'\'s \'Multiplying 4265 by 3902\' and comments \'PISA is the only one who has \\""cast out the nines\\""\'."
2644,2696,May 22nd [1874-7?],1874-05-22,"MS Princeton University, Parrish Collection C0171: Box 29","Elderfield, Otterbourne, Winchester.","[[footnote:1]]This is one of many letters which show CMY helping to obtain jobs in domestic service for village girls.  Miss Maria Salter, butcher, is recorded at this address in the 1882 Post Office London Directory.  Jane Bramston was the wife of a clergyman who taught at Winchester College, and the daughter of an Essex clergyman.

<br/>"
2454,2506,June 21 [1874],1874-06-21,MS UCLA collection 100 box 119,"15, Gt. Stanhope Street. W.","[[footnote:1]]Abraham Kuyper (1837-1920), Dutch Reformed Calvinist theologian, founder of the Free University of Amsterdam and Prime Minister of the Netherlands 1901-5, experienced a religious conversion after reading <i>The Heir of Redclyffe</i> in the early 1860s.

[[footnote:2]][[footnote:1]]Edward H. Milligan, ‘Smith, Hannah Whitall (1832–1911)’, <i>Oxford Dictionary of National Biography</i> (Oxford University Press, 2004) gives 17-23  July 1874 as the date of the visit to Broadlands by Smith and her husband Robert Pearsall Smith (1827–1898).

<br/>"
3678,20030,July 9th 1874,1874-07-09,"MS Pierpont Morgan Library, New York, MA 4500","Elderfield, Otterbourne, Winchester.","[[footnote:1]] Evidently CMY’s correspondent had offered to work with Bishop Patteson’s notes on Melanesian languages.

[[footnote:2]] Friedrich Max Müller  (1823-1900) was a German-born scholar of comparative language, religion, and mythology who worked for most of his life in England."
2455,2507,July 14th 1874,1874-07-14,"MS Bodleian Library, Oxford: Ms. Eng. lett. e.116 ff169-70.","Elderfield, Otterbourne, Winchester.","[[footnote:1]]The Christmas 1874 number of <i>MP</i> was on the theme \'Least said, soonest mended\'.  Laura Palmer contributed [[otherbook:849]\'Itys, the Faun\'], by L.E.P., which was the first story in the issue, and was the subject of the frontispiece."
2457,2509,"July 20th [?1874[[footnote:1]]]
",1874-07-20,"MS Bodleian Library, Oxford: MS English Letters: e 86. 
","Elderfield, Otterbourne, Winchester.
","[[footnote:1]]Laura Palmer’s mother, born  Lady Laura Waldegrave (d 10 April 1885) who had married (1848)  Roundell Palmer, created  (1872)  Lord Selborne and (1882) Earl of Selborne.
<br/>"
2456,2508,July 21st 1874,1874-07-21,"MS Bodleian Library, Oxford: Ms. Eng. lett. e.116 ff 172-3.[[footnote:1]]","Elderfield, Otterbourne, Winchester. ","[[footnote:1]]Envelope addressed to \'The Honble/ Laura Palmer/ Blackmoor,/ Petersfield,\' postmarked \'Winchester/JY/ 21/74\'.

[[footnote:2]] Laura Palmer’s mother, born Lady Laura Waldegrave (d 10 April 1885), who had married (1848)  Roundell Palmer, created  (1872)  Lord Selborne and (1882) Earl of Selborne.

<br/>"
2458,2510,Aug 7th [?1874[[footnote:1]]],1874-08-07,MS Mrs Clare Roels,Hardwicke,"[[footnote:1]]The Rev. William Bigg Wither had become Rector of Hardwick, Bucks.. CMY had visited him there in 1873, and 1874 seems the most probable date for this letter, which concerns the administration of the Gosling Society, of which Christabel Coleridge was the secretary.

[[footnote:2]] Mary Avice Butler is known to have been a Gosling by 1874, taking the name Mavis.

[[footnote:3]]Phoebe Allen, a Gosling from July 1870.

[[footnote:4]]Hartstongue, an otherwise unknown Gosling, was perhaps one of the three sisters of Polypodium (Maria Georgina Archer Houblon).  Their father was one of the curates working in Wantage for the Rev. W. J. Butler, the father of Mary Avice Butler and her sister Frog (Emma Butler).

[[footnote:1]]The second Gosling to be called Thistle was [[person:517]Elisabeth Jane Forbes], niece of the Rt. Rev. Alexander Penrose Forbes (1817-1875), Bishop of Brechin.  Evidently one of her four sisters was enrolled as the second Heather.<br/>"
2459,2511,Aug 13th 1874,1874-08-13,"MS Bodleian Library, Oxford: Ms. Eng. lett. e.116 ff 175-6.[[footnote:1]]",Somerleaze[[footnote:3]],"[[footnote:1]]Envelope addressed to “The Honble/ Laura Palmer/ Blackmoor,/ Petersfield/ Hants” postmarked “Winchester/AU/ 21/74\\"".

[[footnote:2]]Somerleaze, near Wells, was the home of the historian Edward Augustus Freeman.

[[footnote:3]]Palmer\'s story, [[otherbook:849]\'Itys, the Faun\'] was contributed to the Christmas 1874 number of <i>MP</i>, which was in proof.

<br/>"
2460,2512,Sept 7th 1874,1874-09-07,MS British Library Add MSS 54921: 5-6 ,"Elderfield, Otterbourne, Winchester.",<br/>
3610,14535,Sept 8th 1874,1874-09-08,MS Charlotte Mitchell,"Elderfield, Otterbourne, Winchester.",
2461,2513,[26 September 1874],1874-09-26,"MS Bodleian Library, Oxford: Ms. Eng. lett. e.116 ff 178-9[[footnote:1]]","Elderfield, Otterbourne, Winchester.","[[footnote:1]][[footnote:1]]Envelope addressed to ‘The Honble/ Laura Palmer/ Blackmoor,/ Petersfield,’ postmarked ‘Winchester/SP 26/74’ with ‘To be forwarded’ in top left corner.

[[footnote:2]][[otherbook:849]\'Itys, the Faun\'], a story contributed by Palmer to the Christmas 1874 number of <i>MP</i>, was the subject of the number\'s illustrated frontispiece.

<br/>"
3679,20040,September 28th 1874,1874-09-28,"MS Pierpont Morgan Library, New York, MA 2768","Elderfield, Otterbourne, Winchester. ","[[footnote:1]]‘Mozley, Cowie and Smith’ appears briefly in 1874 as the imprint of the firm that was formerly [[other:108]John & Charles Mozley] (1845-1874) and became Mozley & Smith in 1875. Mr Cowie may have been the “foreman they took into partnership [who] immediately went mad, and upset the arrangements - and they had to go on paying him as partner after he was in an asylum, till the firm could be dissolved.” [CMY to Bartholomew Price 1882]

[[footnote:2]]Evelyn Tod, Chardham Fair, an historical tale serialised in MP from January - September1873."
2462,2514,Oct 7th 1874,1874-10-07,"MS John Rylands Library, Manchester, FA1/7/836",Elderfield,"[[footnote:1]]This letter refers to the [[cmybook:99]<i>History of France</i>] which CMY was preparing for Freeman\'s \'Historical Course for Schools\' series, and which was finally published in 1879.

[[footnote:2]]An English translation by Emma Hardy of part of Alexandre Dumas, [[otherbook:1120]<i>Le Comte de Monte Cristo</i>] (1844-5) appeared in 1846 under the title <i>The Chateau D\'If</i>.<br/>"
2463,2515,Oct 30th 1874,1874-10-30,"MS Lady Margaret Hall, Oxford.","Elderfield, Otterbourne, Winchester.","[[footnote:1]]Luther used a rose as his personal seal.  A golden rose was offered by the Pope in 1518 to his protector the the Elector Frederick the Wise of Saxony.  CMY presumably refers to one or other of these tales.

<br/>"
2464,2516,Novr 6th 1874,1874-11-06,MS Charlotte Mary Yonge Fellowship,"Elderfield, Otterbourne, Winchester.","[[footnote:1]]Another letter exists, evidently to the same Miss Cole who was a friend of the Colborne family, dated 17 March [1860s?].  On the evidence of this letter, she may have been Nina Cole, author of [[otherbook:1121]<i>Meditations on the Song of Songs</i>] (1874), a volume edited by the Rev. George Cosby White.

[[footnote:2]]The Rector of Dittisham was the Rev. and Hon. Graham Colborne, brother of Jane Montgomery Moore and Elizabeth Colborne.

<br/>"
2465,2517,Novr 26th 1874,1874-11-26,"MS Lady Margaret Hall, Oxford.","Elderfield, Otterbourne, Winchester.","[[footnote:1]]Probably Wordsworth\'s <i>Thoughts for the Chimney Corner</i> (1873).

[[footnote:2]]The warden of New College was Edwards Sewell.  Probably CMY is referring to the death of his brother the Rev. [[person:1306]William Sewell] (1804-14 November 1874).   Bodley’s Librarian, the Rev. Henry Octavius Coxe (1811-1881), was father-in-law to Elizabeth Wordsworth’s brother John.<br/>"
2487,2539,[1875?],1875-00-00,"MS location unknown, fragment printed in Gwendolen Stephenson, [[otherbook:869]<i>Edward Stuart Talbot 1844 - 1934</i>], 1936, 37.",,"[[footnote:1]]This refers to the plan to found a women\'s college in Oxford which became [[other:6]Lady Margaret Hall].

[[footnote:2]]Matthew 5: 13.  ‘Ye are the salt of the earth: but if the salt have lost his savour, wherewith shall it be salted?’<br/>"
3478,3530,[after 1875],1875-00-00,"MS fragment Princeton University, Parrish Collection",,
3664,19839,Jany 20th 1875,1875-01-20,MS Charlotte Mitchell. ,"Elderfield, Otterbourne, Winchester.",[[footnote:1]]This letter is evidently addressed to an unidentified member of the [[other:104]Gosling Society].
2469,2521,Jany 27th 1875,1875-01-27,"MS John Rylands Library, Manchester, FA1/7/837a-837b","Elderfield, Otterbourne, Winchester.","[[footnote:1]]This refers to CMY\'s work on [[cmybook:99]<i>History of France</i>], a volume in the \'Historical Course for Schools\' edited by Freeman.

[[footnote:2]]Freeman had observed in his <i>The Growth of the English Constitution</i>, 71, that the \'career of Simon of Montfort is the most glorious in our later history\'.

[[footnote:3]]Freeman was far from agreeing that the book was ready for the press: see Susan Walton\'s [[otherbook:586]\'Charlotte M. Yonge and the \\""historic harem\\"" of Edward Augustus Freeman\'].

[[footnote:4]]John Richard Green, [[otherbook:858]<i>A Short History of the English People</i>] (London: Macmillan 1874) was probably the longer history referred to.

[[footnote:5]]Huxley had indeed mentioned CMY\'s <i>Scripture Readings</i> as possible textbooks for children, \'strangely\', since he was himself an agnostic. He did not quite praise them, but instanced them as illustrations of the fact that even pious people thought young children should be given extracts from the Bible, rather than the whole thing, to read;  see  \'The London School Board\' <i>The Times</i> (30 March 1871), 10.

[[footnote:6]]Florence Freeman took part in the Spider Society essay competitions in <i>MP</i>;  one of the questions for February 1875 was \'Write the Life of Sidonius Apollinaris\'.<br/>"
3669,19875,Febry 1st 1875,1875-02-01,MS Charlotte Mitchell. ,"Elderfield, Otterbourne, Winchester.",[[footnote:1]]Keary\'s <i>[[otherbook:867]A York and a Lancaster Rose]</i> appeared in <i>MP</i>  (January 1875-May 1876).
2470,2522,March 1st 1875 ,1875-03-01,MS British Library Add MSS 54921: 7-8 ,Elderfield  Otterbourne,<br/>
2471,2523,March 13th 1875,1875-03-13,"MS Princeton University, Parrish Collection C0171: Box 29","Elderfield,  Otterbourne, Winchester.",[[footnote:1]]These verses do not seem to have been published in <i>MP</i>.
2472,2524,March 31st 1875,1875-03-31,MS The Hypatia Trust,"Elderfield, Otterbourne, Winchester.",<br/>
3453,3505,April 1st [after 1875],1875-04-01,"MS Bodleian Library, Oxford: MSS. Autogr. c.25 f270","Elderfield, Otterbourne, Winchester.","[[footnote:1]]Anne Mary Buston (1824/5-1895) was the wife of the Rev. Roger Buston (1807/8-mid 1880s), Vicar of Twyford, and mother of a numerous family.

[[footnote:2]]The Girls\' Friendly Society was founded in 1875.

<br/>"
2473,2525,"April 6, 1875",1875-04-06,"MS location unknown.  Printed in Coleridge, [[otherbook:40]<i>Life</i>] 261-2","Elderfield, Otterbourne, Winchester","[[footnote:1]]At the time of the 1871 census Amélie Leroy (1851-1934), later a novelist as ‘Esmé Stuart’, was living with Mary Anne Dyson in Crookham and working as a teacher in her school.

[[footnote:2]]Apart from CMY\'s niece Helen Yonge, the named confirmation candidates were perhaps Amy Jones-Bateman, whose father was a great friend of Julian Yonge\'s, and Gertrude Webber, stepdaughter of the Rev. Walter Elgie, the curate.

[[footnote:3]]He was writing the life of Samuel Wilberforce.

[[footnote:4]]The new vicar of Crookham cum Ewshott was the Rev. Gordon Wickham, whose father had been second master of Winchester College. <br/>"
2474,2526,April 13th1875,1875-04-13,"MS Harvard University, Houghton Library","Elderfield, Otterbourne, Winchester.","[[footnote:1]]In fact CMY was being sanguine in supposing that Freeman, the editor of the \'Historical Course for Schools\' in which her <i>History of France</i> was to appear,  considered her book ready for the press."
2475,2527,April 19th 1875,1875-04-19,"MS Taylor Institution, Oxford",,
2476,2528,April 20th 1875,1875-04-20,"MS Girton College Cambridge, Yonge VIII 4","Elderfield, Otterbourne, Winchester.","[[footnote:1]]William Parsons Warburton, <i>Edward III</i> (1874). CMY was still recommending it in 1881: see Coleridge, <i>Life</i>, 56.  It appeared in the \'Epochs of Modern History\' series.

<br/>"
2477,2529,April 24th 1875,1875-04-24,"MS Harry Ransom Humanities Research Center, University of Texas, Austin.","Elderfield, Otterbourne, Winchester.",
2577,2629,April 25th [1875] [[footnote:1]],1875-04-25,MS British Library Add MSS 54921: 9 ,"Elderfield, Otterbourne, Winchester.","[[footnote:1]]The year is hard to read and the letter has been filed under 1875.

[[footnote:2]]CMY\'s [[cmybook:99]<i>History of France</i>] had been heavily revised after criticism from E. A. Freeman, the editor of the \'Historical Course for Schools\' series.<br/>"
2478,2530,April 27th 1875,1875-04-27,"MS Girton College Cambridge, Yonge VIII 5","Elderfield, Otterbourne, Winchester.",<br/>
2479,2531,May 13th 1875,1875-05-13,"MS Columbia University Library, New York:  Lohf Collection","Elderfield, Otterbourne, Winchester.",<br/>
2480,2532,May 24th 1875,1875-05-24,MS Mrs Clare Roels,"Elderfield, Otterbourne, Winchester.","[[footnote:1]]This was the deadline for the submission of MSS for the Christmas number of <i>MP</i>.

[[footnote:2]]Geraldine Butt and Mary Avice Butler were both members of the [[other:104]Gosling Society], of which Christabel Coleridge was the administrator.

[[footnote:3]]Coleridge\'s cousin Margaret Helmore was the author of <i>Cap and Bells</i>, whose hero is horrified to discover that he is probably illegitimate, but subsequently turns out to have been changed at birth.

<br/>"
3488,3540,June 22 [after 1875],1875-06-22,MS UCLA: collection 100: box 95,Elderfield,
3576,7267,July 13th 1875,1875-07-13,MS Jonathon Waugh,,[[footnote:1]]Neither article has been identified in <i>[[other:52]MP]</i>.
2481,2533,July 31st 1875,1875-07-31,MS Mrs Clare Roels[[footnote:1]],"Elderfield, Otterbourne, Winchester.","[[footnote:1]]The envelope also engraved on flap with address, postmarked Winchester 31 July 1875 and addressed to ‘Miss C.R.Coleridge/ Hanwell Rectory/Middlesex’.

[[footnote:2]]Coleridge\'s novel <i>Hugh Crichton\'s Romance</i> was published in November 1875.

<br/>"
2482,2534,Aug 4th 1875,1875-08-04,"MS Princeton University, Parrish Collection C0171: Box 29","Elderfield, Otterbourne, Winchester.","[[footnote:1]]Although Augusta Frere signed several contributions of fiction to <i>MP</i>, and her cousin Emily Frere some non-fiction, the story is not identifiable.<br/>"
2483,2535,Sept 13 1875,1875-09-13,"MS fragment Girton College Cambridge, Yonge X 2","Elderfield, Otterbourne, Winchester","[[footnote:1]]The Rt. Rev. Allan Becher Webb (1839-1907), Bishop of Bloemfontein (1870-1883).  The article was \'The Work of Women at Home for Foreign Missions (A Paper read by the Bishop of Bloemfontein at Rugby, July 8, 1875)\', <i>MP</i> ns 20 (November 1875) 397-403.

<br/>"
2484,2536,"September 21, 1875.",1875-09-21,"MS location unknown.  Printed in Coleridge, [[otherbook:40]<i>Life</i>] p.322","Elderfield, Otterbourne, Winchester, ",<br/>
2485,2537,Sept 29th [1875],1875-09-29,MS UCLA: collection 100: box 95322[[footnote:1]],"Elderfield, Otterbourne, Winchester.",[[footnote:1]]Envelope addressed to ‘Miss Peterson/Cliff Cottage/The Lees/Folkestone’ and postmarked Winchester E SP 29 75.
3446,3498,Oct 15th  [1875-8?],1875-10-15,MS???,,"[[footnote:2]]Black-edged paper.

[[footnote:2]]Hannah (Rogers) Carey (b. 1838/9) was the widow of CMY’s cousin James Arthur Yonge (1822-1864), and lived at Botley, Hants. with her second husband Charles Egerton Carey. She had evidently written to congrat"
3680,20049,Oct 15th  [1875-8?],1875-10-15,MS??,,
3474,3526,Oct 21st [after 1875[[footnote:1]]],1875-10-21,"MS Princeton University, Parrish Collection",,"[[footnote:1]]The Girls’ Friendly Society was founded in 1875, and Diocesan Conferences seem to have started in Winchester diocese in 1877.

[[footnote:2]]CMY was accustomed to address Bishops with great respect, and the informal tone of this letter thus rules out several with whom she was acquainted.  Perhaps [[person:1382]George Henry Sumner], who was appointed suffragan Bishop of Guildford in late 1888, is the most likely candidate.

<br/>"
3617,18775,Oct 24th [1875][[footnote:1]],1875-10-24,"MS Special Collections, University of Virginia Library[[footnote:2]]",Elderfield,"[[footnote:1]]The Rt. Rev. Alexander Forbes, whose recent death is referred to in the letter, died on 8 October 1875.

[[footnote:2]]The letter is endorsed in another hand \'To be torn up. You shall hear if further information is sent by CY or anyone else.  Would not your uncle Roland be an authority on the subject?  Yr. loving cousin Fanny\'

[[footnote:3]]CMY\'s cousin [[person:1611]George Yonge] lived at Bishopstoke with his wife Lucy.  It has been assumed that the Sir Richard referred to here is General Sir Richard Wilbraham, brother of Fanny Wilbraham, and that the letter is therefore addressed to her.

[[footnote:4]]Goodenough was a naval officer who died on 20 August 1875 as a result of an arrow wound sustained in a fight with natives of the Santa Cruz Islands (where [[person:1155]Bishop Patteson] had also died)."
2486,2538,Novr 8th 1875,1875-11-08,MS Plymouth and West Devon Area Record Office Ac 1092/29,"Elderfield, Otterbourne, Winchester.",
3444,3496,Decr 17th [1875][[footnote:1]],1875-12-17,"MS Princeton University, Parrish Collection C0171: Box 29","\'Monthly Packet\'  6, Paternoster Row, London, E.C.","[[footnote:1]]The letter can probably be dated between the deaths of Keble’s brother, the Rev. Thomas Keble (1793-5 September 1875), and of Sir John Taylor Coleridge (1790-11 February 1876).  It is possible though that the elder Thomas Keble was still living when it was written, but the mid-1870s are still the most likely period (Keble had died in March 1866).<br/>"
3492,3544,Decr 28th [after 1875],1875-12-28,MS  UCLA: collection 100: box 95,"Elderfield, Otterbourne, Winchester.","[[footnote:1]]This is guesswork, but Mary Anderson Morshead was a great organizer of girls and of amateur dramatics, and seems a likely recipient of this letter. The letter must obviously date from after the foundation of the Girls\' Friendly Society in 1875, and more likely from the late 1880s.

<br/>"
2468,2520,Jany 6th 1875 [1876],1876-01-06,MS Mrs Julia Birley/1,"Elderfield, Otterbourne, Winchester.","[[footnote:1]]The opening of this letter refers to the [[other:104]Gosling Society], of which Geraldine Butt was a member, as \'Staddacombe\'.  

[[footnote:2]]\'What have been the principal religions of the world, ancient and modern?\' was one of the essay questions set to the Spider Society in December 1875.<br/>"
2488,2540,Jany 29th 1876,1876-01-29,"MS Humanities Research Center, University of Texas, Austin, Charlotte M. Yonge collection/4","Elderfield, Otterbourne, Winchester.","[[footnote:1]]Greene had contributed a story, \'The Haunted Sacks\' to <i>MP</i> (Christmas 1875) which was reprinted in her [[otherbook:870]<i>God\'s Silver, or, Youthful Days</i>] (1877). <br/>"
2489,2541,Febry 12th 1876,1876-02-12,MS fragment Plymouth and West Devon Area Record Office Acc No 308: 12-2-76,"Elderfield, Otterbourne, Winchester.’",[[footnote:1]]Sir John Taylor Coleridge had died on 11 February.  The sentence probably went to say that now Mary\'s [[person:1623]father] had only his sister Jane Harris surviving among his contemporaries.<br/>
2491,2543,Feb 26th 1876,1876-02-26,MS Plymouth and West Devon Area Record Office Ac 1092/30,"Elderfield, Otterbourne, Winchester.",<br/>
2490,2542,Febry 26th 1876,1876-02-26,MS British Library Add MSS 54921: 11[[footnote:1]] ,,[[footnote:1]]Endorsed  \'See my letter. Feb 29/1\'.[[footnote:2]]This question is likely to have been prompted by anxiety about the financial situation of CMY\'s brother [[person:1624]Julian].<br/>
2494,2546,March 3d 1876,1876-03-03,"MS Bodleian Library, Oxford: MSS. Autogr. MSS. Autogr.  d. 33 ff 245-6","Elderfield, Otterbourne, Winchester.","[[footnote:1]]This was the additional chapter of [[cmybook:19]<i>Heartsease</i>] which explained what happened to the characters.

[[footnote:2]]A. C. Owen, who had contributed articles on \'Christian Art\' to <i>MP</i> in 1874-5, had just published [[otherbook:871]<i>The Arts Schools of Mediæval Christendom</i>] edited by John Ruskin (London: Mozley & Smith 1876). He had commended the volume of <i>MP</i> containing these articles in a lecture later published in his <i>The Pleasures of England</i> (1884).  CMY does not seem to have recommended it in <i>MP</i>, however."
2492,2544,March 7th 1876 [6 March 1876],1876-03-07,MS Plymouth and West Devon Area Record Office Acc No 308: 7-3-76[[footnote:1]],"Elderfield, Otterbourne, Winchester. ","[[footnote:2]]With envelope addressed to Miss Yonge/ Puslinch/ Yealmpton/ Devon and postmarked Winchester 6 March 1876 [sic] and Plymouth 7 March 1876.  Endorsed \'Julian No 1\'.

[[footnote:3]]Gossip about Julian Yonge\'s financial disaster was circulating through the family networks. Mary (Walter) Woollcombe was a sister of Frances (Walter) Yonge and Gertrude Walter.  Her husband’s family lived near Puslinch, and her brother-in-law William Woollcombe (1832-1921) had married Anne Catharina Pode (d.1913) , a first cousin of CMY, and sister of  Frances Alethea (Pode) Hickes and of Charlotte (Pode) Yonge, Mary Yonge’s sister-in-law.  The Rev.Thomas Hickes, Alethea’s husband, was at this time curate of Hursley.

<br/>"
2493,2545,March 17th 1876,1876-03-17,MS British Library Add MSS 54921: 12-13 ,"Elderfield, Otterbourne, Winchester.",<br/>
2495,2547,March 20th 1876,1876-03-20,MS Plymouth and West Devon Record Office  308/259[[footnote:1]],"Elderfield, Otterbourne, Winchester.","[[footnote:1]]With envelope addressed to ‘Miss Yonge/ Puslinch/ Yealmpton’, endorsed ‘Julian. No 2 Recd March 23 1876’ and postmarked Winchester 21 March and Exeter 22 March 1876.

[[footnote:2]]Jane Montgomery Moore was living in India.   The Rt. Rev. Henry Alexander Douglas (1821-December 1875) served briefly as Bishop of Bombay before his death.

<br/>"
2496,2548,April 1st 1876,1876-04-01,MS Mrs Katherine Wykes-Sneyd[[footnote:1]],,"[[footnote:1]]Postcard addressed to \'Miss M. Fursdon/Fursdon/Tiverton\', postmarked \'Winchester 1 April 1876\'.

[[footnote:2]]This is an interesting survival which shows the format in which essay questions were circulated to members of the Gosling Society.

<br/>"
2497,2549,April 4 th [1876?],1876-04-04,MS Mrs Clare Roels,"Elderfield, Otterbourne, Winchester.","[[footnote:1]]The words \'first\' and \'second\' have been erased and the words ‘yes they were’ inserted.  Henry the Navigator, King of Portugal (1394-1560), and his brothers were connected to English history by their mother, Philippa, daughter of John of Gaunt, which explains how CMY had worked them into one of her <i>Cameos from English History</i>.  Coleridge was writing a novel about them.

[[footnote:2]]Pedro Calderón de la Barca, <i>El Principe Constante y Martyr de Portugal</i> (1680?).  Archbishop Trench had published some translations of Calderon, and also a poem called \'The Steadfast Prince\' about Prince Ferdinand of Portugal (1402-1443), the subject of the play, but no translation of the play by him has been found.

[[footnote:3]]Coleridge\'s novel <i>Lady Betty</i> is about a pair of Jacobite sisters.

<br/>"
2498,2550,May 1st 1876,1876-05-01,MS Plymouth and West Devon Area Record Office Acc No 308: 1-5-76,"Elderfield, Otterbourne, Winchester.","[[footnote:1]]Rowland Jones Bateman (d.1896), a barrister, was a close friend of Julian Yonge\'s who lived at the Grange, Allbrook and was much involved in parish work in Otterbourne.

[[footnote:2]]Matilda Blanche (Crawley) Gibbs (d. 1887), of Tyntesfield,  CMY’s second cousin, had financed the building of Keble College Chapel, whose opening on 25 April 1876 CMY had attended.

[[footnote:3]]The Warden of Keble College was the Rev. Edward Stuart Talbot (1844-1934), whose father-in-law, the 4th Lord Lyttelton (1817-1876) had committed suicide in a fit of depression on 19 April. The 6th Earl Beauchamp (1830-1891) was a prominent Tractarian layman.

[[footnote:4]]The other attendees included Gathorne Hardy (1814-1906), conservative politician, later 1st Earl of Cranbrook;  and the 3rd Marquess of Salisbury (1830-1903), then Secretary of State for India and subsequently Prime Minister.

[[footnote:5]]The Rt. Rev. Louis George Mylne (1843-1921), consecrated Bishop of Bombay 1 May 1876.

[[footnote:6]]The Rev. Canon Henry Parry Liddon (1829-1890), a disciple of Pusey famous for his eloquence and the length of his sermons.

<br/>"
2499,2551,May 2nd 1876,1876-05-02,MS Miss Barbara Dennis/2 ,"Elderfield, Otterbourne, Winchester.","[[footnote:1]] Sophia Jane (Collinson) Harrison (1826-1891), wife of the railway engineer Thomas Elliot Harrison (1808-1888) was certainly a correspondent of CMY\'s and a philanthropist,  but proof is lacking that this letter is definitely to her.<br/>"
2501,2553,May 8 th [1876],1876-05-08,MS Plymouth and West Devon Area Record Office Acc No 308: 8-5-76,Elderfield,
2500,2552,[May 1876],1876-05-18,MS fragment West Devon Area Record Office Acc No 308: ?-5-76,,"[[footnote:1]]The Rev. Edgar Jacob (1844-1920), at this time a chaplain in Bengal and subsequently (1895) Bishop of Newcastle and (1903) St. Albans.  He was the brother of CMY\'s friends and neighbours Edith and Gertrude Jacob.  Jane (Colborne) Montgomery Moore’s husband was Lieut-Col. commanding the 4th Hussars, who were stationed at Rawalpindi.<br/>"
2502,2554,June 1st 1876,1876-06-01,MS Plymouth and West Devon Area Record Office Acc No 308:  1-6-76,Elderfield,"[[footnote:1]]Mary’s nephew, the Rev. Edmund Doidge Anderson Morshead (1849-1912), still a schoolboy at Winchester College.

[[footnote:2]]The Rev. Edward Lyon Berthon (1813-1899) was Vicar of Romsey and inventor of the screw propeller;  his wife had died in 1865.  His memoirs do not refer to this episode.

[[footnote:3]]The passage between asterisks ** is on a separate sheet and is inserted conjecturally.

[[footnote:4]]On 3 August 1876 the daughters of the Bishop of Oxford and his wife Alethea (Coleridge) Mackarness were married at Cuddesdon.  Mary Alethea Mackarness (1851-1940) married her cousin the Hon. Bernard Coleridge and her sister Eleanor Victoria Mackarness (1855-1936) married the Hon. and Rev. Randal Parsons (1848-1936).  (The MSS certainly says 9 not 3 but the wedding definitely took place on the 3rd (<i>Jackson\'s Oxford Journal</i>, 12 August 1876).

<br/>"
2503,2555,June 17th 1876,1876-06-17,MS University of London Library/AL 293/2/1,"Elderfield, Otterbourne, Winchester.","(1875) was the first book published by the evangelical theologian Charles Henry Waller (1840-1910), lecturer and subsequently (1884) principal of St. John’s Hall, Highbury, a theological college.  He had married (1865) Anna Maria Stubbs, to whom this letter may perhaps have been written.  CMY recommended it warmly in \'Hints on Reading\' <i>MP</i> (September 1876) 287.<br/>"
2504,2556,July 3d [1876],1876-07-03,MS Plymouth and West Devon Record Office  308/260,Elderfield,"[[footnote:1]]On 3 August 1876 Mary Alethea Mackarness (1851-1940) married her cousin the Hon. Bernard Coleridge and her sister Eleanor Victoria Mackarness (1855-1936) married the Hon. and Rev. Randal Parsons (1848-1936).  Alethea Mackarness and her husband perhaps disapproved of [[other:101]first cousins marrying], or perhaps they disliked the fact that Bernard Coleridge was still reading for the bar and financially dependent on his father, Lord Coleridge, then chief justice of the common pleas and subsequently Lord Chief Justice."
2505,2557,July 6th [1876?],1876-07-06,MS Charlotte Mary Yonge Society/7,Elderfield,"[[footnote:1]]Perhaps of the new incumbency of Otterbourne, so that the  [[person:478]Rev. Walter Elgie] became Vicar rather than curate.

<br/>"
2506,2558,July 10th 1876[[footnote:1]],1876-07-10,University of Tennessee Special Collections Library,"Elderfield, Otterbourne, Winchester.",[[footnote:1]]The number is indistinct and might read 19th.<br/>
3561,3628,July 13th 1876,1876-07-13,MS Charlotte Mitchell,"Elderfield, Otterbourne, Winchester.",[[footnote:1]]We have been unable to identify either article.
2507,2559,July 27th 1876,1876-07-27,MS Plymouth and West Devon Area Record Office Acc No 308: 28-7-76[[footnote:1]],"Elderfield, Otterbourne, Winchester.","[[footnote:1]]With envelope addressed to Miss Yonge/ Puslinch/ Yealmpton, postmarked Winchester 28 July 1876 and endorsed ‘Julians Aug 7th-17th CMY if her life is written’.

[[footnote:2]]Thomas Chamberlayne (1805-21 October 1876) of Cranbury Park, near Otterbourne, principal landowner in the parish.

[[footnote:3]]This is probably a reference to Mary\'s widowed sister-in-law Cordelia Yonge.

[[footnote:4]]Unidentified, perhaps poor neighbours of Mary Yonge\'s?



<br/>"
2508,2560,Aug 7 th [1876],1876-08-07,MS Plymouth and West Devon Area Record Office Acc No 308: 7-8-76,"Elderfield, Otterbourne, Winchester.","[[footnote:2]]Evidently the letter described the illness of their cousin [[person:32]Henry Anderson Morshead] (1848/9-1876).

[[footnote:3]]Sir William Heathcote\'s eldest son, Sir William Perceval Heathcote, 6th Bt. (1826-1903) married (1849) Letitia Maria Daly (1828/9-1910).  Their eldest son was

Sir William Arthur Heathcote , S.J., 7th Bt. (1853-1924).

[[footnote:5]]Sir Gilbert Redvers Heathcote, 8th Bt. (1854-1937).

<br/>[[footnote:6]]Captain George Parker Heathcote (1828-1871) returned from India a cripple in 1860 and married (1869) his cousin Isabella Margaretta Elizabeth Walpole (d.1938).

<br/>[[footnote:7]]The Rev. Gilbert Vyvyan Heathcote (1830-1890), Rector of West Deeping, Lincs..

<br/>[[footnote:8]]Major Charles George Heathcote (1843-1924).

<br/>[[footnote:9]]See above.  He married (19 December 1876) Grace Hussey (d. 1932).

<br/>[[footnote:10]]Arthur Malcolm Heathcote (1847-1934).

<br/>"
2509,2561,Aug 17th [1876],1876-08-17,MS Plymouth and West Devon Area Record Office Acc No 308: 17-8-76,Crookham,"[[footnote:1]]This refers to the family of the late Captain Pentyre Anderson Morshead (d.1869), a cousin and also the younger brother of the Rev. John Anderson Morshead, the widower of Mary Yonge\'s sister Alethea.  He and his wife Charlotte Story had a large family and little money;  their son Henry had just died.  Apart from Mary (1845/6-1928) and Beatrice (1853/4-1922), who were members of the Gosling Society and are quite often mentioned by CMY, the children were  Louisa Evelyn (b.1846/7);  Henry Anderson (1848/9-1876);  Julia H. (b.1850); Leslie (b. 1851/2).  There may have been others.  It sounds as if Leslie was retarded.

[[footnote:2]]Charlotte Dyson was a niece of CMY’s friend Marianne Dyson (d.1878).  Dr James Manby Gully (1808-1883) was ruined by his involvement in the sensational Bravo murder scandal of 1876, although the case never came to trial.  He was alleged to have had an affair with Mrs Bravo. Dr James Yonge (1793-1870), a Plymouth physician, was an elder brother of CMY’s father.

[[footnote:3]]Mary Yonge\'s sister-in-law had sent CMY photographs of her children.

[[footnote:4]]The Vicar of Wraxall was not in sympathy with the Tractarianism of the Gibbs family of Tyntesfield, and had discouraged their building a chapel in the house.

<br/>"
2510,2562,September 6th 1876,1876-09-06,MS Miss Sarah Jardine-Willoughby,"Somerleaze, Wells.","[[footnote:1]]Nationalist risings against the Ottoman government in the Balkans led to the Russo-Turkish war of 1877-8.  Freeman had been raising money for Balkan refugees since the previous year, and his son-in-law Arthur Evans had publicized in the <i>Manchester Guardian</i> the work of Paulina Irby (1831-1911) and Priscilla Johnston, who had formerly run a school for Christian girls in Sarajevo, and were now working with refugees on the border with Austrian Slavonia: see Dorothy Anderson, \'Paulina Irby (1831-1911)\' ODNB, and Edward Augustus Freeman, \'The Sufferers in Eastern Europe\' <i>The Times</i> (11 October 1876) 7.

[[footnote:2]]CMY\'s <i>History of France</i> appeared in Macmillan\'s \'Historical Course for Schools\' series, edited by Freeman, and caused them both endless difficulties. Reinhold Pauli (1823-1882) was a German historian.

<br/>"
2511,2563,Sept 12th 1876,1876-09-12,MS Auckland Central City Library: Special Coll manuscripts RBR MS 135.,"Elderfield, Otterbourne, Winchester. ","[[footnote:1]]This article was Mrs Kennard. [[otherbook:875]‘A lady’s visit to the Herzegovinian insurgents’] <i>Cornhill Magazine</i>, vol 34 (July 1876), 60-73.    Nationalist risings against the Ottoman government in the Balkans led to the Russo-Turkish war of 1877-8.  CMY\'s friend Edward Augustus Freeman had been raising money for Balkan refugees since the previous year, and his son-in-law Arthur Evans had publicized in the <i>Manchester Guardian</i> the work of Paulina Irby (1831-1911) and Priscilla Johnston, who had formerly run a school for Christian girls in Sarajevo, and were now working with refugees on the border with Austrian Slavonia: see Dorothy Anderson, \'Paulina Irby (1831-1911)\' ODNB, and Edward Augustus Freeman, \'The Sufferers in Eastern Europe\' The Times (11 October 1876) 7.

<br/>"
2512,2564,Sept 13th 1876,1876-09-13,MS Miss Barbara Dennis/3 ,"Elderfield, Otterbourne, Winchester.",[[footnote:1]]CMY had been canvassing her friends to support the work done by Johnstone and [[person:745]Paulina Irby] to help Serbian refugees from the Russo-Turkish war.
3470,3522,Oct 2nd [1876 or earlier[[footnote:1]]],1876-10-02,"MS Princeton University, Parrish Collection","Elderfield, Otterbourne, Winchester.","[[footnote:1]]Evidently before the death of Anne Mackenzie in February 1877. 

[[footnote:2]]This letter may be addressed to [[person:237]Anna Butler], the sister of CMY\'s friend the Rev. William Butler, Vicar of Wantage.

<br/>"
2513,2565,November 1876,1876-11-18,Printed in the <i>Otterbourne Parish Magazine</i>  - Hampshire Record Office 109m95/1-2,,"[[footnote:1]]The letter is addressed ostensibly to the editor of the <i>Otterbourne Parish Magazine</i>, the Rev. [[person:478]Walter Elgie]."
2514,2566,Novr 18th 1876,1876-11-18,MS Lambeth Palace Library  3996 f.105-6[[footnote:1]],"Elderfield, Otterbourne, Winchester","[[footnote:1]]Catalogued as to \'Mrs Alfred Wigan\'.

[[footnote:2]]It is evident from this letter that Julian Yonge\'s financial crisis had led to the sacking of his family\'s governess, a Miss Douglas, who cannot be further identified with certainty."
2515,2567,Jany 3d 1877,1877-01-03,"MS Bodleian Library, Oxford:  MS. Autogr. d.23 f116","Elderfield, Otterbourne, Winchester.",
3676,20015,Jany 19th 1877,1877-01-19,"MS Yale University, Beinecke Library ","Elderfield, Otterbourne, Winchester.",
2516,2568,Jany 23d [1877],1877-01-23,MS Mrs Clare Roels[[footnote:1]],"Elderfield, Otterbourne, Winchester.","[[footnote:1]]Endorsed \'NB post mark has Ja 29 at Winchester 1877\'.

[[footnote:2]]Coleridge\'s novel <i>The Constant Prince</i> was about Prince Fernando of Portugal (1402-1443) and was eventually serialized in <i>MP</i> (January-June 1878.  The other fictions which were in its way were Harriet Romanoff, \'Orina\', Euphemia Bussell, \'Our Young Ladies\', CMY\'s own <i>Magnum Bonum</i> and Rosa Nouchette Carey, <i>Heriot\'s Choice</i>.

<br/>"
2517,2569,Jany 30th 1877,1877-01-30,MS British Library Add MSS 54921: 14 ,"Elderfield, Otterbourne, Winchester.","[[footnote:1]]The final volume of CMY\'s <i>Scripture Readings</i> was not in fact published until 1879, but that this was entirely the printer\'s fault is not certain."
2518,2570,Jany 31st 1877,1877-01-31,MS Mrs Clare Roels,"Elderfield, Otterbourne, Winchester.","[[footnote:1]]These were essays written by members of the [[other:104]Gosling Society], of which Coleridge was secretary.

[[footnote:2]]In the end Coleridge\'s novel <i>The Constant Prince</i> was published in <i>MP</i>.

[[footnote:3]]Alice Weber\'s novel \'I Wonder Why\' appeared only in serial form in <i>MP</i>, but its sequel was published by Mozley only in volume form.

[[footnote:4]]CMY refers to the trial (1876-7) of the Rev. Arthur Tooth, Vicar of Hatcham, for ritualism before Lord Penzance, who had been appointed under the Public Worship Regulation Act, 1874.  Tooth refused to recognise the court\'s jurisdiction. <br/>"
2519,2571,Feb 2nd 1877 ,1877-02-02,MS British Library Add MSS 54921: 15  ,"Elderfield, Otterbourne, Winchester. ","[[footnote:1]]The \'two French histories\' were the [[cmybook:99]<i>History of France</i>], in the \'Historical Course for Schools\' which E. A. Freeman, the series editor, was making her rewrite, and which was not actually published until 1879; and the [[cmybook:353]<i>History of France</i>] (1878) which she was contributing to the \'History Primers\' series edited by J. R. Green. The former was aimed at older children, and had ten chapters rather than eight."
2520,2572,Feb 13th 1877 ,1877-02-13,MS Mrs Clare Roels ,"Elderfield, Otterbourne, Winchester. ","[[footnote:1]]This refers to Coleridge\'s novel <i>The Constant Prince</i>, which was set in fifteenth-century Portugal, and which subsequently appeared in <i>MP</i>.

[[footnote:2]]In the agitation about ritualism in the Church of England, the SPCK had been accused of being in the control of the Tractarian movement, and of publishing books which encouraged popery.  See for example, the report of its general meeting headed \'Ritualistic Tracts\' in the <i>Birmingham Daily Post</i> (3 February 1876), 5.

[[footnote:3]]Oxford initiated Local Examinations for adolescent boys in 1857, and Cambridge in 1858. In 1863 girls sat informally for the Cambridge Locals, and in 1865 they were officially admitted by the boards of the Cambridge, Durham and Edinburgh Locals. In 1870 they were admitted by Oxford. Miss Dundas was evidently the author of  \'A letter to the holders of the Local Certificate\' <i>MP</i> ns 24 (November 1877)  459-69, which is signed L.D.. She was probably Louisa Dundas (b. 1834), daughter of William Pitt Dundas (d. 1883), Registrar General of Scotland.  In <i>MP</i> (March 1877), 288, readers of the magazine who were interested in taking a correspondence course to prepare for the Cambridge Local Examinations were recommended to write to Julia Kennedy, who was prominent among Cambridge supporters of women\'s education.

[[footnote:4]]The members of the Spider essay society run through <i>MP</i> had been asked in January to write the history of the battle of Lepanto in 1700 words.  CMY commented tartly of their answers <i>MP</i> (March 1877), 5: \'it surprises ARACHNE to find all so tame and so little apparently fired with the spirit of one of the great battles of modern Europe, and one that did so much to stem the progress of Turkish aggression.\'

<br/>"
2521,2573,Feb 17 th [1877] ,1877-02-17,MS Mrs Clare Roels[[footnote:1]] ,"Elderfield, Otterbourne, Winchester.   ","[[footnote:1]]Endorsed ‘In envelope marked Fe 1877\'.

[[footnote:2]]The SPCK had evidently turned down the manuscript of Coleridge\'s novel <i>The Constant Prince</i>, which is being discussed here.

<br/>"
2522,2574,[24 February 1877] ,1877-02-24,MS New York Public Library: Berg Collection  ,"Elderfield, Otterbourne, Winchester. ","[[footnote:1]]Young was one of those who searched unsuccessfully for Sir John Franklin who was lost in the Arctic.  He returned with a husky dog, which escaped and was supposed to have terrorized Hampshire, coming as near CMY as Silkstead.  See the <i>Hampshire Advertiser</i> (12 January 1876), 3. CMY’s brother Julian was currently experiencing a financial crisis, but he had been attempting to place articles on general subjects for some years, <i>e.g</i>. the articles on bridge bracing and Huntley and Palmer’s biscuit factory refused by Macmillan in 1864 and 1865. He was also anonymously the translator of several French histories and biographies which appeared as ‘edited by’ CMY herself. No evidence of the publication of the present article has been found. 

[[footnote:2]]Hezekiah Butterworth (1839–1905), American children’s writer and poet, was deputy-editor of the magazine <i>Youth’s Companion</i>. His poem ‘Jerusalem above is free’ appeared in <i>MP</i> (March 1877), 195-7.



<br/>"
2523,2575,Feb 26th 1877 ,1877-02-26,"MS Princeton University, Parrish Collection C0171: Box 29 ","Elderfield, Otterbourne, Winchester. ","[[footnote:1]]Trehawke Kekewich (1823-1909) of Peamore, Devon, was married, first, to Charlotte Peard (d. 1879), sister of CMY\'s friend the novelist Frances Mary Peard.  This letter was perhaps addressed to Alice Agatha Kekewich, later Carr (d. 1919), the eldest of his four daughters, or to another member of the family. The request was evidently for a recommendation of a governess who could coach girls for the Cambridge Local Examinations, which is the subject of the note in <i>MP</i> (March 1877), 288, referred to.

[[footnote:2]]Alfred Tennyson, <i>The Princess</i> (1847) 141.  ‘Sweet girl graduates in their golden hair’.

<br/>"
2524,2576,Feb 28th 1877 ,1877-02-28,MS Charlotte Mary Yonge Society/ 1 [[footnote:1]] ,"Elderfield, Otterbourne, Winchester. ","[[footnote:1]]With envelope addressed to ‘Miss E St John Mildmay/ The Rectory/ Chelmsford\' and postmarked \'28 February 1877’.

[[footnote:2]]This was probably a contribution to <i>MP</i>, but has not been identified.<br/>"
3591,8274,March 10th 1877,1877-03-10,MS Mrs Tig Lang,"Elderfield, Otterbourne, Winchester.",
2525,2577,March 20th 1877 ,1877-03-20,"MS Princeton University, Parrish Collection C0171: Box 29 ","Elderfield, Otterbourne, Winchester. ","[[footnote:1]]It seems likely that the societies referred to here included the [[other:40]SPCK], since CMY regarded it as cautious about publishing books which might be considered too High Church. She was perhaps also thinking of the [[other:32]National Society]."
2527,2579,[May 1877]  ,1877-04-18,MS British Library Add MSS 54921: 17[[footnote:1]] ,,[[footnote:1]]Endorsed ‘Rail/28 5/77’ and (against ‘herself’) ‘Post 28/5/77’.<br/>
2526,2578,April 19th 1877 ,1877-04-19,MS British Library Add MSS 54921: 16  ,"Elderfield, Otterbourne, Winchester. ",
2528,2580,April 28th 1877 ,1877-04-28,"MS Westcountry Studies Library, Exeter/ Yonge 1877/ 1[[footnote:1]] ","Elderfield, Otterbourne, Winchester. ","[[footnote:1]]Envelope,  with matching engraved address on flap, to \'The Revd/ The Master of Clare College/ Cambridge\' and postmarked Winchester (date cut out) and Cambridge 30 April 1877.  Endorsed  ‘Apr 29, 77./  Miss Yonge/ Winchester secretary’.  This letter is among CMY\'s letters to Ann Carter Smith, whose sister Frances was Atkinson\'s wife.

[[footnote:2]]Julian Yonge was not appointed Secretary of Winchester College.  His application was no doubt connected to the financial crisis.

<br/>"
2541,2593,May 22nd 1877 ,1877-05-22,"MS Girton College Cambridge, Yonge XV 2 ","Elderfield, Otterbourne, Winchester. ","[[footnote:1]]CMY and her mother had been among the workers recruited by Furnivall to work on the vast [[other:151]project] which eventually became the <i>New English Dictionary</i>. Gertrude Walter came to live with CMY in September 1873.  This letter relates toFurnivall\'s attempts to gather up the material accumulated by the Philological Society when James Murray took over the project for the Oxford University Press.  For the confusion which Furnivall\'s energetic but haphazard methods had produced, see Lynda Mugglestone, <i>Lost for Words: The Hidden History of the Oxford English Dictionary</i> (New Haven, Yale: 2005).<br/>"
2529,2581,May 25th 1877 ,1877-05-25,MS British Library Add MSS 54921: 18-19  ,"Elderfield, Otterbourne, Winchester.  ","[[footnote:1]]Endorsed here ‘Posted this morning 28 5/77’.

[[footnote:2]]Endorsed here ‘Shall go to-day 28 5/77’.

[[footnote:3]]The mediaeval hospital of St. Katherine had been demolished in the 1820s to make way for St. Katherine’s Docks and its charitable funds diverted to other purposes.  There was correspondence on the subject in <i>The Times</i> (22 May 1877). 11.<br/>"
2530,2582,June 1st 1877 ,1877-06-01,MS Pembroke College Oxford 60/14/86 ,"Elderfield, Otterbourne, Winchester. ",[[footnote:1]]As a result of his recent financial crisis CMY\'s brother Julian Yonge had applied for the post of Secretary of [[other:50]Winchester College]. 
2531,2583,June 1st 1877 ,1877-06-01,MS NLS 3553/70 ,"Elderfield, Otterbourne, Winchester. ","[[footnote:1]]She had arranged for a set of her novels to be sent to the [[other:21]Community of St. Mary the Virgin, Wantage], for transmission to their convent in Bombay.

[[footnote:2]]Perhaps [[person:2310]Fanny Esther Duffield] (1849-1923) who married (1873) Craik\'s younger brother Henry Craik (1846-1927), an examiner in the Education Department. "
2532,2584,June 5th 1877 ,1877-06-05,"MS Princeton University, Parrish Collection C0171: Box 29 ","Elderfield, Otterbourne, Winchester. ","[[footnote:1]]Medhurst, who occasionally contributed to <i>MP</i> and did good works in London, had befriended Emmeline Spratt, the niece of CMY\'s maid Harriet Spratt.

<br/>"
2533,2585,June 14th 1877 ,1877-06-14,MS UCLA: collection 100: box 95,"Elderfield, Otterbourne, Winchester. ","[[footnote:1]]The Hampshire Diocesan Conference in Winchester, which opened on Tuesday 26 June 1877.<br/>"
2534,2586,July 7th 1877 ,1877-07-07,MS British Library Add MSS 54921: 20-21  ,"Elderfield,  Otterbourne, Winchester. ","[[footnote:1]]For Freeman\'s opinion of CMY\'s <i>History of France</i>, see \'Introduction to Letters 1870-1879\'.

[[footnote:2]]CMY contributed three articles on \'Children’s literature of the last century\' to <i>Macmillan\'s Magazine</i> in 1869: \'[[cmybook:74]Nursery books of the eighteenth century\'], [[cmybook:75]\'Didactic fiction\'] and [[cmybook:76]\'Class literature of the last thirty years\'].  The proposed volume was not published.

<br/>"
3505,3557,July 9th [before 1877[[footnote:1]]],1877-07-09,"MS Harry Ransom Humanities Research Center, University of Texas, Austin","Elderfield, Otterbourne, Winchester. ","[[footnote:1]]This letter must antedate Emma Butler’s marriage in the last quarter of 1877 to Edward Lewis Knight.

[[footnote:2]]There are many references to convalescent homes in <i>MP</i> and it is not possible to identify with any certainty the one referred to here.

[[footnote:3]]The Royal Earlswood Asylum for Idiots opened in 1855.  As a subscriber, CMY had a vote to cast when a vacancy occurred.

<br/>"
2535,2587,July 9th 1877 ,1877-07-09,"MS Harry Ransom Humanities Research Center,  University of Texas",," [[footnote:1]]CMY commiserates on the death of Thomas Drake Coleridge (18 Feb-2 July 1877), eldest son of Christabel Coleridge’s brother Ernest Hartley Coleridge (1846-1920).

 [[footnote:2]]May was Mary Frances Keble Coleridge (1824-1898), daughter of Sir John Taylor Coleridge (9 July 1790-1876). Her niece Mary (Mackarness) Coleridge, who was married to Bernard Coleridge, was expecting a baby,  [[person:338]Geoffrey Duke Coleridge], 3rd Lord Coleridge  (23 July 1877–1955).   Katie (Johns) Lloyd, was the former Gosling, who had married in 1873 the Rev. John Henry Lloyd, curate of Wormleighton.

[[footnote:3]]The Christmas 1877 number of <i>MP</i> consisted of stories on the theme \'Will\'.
"
2536,2588,July 12th 1877 ,1877-07-12,MS British Library Add MSS 54921: 22-23  ,"Elderfield, Otterbourne, Winchester. ","[[footnote:1]]CMY wanted Macmillans to publish a volume of her unpublished non-fiction articles, but the idea never came to anything.<br/>"
2537,2589,July 17th 1877 ,1877-07-17,MS British Library Add MSS 54921: 24-25  ,"Elderfield, Otterbourne, Winchester. ",
2400,2452,July 28th [1877],1877-07-28,"MS Harry Ransom Humanities Research Center, University of Texas, Austin",Elderfield Otterbourne,"[[footnote:1]]William Garrett Horder was the compiler of a large number of hymnals from the late 1870s onwards, so that it is hard to identify the particular book referred to in these three letters.  It could however be <i>The Book of Praise for Children</i> (1878).

<br/>"
2401,2453,Aug 2nd [1877],1877-08-02,"MS Harry Ransom Humanities Research Center, University of Texas, Austin",,"[[footnote:1]]CMY stayed at Tyntesfield, leaving on 19 August 1872 to go to Spring Hill: Guildhall Library MS 11,021, v 19 f 597, William Gibbs to Henry Gibbs (19 August 1872).

<br/>"
2538,2590,Aug 3d 1877 ,1877-08-03,MS Mrs Clare Roels ,"Elderfield, Otterbourne, Winchester. ","[[footnote:1]]CMY and Coleridge did in fact decide to wind up the Gosling Society, on the grounds that its members were not keen enough and that the Spider Society, run through <i>MP</i>, could take its place."
2539,2591,Aug 4th 1877 ,1877-08-04,MS British Library Add MSS 54921: 28-29  ,"Elderfield, Otterbourne, Winchester. ","[[footnote:1]]E. A. Freeman, who was the editor of the \'Historical Course for Schools\' series, was critical of CMY\'s contribution, the volume on the [[cmybook:99]<i>History of France</i>].  His essay on \'Charles the Bold\' was published in the second volume of his <i>Historical Essays</i> (1873). She was also writing another [[cmybook:353]<i>History of France</i>] for Macmillan, in the \'Historical Primers\' series edited by J. R. Green."
2402,2454,Aug 6th [1877],1877-08-06,"MS Harry Ransom Humanities Research Center, University of Texas, Austin",Elderfield,"[[footnote:1]]Horder, who published several anthologies of hymns, had evidently asked CMY to identify the contributors to [[otherbook:186]<i>The Child\'s Christian Year</i>], a volume compiled by her mother."
2540,2592,Aug 15th 1877 ,1877-08-15,MS New York Public Library: Berg Collection  ,"Elderfield, Otterbourne, Winchester. ","[[footnote:1]]H.W.Longfellow,  ‘Wreck Of The Hesperus’: ‘And fast through the midnight dark and drear, /Through the whistling sleet and snow, /Like a sheeted ghost, the vessel swept /Tow\'rds the reef of Norman\'s Woe.’ \'Answers\' <i>MP</i> (September 1877) 3: \'An American correspondent has obtained from Mr Longfellow the following account of the origin of the poem of the <i>Wreck of the Hesperus</i> and the place where it happened\'.  There follows a description of the location of the cliff \'Norman\'s Woe\', north of Boston and an extract from Longfellow\'s letter, saying he knows nothing of origins of the name but that the poem was inspired by a real shipwreck there in December 1839.  A local historian is cited as authority for the origin of the name of \'Norman\'s Woe, or Oh\' in the wreck of a fisherman named Richard Norman.

[[footnote:2]]The son of King Henry I died in the wreck of the White Ship in November 1120.

[[footnote:3]]John Langdon Sibley, [[otherbook:886]<i>Biographical Sketches of Graduates of Harvard University</i>] (1873) seems most likely to be the book referred to here.<br/>"
2542,2594,Aug 15th 1877 ,1877-08-15,MS British Library Add MSS 54921: 30  ,"Elderfield, Otterbourne, Winchester. ","[[footnote:1]]CMY was simultaneously working on two books for Macmillan called <i>History of France</i>, one in the Historical Primers series edited by J. R. Green, and [[cmybook:99]another] in the Historical Course for Schools series edited by E. A. Freeman, who was extremely critical of her work and demanded extensive revisions."
2543,2595,Aug 19th 1877 ,1877-08-19,MS Plymouth and West Devon Area Record Office Ac 1092/31 ,"Elderfield, Otterbourne, Winchester. ","[[footnote:2]]Augusta (Crawley) Pode and her elder sister Kate (Crawley) Low, were CMY\'s first cousins.  The former\'s eldest son Ernest was a schoolboy at Winchester College, which explains why he was invited to spend his free saints\' days at Otterbourne either with Julian Yonge\'s family or with CMY.

[[footnote:2]]CMY\'s uncle the Rev. [[person:1623]John Yonge] of Puslinch was in poor health and died on 23 August 1877.

<br/>"
2544,2596,Aug 25th 1877 ,1877-08-25,MS British Library Add MSS 54921: 31 [[footnote:1]] ,"Elderfield, Otterbourne, Winchester. ",[[footnote:1]]Black-edged paper.<br/>
2545,2597,Sept 11th 1877 ,1877-09-11,MS British Library Add MSS 54921: 32[[footnote:1]]  ,"Elderfield, Otterbourne, Winchester. ","[[footnote:1]]Black-edged paper.

<br/>"
2546,2598,Sept 13th 1877 ,1877-09-13,MS UCLA: collection 100: box 95[[footnote:1]]  ,"Elderfield, Otterbourne, Winchester. ","[[footnote:1]]Black-edged paper.

[[footnote:2]]The name has been obliterated, but Elizabeth Sewell\'s two papers on the \'Causes of the French Revolution\' were published  in <i>MP</i> ns 24 (November 1877) 403-414, and (December 1877) 519-30.  She had evidently joked that if CMY did not want them she could use them to curl her hair.

<br/>"
2547,2599,Sept 25th [1877] ,1877-09-25,MS British Library Add MSS 54921: 33[[footnote:1]]  ,"Elderfield, Otterbourne, Winchester. ","[[footnote:1]]Black-edged paper.

[[footnote:2]]CMY was writing two books for Macmillan entitled <i>History of France</i>.  [[cmybook:353]One] was to appear in the \'Historical Primers\' series edited by J. R. Green.  The [[cmybook:99]other], in the \'Historical Course for Schools\' series, was being ruthlessly criticised by the series editor, E. A. Freeman, which was holding up its appearance.<br/>"
2548,2600,Michaelmas Day [29 September] 1877 ,1877-09-29,MS Mrs Katherine Wykes-Sneyd[[footnote:1]]  ,,"[[footnote:1]]Black-edged paper.  In another hand, probably Coleridge\'s."
2549,2601,Oct 1st 1877 ,1877-10-01,MS University of Iowa; MsL/Y56ty  ,"Elderfield, Otterbourne,Winchester. ","[[footnote:1]]The Rev. Richard St. John Tyrwhitt (1827-1895), a follower of Ruskin and art criti, contributed a series of articles on  \'The Basilica\' to  <i>MP</i>, beginning in ns 25 (January 1878) 1-14 and running until ns 30 (July 1880) 1-18.<br/>"
2550,2602,Oct 22 1877 ,1877-10-22,"MS Westcountry Studies Library, Exeter/ Yonge 1877/ 2[[footnote:1]] ","Elderfield, Otterbourne, Winchester. ","[[footnote:1]]Black-edged paper.

[[footnote:2]]Ann Carter Smith\'s sister was married to the Master of Clare College, Cambridge.

[[footnote:3]]Possibly this refers to an advertisement which appeared in <i>MP</i> (September 1877) 296: \'Can any correspondent kindly tell me if there is any school where the orphan daughter of a clergyman could receive a sound education, and where the expenses would be very small?  Any information will be thankfully received by <i>Miss Duncan, S. Michael\'s Hamlet, near Liverpool.</i>\'<br/>"
2551,2603,Oct 22d 1877 ,1877-10-22,MS British Library Add MSS 54921: 34-35[[footnote:1]] ,"Elderfield, Otterbourne, Winchester. ","[[footnote:1]]Black-edged paper.

[[footnote:2]]This apologetic note relates to CMY\'s [[cmybook:99]<i>History of France</i>] in the \'Historical Course for Schools\' edited by Freeman.  He had required extensive revisions.

[[footnote:3]]Not identified.<br/>"
2552,2604,Novr 5th 1877 ,1877-11-05,MS British Library Add MSS 54921: 36-37[[footnote:1]]  ,"Elderfield, Otterbourne, Winchester. ","[[footnote:1]]Black-edged paper.

[[footnote:2]]This idea became CMY\'s [[cmybook:126]<i>The Story of the Christians and the Moors in Spain</i>.]<br/>"
2553,2605,Novr 9th 1877 ,1877-11-09,"MS Westcountry Studies Library, Exeter/ Yonge 1877/3 ","Elderfield, Otterbourne, Winchester. ","[[footnote:1]]An advertisement had appeared in <i>MP</i> (September 1877), 296, which may perhaps be the one referred to: \'Can any correspondent kindly tell me if there is any school where the orphan daughter of a clergyman could receive a sound education, and where the expenses would be very small?  Any information will be thankfully received by <i>Miss Duncan, S.Michael\'s Hamlet, near Liverpool.</i>

[[footnote:2]]Carter Smith published her work under these initials.<br/>"
2554,2606,Novr 10th 1877 ,1877-11-10,MS University of Delaware[[footnote:1]] ,"Elderfield, Otterbourne, Winchester. ","[[footnote:1]]Black-edged paper.

<br/>"
2555,2607,12 November 1877 ,1877-11-12,"MS Lady Margaret Hall, Oxford. ","Elderfield, Otterbourne, Winchester. ","[[footnote:1]]Black-edged paper.

[[footnote:2]]There is a pencil note on the MS that these references are to characters in <i>Ebb and Flow</i> (1883), a novel published by Wordsworth under the name Grant Lloyd.  When it came out CMY expressed her enthusiasm in \'A Conversation on Books\' <i>MP</i> (August 1883) 188-191.  Dr May is injured in a carriage accident in CMY\'s [[cmybook:24]<i>The Daisy Chain</i>].

<br/>"
2556,2608,Novr 16th 1877 ,1877-11-16,"MS Lady Margaret Hall, Oxford. ","Elderfield, Otterbourne, Winchester. ","[[footnote:1]]CMY is discussing the manuscript of Wordsworth\'s novel [[otherbook:890]<i>Ebb and Flow</i>].

[[footnote:2]]The word may be ‘selling’ and the reference to an organization like the ‘Working Ladies’ Guild’, founded by Lady Mary Feilding in November 1876, one of the aims of which was ‘Aid in disposing of work’.

<br/>"
2557,2609,Novr 19th 1877 ,1877-11-19,MS British Library Add MSS 54921: 38-39 [[footnote:1]] ,"Elderfield, Otterbourne, Winchester. ","[[footnote:1]]Black-edged paper.

<br/>"
2558,2610,Nov 21st 1877 ,1877-11-21,"MS Princeton University, Parrish Collection C0171: Box 29[[footnote:1]] ","Elderfield, Otterbourne, Winchester. ","[[footnote:1]]Black-edged paper.

[[footnote:2]]The Rev. Francis James Holland (1828–1907) opened in 1878 and 1880 the two Anglican day-schools for middle-class girls in London now (2011) known respectively as Francis Holland School, Clarence Gate and Francis Holland School, Graham Terrace.  The ethos of the schools was in contradistinction to those founded by the Girls’ Public Day School Trust, which were non-denominational.

[[footnote:3]][[footnote:1]]The word \'choir\' has been substituted for \'nave\' in pencil.  This would be the choir of Salisbury Cathedral, which reopened after restoration on 6 November 1876 (<i>Bury and Norwich Post</i> 7 November 1876, 2).  It seems probable that the letter is addressed to Catherine Barter, whose brother Henry was married to the sister of Alice Moberly.  The Moberlys father was Bishop of Salisbury. <br/>"
2559,2611,Novr 22nd 1877 ,1877-11-22,MS British Library Add MSS 54921: 40-41[[footnote:1]] ,"Elderfield, Otterbourne, Winchester. ","<br/>[[footnote:1]]Black-edged paper.

[[footnote:2]]The authorities relate to her research on [[cmybook:126]<i>The Story of the Christians and the Moors in Spain</i>]. She refers to Washington Irving\'s [[otherbook:893]<i>The Alhambra</i>].  The Spanish life of the Cid was possibly Rodrigo Diaz de Bivar, <i>Chronica del famoso cauallero Cid Ruydiez Campeador</i> (Burgos: 1593), but the word which looks like Madiema has not been identified.<br/>"
2560,2612,24 November 1877 ,1877-11-24,"MS Lady Margaret Hall, Oxford. ","Elderfield, Otterbourne, Winchester. ","[[footnote:1]]CMY wished to publish Wordsworth\'s novel in <i>MP</i>, but could not do so immediately.

[[footnote:2]]Perhaps his [[otherbook:802]<i>L’histoire de France depuis les temps les plus reculés jusqu’en 1789, racontée à mes petits-enfants . . . illustré . . d’après les dessins d’A de Neuville</i>], 5 vols (Paris 1870-6). 

<br/>"
2561,2613,Decr 12th [1877] ,1877-12-12,MS Charlotte Mitchell/1[[footnote:1]] ,"Elderfield, Otterbourne, Winchester. ","[[footnote:1]]Black-edged paper.

[[footnote:2]]Two of Constance O\' Brien\'s series of articles on [[otherbook:896]\'Shakespeare Talks with Uncritical People\'] appeared in <i>MP</i> 25 (January, February 1878).<br/>"
2562,2614,Decr 22nd 1877 ,1877-12-22,MS British Library Add MSS 54921: 42-43[[footnote:1]]  ,"Elderfield, Otterbourne, Winchester. ","[[footnote:1]]Black-edged paper.

<br/>"
2563,2615,Decr 26th 1877 ,1877-12-26,MS British Library Add MSS 54921: 44-45[[footnote:1]]  ,"Elderfield, Otterbourne, Winchester. ","[[footnote:1]]Black-edged paper.

[[footnote:2]]She wanted Murray\'s permission to use some of Lockhart\'s [[otherbook:897]<i>Ancient Spanish Ballads</i>] in her <i>The Story of the Christians and the Moors in Spain</i>.<br/>"
2564,2616,Decr 29th 1877 ,1877-12-29,MS Mrs Clare Roels ,"Elderfield, Otterbourne, Winchester. ","[[footnote:1]]Black-edged paper.

[[footnote:2]]The actors were the children of [[person:669]Sir William Heathcote] and the [[person:1541]Rev. R. F. Wilson].

[[footnote:3]]The Rev. Charles Sloggett was Vicar of St. Bartholomew, Hyde, Winchester. He had a wife and five children.

[[footnote:4]]Maria Louisa Charlesworth, <i>The Old Looking-Glass, or, Mrs Dorothy Cope’s Recollections of Service</i> (London Seeley 1878 [1877]).  Perhaps it had been recommended by Dora Frances Moberly (1841-1926) who had married the Rev. Charles Martin (1840-1910) in 1869.

[[footnote:5]]\'Cherry\' seems to have been the novel Coleridge was working on, subsequently published as [[otherbook:902]<i>An English Squire</i>]<br/>"
2638,2690,[1878?],1878-00-00,"MS Princeton University, Parrish Collection C0171: Box 29","Elderfield, Otterbourne, Winchester.","[[footnote:1]]Emmeline Spratt was the niece of CMY’s maid Harriet Spratt.

[[footnote:2]]Blanche Medhurst was living with her mother, grandmother and two elder sisters at 29 Dorset Square at the time of the 1871 census. The grandmother’s death was registered in the first quarter of 1878.

<br/>"
3616,18768,Jany 5th [1878],1878-01-05,"MS Special Collections, University of Virginia Library",,"[[footnote:1]]The story, [[otherbook:1105]\'In the Fog, or, The Magician Hunt\'] <i>MP</i> (Christmas 1878), is about a clergyman\'s daughter who is accused of being a pickpocket; the police do not know her because she new to the locality, a detail which may have been changed. It is described as being by \'the author of \\""Marling Hall\\"" and \\""William Hooper\\"".\'  The former story appeared in <i>London Society</i> in 1866, the latter has not been traced.  Another letter from CMY, evidently to the same person, also on <i>MP</i> writing paper, dated 10 September, was advertised for sale by David J. Holmes Autographs in November 2000.  The extract quoted ran \'The Last of the Heryngs[?] is very amusing, but I am afraid it is a little entrely made to fit its own purpose - which it does admirably for general publication.  St. Cadoc\'s Well is I hope soon to be printed among the [[cmybook:211]Victoria Stories] and will bring you 5 pounds.  I was in hopes that the Magician Hunt would have shared the same fate, but . .  Messrs. [[person:1433]Warne], saying that as the tales were all to be of a moral tendency the name would not suit, and so they substituted another story!\'"
3433,3485,[<i>c</i>. January 1878],1878-01-18,MS Charlotte Mitchell,,"[[footnote:1]]\'Bath Brick\' made her first appearance in  <i>MP</i> in May 1876 as a participant in the [[other:116]Spider] competitions, and continued to take part until 1896.

[[footnote:2]]‘Define Tact’ was one of the Spider questions for December 1877.  Bath Brick’s answer was chosen for publication in the issue of February 1878.
"
2565,2617,Jany 22d 1878 ,1878-01-22,MS British Library Add MSS 54921: 46-47[[footnote:1]]  ,"Elderfield, Otterbourne, Winchester. ","[[footnote:1]]Black-edged paper.

<br/>"
3445,3497,Febry 23d [1878][[footnote:2]],1878-02-23,"MS Princeton University, Parrish Collection C0171: Box 29[[footnote:1]]","Elderfield, Otterbourne, Winchester.","[[footnote:1]]Black-edged paper. [[footnote:2]] Placed here guessing that the corrections were those to the <i>History of Christian Names</i> mentioned in the letter 2620, also on black-edged paper,  to G. L. Craik of 11 March 1878.

<br/>"
2566,2618,Feb 26[or8?] 1878,1878-02-26,MS Mrs Clare Roels,"Elderfield, Otterbourne, Winchester.","[[footnote:1]]Black-edged paper.

[[footnote:2]]The Rev. James Skinner (1818-1881), friend of Pusey, and the Rev. Canon Thomas Thellusson Carter (1808-1901), Rector of Clewer, Berks., and founder of the Clewer sisterhood, were both advanced high churchmen.

<br/>"
2567,2619,Ash Wednesday [6 March] 1878,1878-03-06,MS Mrs Clare Roels,"Elderfield, Otterbourne, Winchester.","[[footnote:1]]CMY had advised Coleridge to seek spiritual counsel from the Rev. Robert Wilson, Vicar of Rownhams.

[[footnote:2]]\'Cherry\' was a manuscript novel by Coleridge subsequently published as [[otherbook:902]<i>An English Squire</i>].

[[footnote:3]]These were Lent services.<br/>"
2568,2620,March 11th 1878,1878-03-11,MS British Library Add MSS 54921: 50-51[[footnote:1]] ,"Elderfield, Otterbourne, Winchester.","[[footnote:1]]Black-edged paper.

[[footnote:2]][[otherbook:900]\'Miss Yonge\'s History of Christian Names\'] <i>Saturday Review</i> (ii July 1863), 58-60, 59, had referred to \'the frightful look of Miss Yonge\'s Greek\'.<br/>"
2569,2621,March 13th 1878,1878-03-13,MS British Library Add MSS 54921: 52-53[[footnote:1]] ,"Elderfield, Otterbourne, Winchester. ","[[footnote:1]]Black-edged paper. Endorsed  \'Give me this back\'.

[[footnote:2]]Endorsed \'Rail 14 3/78\'.<br/>"
2570,2622,March 19th 1878,1878-03-19,MS British Library Add MSS 54921: 55-56[[footnote:1]] ,"Elderfield, Otterbourne, Winchester.","[[footnote:1]]Black-edged paper.

[[footnote:2]]CMY refers to the smaller of the two books called <i>History of France</i> which she wrote for Macmillan.  It appeared in the \'Historical Primers\' series in 1878.  The [[cmybook:99]other], which appeared in the \'Historical Course for Schools\' series edited by E. A. Freeman, had been so fiercely criticized by him that she had had to revise it heavily, and it did not appear until 1879.<br/>"
2571,2623,March 25th 1878,1878-03-25,MS British Library Add MSS 54921: 57[[footnote:1]] ,"Elderfield, Otterbourne, Winchester.","[[footnote:1]]Black-edged paper.

<br/>"
2572,2624,March 25th 1878,1878-03-25,MS UCLA: collection 100: box 95[[footnote:1]] ,"Elderfield, Otterbourne, Winchester. ","[[footnote:1]]Black-edged paper.

[[footnote:2]]The Dean of St. Paul\'s was the Very Rev. [[person:297]Richard William Church].<br/>"
2573,2625,April 2nd 1878,1878-04-02,MS British Library Add MSS 54921[[footnote:1]] ,"Elderfield, Otterbourne, Winchester.","[[footnote:1]]Black-edged paper.

[[footnote:2]]This relates to the <i>History of France</i> CMY was contributing to Macmillan\'s \'Historical Primers\' series edited by John Richard Green.<br/>"
2574,2626,April 3d 1878,1878-04-03,MS British Library Add MSS 54921: 60[[footnote:1]] ,"Elderfield, Otterbourne, Winchester.","[[footnote:1]]Black-edged paper.

<br/>"
2575,2627,April 5th 1878,1878-04-05,MS British Library Add MSS 54921: 61[[footnote:1]] ,"Elderfield, Otterbourne, Winchester. ","[[footnote:1]]Black-edged paper.

<br/>"
2576,2628,April 13th 1878,1878-04-13,MS British Library Add MSS 54921: 62 ,"Elderfield, Otterbourne, Winchester.",
2579,2631,May 10th 1878,1878-05-10,MS British Library Add MSS 54921: 63 ,"Elderfield, Otterbourne, Winchester.","[[footnote:1]]With a note ‘Post 13/578, SH’.

[[footnote:2]]This projected article on English education, presumably for <i>Macmillan\'s Magazine</i>, does not seem to have been published.<br/>"
2580,2632,May 10th 1878,1878-05-10,MS British Library Add MSS 54921: 114-115,"Elderfield,  Otterbourne, Winchester.",[[footnote:1]]The book is unidentified.
2578,2630,May 31st [1878],1878-05-31,MS Mrs Clare Roels[[footnote:1]],"Elderfield, Otterbourne, Winchester. ","[[footnote:1]]Endorsed ‘On an English Squire’, Coleridge\'s novel [[otherbook:902]<i>An English Squire</i>] (1881).

[[footnote:2]]<i>The Disturbing Element, or Chronicles of the Blue-bell Society</i>  (London: Marcus Ward 1878) was a story by CMY concerning an elderly invalid who coaches a group of girls for an examination.   Coleridge did not contribute to Marcus Ward\'s Bluebell series, but Mary Bramston, Geraldine Butt, and other <i>MP</i> authors did.<br/>"
2581,2633,June 6th [1878],1878-06-06,"MS Bodleian Library, Oxford: Eng. lett. d. 495 f108",Elderfield Otterbourne Winchester,"<br/>

<br/>"
2582,2634,June 17th 1878,1878-06-17,MS Mrs Clare Roels[[footnote:1]],"Elderfield, Otterbourne, Winchester. ","[[footnote:1]]Envelope addressed to \'Miss C R Coleridge/ The Old House/ Market Lavington/ Devizes\' and postmarked 18 June 1878.

[[footnote:2]]CMY evidently refers to two projected stories by Coleridge, the novel about Alvar, which she hoped Macmillan would publish and which was published as <i>An English Squire</i> (London: Sampson Low 1881);  and a novel about a pupil teacher.  Coleridge seems to have suggested that Marcus Ward might be unwilling to include the latter in his Bluebell series because its plot resembled too closely that of CMY\'s <i>The Disturbing Element</i>.

[[footnote:3]]The diocesan teacher training school was in Salisbury, and the pupil teachers at Otterbourne School, [[person:1257]Alice Misselbrook] and [[person:2316]Harriet Godwin],  in whom CMY took a close interest, were examined there.

[[footnote:4]][[person:1161]Jane Pearson] and her sister, with whom Coleridge was staying at Market Lavington.

[[footnote:5]]Margaret Eulalia Coleridge (6 June 1878-1960), daughter of Coleridge\'s brother Ernest Hartley Coleridge. 

<br/>"
2583,2635,July 27th 1878,1878-07-27,MS University of Iowa; MsL/Y56jo,"Elderfield, Otterbourne, Winchester.",
2584,2636,Aug 2d 1878,1878-08-02,MS British Library Add MSS 54921: 64-65 ,"Elderfield, Otterbourne, Winchester.",
3449,3501,Aug 20th [1878 or later],1878-08-20,"MS Princeton University, Parrish Collection",Torre Villa Yealmpton[[footnote:1]] ,"[[footnote:1]]This was the home of Mary Yonge after her father’s death in August 1877.

[[footnote:2]]The person most likely to be the one thanked here seems to be the Rev. James Beck (b. 1819/20), Rector of Parham, Sussex, and subsequently of Bildeston, Suffolk, who had married (1867) Caroline Jeannette (Bignell) Walter, stepmother of Gertrude Walter.  The \'Warden\' was probably a pear tree.

<br/>"
2585,2637,Aug 20th 1878,1878-08-20,"MS Bodleian Library, Oxford: Ms. Eng. lett. e.116 ff 180-1.",Manor House Ottery S-Mary,"[[footnote:1]][[footnote:2]]Lady Laura Elizabeth (Phipps) Hampton, daughter of the 2nd Marquess of Normanby, married (1868) John Vivian Hampton (1835-1890).  A series of [[otherbook:434]\'Sonnets from the Collects\'] by Horatia Elder had been published in <i>MP</i> in 1865-7.  The letter is evidently to one of the daughters of Roundell Palmer, 1st Earl of Selborne, who was a friend of the Coleridges, but if it  is correctly dated, it cannot be addressed to his daughter Laura, who had married George Ridding in October 1876, but is more likely to be to her sister Sophia, who was a friend of Lady Laura Hampton (Laura Ridding, [[otherbook:905]<i>Sophia Matilda Palmer</i>], 66-7).

<br/>"
2586,2638,Sept 16th 1878,1878-09-16,MS British Library Add MSS 54921: 66-67 ,"Elderfield, Otterbourne, Winchester. ","[[footnote:1]]Perhaps Cecilia Macgregor, [[other:906]\'Chapters on Early Church History\'] <i>MP</i> (September 1878) 210-6.  Only this one chapter ever appeared.

<br/>"
2587,2639,Sept 17th 1878,1878-09-17,MS Mrs Clare Roels,"Elderfield, Otterbourne, Winchester.","[[footnote:1]]Possibly Matilda Bishop (b. Great Bookham 1831/2), an elementary school teacher and a widow in Otterbourne at the time of the 1881 census.  Her husband, a ship’s steward, was at sea in 1871.  However this may be a different couple.

<br/>"
2588,2640,Sept 19th 1878,1878-09-19,MS British Library Add MSS 54921: 68-69 ,"Elderfield, Otterbourne, Winchester.","[[footnote:1]]She had asked him whether, having accepted a series of articles, she was obliged to go on publishing them regardless of quality."
2590,2642,Sept 22d 1878[[footnote:1]],1878-09-22,"MS Princeton University, Parrish Collection C0171: Box 29","Elderfield, Otterbourne, Winchester.","[[footnote:1]]The last number is hard to read and the date could be 1876.  Emmeline Spratt married William John Gibson (b.1852/3), clerk,  in 1883; he may be the man referred to here.

<br/>"
2589,2641,"September 22, 1878",1878-09-22,"MS location unknown.  Printed in Coleridge, [[otherbook:40]<i>Life</i>] 308-9","Elderfield, Otterbourne, Winchester","[[footnote:1]]Beatrice Anderson Morshead was a cousin of CMY\'s and a former pupil at Mary Anne Dyson\'s school.  Dyson had just died. Anne Sturges Bourne was Dyson\'s lifelong friend.

[[footnote:2]]John Keble, \'St. Mark\'s Day\' ll 25-8, from [[otherbook:95]<i>The Christian Year</i>]: \'Companion of the Saints! \'twas thine /To taste that drop of peace divine,/ When the great soldier of thy Lord/ Call\'d thee to take his last farewell\' ; and   \'St. Luke\' 53-6  <i>ibid</i>. : \'Vainly before the shrine he bends, / Who knows not the true pilgrim\'s part:/The martyr\'s cell no safety lends /To him, who wants the martyr\'s heart.\' 

[[footnote:3]]Psalms 126:6. \'He that goeth forth and weepeth, bearing precious seed, shall doubtless come again with rejoicing, bringing his sheaves with him.\'<br/>"
2591,2643,Sept 23 rd 1878,1878-09-23,MS Mrs Clare Roels,"Elderfield, Otterbourne, Winchester.",[[footnote:1]]CMY was offering to serialize Coleridge\'s novel <i>An English Squire</i> in <i>MP</i> in succession to Rosa Nouchette Carey\'s <i>Heriot\'s Choice</i>.
2592,2644,"October 1, 1878",1878-10-01,"MS Miss Barbara Dennis.  Part facsimile in Dennis, [[otherbook:55]<i>Charlotte Yonge</i>] following 45.   Printed in Coleridge, <i>Life</i> 319","Elderfield, Otterbourne, Winchester","[[footnote:1]]Mary Bramston went to Truro as governess to the daughters of the new Bishop, the Rt. Rev. [[person:140]Edward White Benson].

<br/>"
2593,2645,Oct 3d [1878],1878-10-03,"MS Princeton University, Parrish Collection C0171: Box 29",Elderfield,"[[footnote:1]]John Habberton <i>Helen\'s Babies</i> (1876), a best-selling work for young people. CMY may perhaps have considered that it treated religion irreverently.

[[footnote:2]]Armine is a character in CMY\'s [[cmybook:131]<i>Magnum Bonum</i>] (1879), serialized in <i>MP</i> January 1877-December 1879..

<br/>"
2594,2646,Oct 7th 1878,1878-10-07,MS University of Kansas P357:1,"Elderfield, Otterbourne, Winchester.",
2595,2647,Novr 6th [1878?],1878-11-06,MS Mrs Clare Roels[[footnote:1]],"Elderfield, Otterbourne, Winchester.","[[footnote:1]]Black-edged paper.

[[footnote:2]]These are characters in Coleridge\'s novel [[otherbook:902]<i>An English Squire</i>].

[[footnote:3]]CMY may perhaps refer here to <i>The Three brothers and Other Tales collected by the Brothers Grimm<i> with illustrations by E.H. Wehnert (London: Routledge 1879), though other explanations are possible.

<br/>"
2596,2648,Novr 8 th 1878,1878-11-08,MS Mrs Clare Roels,"Elderfield, Otterbourne, Winchester.","[[footnote:1]]Mary Anne Dyson had died on 29 September 1878.  CMY refers to Jeremiah 15: 9 \'she hath given up the ghost; her sun is gone down while it was yet day\'.

[[footnote:2]]Charles Awdry, the husband of CMY\'s goddaughter Margaret Moberly, was employed by W. H. Smith, and CMY had evidently tried to persuade him to get the Bluebell series of novels, published by Marcus Ward (to which she had contributed) stocked on railway bookstalls.  Lizzie Alldridge, <i>Clare</i> (1878) appeared in the series.

<br/>"
2597,2649,Novr 10th 1878,1878-11-10,MS British Library Add MSS 54921: 70-71 ,"Elderfield, Otterbourne, Winchester.","[[footnote:1]]Mary Augusta (Arnold) Ward reviewed [[cmybook:126]<i>The Story of the Christians and Moors in Spain</i>] in very critical terms in <i>Academy</i> (16 November 1878) 463-4, pouring scorn on its scholarship and suggesting that CMY wrote too much too quickly.  T. Humphry Ward, her husband, had also recently reviewed unfavourably <i>A Man of Other Days: Recollections of the Marquis Costa de Beauregard</i> 2 vols (London, Hurst & Blackett 1877), a translation (probably by Julian Yonge) which appeared with CMY\'s name as editor.

[[footnote:2]]Ward had referred to the works of Felix Dahn and Friedrich Wilhelm Lembke.

<br/>"
2598,2650,Novr 18th 1878,1878-11-18,"MS Princeton University, Parrish Collection C0171: Box 29","Elderfield, Otterbourne, Winchester.","[[footnote:1]]This letter may have been addressed to [[person:1402] Edith Thompson];  it evidently refers to an illustrated fairy tale book produced by the Imagerie Pellerin at Épinal which operated from the late eighteenth century. It sounds as if Thompson had been inspired by something CMY had written, perhaps in [[cmybook:131]<i>Magnum Bonum</i>], which was running in <i>MP</i> and contains several references to fairy tales.<br/>"
2599,2651,Novr 22d 1878,1878-11-22,MS British Library Add MSS 54921: 72-73 ,"Elderfield, Otterbourne, Winchester.","[[footnote:1]]This relates to the unkind [[otherbook:588]review] by Mary Augusta Ward of CMY\'s [[cmybook:126]<i>The Christians and the Moors in Spain</i>].

[[footnote:2]] Felix Dahn,  [[otherbook:912]<i>Die Könige der Germanen : Das Wesen des ältesten Königthums der germanischen Stämme und seine Geschichte bis auf die Feudalzeit</i>] 6 vols (Munich,  Wurzburg: 1861, 1866, 1871).  The quotation is from Mary Ward’s Academy review of The Christians and the Moors in Spain.<br/>"
2601,2653,Novr 29 1878,1878-11-29,MS Charlotte Mitchell/7,"Elderfield, Otterbourne, Winchester.",
2600,2652,Novr 29th 1878,1878-11-29,MS British Library Add MSS 54921: 74 ,"Elderfield, Otterbourne, Winchester.","[[footnote:1]]The Rev. Reginald Bigg Wither was a nephew of the Rev. William Bigg Wither, curate of Otterbourne, and he published in 1887 a [[otherbook:913]<i>History of the foundation and of the chief incidents in the gradual establishment of St. Thomas\' Home, Basingstoke, the Winchester Diocesan Penitentiary for Friendless and Fallen Women</i>].  CMY evidently selected works she thought would interest the inmates.<br/>"
2602,2654,Decr 11th 1878,1878-12-11,MS British Library Add MSS 54921: 75 ,"Elderfield, Otterbourne, Winchester.",
2603,2655,Decr 18 1878,1878-12-18,MS Columbia University Library,"Elderfield, Otterbourne, Winchester.",
2604,2656,Decr 24th 1878,1878-12-24,MS British Library Add MSS 54921: 76 ,"Elderfield, Otterbourne, Winchester.",
2605,2657,Jan 1st 1879,1879-01-01,MS British Library Add MSS 54921: 77-78 ,"Elderfield, Otterbourne, Winchester.","[[footnote:1]]CMY\'s <i>History of France</i> (1878), one of the History Primer series edited by the historian John Richard Green (1837-1883). Marie-Edmé-Patrice-Maurice de MacMahon (1808-1893) was elected President of France in 1873.

[[footnote:2]]These were the corrections to her [[cmybook:126]<i>Story of the Christians and the Moors in Spain</i>] pointed out in a harsh [[otherbook:588]review] by Mary Augusta Ward.

<br/>"
2606,2658,Jany 15th 1879,1879-01-15,MS British Library Add MSS 54921: 79 ,"Elderfield, Otterbourne, Winchester.","[[footnote:1]]Endorsed \'Post Jan 20\'.

<br/>"
2607,2659,Jan 25th 1879,1879-01-25,MS British Library Add MSS 54921: 82-83 ," Elderfield, Otterbourne, Winchester.",<br/>
2608,2660,Jany 29th 1879,1879-01-29,MS British Library Add MSS 54921: 80- 81[[footnote:1]] ,"Elderfield, Otterbourne, Winchester.","[[footnote:1]]There is a box drawn round the final paragraph and Post Jan 23/79 MC 660/16 written after first and per New York 23/1/79 MC after second.

[[footnote:2]]This letter refers to the uniform edition of CMY\'s novels.

[[footnote:3]]When the uniform edition was published the first four books were numbered 1. <i>The Heir of Redclyffe</i> (1853), 2. <i>Heartsease</i> (1854), 3. <i>Hopes and Fears</i> (1860) and 4. <i>Dynevor Terrace</i> (1857). The model for this intriguing arrangement was undoubtedly La Motte Fouqué, [[otherbook:102]<i>Die Jahreszeiten</i>] (1811-14), consisting of <i>Frühlings-Heft: Undine</i>; <i>Sommer-Heft: Die beiden Hauptleute</i>; <i>Herbst-Heft: Aslauga’s Ritter</i> and <i>Alpin und Jucunde</i>; and <i>Winter-Heft: Sintram und seine Gefährten</i>. 

<br/>"
2610,2662,Feb 21st [1879],1879-02-21,"MS Girton College Cambridge, Yonge XIV 1[[footnote:1]]","Elderfield, Otterbourne, Winchester.","[[footnote:1]]Black-edged paper.

[[footnote:2]]Lucy Phillimore (1850-1931), contributor to <i>MP</i> and the <i>Magazine for the Young</i>, published several messages in <i>MP</i> in early 1879 acknowledging contributions to the appeal for the Bishop Wilberforce Confirmation Memorial Window in St. Mary\'s Southampton.

<br/>"
2611,2663,Feb 28 th 1879,1879-02-28,MS Mrs Clare Roels,"Elderfield, Otterbourne, Winchester.","[[footnote:1]]On CMY\'s advice, Coleridge was seeking spiritual counsel from the Rev. Robert Wilson, Vicar of Rownhams, near Southampton.  However, since CMY cannot entertain two visitors simultaneously in addition to Gertrude Walter,  Coleridge must wait until Mary Frances Keble Coleridge has finished her visit.  Chandlers Ford and Bishopstoke were both railway stations on the line to Southampton.

[[footnote:2]]The family of the Rev. [[person:730]Lewis Humbert] were friends of Coleridges, and perhaps she was visiting them next.

<br/>"
2612,2664,March 8th 1879,1879-03-08,MS British Library Add MSS 54921: 84-85 ,"Elderfield, Otterbourne, Winchester.",
2613,2665,March 10th 1879,1879-03-10,MS Fondation Guizot-Val Richer,"Elderfield, Otterbourne, Winchester.",<br/>
2615,2667,March 14th 1879,1879-03-14,MS Mrs Clare Roels,"Elderfield, Otterbourne, Winchester.",
2614,2666,March 18th 1879,1879-03-18,"MS Princeton University, Parrish Collection C0171: Box 29","Elderfield, Otterbourne, Winchester.","[[footnote:1]]This letter probably relates to Besant\'s editorship (with W. J. Brodribb) of The New Plutarch Series, \'Lives of those who have made the history of the world\', published by Ward.

<br/>"
2616,2668,26th April [1879],1879-04-26,MS UCLA collection 100 box 119,93d Via Piat ,
2617,2669,April ?30th 1879,1879-04-30,"MS University of Manchester, Ryl Eng MS. 341/172","Elderfield, Otterbourne, Winchester","

<br/>"
2619,2671,[3 May 1879],1879-05-03,"MS Bodleian Library, Oxford: Eng. lett. d. 495 f106[[footnote:1]]",,"[[footnote:1]]Card printed on one side ‘Foreign post card’ addressed to ‘Italy/ Signora Linda Villari/ 932 Via Pinti/ Florence/Italia’ and postmarked Winchester 3 March 1879.

[[footnote:2]] Linda Villari,  [[otherbook:917]\'The Angel of Viareggio: A Tale of Child-Life in Italy\'] began in <i>MP</i> ns 31 (January 1880) and ran until July.

<br/>"
2618,2670,May 3d 1879,1879-05-03,"MS Harry Ransom Humanities Research Center, University of Texas, Austin.","Elderfield, Otterbourne, Winchester.",
2620,2672,June 5th 1879,1879-06-05,MS UCLA: collection 100: box 95,"Elderfield, Otterbourne, Winchester.","[[footnote:1]]As well as acting as sub-editor of the <i>MP</i>, Finlaison taught at [[other:107]Otterbourne School].

<br/>"
2622,2674,[13 June 1879],1879-06-13,"MS Bodleian Library, Oxford: Eng. lett. d. 495 f107[[footnote:1]]",,"[[footnote:1]]Card printed on one side Foreign post card addressed to \'Italy/ Signora Linda Villari/932 Via Pinti/Florence\' and postmarked \'Winchester/JU 13/79\'. 

[[footnote:2]] Villari\'s [[otherbook:917]\'The Angel of Viareggio: A Tale of Child-Life in Italy\'] began in <i>MP</i> ns 31 (January 1880) and ran until July.



<br/>"
2621,2673,June 13th 1879,1879-06-13,MS British Library Add MSS 54921: 92 ,"Elderfield, Otterbourne, Winchester.",
2623,2675,June 16th 1879,1879-06-16,"MS Princeton University, Parrish Collection C0171: Box 29[[footnote:1]]","Elderfield, Otterbourne, Winchester.","[[footnote:1]]Envelope addressed to ‘C B Woodman Esq/ British Board/ Edgbaston/ Birmingham’.  

[[footnote:2]]The societies were the [[other:19]Church Missionary Society] and the [[other:41]Society for the Propagation of the Gospel]. In this letter to a Dissenting clergyman CMY seems to be defending the established church from the accusation that it ought to fund missionary work from its income.

<br/>"
2624,2676,June 24th [1879],1879-06-24,MS British Library Add MSS 54921: 94 ,1 Sussex Sq W[[footnote:1]],"[[footnote:1]]This was the home of [[person:343]Lord Coleridge].

[[footnote:2]]Spenser (1879) by the Very Rev. R. W. Church, Dean of St. Pauls and Burns (1879) by John Campbell Shairp, Professor of Poetry at Oxford and Principal of St. Andrews University, were both volumes in Macmillan\'s Men of Letters Series.

[[footnote:3]]Not identified.

<br/>"
2625,2677,July 2d 1879,1879-07-02,MS Charlotte Mitchell/3,"Elderfield, Otterbourne, Winchester.","[[footnote:1]]If the identification of CMY\'s correspondent as Nina Cole is correct, it seems reasonable to associate this letter with the recent foundation of the Church and Stage Guild, of which Cole was a committee member.  Its objects, according to an advertisement in <i>The Era</i> (13 July 1879 were \'to promote religious and social sympathy between the members of the Church and of the Stage\'. This explanation seems consistent with the rather gingerly tone of CMY\'s letter."
2639,2691,July 4th  [1879 or later],1879-07-04,"MS Girton College Cambridge, Yonge VII 2",Elderfield,[[footnote:1]]The \'Bishop\'s Certificates\' related to the Diocesan inspection of Church schools.  They seem to have functioned both as religious knowledge diplomas for schoolchildren and also as qualifications for teachers.  This letter must date from after Warburton\'s appointment to an honorary canonry of Winchester in February 1879.
2626,2678,July 4th/1879,1879-07-04,MS British Library Add MSS 54921: 95-96 ,"Elderfield, Otterbourne, Winchester.","[[footnote:1]]This is a disparaging reference to the illustrations by [[person:2323]Kate Greenaway] in the new collected edition.

[[footnote:2]]CMY is proposing the collection of stories republished as [[cmybook:135]Bye-Words] (1880).

[[footnote:3]] <i>Heartsease</i> was also illustrated by Greenaway.

<br/>"
2627,2679,July 9th 1879,1879-07-09,MS British Library Add MSS 54921: 97-98 ,"Elderfield, Otterbourne, Winchester.","[[footnote:1]]She was assembling previously published stories which appeared as <i>Bye-Words</i> (1880).

[[footnote:2]]Perhaps Florence W. Habberton, ‘Individual Liberty for Women: A Remonstrance’, <i>Macmillan\'s Magazine</i> 40 (1879), 282-288.  George Grove was the editor of <i>Macmillan’s</i>.

<br/>"
2628,2680,July 9th 1879,1879-07-09,MS British Library Add MSS 54921: 99-100 ,"Elderfield, Otterbourne, Winchester.",[[footnote:1]]She had been assembling the stories which were republished as [[cmybook:135]<i>Bye-Words</i>] (1880).
2629,2681,[11 July 1879],1879-07-11,MS British Library Add MSS 54921: 101 [[footnote:1]],Elderfield                              ,"[[footnote:1]]Postcard addressed to \'A Macmillan Esq/ 30 Bedford Street/ Covent Garden/ London E C.\' and postmarked Winchester, 11 July 1879.

[[footnote:2]]CMY was assembling the stories which were republished as [[cmybook:135]<i>Bye-Words</i>] (1880).

<br/>"
2630,2682,July 12th 1879,1879-07-12,MS British Library Add MSS 54921: 102-103 ,"Elderfield, Otterbourne, Winchester.","[[footnote:1]]She had asked for an advance of money in her previous letter.

[[footnote:2]]CMY was assembling the stories which were republished as [[cmybook:135]<i>Bye-Words</i>] (1880)."
2631,2683,July 14th 1879,1879-07-14,MS British Library Add MSS 54921: 104 ,"Elderfield, Otterbourne, Winchester.",[[footnote:1]]This was extra material to make up the collection of previously published stories which appeared as [[cmybook:135]<i>Bye-Words</i>] (1879). The \'queer little drama\' was \'The Campbells are Coming\'.
3626,19064,July 17th 1879,1879-07-17,MS copy Lady Margaret Hall Wordsworth MSS Box 7 Bundle 1[[footnote:1]],"Elderfield, Otterbourne, Winchester.","[[footnote:1]]The MS copy is endorsed \'Letter from Miss C. M. Yonge to Mrs Argles, Barnack Rectory, Stamford\' and \'[Lent by Mrs Thicknesse, Medcroft, Winchester 16. viii. 36]\'.  According to the Lady Margaret Hall archivist, Mr Oliver Mahony, the copyist was Elsie Jameson.  Mrs Thicknesse was probably [[person:1401]Agnes Thicknesse], sister of Edith Argles.

[[footnote:2]] Willingham Rawnsley, the fiancé of Julia Argles\'s daughter Alice, was taking over the prep school at Winton House, just outside Winchester, started by the Rev. [[person:769]C. A. Johns].

[[footnote:3]]Julia Argles\'s third son, the Rev. Marsham Frederic Argles (1852-1883) must be referred to here. He was briefly attached to the Oxford Mission in Calcutta before returning to England to die."
2632,2684,Aug 8th 1879,1879-08-08,MS British Library Add MSS 54921: 105-106 ,"Elderfield, Otterbourne, Winchester.",[[footnote:1]]The mistake was evidently in sending some material to the wrong printer.
2633,2685,Oct 22nd [1879?],1879-10-22,"MS Princeton University, Parrish Collection",Elderfield Otterbourne Winchester,"[[footnote:1]]The book was probably [[otherbook:920]<i>Walks about St Hilary</i>] (1879), a book of botanical studies in the form of letters, by Charlotte Champion Pascoe (1782-1875) edited by Mrs Pascoe\'s cousin Charlotte Grenfell Bridgman (Willyams) Rogers (d.1888) and by Mary Rogers (not the daughter of Charlotte Rogers).  The Kebles used to spend the winter in Penzance for Charlotte Keble\'s health, and the Rev. [[person:769]Charles Alexander Johns] (who is probably referred to here) had lived at Helston.

<br/>"
2640,2692,Nov 12th [1879 or later?][[footnote:1]],1879-11-12,"MS Girton College Cambridge, Yonge VII 3",Elderfield,[[footnote:1]]It is not easy to identify which Christmas number Warburton contributed to.
2634,2686,Novr 28 1879,1879-11-28,MS Pusey House PUS 83[[footnote:1]],"Elderfield, Otterbourne, Winchester.","[[footnote:1]]With envelope addressed to Miss Moor/ Ampfield Vicarage/ Romsey and postmarked 28 November 1879.  Selina Moor (b. 1859/60) was the daughter of the Rev. John Frewen Moor.  Probably she was the editor of a parish magazine.

<br/>"
3489,3541,"[1880s, 1890s?]",1880-00-00,MS UCLA: collection 100: box 95,,
3457,3509,Feb 7th [1880s?],1880-01-01,"MS Princeton University, Parrish Collection C0171: Box 29","Elderfield, Otterbourne, Winchester.","[[footnote:1]]Although it is impossible to date this note precisely or identify the \'little books\', Medhurst\'s association with CMY and <i>MP</i> dates from 1874-1890."
2645,2697,Jany 1st [1880],1880-01-01,"MS Bodleian Library, Oxford: Eng. lett. d. 495 f108","Elderfield, Otterbourne, Winchester.",
2875,2927,Jan 10th [1880s?],1880-01-10,"MS Princeton University, Parrish Collection",G F S  Elderfield  Otterbourne  Winchester,"[[footnote:1]]As branch organizer of the Girls’ Friendly Society.

<br/>"
2646,2698,Feb 13th 1880,1880-02-13,"MS Devon Record Office, Exeter 53/10/9/2","Elderfield, Otterbourne, Winchester.",
2647,2699,Feb 20th 1880,1880-02-20,"MS Devon Record Office, Exeter 53/10/9/3","Elderfield, Otterbourne, Winchester.","[[footnote:1]]Francis Dawson, \'The Bear and the Goblin\' was included in CMY\'s anthology [[cmybook:143]<i>Aunt Charlotte\'s Evenings at Home with the Poets</i>] (London: Marcus Ward 1881).  Perhaps it was one of the texts the unknown woman had illustrated."
2648,2700,Feb 21st  1880,1880-02-21,MS Lambeth Palace Library MS 2677 f.114,"Elderfield, Otterbourne, Winchester","[[footnote:1]]J. M. Neale, [[otherbook:926]<i>Songs and Ballads for Manufacturers</i>] (London: Burns 1846).   ‘Aristomenes and the Fox’ was published in J.M. Neale, [[otherbook:927]<i>Stories from Heathen Mythology and Greek History for the Use of Christian Children</i>] (London: Masters 1847).

<br/>"
2877,2929,February 21st [1880s?],1880-02-21,MS Miss Barbara Dennis/7 ,,"[[footnote:1]]Mary Isabel (Yonge) Yonge (1849-1915), was the second daughter of CMY’s first cousin the Rev. John Eyre Yonge.  She married (1872) the Rev. Denys Nelson Yonge (no relation), Vicar of Boreham, Chelmsford.  Her second son was Philip Caynton Yonge (1877-1928).

[[footnote:2]]CMY\'s American correspondent may have been [[person:2391]Samuel H. Yonge].

<br/>"
2650,2702,Feb 26th 1880,1880-02-26,MS University of Iowa; MsL/Y56/1880,"Elderfield, Otterbourne,Winchester.","[[footnote:1]]1880 was a leap year, and Wilford\'s birthday was evidently on the 29 February.



<br/>"
2651,2703,March 1st 1880,1880-03-01,"MS Devon Record Office, Exeter 53/10/9/4","Elderfield, Otterbourne, Winchester.","[[footnote:1]]\'The Bear and the Goblin\' was a poem by Francis Dawson.  CMY was trying to help this illustrator, who had evidently illustrated it, get commissions from publishers."
3476,3528,March 29th [1880],1880-03-29,"MS Princeton University, Parrish Collection",Elderfield,"[[footnote:1]]Frances Mary Peard, <i>Princess Alethea</i> (London: Bell 1883), a novel reprinted from <i>Aunt Judy’s Magazine</i>, in which it had been serialized (January-December 1879). It was praised in ‘A Conversation on Books’ <i>MP</i> (January 1883).



<br/>"
3447,3499,March 30. [1880s?],1880-03-30,"MS location unknown.  Printed in Coleridge, [[otherbook:40]<i>Life</i>], 322.","Elderfield, Otterbourne, ","[[footnote:1]]Annie Cazenove contributed to <i>MP</i> both under her own name and as \'the Muffin Man\' under which name she was a member of the Spider Society, but the \'odds and ends\' referred to here cannot be identified.

<br/>"
2654,2706,April 5th 1880,1880-04-05,"MS Bodleian Library, Oxford: MS English Letters: e 86. ","Elderfield, Otterbourne,Winchester.",[[footnote:1]]This letter seems to be concerned with voting for a candidate for charity.
2655,2707,April 5th 1880,1880-04-05,"MS Bodleian Library, Oxford: MS English Letters: e 86. ","Elderfield, Otterbourne, Winchester. ","[[footnote:1]]Moor\'s daughter Selina seems to have been the editor of a magazine, perhaps the Ampfield Parish Magazine.

<br/>"
2652,2704,April 11th 1880,1880-04-11,MS Reading University Library 228/289,"Elderfield, Otterbourne, Winchester.","[[footnote:1]]‘Pictures in the Fire’ by Adelaide Procter (1825-1864), whose hugely popular poetry was published by Bell.  The cheque for a guinea to G. Bell was debited on 16 April.  CMY was including the poem in an anthology published by Ward: [[cmybook:143]<i>Aunt Charlotte\'s Evenings at Home with the Poets</i>] (1881).

<br/>"
2873,2925,April 19th [mid 1880s?],1880-04-19,"MS Princeton University, Parrish Collection",Elderfield,"[[footnote:1]]CMY\'s nephew George was born in 1871, so this would place the letter in the mid-1880s.

[[footnote:2]]Frances Dorothy Moor (1825/6-1913), wife of the Rev. John Frewen Moor.

[[footnote:3]]Perhaps William Jewell (b. 1853/4), living in Otterbourne as a gardener in the 1881 census, a gardener in Portsea in 1891. He could be the husband of [[person:767]Mrs Jewell] to whose poverty CMY earlier refers. 

<br/>"
2653,2705,April 26th 1880,1880-04-26,MS UCLA: collection 100: box 95,"Elderfield, Otterbourne, Winchester.","[[footnote:1]]For discussion of the various colleges which operated under this name see http://www.ucl.ac.uk/bloomsbury-project/institutions/working_womens_college.htm

[[footnote:2]]Margaret Macmillan (b.1857), third child and elder daughter of CMY\'s publisher Alexander Macmillan, had been a member of the Gosling Society.

<br/>"
2656,2708,May 12 1880,1880-05-12,"MS Princeton University, Parrish Collection, Princeton: C0171: Box 29","Elderfield, Otterbourne, Winchester.","[[footnote:1]]The reading of the words ‘Charles’s flight’ is conjectural, but CMY included Palgrave’s ‘The Fugitive King’. about the flight of Charles I after the battle of Naseby in 1645, in <i>English History Reading Books</i> IV.  The reference to Wordsworth is presumably to <i>Ecclesiastical Sonnets</i> 46, ‘Troubles of Charles the First’.

[[footnote:2]]‘A Ballad of Evesham’, also from Palgrave\'s <i>The Visions of England</i> (1880), was included in <i>English History Reading Books</i> III.

<br/>"
3477,3529,May 20th [<i>c</i>. 1880],1880-05-20,"MS Princeton University, Parrish Collection","“Monthly Packet” 6, Paternoster Row, London, E.C.","[[footnote:1]]The \'Cameos from English History\' series in <i>MP</i> reached the reign of Charles I in March 1884.



<br/>"
2657,2709,June 7th 1880,1880-06-07,"MS Princeton University, Parrish Collection: C0171: Box 29","Elderfield, Otterbourne, Winchester.","[[footnote:1]]Horatia Katherine Frances Gatty (b. 1846), younger sister of Juliana Ewing, was editor of <i>Aunt Judy\'s Magazine</i>.  Emma Marie Caillard (1852-1927) is probably referred to.

<br/>"
2658,2710,June 16th 1880,1880-06-16,"MS Harry Ransom Humanities Research Center, University of Texas. C. R. Coleridge Collection.","Elderfield, Otterbourne, Winchester.",
2659,2711,July 7th [1880],1880-07-07,MS  UCLA: collection 100: box 95,"Elderfield, Otterbourne, Winchester.","[[footnote:1]]Perhaps ‘In the Days of Good King Robert’ by ‘Biscachio’, which appeared in <i>MP</i> (Christmas  1880) 58-64.

<br/>"
3530,3582,July 29th [1872-1898][[footnote:1]],1880-07-29,"MS with Waiting For Godot Books, 2005, transcribed from Abebooks.",,"[[footnote:1]] Francis Kenrick Bacon (1826/7-1886), retired major in the Bengal Staff Corps, and his wife Sarah Lucy Bacon (1835/6-?1920) are found at the Red House, Hursley, in the 1881 census.  They seem to have arrived by 1872, judging by other newspaper references, and she was still living there as a widow in the 1901 census.  The Hampshire Chronicle  (26 Nov 1887) records that he was buried in the churchyard and she gave a handsome lectern to the church in his memory."
2664,2716,[1880?][[footnote:1]],1880-08-01,"MS Princeton University, Parrish Collection C0171: Box 29: Author Files Wood-Yonge: ","Elderfield, Otterbourne, Winchester.","[[footnote:1]]Since this letter refers to Linda Villari\'s \'The Angel of Viareggio\', which was published in <i>MP</i> in the first half of 1880, it seems probable that it dates from shortly after the publication of that story."
2837,2889,Aug 3d [1880s?],1880-08-03,MS Charlotte Mitchell/29,Elderfield Otterbourne,[[footnote:1]]The piece of work was perhaps an index to [[other:52]<i>MP</i>].
3531,3583,Aug 8th [1880s?],1880-08-08,MS Helen Schinske,Elderfield,[[footnote:1]]Her correspondent is evidently offering to index the [[other:52]Monthly Packet]. 
3672,19990,Aug 20th 1880,1880-08-20,"MS Yale University, Beinecke Library ","Elderfield, Otterbourne, Winchester.","[[footnote:1]] This story was probably “Wolf” which in 1881 was published both [[cmybook:145]separately] and in the collection <i>[[cmybook:139]Lads and Lasses of Langley]</i>. 



[[footnote:2]] This is probably “Drumbledore Bill” which was also included in <i>[[cmybook:139]Lads and Lasses of Langley]</i>."
2879,2931,Aug 28th [1880s?],1880-08-28,"MS Princeton University, Parrish Collection C0171: Box 29[[footnote:1]]",,"[[footnote:1]]Watermarked 1877.

[[footnote:2]]Mary Anderson Morshead was author or editor of several books, and this probably refers to her attempts to find a publisher, possibly for the first of them, <i>Chips from the Royal Image: Being Fragments of Eikon Basilike</i> (London:  Masters 1887), to which CMY contributed her name as editor.  (Anderson Morshead had been a fanatical supporter of Charles I since she was a teenager.)  But equally the letter might be to another person or refer to another book. Another possible correspondent is [[person:1628]Mary Isabel Yonge], the sister of \'Lottie\' Yonge.

<br/>"
3479,3531,September 3d [before 1881],1880-09-03,"MS Princeton University, Parrish Collection","“Monthly Packet” 6, Paternoster Row, London, E.C.",
2839,2891,Sept 8th [?1880-1888],1880-09-08,"MS Princeton University, Parrish Collection",Elderfield Otterbourne Winchester,"[[footnote:1]]William Francis Cowper-Temple, first Baron Mount Temple (1811-1888), was elevated to the peerage in 1880. MS UCLA, collection 100, box 119 is a collection of 14 autograph letters addressed to CMY  which include one written by William Cowper-Temple which answers the above description.  CMY’s use of the present tense, ‘is held’ suggests that he was still alive at the time she wrote.  However, the other letters are of various dates, the latest being 1893.  Anna Harriet Drury (1891), Isabella Bishop (1893). E. H. Knatchbull-Hugesson (later Lord Brabourne) (1870), W. Emery, Margaret Gatty, Katherine S. Macquoid, Robert Montgomery, William Cowper Temple, James Augustus Henry Murray, J.M. Neale, Baron Tauchnitz, Elizabeth Jane Oswald, Henrietta Stannard (‘John Strange Winter’) and Linda Villari.  No letters with initials are present.   A letter from Mary Louisa Molesworth to CMY (26 February 1886) is MS NLS 9752, and could also be one of the letters referred to here.

<br/>"
2660,2712,Sept 30th 1880,1880-09-30,"MS Princeton University, Parrish Collection: C0171: Box 29","Elderfield, Otterbourne, Winchester.","[[footnote:1]]The Leipzig publisher Tauchnitz had an \'English Authors\' series of small format reprints of English books which circulated cheaply on the Continent in paper covers, but copyright law was supposed to prevent travellers bringing them back to England."
2661,2713,Oct 15 1880,1880-10-15,"MS Girton College Cambridge, Yonge VIII  ","Elderfield, Otterbourne, Winchester.","[[footnote:1]]The offices of the publisher, the [[other:32]National Society for the Education of Children in the Principles of the Established Church], were in the  Sanctuary, Westminster.  The history textbook which Warburton was working on has not been identified.

[[footnote:2]]Andrew Marvell, ‘An Horatian Ode upon Cromwell’s return from Ireland’, ll. 57-60. \'He nothing common did or mean/ Upon that memorable scene:/ But with his keener eye/ The axe\'s edge did try:/  Nor called the gods with vulgar spite/ To vindicate his helpless right,/ But bowed his comely head,/ Down as upon a bed.\'  It was included in CMY\'s [[cmybook:150]<i>English History Reading Books</i>] IV, 117.

<br/>"
2662,2714,Novr 15th 1880,1880-11-15,"MS Columbia University Library, New York:  Harper Bros Collection","Elderfield, Otterbourne, Winchester.","[[footnote:1]]There is a pencil line beside the mention of the reading book and  ‘Is not this worth mention?’ written in pencil. Underneath, in ink ‘Attended to./ S.S.C.’

[[footnote:2]]Lillie E. Barr, ‘The Plumes of Creçy’ was included in [[cmybook:150]<i>English History Reading Books</i>] III, 106-9, with a note ‘in Harper’s Young People (slightly altered)’.  CMY has reciprocated the American [[other:172]piracy] of her work.

<br/>"
2663,2715,Nov 30th [or 3rd?] 1880,1880-11-30,"MS Yale, Beinecke Library, MSS Vault, Hilles Box 21, Folder Yonge","Elderfield, Otterbourne, Winchester.","[[footnote:1]]Duncan was secretary of the National Society, publisher of CMY\'s [[cmybook:150]<i>English History Reading-Books</i>] (1881), which included examples of poetry about historical events.  The book under discussion seems to be Part III, which includes (p.31-2), an extract from Joseph Anstice, \'Richard Coeur de Lion;  (p.41-4) an extract from Shakespeare, <i>King John</i>, a conversation between Prince Arthur and Hubert;  (p.122-6) Lord Selborne, \'The Founding of St. Mary\'s College, Winchester, and New College, Oxford\'; and (p.185-7) an extract from Robert Southey, \'Funeral Song for the Princess Charlotte of Wales\'.  The poem by Thomas Gray which was to be omitted was perhaps an extract from \'The Bard\', in which the speaker prophesies the doom of the descendants of Edward I.

<br/>"
2878,2930,Decr 13th [late 1880s?],1880-12-13,MS Charlotte Mitchell/22,,"[[footnote:1]]Probably CMY had been offered for [[other:52]<i>MP</i>] the letters published in [[otherbook:1096]<i>The Journal of General Sir Martin Hunter and some letters of his wife Lady Hunter</i>] put together by their daughter Miss A. Hunter and Miss Bell (1894).  Sir Martin Hunter (1757–1846), served during the American War of Independence and in Canada and India;  he married  (1797) Jean Dickson (d.1845) and had a large family.  See D. M. Young, ‘Hunter, Sir Martin’ in <i>Dictionary of Canadian Biography Online</i> at www.biographi.ca

<br/>"
2876,2928,[December? <i>c</i>.1880?],1880-12-18,MS Charlotte Mary Yonge Society/5,,<br/>
2669,2721,[spring 1881],1881-00-00,MS Charlotte Mary Yonge Society/8,,"[[footnote:1]]The Rev. Walter Elgie, Vicar of Otterbourne, had died on 25 February 1881 and CMY here thanks for an autograph given to her in his memory.

[[footnote:2]]The Lightfoot referred to here might be the Rt. Rev. Joseph Barber Lightfoot, Bishop of Durham, who published commentaries on the Epistles, or CMY may refer to John Lightfoot, <i>The Harmony of the Foure Evangelists, among themselves, and with the Old Testament (London: White 1644)."
2687,2739,Jany 3d 1881 [1882],1881-01-03,MS University of Delaware ,"Elderfield, Otterbourne, Winchester.","[[footnote:1]]The Rev. Walter Brock married (3 Jan 1882) Amy Gabrielle Powell (d. 10 Feb 1947).

[[footnote:2]]\'A Christmas Tree at a Workhouse\' <i>MP</i> 3rd series 2 (December 1881) 609-612.  The second paper referred to in the letter is less easy to identify.  \'Bright Days in Workhouse Lives\' <i>MP</i> 3rd series 3 (May 1882) 498-500, seems to have appeared a little late to have been in type in January;  all the same it may be by the same writer.

<br/>"
2665,2717,Feb 13th 1881,1881-02-13,MS Mrs Clare Roels,"Elderfield, Otterbourne, Winchester.","[[footnote:1]]Mary Lund, aged 16 in the 1881 census, was the oldest boarder at Miss Finlaison’s school. Her brother, aged 17, is recorded as one of the 6 boarders at the home of Christabel\'s brother Ernest Coleridge.

[[footnote:2]]The Ernest Coleridges had just lost their second son John Derwent Coleridge (26 May 1880-23 January 1881), following the death of his elder brother Thomas Drake Coleridge (18 February-2 July 1877), but still had a daughter, Margaret Eulalia Coleridge (1878-1960).  The other trouble was probably the death of Christabel and Ernest\'s n\'er do well brother Derwent in Sydney, N.S.W. on 5 December 1880.

[[footnote:3]]This seems to be an allusion to Jean Ingelow\'s novel [[otherbook:930]<i>Don John</i>] (1881).

[[footnote:4]]One of the [[other:116]Spider] subjects for December 1880 (published in <i>MP</i>  January 1881) was ‘The pros and cons of fancy work’.  The answer given by Money Spinner (Miss Marriott) was printed in <i>MP</i> 3s 1 (March 1881) 305-8.

<br/>"
3514,3566,Feb 16th [<i>c</i>.1881[[footnote:2]]],1881-02-16,"MS Harry Ransom Humanities Research Center, University of Texas, Austin [[footnote:1]]","Elderfield, Otterbourne, Winchester.","[[footnote:1]]Annotated “From Miss Yonge the Authoress to Mary Goldfinch”.

[[footnote:2]]Probably written during the composition of [[cmybook:157]<i>Unknown to History: A  Story of the Captivity of Mary of Scotland</i>] (1882).

[[footnote:3]]Agnes Strickland, <i>Lives of the Queens of England From the Norman Conquest</i> 12 vols (London: Colburn 1840-8); Agnes Strickland, <i>Lives of the Queens of Scotland and English Princesses</i> 8 vols  (Edinburgh: Blackwood 1850-9).

<br/>"
2649,2701,Feb 24th [?1881[[footnote:1]]],1881-02-24,"MS Girton College Cambridge, Yonge VIII 1 ","Elderfield, Otterbourne, Winchester. ","[[footnote:1]]The letter probably dates from 1881, when the Rev. Walter Elgie was dying.  In fact he died on 25 February 1881. Warburton was the diocesan school inspector, and was coming to look at [[other:107]Otterbourne School].  From her next letter to him it sounds as if the inspection had been scheduled for Thursday 3 March.



<br/>"
2667,2719,[25 February 1881],1881-02-25,MS Charlotte Mary Yonge Society/4,,"[[footnote:1]]Blanche Webber (b. 1859/60) a child of Mrs Elgie’s first marriage to Captain Webber.

<br/>"
2666,2718,25th February [1881],1881-02-25,"MS Girton College Cambridge, Yonge VIII 3 ","Elderfield, Otterbourne, Winchester.","[[footnote:1]]Warburton was the diocesan inspector of schools, and was evidently planning a visit to [[other:107]Otterbourne School].  The Rev. Walter Elgie, Vicar of Otterbourne, died on Friday 25 February 1881.  The 3 March was a Thursday."
2668,2720,March 12  [1881],1881-03-12,"MS Westcountry Studies Library, Exeter/  Yonge 1881/1","Elderfield, Otterbourne, Winchester.","[[footnote:1]]The Rev. Walter Francis Elgie (1837- February 1881), Vicar of Otterbourne.

[[footnote:2]]Frances Ridley Havergal (1836-1879), prolific hymn writer.  CMY had no doubt recently read  M. V. G. Havergal, [[otherbook:696]<i>Memorials of Frances Ridley Havergal</i>] (1880).

<br/>"
2670,2722,April 2d 1881,1881-04-02,"MS Princeton University, Parrish Collection.","Elderfield, Otterbourne, Winchester. ","[[footnote:1]]<i>Sister Augustine, Superior of the Sisters of Charity at the St. Johannis Hospital at Bonn</i> (London: Kegan Paul 1880) was an authorized translation, by Emily Augusta, Lady Durand, of Henri Lecoultre’s German biography of Amalie von Lasaulx (1815-1872).  The doctrine of papal infallibility had been affirmed by the Vatican Council of 1869-70.

<br/>"
2671,2723,April 23d [1881],1881-04-23,MS Mrs Clare Roels,Elderfield,"[[footnote:1]]Christabel Coleridge\'s  <i>A Lot with a Crook in it</i>, serialized in <i>MP</i> from January 1884 to May 1885, and Jean Ingelow\'s [[otherbook:930]<i>Don John</i>] (1881) both had plots depending on babies being switched in childhood.  But the book which Coleridge is considering whether to offer to Joseph Masters is probably [[otherbook:934]<i>Kingsworth, or, The Aim of a Life</i>] (London: Masters 1882).

[[footnote:2]]The Rev. Walter Brock (1849-1919)  succeeded the Rev. Walter Elgie as Vicar of Otterbourne after the latter\'s death in February 1881.

[[footnote:3]]The Rev. [[person:85]William Awdry] was head of the Chichester Theological College, succeeding the Rev. Canon Arthur Rawson Ashwell (1824-23 October 1879). Christabel Coleridge would have known the latter because he had been vice-principal of St. Mark’s College, Chelsea (1851-3) under her father.  His widow was born Elizabeth Fixsen.

<br/>"
2672,2724,May 4th [1881?],1881-05-04,"MS Bodleian Library, Oxford: Ms. Eng. lett. e.116 ff 184-8","Elderfield, Otterbourne, Winchester.","[[footnote:1]]<i>Essays on the Kindergarten. Being a selection of lectures read before the London Froebel Society</i> (1881). CMY\'s mistrust of  Emily Shirreff (1814-1897), one of the most prominent campaigners for women\'s education in Victorian Britain, is interesting.  Doubtless her support for non-denominational schools for middle-class girls was disapproved of.  

<br/>[[footnote:2]]There were a number of English translations of various works by Bertha, Baroness von Marenholtz-Bülow expounding [[person:2333]Friedrich Fröbel]\'s theories on pre-school education. CMY perhaps read one of the translations by Alice M. Christie called <i>Child and Child-Nature</i> (London: Swan Sonnenschein 1879) or <i>Hand Work and Head Work; Their Relation to one another, and the Reform of Education according to the Principles of Froebel</i>  (London: Swan Sonnenschein 1883), translations respectively of Bülow\'s  <i>Das Kind und sein Wesen. Beiträge zum Verständniss der Fröbelschen Erziehungslehre</i> (1868) and <i>Die Arbeit und die neue Erziehung nach Fröbels Methode</i> (1866).

<br/>"
2673,2725,May 16th [1881],1881-05-16,"MS Westcountry Studies Library, Exeter/ 1881/ 3","Elderfield, Otterbourne, Winchester.","[[footnote:1]]‘A Little Less than Kin and More than Kind’, a tale by Smith serialized in <i>MP</i>  (April-June 1882).  The issue of the box pews, rented or owned by the wealthier classes, separating them from the common people in churches, was a preoccupation for early Victorian reforming clergymen, and by the 1880s most had been replaced by open pews in parishes with any pretensions to being up-to-date.

[[footnote:2]]Blaise Pascal, <i>Pensées</i>, 211: ‘On mourra seul’.

<br/>"
2674,2726,May 21st [1881],1881-05-21,"MS Westcountry Studies Library, Exeter/ Yonge 1881/ 5[[footnote:1]]","Elderfield, Otterbourne, Winchester.","[[footnote:1]]With an envelope addressed to Miss Smith/ Thistleworth/ Stevenage and postmarked Stevenage 23 May 1881.

[[footnote:2]]The word \'all\' deleted.

[[footnote:3]]The Duke of Omnium is a character in Trollope\'s [[otherbook:937]<i>Dr. Thorne</i>] (1858) and later novels.  A character called the Duke of Swallowfield appears in Carter Smith\'s tale \'A Little Less than Kin and More than Kind\', which was being serialized in <i>MP</i>.

<br/>"
2675,2727,May 23d [1881],1881-05-23,MS Mrs Clare Roels,"Elderfield, Otterbourne, Winchester.","[[footnote:1]]Louise Creighton, <i>Life of Edward the Black Prince</i> (1876);   G.P.R.James, <i>A History of the Life of Edward the Black Prince</i> (1836); and William Parsons Warburton, <i>Edward III</i> (1874).  Coleridge was writing a story set in this period, [[otherbook:942]\'A Knight\'s Honour\'] which appeared in the Christmas 1881 number of <i>MP</i>, whose hero was named Walter.

[[footnote:2]]The Rev. John Richard Green (1837-1883), author of <i>A Short History of the English People</i> (1874).  

[[footnote:3]]  These were the other stories for the Christmas 1881 number of <i>MP</i>, which included  CMY\'s modern \'A Review of Nieces\' (reprinted in [[cmybook:209]<i>More Bywords</i>]), an anonymous story set in Algiers called [[otherbook:945]\'Le Petit Monsieur Ali\'] and two Irish stories (Frances Awdry\'s [[otherbook:944]\'Lucy\'s Romance\'] and the anonymous [[otherbook:943]\'The Gentleman\'s Gentleman\']).  It does not, however, seem to have included any stories by Ann Maria Carter Smith, author of <i>Aggesden Vicarage</i>, or any West Indian ones.

<br/>"
2676,2728,May 24th 1881,1881-05-24,"MS Westcountry Studies Library, Exeter/ Yonge 1881/ 6 ","Elderfield, Otterbourne, Winchester.","[[footnote:1]]The hero of Carter Smith\'s story [[otherbook:936]‘A Little Less than Kin’], which was being serialized in <i>MP</i>, saves the family house of his friends by buying it at auction, but it is left unclear to which if either of the two daughters he is attached.

[[footnote:2]]<i>Practical Work in Sunday Schools</i>  (London: National Society 1881).

  <br/>"
2677,2729,"July 2, 1881.",1881-07-02,"MS location unknown.  Printed in Coleridge, [[otherbook:40]<i>Life</i>], pp. 320-321","Elderfield, Otterbourne, Winchester,","[[footnote:1]]The schoolmaster who had died was Walter Fisher, and his successor Alfred Rolfe (1859-1918), still schoolmaster in Otterbourne in 1903.

[[footnote:2]]CRC’s note: Dr. England was the family physician. His son attended Miss Yonge in her last illness.

<br/>"
3529,3581,"July 5th [before 1881]
",1881-07-05,"MS Torquay Museum AR2058
","‘Monthly Packet’ 6 Paternoster Row London E.C.
",
3673,19998,July 10th [1881],1881-07-10,MS Charlotte Mitchell. ,Elderfield ,"[[footnote:1]] CMY has evidently been asked for a contribution to [[other:100]The Watchword], the periodical edited by Edith Jacob which circulated among the [[other:47]Society of Watchers and Workers].  She certainly contributed a series [[cmybook:149]\'Militant Here on Earth\'] about the early history of the church which deals with the travels of St. Paul and might be the article referred to. 

[[footnote:2]] [[person:478]The Rev. Walter Elgie], Vicar of Otterbourne, died in February 1881 and was succeeded by the [[person:201]Rev. Walter Brock]. A week after his arrival the schoolmaster, [[person:513]Walter Fisher], also died."
2678,2730,July 20th 1881,1881-07-20,"MS Westcountry Studies Library, Exeter/ Yonge 1881 / 8","Elderfield, Otterbourne, Winchester.",[[footnote:1]]Dulcibella was the heroine of a story by Carter Smith called \'The Tramp of Many Feet\' serialized in the <i>Churchman\'s Companion</i>.  The story initially accepted by CMY for the 1881 Christmas number is identified in a later letter as \'A Little Less than Kin and More than Kind\'.
3674,20002,July 21st [1881],1881-07-21,MS Charlotte Mitchell,"Elderfield, Otterbourne, Winchester.","[[footnote:1]] [[cmybook:144]How to Teach the New Testament] (London: National Society 1881).



[[footnote:2]] The new edition of [[cmybook:48]A History of Christian Names] was published in 1884.



[[footnote:3]] Revelation 1: 7: \'Behold, he cometh with clouds; and every eye shall see him, and they also which pierced him: and all kindreds of the earth shall wail because of him.\'



[[footnote:4]] Revelation 5: 6: \'And I beheld, and lo, in the midst of the throne and of the four beasts, and in the midst of the elders, stood a Lamb as it had been slain, having seven horns, and seven eyes, which are the seven Spirits of God, sent forth into all the earth\'.



[[footnote:5]] Charles Wesley, \'Lo, He comes with clouds descending\', ll. 16-17.



[[footnote:6]] Ibid. l.13.



[[footnote:7]]The Rt. Rev. Dr William Walsham How (1823-1897), suffragan bishop of East London, who held the title Bishop of Bedford after his appointment in 1879.  He was one of the patrons of the Society of Watchers and Workers."
3675,20007,July 25th [1881],1881-07-25,MS Charlotte Mitchell," Elderfield, Otterbourne, Winchester.",
2679,2731,"August 19, 1881",1881-08-19,"MS location unknown. Printed in Coleridge, [[otherbook:40]<i>Life</i>] 303","Elderfield, Otterbourne, Winchester, ","[[footnote:1]]The death of Helena\'s father [[person:669]Sir William Heathcote], Bt. (1801-17 Aug 1881).

<br/>"
2680,2732,Aug 21st [1881],1881-08-21,MS Hampshire Record Office: Heathcote Family Scrapbooks: 63M84/234/49,Elderfield,"[[footnote:1]]The message was perhaps an invitation to attend some gathering associated with Sir [[person:669]William Heathcote]\'s funeral on Tuesday 23 August 1881.

[[footnote:2]]The quotation is from \'The Order for the Burial of the Dead\' in <i>The Book of Common Prayer</i>: \'earth to earth, ashes to ashes, dust to dust;  in sure and certain hope of the Resurrection to eternal life . . .\'"
2681,2733,Sept  3d [1881],1881-09-03,MS Mrs Clare Roels,Elderfield,"[[footnote:1]]A girl is torn between a young man she loves and an old man who can support her parents; a literary ballad by Lady Anne Lindsay.

[[footnote:2]]In the 1881 census [[person:1161]Jane Frances Pearson] (b.1845/6) and her sister Mary Anne Pearson (b. 1843/4) , who had been Goslings together as Double Daisy, were living with their widowed stepmother in Market Lavington, where their father had been vicar. Presumably they engaged there in social work of which CMY approved. In 1891 the three are living in Bath.

[[footnote:3]]The Rev. Derwent Coleridge had recently resigned as Rector of Hanwell, and his family evidently felt his successor was doing a poor job.

<br/>"
2682,2734,Sept 17 th [1881],1881-09-17,"MS Lady Margaret Hall, Oxford.",Elderfield,"[[footnote:1]]CMY\'s <i>Unknown to History</i> (1882) includes an episode in which Mary, Queen of Scots visits the stalagtites at Buxton.

[[footnote:2]]The Rev. Henry Octavius Coxe (1811-8 July 1881), Bodley’s Librarian.   His daughter was Elizabeth Wordsworth’s sister-in-law.

<br/>"
2683,2735,Sept 17 th [1881],1881-09-17,MS Mrs Clare Roels,Elderfield,"[[footnote:1]]The tomb, thought to be of William de Valence (d.1282), in the Abbey Church of St. Peter and St. Paul, Dorchester-on-Thames is illustrated at http://www.themcs.org/churches/Dorchester%20Abbey.html.

[[footnote:2]]This was an early plan for the collaborative story published as <i>The Miz Maze</i> (1883)."
2684,2736,Oct 12th 1881,1881-10-12,"MS Princeton University, Parrish Collection","Elderfield, Otterbourne, Winchester.","[[footnote:1]]Perhaps Caroline Birley, whose story <i>A Heap of Stones</i> (London: SPCK 1881) had been published in <i>MP</i> (December 1880), 158-184, and who was also the author of <i>We are Seven: A Tale for Children</i>, with illustrations by T. Pym (London: Wells, Gardner 1880).   CMY seems to have been concerned about an illustration.

<br/>"
3482,3534,Oct 19th [before 1881][[footnote:1]],1881-10-19,"MS Princeton University, Parrish Collection","“Monthly Packet”  6, Paternoster Row, London, E.C.","[[footnote:1]]This letter should date from before Walter Smith’s move from Paternoster Row in 1881.

<br/>"
3485,3537,Novr 4th [before 1881],1881-11-04,MS UCLA: collection 100: box 95,"“Monthly Packet,” 6, Paternoster Row,London, E.C.",
2685,2737,Novr 9th 1881,1881-11-09,"MS The Marquess of Salisbury, Hatfield House 3MCH/5/3/1","Elderfield, Otterbourne, Winchester. ","[[footnote:1]]Fanny Patteson and her half-sister [[person:1154]Joan] were the surviving sisters of the martyred Bishop Patteson.  Whether CMY is merely deploring the habit of constant travel, as aimless and precluding usefulness, or whether there was some other cause for regret in the Pattesons\' lifestyle, is not clear."
2686,2738,Novr 10th 1881,1881-11-10,"MS Princeton University, Parrish Collection",Elderfield,"[[footnote:1]]\'A Christmas Tree at a Workhouse\' <i>MP</i> 3rd series 2 (December 1881) 609-612.

<br/>"
2688,2740,Jan 5th 1882,1882-01-05,MS UCLA: collection 100: box 95,"Elderfield, Otterbourne, Winchester.","[[footnote:1]]Duncan was the secretary of the [[other:32]National Society], the publisher of CMY\'s [[cmybook:150]<i>English History Reading Books</i>].  The work under discussion is Part IV, the Fifth Standard: \'The History of Modern England from the time of Henry VII\'."
2689,2741,Jan 21st 1881 [for 1882][[footnote:1]],1882-01-21,MS UCLA: collection 100: box 95,"Elderfield, Otterbourne, Winchester.","[[footnote:1]]The letter is placed here, in spite of the year written, on the assumption that it relates to Annie Cazenove, ‘A Prayer for the Parliament’ <i>MP</i> 3s 3 (March 1882) 298-9.

[[footnote:2]]<i>The Watchword</i> (1880-1972) was the journal of the Society of Watchers and Workers, founded by Edith Jacob.

<br/>"
2690,2742,Feb 15th 1882,1882-02-15,"MS Westcountry Studies Library, Exeter/ Yonge 1882/ 1","Elderfield, Otterbourne, Winchester.",
2691,2743,Feb 24th 1882,1882-02-24,"MS Princeton University, Parrish Collection",Elderfield,"[[footnote:1]][[otherbook:950]‘Workhouse Orphans\'], <i>MP</i>(July 1882) 83-88, is evidently the article discussed, but whether \'Sunshine refers to this or a different paper (could it be a misreading of \'orphans\'?) is not clear.  This correspondent was probably the author of [[otherbook:948]\'A Christmas Tree at a Workhouse\'].

[[footnote:2]]\'Workhouse Orphans\',  p. 84, ‘There is a curious Cornish word which just explains my meaning. \'Get a servant of a good <i>havage</i>,\' a lady once said to me. \'A what?\' I exclaimed; \'a <i>havage</i>, what is that?\' \'A good stock,\' she said, \'a respectably connected family.\' ‘

<br/>"
2692,2744,March 26th 1882,1882-03-26,"MS Princeton University, Parrish Collection","Elderfield, Otterbourne, Winchester.","[[footnote:1]]Rosalie Amelia Chamberlayne (1842/3-1908), daughter of Thomas Chamberlayne of Cranbury Park,  married first (9 February 1865), Sir Alexander Palmer Bruce Chichester, 2nd Bt. (1842/3-1881), of Arlington Park, Devon, and, secondly (23 January 1883), his cousin Sir Arthur Chichester, 8th Bt. (1822/3-1898).  Mrs Johnstone was Lady Chichester\'s sister, another daughter of Thomas Chamberlayne.

[[footnote:2]]The word \'Brown\' added here in a different hand.  The Rt. Rev. Harold Browne (1811–1891) had been Bishop of Winchester since 1873, and was a candidate to succeed the dying  Archibald Campbell Tait (1811–3 December 1882) as Archbishop of Canterbury, though he did not.  CMY suggests that she would be happy to see the Bishop of Oxford, John Mackarness, promoted to become Bishop of Winchester.

[[footnote:3]]The Rev. Gilbert Heathcote (1830-1890), son of Sir William Heathcote, had been married twice.  His second wife Helen Maxwell Cunningham was to die in Florence on 29 October 1882, leaving five children of whom the youngest was a few months old.  He remarried for the third time in November 1883.

<br/>"
2693,2745,March 27th 1882,1882-03-27,"MS Bodleian Library, Oxford: Ms. Eng. lett. e.100 ff161-2","Elderfield, Otterbourne, Winchester.","[[footnote:1]]Percy (Primrose) Harris (b. !839/40), the widow of CMY\'s cousin the Rev. George Collyer Harris (1833-1874), Vicar of St. Luke\'s Torquay, was evidently proposing to send her son George Newton Harris (b. 1868/9) to [[other:50]Winchester College].

[[footnote:2]]If he does not get an academic scholarship (‘into College’) he must board with one of the housemasters.  

[[footnote:3]]The Rev. William Andrewes Fearon, subsequently (1884-1901), headmaster of Winchester College.

<br/>"
2694,2746,March 29th 1882,1882-03-29,MS Plymouth and West Devon Record Office Acc No 308: 29-3-82,"Elderfield, Otterbourne, Winchester. ","[[footnote:1]]The birthday of Mary\'s two dead sisters, Alethea (Yonge) Anderson Morshead (28 March 1815-1863) and Anne Yonge (28 March 1825-1869).

<br/>"
2695,2747,May 4th [1882?][[footnote:2]],1882-05-04,UCLA: collection 100: box 95[[footnote:1]],"Elderfield Otterbourne	Winchester","[[footnote:1]]Endorsed in another hand \' Signora Linda Villari/ 93r Via Tinti/ Florence/ “Dinderino”\'

[[footnote:2]]‘The Angel of Viareggio’ appeared in <i>MP</i> (January-June 1880) and ‘Laetus Sorte Mea’ in <i>Aunt Judy’s Magazine</i> in 1882.  It was published as [[otherbook:949]<i>The Story of a Short Life</i>] (1882).  The letter must antedate the death of Juliana Ewing in May 1885.







<br/>"
2696,2748,May 20th 1882,1882-05-20,MS British Library Add MSS 54921: 111-112 ,"Elderfield, Otterbourne, Winchester.","[[footnote:1]]Lord Frederick Cavendish (1836-6 May 1882) had recently been assassinated in Phoenix Park by Irish nationalists.  He and the Rev. Edward Stuart Talbot, Warden of Keble College Oxford, had married sisters.  <i>Unknown to History</i> is concerned with the captivity of Mary, Queen of Scots, at the hands of Bess of Hardwick, who married successively into the Cavendish and Talbot families.

<br/>"
2697,2749,May 26th 1882,1882-05-26,"MS Princeton University, Parrish Collection","Elderfield, Otterbourne, Winchester.","[[footnote:1]]Perhaps the author of [[otherbook:950]‘Workhouse Orphans’] (and perhaps also of [[otherbook:948]\'A Christmas Tree at a Workhouse\']) to whom CMY had written on 24 February 1882 a letter also in the Parrish Collection, who seems to have been a clergyman\'s wife living in Cornwall very close to a workhouse.

<br/>"
2698,2750,June 6 th [1882],1882-06-06,MS Mrs Clare Roels[[footnote:1]],"Elderfield, Otterbourne, Winchester.  ","[[footnote:1]]Endorsed in another hand \'1882\'.

[[footnote:2]]<i>i.e.</i>, to [[cmybook:165]<i>The Miz Maze</i>] the novel they were writing in collaboration.  The rest of the letter seems to relate to a different project, however.





<br/>"
2699,2751,June 7th 1882,1882-06-07,"MS Princeton University, Parrish Collection","Elderfield, Otterbourne, Winchester.","[[footnote:1]]Menella Bute Smedley, <i>Lays and Ballads from English History</i> (1850).

[[footnote:2]]Between 1881 and 1888 CMY edited a series of history readers, [[cmybook:150]<i>English History Reading Books</i>] (1881-1883). At the time of this letter she was also working on another textbook for the National Society,  [[cmybook:156]<i>Historical Ballads</i>] (1882).

[[footnote:3]]Of her several brothers the one most likely to be referred to here was the much younger Ernest Shepley Wilcox, who was a widowed civil engineer living with her and his children in the 1881 census, but had remarried by 1891.

[[footnote:4]]Frances Mary Clarke (1835/6-1882), the wife of the Rev. James Langton Clarke (b.1833/4), curate of Whitburn, was born at Whitburn, and was perhaps related to CMY’s friends Thomas and Sophia (Collinson) Harrison, friends and neighbours of Margaret Wilcox.

<br/>"
2700,2752,June 7th 1882,1882-06-07,MS UCLA: collection 100: box 95,"Elderfield, Otterbourne,Winchester.",
2701,2753,June 9th 1882,1882-06-09,"MS Princeton University, Parrish Collection[[footnote:1]]",,"[[footnote:1]]Endorsed: ‘Miss Yonge/ sends/ 1st Instalment/of/Ballad Book/Part I/13/6/82’.

[[footnote:2]]Duncan was the secretary of the [[other:32]National Society], the publishers of <i>Historical Ballads</i>.

<br/>"
2702,2754,June 21st 1882,1882-06-21,MS British Library Add MSS 54921: 113[[footnote:1]] ,"Elderfield, Otterbourne, Winchester.","[[footnote:1]]Endorsed ‘See letter of  Mr Craik to Miss Yonge June 1820 1882 xlii Letter Book Folio 352’.

[[footnote:2]]Her novels [[cmybook:95]<i>P\'s and Q\'s, or, The Question of Putting Upon</i>] (1872) and [[cmybook:58]<i>The Clever Woman of the Family</i>] (1865).  

<br/>"
2703,2755,June 26th [?1882[[footnote:1]]],1882-06-26,MS UCLA collection 100 box 119/12,Southbank Edinburgh,"[[footnote:1]]Dated on the assumption that it refers to Elizabeth Jane Oswald, <i>By Fell and Fjord, or, Scenes and Studies in Iceland</i> (Edinburgh: 1882) as well as to <i>Unknown to History</i> (1882).

[[footnote:2]]This might mean that Oswald had been a previous contributor, but her earliest signed contribution is to the Christmas number of 1889.  However, she was perhaps the ‘E. J. O.’ who contributed in 1869 and 1872.  She refers to the reviews in dialogue which appeared as \'A Conversation on Books\' between 1881-1890, in which CMY, writing as \'Arachne\', the name under which she conducted the [[other:116]Spider Society], discussed books with various interlocutors.

[[footnote:3]]Either [[person:444]John Murray Drummond] (1803-1889), of Megginch Castle, who had married Oswald’s half-sister Frances Jemima Oswald (1818-1891) or [[person:1347]William Smythe] (1803-1892), of Methven Castle,  who had married her half-sister Emily Oswald (1816-1902).

[[footnote:4]]Amelia Jane (Murray), Lady Oswald (1800-1892), second wife and widow of General Sir John Oswald (1777-1840) of Dunnikier.

<br/>"
2704,2756,25th August [1882],1882-08-25,"MS Lady Margaret Hall, Oxford. Printed in part by Wordsworth, [[otherbook:727]<i>Glimpses of the Past</i>],.","Elderfield, Otterbourne, Winchester.","[[footnote:1]]CMY refers to her novel [[cmybook:157]<i>Unknown to History</i>] (1882).  She had asked Wordsworth\'s help with making plausible her description of the visit to Buxton by Mary, Queen of Scots.

[[footnote:2]]Margaret Julia Davys, a childhood friend of CMY’s, had married (1839) the Rev. Marsham Argles (1814-1892).  Their daughter Edith Margaret Argles (1853-1935) was an early student at Lady Margaret Hall.

[[footnote:2]]Elizabeth Missing Sewell had stayed the night of the 14 August.

<br/>"
2705,2757,Sept 5th 1882,1882-09-05,MS Charlotte Mitchell /8 ,"Elderfield, Otterbourne, Winchester.","[[footnote:1]]A neighbour, the wife of a retired Bengal Civil Servant.

<br/>"
2706,2758,Sept 6th [1882],1882-09-06,"MS Westcountry Studies Library, Exeter/  Yonge 1882 / 2[[footnote:1]]","Elderfield, Otterbourne, Winchester.","[[footnote:1]]Envelope addressed to Miss Carter Smith/ 9 College Green/ Worcester, stamp and postmark cut out, reverse postmarked Worcester 7 September 1882.  Endorsed in ink on front of letter ‘Enclosure to be burnt 21.11.9.’

<br/>"
2707,2759,Sept 10th 1882,1882-09-10,MS Charlotte Mitchell,"Elderfield, Otterbourne, Winchester.","[[footnote:1]]The Hampshire Telegraph (13 September 1882) reported the success of a donkey and goat show, held at Portsmouth on 12 September, during the annual meeting of the Portsmouth and Gosport Branch of the Royal Society for the Prevention of Cruelty to Animals, in which its juvenile Band of Mercy is mentioned. Mrs Suckling\'s involvement with this organization is mentioned elsewhere in the same journal (15 July 1882, 1 August 1883)."
2708,2760,Nov 12th 1882,1882-11-12,"MS Harry Ransom Humanities Resource Center, University of Texas at Austin","Elderfield, Otterbourne, Winchester.",
2709,2761,Decr 4th 1882,1882-12-04,MS Hertfordshire County Record Office D/EP F587 p24,"Elderfield, Otterbourne, Winchester.",
2710,2762,Decr 9th 1882,1882-12-09,MS  Pembroke College Oxford 60/14/97,"Elderfield, Otterbourne, Winchester.","[[footnote:1]]As well as being Sedleian Professor of Natural Philosophy Price was secretary to the delegates of the Oxford University Press 1873-84, and his enquiry about Smith seems to have been about employing him in this capacity.

<br/>"
2711,2763,Decr 11th 1882,1882-12-11,MS British Library Add 46359A f.244,"Elderfield, Otterbourne, Winchester.",[[footnote:1]]This translation has not been identified.
2712,2764,Decr 14th 1882,1882-12-14,MS British Library Add MSS 54921: 117-118 ,"Elderfield, Otterbourne, Winchester.",
3624,19054,Decr 16th 1882,1882-12-16,MS Charlotte Mitchell[[footnote:1]],,"[[footnote:1]]With envelope addressed to \'Miss Hilda Godman/ Muntham/ Itchenfield/ ?Hareham\' and postmarked Winchester 17 December 1882 and Horsham 18 December 1882.  In the 1881 census Muntham was the home of Percy Sander Godman, his wife and five children, of whom Alice Hilda (1875-1925) was the second.  

[[footnote:2]]Evidently the plan was dispose of surplus rabbits through the columns of [[other:52]<i>MP</i>]."
2713,2765,Decr 20th 1882,1882-12-20,MS British Library Add MSS 54921: ,"Elderfield, Otterbourne, Winchester.","[[footnote:3]]Mary Lee and Catherine Lee, <i>Rosamond Fane, or, The Prisoners of St. James\'s</i> (1870). The title page of <i>The Miz Maze</i> confirms that it was the elder sister, Mary Susanna Lee, who collaborated with CMY on this work.  Mary and Catherine Lee contributed an article to <i>MP</i> in 1873, and were joint authors of 12 works of fiction between 1867 and 1895.

[[footnote:4]]This was no doubt [[person:28]Mary Anderson Morshead]. The authors whose signatures appear on the reverse of the title page are: Frances Awdry, Mary Bramston, Christabel Rose Coleridge, A.E. Mary Anderson Morshead, Charlotte Mary Yonge, Frances Mary Peard, Mary Susanna Lee, Eleanor C. Price, Florence Wilford.

<br/>"
2714,2766,Decr 21st 1882,1882-12-21,"MS Stanford University Library, British Authors  M121","Elderfield, Otterbourne, Winchester.","[[footnote:1]]The newspaper was no doubt responding in its garbled way to the death of Eliza, Viscountess Stratford de Redcliffe (1807-25 Nov 1882), the widow of Sir [[person:1373]Stratford Canning], Viscount Stratford de Redcliffe (1786-1880) British ambassador in Constantinople 1842-52.  The Italian text is printed by Coleridge, [[otherbook:40]<i>Life</i>], 380: ‘E morta la celebre scrittice Inglese, Era di Ratcliffe.  Suo nome era Jong, ma in recognizione di suvi talente, la Regina Vittoria l\'ha fatto Viscontessa.  Sposo [sic] l\'ambasuatore Inglese a Costantinopole ma nin lascio [sic] di scrivere bellissimi Romanzi fui a poco tempo fa.’

[[footnote:2]]Among the Yonge MSS in Plymouth are some sad apologetic letters from Augusta Pode to her husband promising to be more cheerful in future.  She seems to have suffered from depression.  Both Podes were first cousin to CMY.

[[footnote:3]]The Rt. Rev. Edward White Benson,  Bishop of Truro, Cornwall, was appointed to succeed Archibald Tait (who had died on 3 December 1882) as Archbishop of Canterbury.

<br/>"
2732,2784,[1883?],1883-00-00,"MS fragment with Richard Ford, manuscripts dealer, 2006, transcribed from the catalogue.",,"[[footnote:1]]Eleanor Catherine Price, <i>The Foreigners: A Novel</i> 3 vols (London: Chatto & Windus 1883).

<br/>"
2715,2767,Jan 16th 1883,1883-01-16,"MS Westcountry Studies Library, Exeter/ Yonge 1883/ 1[[footnote:1]]","Elderfield, Otterbourne, Winchester.","[[footnote:1]]Envelope with violet engraving on flap addressed to Miss Carter Smith/ Thistleworth/ Stevenage and postmarked Winchester (date cut out) and Stevenage 17 January 1883.

[[footnote:2]]CMY seems to refer to two stories by Carter Smith here:  a story for the Christmas number which does not seem to have been chosen, and \'The Tramp of Many Feet\', which was in course of serialization in the [[other:62]<i>Churchman\'s Companion</i>].

<br/>"
2716,2768,Jany 23d 1883,1883-01-23,MS British Library Add MSS 54921: 121-2: ,"Elderfield, Otterbourne, Winchester.","[[footnote:1]]The Cornish scholar Henry Jenner (1848-1934), was an assistant in the MS department of the British Museum, the son of Bishop Jenner and the nephew of Marion Finlaison.

[[footnote:2]]CMY waged constant war with printers.  R & R. Clark of Edinburgh, and not Richard Clay and Sons, were the printers of the first edition of <i>Stray Pearls</i>;  evidently CMY had not observed this in correcting the proofs.

<br/>"
2717,2769,Jany 27th [?1883],1883-01-27,MS Charlotte Mary Yonge Society/9,"Elderfield, Otterbourne, Winchester.","[[footnote:1]]Perhaps Mary Jewell (b. 1852/3), wife of William Jewell, of Otterbourne, labourer, and mother of Rose (b. 1877/8) and Percy (b. 1879/80).  MS Hampshire Record Office 70M92W/60/228, a copy outletter from Charles Wooldridge, solicitor (29 January 1896), refers to a Mrs Jewell living in a house owned by CMY.

[[footnote:2]]Ada Hoskins (b. 1862/3) was the daughter of James Hoskins, carpenter and his wife Eliza, of Otterbourne Hill. She was kitchenmaid to Mr Jones Bateman in 1881, and is perhaps the Rose Hoskins (b. Otterbourne 1862/3) who was a housemaid in Stoke Newington in 1891. It sounds as if she might have had an illegitimate baby and that her mother had concealed the fact.  The death of an infant William James Hoskins was registered at Winchester in the January quarter of 1883.

<br/>"
2609,2661,Feb 19th [1883?[[footnote:1]]],1883-02-19,MS Charlotte Mitchell,Elderfield,"[[footnote:1]]The letter evidently dates after thefoundation in 1879 at the instigation of Edith Jacob, of the Society of Watchers and Workers, in which invalids dedicated themselves to pray for particular causes.  The reference to Ornsby\'s history of the diocese of York, published in October 1882, makes 1883 the most likely February.

<br/>"
3434,3486,March 6th 1883,1883-03-06,MS Charlotte Mitchell,"Elderfield, Otterbourne, Winchester.","[[footnote:1]]The appeal is not easy to identify: possibilities include the appeal [[other:52]<i>MP</i>] (March 1883) for subscriptions to the Cottage Home for Chronic Invalids, St. Leonards on Sea (Hon. chaplain Rev. E. S. Ebsworth;  hon.

Sec. the Lady Mary Marsham, hon. treasurer, Miss Hutchinson, hon. surgeon. E. Kaye Smith, Esq.); or to a letter in the same issue from L. Phillimore, appealing for the Ladies Association for the Promotion of Female Education among the Heathen in the Missions of the S. P. G.; or a letter in <i>MP</i> (April 1883), signed Beaujolais Dent, advertising a sale in Eaton Terrace in aid of the Mission to Chinese ladies. Or it may not have been published.  \'Bath Brick\' was a stalwart supporter of the [[other:116]Spider Society] in <i>MP</i>.

<br/>"
3575,7265,March 6th 1883,1883-03-06,MS Charlotte Mitchell,"Elderfield, Otterbourne, Winchester.",
2718,2770,March 20th [1883?],1883-03-20,MS Miss Sarah Jardine-Willoughby[[footnote:1]],Elderfield,"[[footnote:1]]A card with rounded corners, of the same type as

[[footnote:2]]Euphemia Bussell, ‘A Brief Memoir of the late Mrs Anne Elinor Prevost’ <i>MP</i> (April 1883) 380-4.

<br/>"
2719,2771,April10 th [1883],1883-04-10,MS Mrs Clare Roels,Elderfield,"[[footnote:1]]Her father the Rev. [[person:1900]Derwent Coleridge] died on 28 March 1883.

[[footnote:2]]The new Archbishop of Canterbury, Edward White Benson (1829-1896), the former Bishop of Truro, had been enthroned at Canterbury on 29 March 1883.

[[footnote:3]][[person:141]Mary Eleanor Benson] (1863–1890) and [[person:1858]Margaret Benson] (1865-1916) were both educated at Truro Girls’ High School and at Lady Margaret Hall.  They joined the latter in 1881 and 1883 respectively, which is a bit hard to reconcile with this letter, and possibly CMY may have misunderstood.  Mary Eliza Bramston had been a governess in the family.

[[footnote:4]]The Rev. Dr. [[person:815]George William Kitchin] became Dean of Winchester in 1883, in succession to the Very Rev. John Bramston, who was over 80.

<br/>"
2720,2772,April 30th 1883,1883-04-30,"MS Columbia University Library, New York:  Harper Collection ","Elderfield, Otterbourne, Winchester.",
3509,3561,May 4th [1883?][[footnote:1]],1883-05-04,UCLA: collection 100: box 95[[footnote:3]],"Elderfield Otterbourne	Winchester","[[footnote:1]]‘The Angel of Viareggio’ appeared in <i>MP</i> (January-June 1880) and ‘Laetus Sorte Mea’ in <i>Aunt Judy’s Magazine</i> in 1882;  the letter must antedate the death of Juliana Ewing in May 1885.

<br/>[[footnote:2]]‘Laetus Sorte Mea: The Story of a Short Life’ was published in <i>Aunt Judy’s Magazine</i> (May-October 1882) and in volume form as <i>The Story of a Short Life</i> (1885).

<br/>[[footnote:3]]Endorsed in another hand \' Signora Linda Villari/ 93r Via Tinti/ Florence/ “Dinderino”\'

<br/>"
2721,2773,June 2d 1883,1883-06-02,"MS Princeton University, Parrish Collection",Elderfield,"[[footnote:1]]Despite the detail given, neither CMY\'s correspondent nor the book can be identified with certainty."
2722,2774,June 6th [1883],1883-06-06,"MS Westcountry Studies Library, Exeter/ Yonge 1883/ 2[[footnote:1]]",Elderfield,"[[footnote:1]]A silurian envelope with a long flap for writing on, the outside addressed to Miss Carter Smith/ Thistleworth/ Stevenage and postmarked Winchester 6 June and Stevenage 7 June 1883.

<br/>[[footnote:2]]In fact <i>Delicia Darling: A Kentish Medley</i> did not appear in <i>MP</i>  until August 1886.

<br/>"
2723,2775,"July 11th, 1883",1883-07-11,"MS Princeton University, Parrish Collection","Elderfield, Otterbourne, Winchester.","[[footnote:1]]Lady Sophia Palmer (1852-1915), was the daughter of Lord Selborne, who had been raised to an earldom on 29 December 1882.

[[footnote:2]]The Hon. Sir Arthur Gordon (1829-1912), created (1893) Lord Stanmore, moved in 1883 from being Governor-General of New Zealand to being Governor-General of Ceylon.

<br/>"
3463,3515,July 12th [1883-1893[[footnote:1]]],1883-07-12,MS Charlotte Mitchell,,"[[footnote:1]]The silurian paper was used by CMY from the early 1880s until her death, but this letter was probably written before Christabel Coleridge was joined with her in the editorship in January 1893.

<br/>"
2724,2776,July 21st [1883],1883-07-21,MS UCLA: collection 100: box 95[[footnote:2]],"Elderfield, Otterbourne, Winchester","[[footnote:1]]Kathleen O\'Meara (1839-1888), a Catholic journalist and novelist of Irish birth who lived in France, contributed to <i>MP</i> in 1871-3.

[[footnote:2]]Envelope postmarked Winchester C Jy 21 83, addressed ‘Miss OMeara/15 Rue Washington/Paris’ the address struck through and another address given on the back.

<br/>"
2725,2777,Aug 8th 1883,1883-08-08,MS UCLA: collection 100: box 95,"Elderfield, Otterbourne, Winchester. ","[[footnote:1]]Perhaps the Christmas Number of [[other:52]<i>MP</i>], for which the deadline was July.

<br/>"
2726,2778,Aug 25 [1883],1883-08-25,MS Mrs Clare Roels[[footnote:1]],"Elderfield, Otterbourne,  Winchester.  ","[[footnote:1]]Endorsed in another hand \'envelope 1883\'.

[[footnote:2]]A character in <i>Astray: A Tale of a Country Town</i> (1886), a novel by CMY, Coleridge, Amelie Leroy and Mary Bramston. This letter suggests that the ‘Summer afternoon in the New Forest’ when the book was planned must have been in 1883. It was serialized in <i>MP</i> (July 1885- February 1886) and published in 1886.

[[footnote:3]]Gertrude’s sister, Mary Walter, who married (1871) Major Robert Woollcombe (1835-1920), of a family who were close neighbours of the Puslinch Yonges, and whose brother married CMY’s cousin Anne Pode.

[[footnote:4]]The last section of Eleanor C. Price\'s serial story <i>A Loyal Mind</i> appeared in <i>MP</i> in December 1883.

<br/>"
2727,2779,Oct 1st 1883,1883-10-01,"MS Bodleian Library, Oxford: MS English Letters: e 86.[[footnote:1]]","Elderfield, Otterbourne, Winchester. ","[[footnote:1]]Envelope addressed to ‘The Revd/ C Moor/Grimsby/ Lincolnshire’ and postmarked Winchester 1 October 1883.  Charles Moor (b. 1857/8) was the son of the Rev. John Frewen Moor, and was perhaps running a parish magazine.



<br/>"
2728,2780,Oct 8th [1883],1883-10-08,"MS Bodleian Library, Oxford: MS English Letters: e 86.[[footnote:1]] ","Elderfield, Otterbourne, Winchester.","[[footnote:1]]Envelope addressed to ‘The Revd/ C Moor/Great Grimsby. Postmarked Winchester Oc 8/83.

[[footnote:2]]Charles Moor, who was perhaps running a parish magazine, had asked her for a story, and she sent him the MS of one which was about to be published in [[cmybook:163]<i>Langley Adventures</i>].

<br/>"
2729,2781,Oct 19th 1883,1883-10-19,MS UCLA: collection 100: box 95[[footnote:1]],"Elderfield, Otterbourne, Winchester.","[[footnote:1]]The words ‘life’ in ‘Life of Anne of Denmark’ and ‘but’ in ‘But let me observe’ are lowercased but have the first letter double-underscored as if to uppercase them—this and other marks  may have been done by the printer if the letter was published in the correspondence columns of the periodical. The letter is endorsed ‘Corresp./’ ‘Cameos of English History’ ’

[[footnote:2]]James Sutherland Cotton (1847-1918) was the editor of the [[other:246]<i>Academy</i>], where this letter appeared (27 October 1883), 283, in response to a review (13 October 1883), 244, of CMY\'s [[cmybook:174]<i>Cameos from English History V: England and Spain</i>], criticizing her spelling and introduction of anecdotes.



<br/>"
2730,2782,Decr 1st [or 14?] [1883],1883-12-01,MS Mrs Clare Roels,"Elderfield, Otterbourne, Winchester.","[[footnote:1]]John Duke, 1st  Lord Coleridge (1820-1894), was trying unsuccessfully to stop his daughter Mildred (1847-1929) from marrying Charles Warren Adams (1833-1903).  Bernard was his eldest son (1851-1927).  This affair, which was played out in a blaze of publicity, including a libel action,  is discussed by Julia Courtney, in ‘Charlotte M. Yonge: A Novelist and her Readers’, unpublished PhD thesis, University of London, 1990. Adams accused Bernard Coleridge of libelling him by saying that he ‘ran away with a girl under age and that he led her an unhappy life after their marriage’;  the case was reported in <i>The Times</i> (24 November 1884) 3e and commented on in a leader in the same issue, page 9e.  The first Mrs Adams, whom he had married in 1861, had been [[person:13]Georgina Alethe Polson] (b.1838), daughter of CMY’s first cousin [[person:1194]Georgiana (Crawley) Polson] and granddaughter of her godmother and aunt [[person:777]Charlotte (Yonge) Crawley], later Jones.

[[footnote:2]]\'Name thirty <u>world</u>-famous authors (not living).\' was one of the Spider Questions in <i>MP</i> (December 1883);  the best answer was printed in <i>MP</i> (February 1884), 193.

[[footnote:3]]This sounds like a periodical, but has not been identified.

[[footnote:4]]Florence Wilford was mentally ill with depression.

<br/>"
2731,2783,Decr 8th [1883],1883-12-08,MS Mrs Clare Roels,Elderfield,"[[footnote:1]]The letter is written on a huge sheet of plain paper.

[[footnote:2]]Hubert Carey Brock, (b. 3 November 1883) and Gabrielle Frances Brock (b. 26 October 1882) were the two eldest children of the Rev. Henry Walter Brock (1849-1919), Vicar of Otterbourne, and his wife Amy Gabrielle Powell (d. 1919).

[[footnote:3]]CMY refers to the ongoing scandal in the family of Lord Chief Justice Coleridge, whose daughter Mildred wanted to marry Charles Warren Adams.  The latter was suing Mildred\'s brother Bernard for libel.

[[footnote:4]]Mrs Lyndhurst was a character in <i>Astray</i>, the novel on which CMY and Coleridge were collaborating.

[[footnote:5]]CMY perhaps refers to Jean Paul Richter’s idea of humour as an inversion of the sublime: ‘das umgekehrte Erhabene’.

[[footnote:6]]Thomas Campbell, \'Hohenlinden\'.  CMY perhaps refers to the last lines: \'Ah! few shall part where many meet! / The snow shall be their winding-sheet, /And every turf beneath their feet /Shall be a soldier\'s sepulchre.\'

[[footnote:7]]The story in which the hero has not heard of the Girls\' Friendly Society was \'The Frasers\' Friend\' <i>MP</i> 3s 9 (June 1885), 503-12, 507.  \'Mixed Babies\' was Christabel Coleridge\'s story \'A Lot with a Crook in It\', serialized in <i>MP</i> (January 1884-May 1885).

<br/>"
2744,2796,[1884] [[footnote:1]],1884-00-00,"MS location unknown.  This fragment printed in [[otherbook:122]<i>Dulce Domum</i>], 280. ",,"[[footnote:1]]The position in <i>Dulce Domum</i> indicates 1884.  

[[footnote:2]]The book was evidently [[person:82]Frances Awdry]\'s [[otherbook:687]biography] of [[person:930]Anne Mackenzie]."
2733,2785,Jany 23d 1884,1884-01-23,MS UCLA: collection 100: box 95,"Elderfield, Otterbourne, Winchester.","[[footnote:1]]The letter evidently relates to the foundation of the Society of Authors in 1884;  Besant was the prime mover in the organisation but the letter may have been addressed to a colleague.

<br/>"
3451,3503,Jan 29 [after 1884?],1884-01-29,"MS Winchester City Council, Historic Resources Centre LH3803.2",Elderfield,"[[footnote:1]]Blanche Atkinson was an associate of Frances Power Cobbe and Ruskin and a keen naturalist who contributed to <i>MP</i> in 1893, but this letter may not be to her, and the \'Robin\' cannot be identified.

<br/>"
2734,2786,Feb 9th 1884,1884-02-09,MS UCLA: collection 100: box 95,"Elderfield, Otterbourne, Winchester.","[[footnote:1]]Perhaps [[person:2356]Louisa Jane Bennett], Hon. Lady Superintendent of the Wimbledon Art College for Ladies, in whose activities the <i>MP</i> consistently took an interest during the 1880s.

<br/>"
2735,2787,Feb 29th 1884 ,1884-02-29,MS Charlotte Mitchell/4  ,"Elderfield, Otterbourne, Winchester. ","[[footnote:1]]This letter to a neighbour probably relates to the appeal for a mission room, or temporary church, in the village of Chandler\'s Ford, near Otterbourne, which is mentioned in the <i>Hampshire Advertiser</i> (22 March 1884), 8."
2736,2788,March 28th [1884] ,1884-03-28,MS Charlotte Mitchell ,Elderfield ,"[[footnote:1]]The Hon. Jane Colborne  (1826/7-1919)  married (1857) General  Alexander George Montgomery Moore (1833-17 January 1919), cr KCB 1900.  While staying with them at Dover Castle CMY conceived the idea of her novel <i>The Constable’s Tower, or, The Times of Magna Carta</i> (1891).

[[footnote:2]]Dr. George Ridding, the headmaster of Winchester College, was consecrated as bishop of Southwell in May 1884.  He was the widower of Mary Moberly, eldest daughter of his predecessor Dr. George Moberly (1803-1885), currently Bishop of Salisbury,

[[footnote:3]]Alethea Yonge and Henry Bowles were married in St. Matthew\'s Otterbourne on 7 August 1884.

[[footnote:4]]The 3rd Earl Nelson (1823-1913) and his sister Lady Susan (Nelson) Blunt (d.1900) were related to Alexander Montgomery Moore, whose grandmother, like theirs, was one of Nelson’s sisters.

[[footnote:5]]The Rev. Merton Smith, Vicar of St. Mary’s. Plympton, had disappeared while on holiday in the Pyrenees and his body had not been found for some time. His parish included Beechwood, Sparkwell, the home of Jane Montgomery Moore\'s family, the Colbornes.  Mary Anderson Morshead\'s sister Mildred Anderson Morshead was engaged to a Plymouth solicitor, Charles Stewart, whom she married on 25 April 1884.  The Rev. Joseph Mercer Cox succeeded Merton Smith as Vicar of St. Mary’s, Plympton.

[[footnote:6]]The book by Elizabeth Wordsworth CMY recommended here was perhaps her pseudonymous novel [[otherbook:890]<i>Ebb and Flow</i>] (1883), and the biography Walter Besant\'s (1883) life of Edward Henry Palmer, murdered in Egypt in 1882.

<br/>"
3668,19866,March 30 1884,1884-03-30,MS Charlotte Mitchell. ,"Elderfield, Otterbourne, Winchester.",
2737,2789,April 10th [1884]  ,1884-04-10,"MS Westcountry Studies Library, Exeter/  Yonge 1884/ 1 ","Elderfield, Otterbourne, Winchester. ","[[footnote:1]]Carter Smith had evidently complained about the non-appearance of \'Delicia Darling\', which did not in fact appear in [[other:52]<i>MP</i>] until August 1886."
3496,3548,April 29th [1884-91?][[footnote:1]],1884-04-29,UCLA: collection 100: box 95,"Elderfield, Otterbourne, Winchester.","[[footnote:1]]The letter contains no message to Fanny Patteson\'s half-sister Joanna, so probably post-dates the latter\'s death in June 1884.  It was certainly written before the death of Julian Yonge in October 1891."
2738,2790,May 5th [1884] ,1884-05-05,MS Cambridge University Library Add 4251 (B)/1539 ,Elderfield ,"[[footnote:1]]The existing printer was [[other:173]Clay], the new one [[other:245]Clowes]. The article referred to here as awaiting publication was perhaps [[otherbook:971]\'Cawnpore and Lucknow\'] <i>MP</i> (October 1884), 358-376.<br/>"
2739,2791,May 24th 1884 ,1884-05-24,"MS New York Public Library, De Coursey Fales Collection/1 ","Elderfield, Otterbourne, Winchester. ",
2740,2792,[late June or early July] 1884. ,1884-06-18,"MS location unknown.  This fragment printed in [[otherbook:122]<i>Dulce Domum</i>], 279. ","Otterbourne, ","[[footnote:1]]Joanna Elizabeth Patteson (1818/9-23 June 1884) was the elder half-sister of Fanny Patteson and of [[person:1155]Bishop Patteson].

<br/>"
2741,2793,July 10th 1884 ,1884-07-10,MS British Library Add MSS 54921: 128-9:  ,Elderfield ,"[[footnote:1]]Henry James’s story ‘The Author of “Beltraffio”’ appeared in Macmillan’s new periodical, the <i>English Illustrated Magazine</i> 1 (June-July 1884), alongside  CMY\'s [[cmybook:171]‘The Armourer’s ‘Prentices’].  Its central character is an English novelist, Mark Ambient, at loggerheads with his wife who ‘thinks a work of art ought to have a \\""purpose”\' while he takes a more aesthetic view.  She lets their child die so he should not be contaminated by his father’s works.

[[footnote:2]]The same issue of the magazine also included George du Maurier, ‘Der Tod als Freund: A Poem. (from the French of Madame Necker)’.

<br/>"
2742,2794,July 12th [1884] ,1884-07-12,MS British LibraryAdd MSS 54921: 130-1 ,Elderfield ,"[[footnote:1]]Smith, the publisher of the <i>Monthly Packet</i>  was moving printers.  CMY\'s novel <i>The Two Sides of the Shield</i>, which was being serialized there, was going to be published by Macmillan in volume form.

[[footnote:2]]CMY had written to Craik to complain about two items which had appeared in the <i>English Illustrated Magazine</i> alongside her <i>The Armourer\'s \'Prentices</i>:  Henry James\'s story \'The Author of \\""Beltraffio\\""\' and a poem translated by George du Maurier, ‘Der Tod als Freund: A Poem (from the French of Madame Necker)’ both referred to in the previous letter to Craik (10 July 1884). Suzanne (Curchod) Necker (1739-1794) was the mother of Madame de Staël; Albertine Adrienne (de Saussure) Necker (1766-1841), the educational writer much admired by CMY, was married to a cousin of Madame de Staël.

<br/>"
3450,3502,July 17th [1884-1893],1884-07-17,"MS Winchester City Council, Historic Resources Centre LH 3803.3",,"[[footnote:1]]<i>Friendly Leaves</i> (1876-1917) was the magazine of the Girls’ Friendly Society, and continued as <i>The Girls’ Friendly Society Magazine</i> to 1951.

<br/>"
2743,2795,Novr 12th 1884 ,1884-11-12,MS British Library Add MSS 54921: 133  ,"Elderfield, Otterbourne, Winchester. ","[[footnote:1]]The editor of the <i>Daisy Chain Birthday Book</i> is given as \'Eadgyth\', under which name also appeared four works of fiction 1877-9 and one contribution to <i>MP</i>.  She was possibly Edith Margaret Jupp (b. 1847/8), daughter of Edward Basil Jupp (1812-1877), antiquarian writer, or she may have been related to Richard F. Jupp, another contributor to <i>MP</i>.

<br/>"
3452,3504,Decr 26th [after 1884?],1884-12-26,MS Charlotte Mitchell/31,Elderfield Otterbourne,"[[footnote:1]]James Baldwin (b. Tanworth, Warwicks. 1824/5) is recorded in the 1881 and 1891 censuses as a maltster living at Compton with his wife Josephine (b. Solihull 1826/7), in the former year ‘employing 2 men & 2 boys’.  Mrs White might be Ann (b. Michelmersh  1857/8), wife of Thomas White (b. Michelmersh 1851/2), variously ‘steam ploughman’ and ‘engine driver’, living at Silkstead, Compton in 1891.

<br/>"
3612,17084,St Stephen\'s day [26 December] 1884,1884-12-26,MS Charlotte Mitchell,"Elderfield, Otterbourne, Winchester.","[[footnote:1]]The story recounted in How\'s poem \'Told at a Village Inn to a Naturalists\' Field Club on a Wet Day (Founded on a Fact)\' <i>MP</i> (February 1885), 101-9, concerns the younger son of a squire, clandestinely married to the vicar\'s daughter, who dies in America unbeknownst to his family."
2771,2823,[1885[[footnote:1]]],1885-00-00,"MS location unknown.  Printed in Romanes, [[otherbook:241]<i>Appreciation</i>], 184, 185.	 ",,"[[footnote:1]]<i>Nuttie\'s Father</i> was published in autumn 1885.

<br/>"
2764,2816,[autumn 1885],1885-00-00,"MS location unknown. This fragment printed in Romanes, [[otherbook:241]<i>Appreciation</i>], 185-7.",,"[[footnote:1]]Spencer Compton Cavendish (1833-1908), known as the Marquess of Hartington until he succeeded his father as 8th Duke of Devonshire in 1891, was the leader of the Whig or moderate wing of the Liberal party. The Marquess of Salisbury, was the leader of the Conservative party and Prime Minister from 1885;  the Earl of Iddesleigh was another Conservative politician.  The <i>Record</i> had announced that 403 of the Liberal candidates contesting seats at the election were pledged to support the disestablishment of the Church of England; <i>The Times</i> (29 September 1885) 9.

[[footnote:2]]Joseph Chamberlain (1836-1914) was Radical M.P. for Birmingham; he was a Unitarian. Gladstone\'s election manifesto, published in <i>The Times</i> (19 Sept 1885, 8), contained, in a passage admitting the possibility of the disestablishment of the Church of England, the words: \'I cannot forecast the dim and distant courses of the future.\'

[[footnote:3]]William Laud (1573-1645).

<br/>"
2769,2821,[late 1885?],1885-00-00,"MS location unknown.  Printed in Romanes, [[otherbook:241]<i>Appreciation</i>], 188, 189.",,"[[footnote:1]]The other surviving letters to Gertrude Ireland Blackburne can mostly be dated firmly to 1885, and although the evidence is slight, the General Election of  November 1885 seems quite likely to be the one referred to here.

[[footnote:2]]Vice-Admiral Edmund Yonge (1795-1868),  younger brother of the Rev. John Yonge of Puslinch and first cousin of WCY.

<br/>"
2745,2797,Jan 2d [1885] ,1885-01-02,MS Mrs Clare Roels/66[[footnote:1]] ,"Elderfield, Otterbourne, Winchester. ","[[footnote:1]]With envelope addressed to Miss C R Coleridge/ Eldon Lodge/ Torquay and postmarked Winchester 2 January 1885.

[[footnote:2]]Jean Ingelow, <i>Don John</i> (London, Sampson Low 1881), the plot of which resembled Christabel Coleridge’s story <i>A Lot with a Crook in it</i>.

[[footnote:3]]CMY refers to the discussion of Tennyson\'s poetry in the context of Victorian cultural change in W. H. Mallock\'s [[otherbook:975]<i>Atheism and the Value of Life</i>] (1884).

[[footnote:4]]James Anthony Froude, [[otherbook:976]<i>History of the First Forty Years of Carlyle’s Life</i>]  (1882) and [[otherbook:977]<i>History of Carlyle’s Life in London</i>] (1884) had caused great scandal and set new standards of biographical frankness.

[[footnote:5]]The United Kingdom Band of Hope Union was a children’s temperance organisation founded in 1855.

<br/>"
2746,2798,Feb 12th 1885 ,1885-02-12,"MS University of Illinois, Urbana Champaign: Letter 10.  ",Elderfield Otterbourne Winchester ,"[[footnote:1]]This is a reference to a children\'s game which is a parody of confession.

[[footnote:2]]In 1884, General Charles George Gordon (1833-1885) returned to the Sudan, where he had been Governor General from 1876 to 1880, to evacuate Egyptian troops threatened by the forces of Mahdi, a Muslim revivalist who had declared a holy war against the Egyptian government. A relief force failed to arrive in time, and Gordon was killed at Khartoum in January 1885; telegrams published in the English newspapers on the 11 February gave little hope that he was still alive.

<br/>"
2747,2799,Feb 17th [1885] ,1885-02-17,MS Cambridge University Library Add 4251 (B)/1530 ,Elderfield  ,"[[footnote:1]]Perhaps an article or series based on Gordon Cumming’s travel book [[otherbook:967]<i>Via Cornwall to Egypt</i>] (1885).

[[footnote:2]]The sons of the 2nd Lord Seaton.  The Hon. [[person:325]James Colborne] (1863- 1955) was severely wounded in the Sudan campaign of 1884-5, in which his brother the Hon. [[person:323]Lionel Colborne] (1855-1924) also fought. The other cousin may have been their eldest brother the Hon. [[person:318]John Colborne] (1854-1933), or perhaps their uncle the Hon. [[person:2357]John Colborne] (1830-1890), a colonel in the Egyptian Army.

[[footnote:3]]The news of Gordon’s death at the siege of Khartoum had reached England on 5 February 1885.

<br/>"
2749,2801,[February 1885],1885-02-18,"MS location unknown. Printed in  Romanes,  [[otherbook:241]<i>Appreciation</i>], 178-9.",,"[[footnote:1]]Blackburne\'s review was of J. H. Shorthouse, [[otherbook:978]<i>The Little Schoolmaster Mark</i>] (1885).  Richard Chenevix Trench (1807-1886) was Archbishop of Dublin.  The review by his cousin Maria Trench of his <i>Brief Thoughts and Meditations</i> appeared as \'A Conversation on Books\' <i>MP</i> 3s 9 (March 1885) 284-94.

[[footnote:2]]Perhaps Hawthorne\'s [[otherbook:982]<i>American Note-books</i>] (1869), which had been favourably noticed in <i>MP</i> (May 1869), 518: \'It is just the book to lie open on the table of a busy mother who likes a fresh idea to brood over at her needle-work.\' 

<br/>"
2748,2800,Feb 28th 1885,1885-02-28,"MS Princeton University, Parrish Collection","Elderfield, Otterbourne, Winchester.","[[footnote:1]]Gertrude Ireland Blackburne (1861-1951), journalist, novelist and contributor to <i>MP</i>.

[[footnote:2]]Joseph Henry Shorthouse (1834-1903).  Blackburne\'s review of his [[otherbook:978]<i>The Little Schoolmaster Mark</i>] (1884-5) appeared as [[otherbook:979]\'A Conversation on Books\']  <i>MP</i> 3s 9 (April 1885) 368-75.

[[footnote:3]]In a footnote  Blackburne cites \'a suggestive and appreciative review in a daily paper, (<i>Glasgow News</i>, Jan. 19,1885).\'

[[footnote:4]]The fact that George Henry Lewes had carefully guarded George Eliot from the sight of unfavourable reviews had recently been revealed in  J. W. Cross, [[otherbook:720]<i>George Eliot\'s Life</i>] (1885).

[[footnote:5]]CMY\'s 1901 reference to Blackburne\'s  novel [[otherbook:784]<i>Zig-Zag</i>] (1885) suggests that she thought it dangerously liberal.

<br/>"
2750,2802,March 4th 1885,1885-03-04,"MS Bodleian Library, Oxford: Ms. Eng. lett. e.116 ff 182-3","Elderfield, Otterbourne, Winchester.","[[footnote:1]]No serial or volume publication in America of Tyrwhitt\'s <i>The Natural Theology of Natural Beauty</i> (1882) (originally published in <i>MP</i> (January, April 1881) as \'The Argument from Natural Beauty\') has been traced."
2751,2803,"16 March [1885]
",1885-03-16,"MS Hampshire Record Office MS 63M84/530
",,
2752,2804,Easter [5 April 1885],1885-04-05,"MS Harry Ransom Humanities Research Center, University of Texas, Austin ","Elderfield, Otterbourne, Winchester.","[[footnote:1]]The Hon. Mildred Coleridge, niece of CMY\'s great friend Mary Coleridge, married Charles Warren Adams, against the wishes of her family, on the 24 June 1885.

<br/>"
2753,2805,Easter day [5 April 1885],1885-04-05,"MS Princeton University, Parrish Collection","Elderfield, Otterbourne, Winchester.","

<br/>"
2754,2806,April 9th 1885[[footnote:1]],1885-04-09,"MS Harry Ransom Humanities Research Center, University of Texas, Austin","Elderfield, Otterbourne, Winchester.","[[footnote:1]]The date could be read, and has been catalogued, 1865, but the writing paper type and the content indicate 1885.

[[footnote:2]]The Rev. Dr George Nott (1767-1841), an expert on Italian poetry, whose books were sold in Winchester in January 1842 (ODNB).

[[footnote:3]]It sounds as if Fanny Patteson\'s friend had written an article on Tristram poems, which probably included Swinburne\'s <i>Tristram of Lyonesse</i> (1882) and Tennyson\'s \'The Last Tournament\' (1871).


"
2756,2808,"[?April, 1885][[footnote:1]]",1885-04-18,"MS location unknown. Printed in Romanes, [[otherbook:241]<i>Appreciation</i>], 32-3.",,"[[footnote:1]]Ethel Romanes dates the letter April 1865, which is impossible given the recipient’s dates, and it is placed here on the assumption that she misread an 8 for a 6.

[[footnote:2]]The ultimate source for this opinion is the Venerable Bede, [[otherbook:986]<i>History of the English Church and People</i>], in his account of the conference between St.Augustine and the British clergy at St. Augustine’s Oak.

[[footnote:4]]ER notes \'We must remember that this was written some forty years before Professor Bury’s <i>Life of S. Patrick</i>\'.  John Bagnell Bury, <i>The Life of St. Patrick and his Place in History</i> (London: Macmillan 1905).  This indicates that 1865 was not a misprint.

<br/>"
2755,2807,April 18th 1885,1885-04-18,"MS Harry Ransom Humanities Resource Center, University of Texas at Austin","Elderfield, Otterbourne,Winchester. ",[[footnote:1]]CMY is declining an invitation to Westminster Abbey to witness the unveiling by James Russell Lowell of a bust of [[person:1667]Samuel Taylor Coleridge] on 7 May 1885.
2757,2809,May 10th [1885],1885-05-10,MS Birmingham University Library[[footnote:1]],"Elderfield, Otterbourne, Winchester.","[[footnote:1]]With envelope addressed to ‘The Honble Mrs. Joyce/ St John’s Croft/ Winchester’ and postmarked 10 May 1885.

[[footnote:2]]Frances (Walter) Yonge and Gertrude Walter had two younger half-brothers of their father’s second marriage of whom the elder was Edward Charles Lethbridge Walter (1854-5 May 1885).

<br/>"
2758,2810,June 10th 1885,1885-06-10,"MS Princeton University, Parrish Collection","Elderfield, Otterbourne, Winchester.","[[footnote:1]]Juliana Ewing had died on 13 May 1885.  Her sister Horatia was probably gathering material for her [[otherbook:989]<i>Juliana Horatia Ewing and Her Books</i> ](1885).  \'A Bit of Green\' and \'The Blackbird\'s Nest\' had been Ewing\'s two earliest contributions to <i>MP</i>.  In [[cmybook:280]\'A Conversation on Books\' ]<i>MP</i> 3s 10 (August 1885) 62, Arachne discusses Ewing\'s career, expressing \'our grief that one to whom we all owe so much, should have been taken from us so early.\'



<br/>"
2759,2811,June 25th 1885,1885-06-25,"MS Bodleian Library, Oxford: 30424 . . . . fol 69 Autograph d.4.","Elderfield, Otterbourne, Winchester.","[[footnote:1]]John Richardson Selwyn (1844-98), Bishop of Melanesia 1877-1890.  His father, George Augustus Selwyn (1809-78), the first bishop of New Zealand, had been Bishop of Lichfield from 1868 to 1878, and his widowed mother lived at 18 the Close in 1891.

[[footnote:2]]The [[other:30]Melanesian Mission] had moved its base from New Zealand to Norfolk Island in 1867.  Accounts of the opening of the memorial chapel to Bishop Patteson in 1881 describe another, different, altar cloth embroidered by his cousin [[person:973]Paulina Martyn]: \'The cloth of the Holy Table was presented by Miss Martyn, a relative of Bishop Patteson, and is of the richest work; it is of dark crimson velvet and silk. In the centre is a gold cross surmounted by a crown. On either side are lilies in the martyr\'s palm. On the super frontal are worked in large gold letters, the words in Mota-- 

LOG RANOGA GOD VAVO TUKA (Glory to God in the highest).\'  <i>A Week at St. Barnabas\', Norfolk Island</i> (Sydney: Fuller 1881).

<br/>"
3593,9097,June 25th 1885,1885-06-25,MS Charlotte Mitchell[[footnote:1]],"Elderfield, Otterbourne, Winchester.","[[footnote:1]]With envelope addressed to \'Mrs Selwyn/ The Close/ Lichfield\' and postmarked Winchester 25 June 1885.

[[footnote:2]]The Rt. Rev. John Richardson Selwyn, on leave as Bishop of Melanesia, was acting as <i>locum tenens</i> for the Vicar of Otterbourne.

[[footnote:3]]The former Bishop of Sarawak was now a canon of Winchester.  "
3535,3587,July 29th [1885?[[footnote:1]]],1885-07-29,"MS Harvard University, Houghton Library ",Elderfield,"[[footnote:1]]This letter clearly postdates the marriage of Louisa Alethea Yonge to the Rev. Henry Bowles in 1884 and since Arthur Duke Yonge’s only daughter was born in 1870/1 is unlikely to be later than 1888. It seems most likely that it was written  immediately after the death of the [[person:1015]Rt. Rev. George Moberly] on 6 July 1885 and the death of Mrs Beck’s son [[person:1461]Edward Walter] on 5 May 1885.

[[footnote:2]]A specimen of the plant <i>stratiotes aloides</i>.

[[footnote:3]]Alethea Yonge (b. Italy 1870/1).

[[footnote:4]]Gertrude Walter’s stepmother Caroline Beck had two children, Edward Walter (1854-1885), an army officer who died in an accident, and [[person:1463]Herbert Simcoe Walter] (1855-1897).  The grandson was perhaps born posthumously.

<br/>"
2761,2813,Sept 7th 1885,1885-09-07,"MS Princeton University, Parrish Collection","Elderfield, Otterbourne, Winchester. ","[[footnote:1]]Butler had been made Dean of Lincoln in 1885.

[[footnote:2]]This relates to a competition, announced in <i>MP</i> 3s 9 (March 1885) 301, for the best translation of the hymn \'Christians, awake, salute the happy morn!\'  into French verse.  The two best were printed in <i>MP</i>  3s 10 (November 1885) and are signed V. I. and G. A. J..  The announcement sharply criticised most of the entrants for their ignorance of the rules of French prosody.

[[footnote:3]]Vertumnus I and Vertumnus II were respectively the president 1879-November 1882 of the Monthly Packet Botanical Society and his successor.  The first wrote from Preston Vicarage, Sandwich, and was perhaps the Rt. Rev. [[person:758]Henry Lascelles Jenner];  the second from Bitton Vicarage, Bristol and may have been the Shakespearean scholar the Rev. [[person:481]Henry Nicholson Ellacombe], Vicar of Bitton.  It seems more probable that it was Jenner to whom CMY refers here, especially if \'V. I.\' stands for \'Vertumnus I\'.

[[footnote:4]]The opening line of G.A.J.\'s translation is \'Chrétiens, debout, voici le jour heureux\'.

<br/>"
2760,2812,[September 1885?][[footnote:2]],1885-09-18,"MS Girton College Cambridge, Yonge IX 4[[footnote:1]]",,"[[footnote:1]]The top of  the first page is cut away, probably because of some reference to the Coleridge scandal, and what is left of  he first side crossed out.

[[footnote:2]]The letter seems to be connected to [[person:17]Mildred Coleridge]\'s marriage on 24 June 1885 and [[person:1015]George Moberly]\'s death on 6 July 1885.

[[footnote:3]]The widow and daughters of George Moberly, headmaster of Winchester College 1835-1866, and Bishop of Salisbury from 1869.

<br/>"
2762,2814,Sept 19th [1885],1885-09-19,"MS Princeton University, Parrish Collection",Elderfield,"[[footnote:1]]Alexander Bassano (1829-1913), a London photographer.  

[[footnote:2]]C. F. Gordon Cumming, ‘The Rabbit Plague in Australasia’ <i>MP</i> 3s 12 (July 1886), 58-69, discusses the possibility that the introduction of the mongoose might control the rabbits.

<br/>"
2763,2815,Sept 28th 1885,1885-09-28,MS West Devon Record Office Acc No 308,"Elderfield, Otterbourne, Winchester.","[[footnote:1]]This probably relates to a monument in memory of Mary\'s father the Rev. [[person:1623]John Yonge].

[[footnote:2]]The Rev. Michael Rosenthal, curate since 1877 of St Paul’s, Haggerston; and the Rev. Samuel John Stone (1839-1900), vicar of St Paul’s, Haggerston  (1875-90), hymn-writer.

<br/>[[footnote:2]]Mary’s nephew Geoffrey Yonge (1867-1893) was probably matriculating at Keble College, Oxford, from where he graduated in 1888.

<br/>"
2765,2817,Oct 15th [1885?],1885-10-15,"MS Princeton University, Parrish Collection",Elderfield Otterbourne Winchester,"[[footnote:1]]Elizabeth Rundle (1828-1896) married Andrew Charles in 1851 and published historical fiction as Mrs Rundle Charles.  The book referred to in this letter was probably her<i>Three Martyrs of the Nineteenth Century: Studies from the Lives of Livingstone, Gordon, and Patteson</i> (London: SPCK 1885).  CMY was fond of quoting [[person:1672]Walter Scott]\'s statement, recorded by Felicia Hemans: \'Do not say that noble blood is wasted, it sends down a roaring voice through all time’.  The quotation occurs <i>The Daisy Chain</i> II, Ch.5, the source being, Harriet Browne, [[otherbook:992]<i>Memoir of the Life and Writings of Mrs. Hemans</i>], 200.

<br/>"
2766,2818,Novr 9th [1885] ,1885-11-09,"MS Princeton University, Parrish Collection[[footnote:1]]",Elderfield Otterbourne Winchester,"[[footnote:1]]Envelope addressed to ‘Mrs Molesworth 85 Lexham Gardens/Kensington/ W London’ postmarked No 10 85.

[[footnote:2]]Mary Louisa Molesworth, \'One Sunday Morning\' <i>MP</i> 3s 11 (April 1886) 327-337.

<br/>"
2767,2819,Novr 12th  1885,1885-11-12,MS Charlotte Mitchell,"Elderfield, Otterbourne, Winchester.","[[footnote:1]]Lucy Soulsby was teaching at Cheltenham Ladies’ College;  she seems to have been soliciting contributions for the parish magazine.

<br/>"
3532,3584,Novr 12th [after 1885],1885-11-12,"MS Harold B Lee Library, Brigham Young University[[footnote:1]]",Elderfield,"[[footnote:1]]The letter is inserted in a copy of <i>The Two Sides of the Shield</i> (London: Macmillan 1885), in such a way as to make the back of the first leaf illegible.

<br/>"
2768,2820,Novr 17th 1885,1885-11-17,MS British Library Add MSS 54921: 135-6,"Elderfield, Otterbourne, Winchester.",[[footnote:1]]The Archbishop is a vain character in Lesage\'s [[otherbook:994]<i>Gil Blas</i>] (1715-1735).
3662,19816,Decr 10th 1885,1885-12-10,MS Charlotte Mitchell. ,"Elderfield, Otterbourne, Winchester.","[[footnote:1]]James du Boulay was a schoolmaster at Winchester College;  he was married to a sister of the Bishop of Madagascar.  The book dealer who sold the letter read it as \'Mrs du Boulay\', but it looks to me like Mr. Either is possible. "
2770,2822,[December 1885?],1885-12-18,"MS location unknown.  Printed in Romanes, [[otherbook:241]<i>Appreciation</i>], 187-8.",,"[[footnote:1]]The Liberal party won a majority at the election in December 1885.

[[footnote:2]]Perhaps Edward Strachey (1858-1936), created (1911) 1st Lord Strachie, Liberal politician, who contested North Somerset in 1885 and Plymouth in 1886, both unsuccessfully.

[[footnote:3]]Gladstone\'s election manifesto, published in <i>The Times</i> (19 Sept 1885, 8), contained, in a passage admitting the possibility of the disestablishment of the Church of England, the words: \'I cannot forecast the dim and distant courses of the future.\'

<br/>"
2795,2847,[1886],1886-00-00,"MS location unknown.  Printed in Romanes, [[otherbook:241]<i>Appreciation</i>], 181.",,"[[footnote:1]]Arthur John Butler (1844–1910), son of William Butler, was an undergraduate and then a fellow of Trinity College Cambridge, and would there have encountered the hero of A. C. Benson\'s novel [[otherbook:1022]<i>Memoirs of Arthur Hamilton</i>], ed. \'Christopher Carr\' (London Kegan Paul 1886), discussed here.  Arthur Christopher Benson  (1862–1925) was himself younger.

<br/>"
2772,2824,Jany 5th 1886,1886-01-05,MS British Library Add MSS 54921: 138-9,Elderfield,"[[footnote:1]]Perhaps John Eagles,  <i>The Bristol riots, their causes, progress, and consequences.  By a citizen</i> (Bristol, Gutch and Martin 1832).

<br/>"
2773,2825,January 27 [1886],1886-01-27,"MS location unknown.  Printed in Coleridge,[[otherbook:40] <i>Life</i>] 318-9",Elderfield,"[[footnote:1]]The Winchester High School for Girls, now St. Swithun’s School, was founded in 1884.  The Saint’s Day was probably Candlemas, which fell on Tuesday 2 February 1886.

[[footnote:2]]Florence Wilford, <i>Tender and True</i> (1882).   Mrs Wickham was probably Clara de Havilland Wickham, wife of the Rev. Charles Wickham, Rector of Compton at the time of the 1891 census.

[[footnote:3]]This refers to the blistering  [[cmybook:293]‘New Year’s Words. From the Editor’ ]<i>MP</i> 3s 11 (January 1886) 41-47, which denounces the present generation of girls for slang, mixed cricketing, going unchaperoned, keeping maids from church and failing to teach Sunday school.

[[footnote:4]]‘Middleage’, ‘The Modern Girl’ <i>MP</i> 3s 11 (February 1886), 191-2, defends the girls of the present day: ‘I own that they use the word ‘jolly’, but they do not use ‘beastly,’ or even ‘scrumptious,’ except now and then in most confidential moments of excited feeling, and certainly not in mixed society.’  The writer could have been Mary Eliza Bramston or her half-sister Anna Rachel Bramston, and was probably the former.

<br/>"
2774,2826,February 26 [1886],1886-02-26,MS NLS 9752,"85, Lexham Gardens, Kensington, W",<br/>
2874,2926,February 27 [1886]] ,1886-02-27,"MS location unknown, printed in Coleridge, [[otherbook:40]<i>Life</i>], 308.","Elderfield,","[[footnote:1]]The letter has been dated on the assumption that the story referred to is \'Mrs. Batseyes\', which was published in <i>MP</i> (Christmas 1886) and reprinted in [[cmybook:209]<i>More Bywords</i>] (1890).

[[footnote:2]]The Rev. Richard St. John Tyrwhitt (1827-1895), <i>MP</i> contributor, art historian and vicar of St. Mary Magdalen, Oxford, published a number of books on aesthetics and theology, to one of which CMY evidently refers here.

<br/>"
2775,2827,April 2 [1886],1886-04-02,"MS location unknown. Printed in Coleridge, [[otherbook:40]<i>Life</i>], 306.",Elderfield,"[[footnote:1]]The Rev. George Henry Sumner (1826-1909), Archdeacon of Winchester , was the son of the late Bishop of Winchester, the Rt. Rev. Charles Richard Sumner (1790–1874), whose brother, the Rt. Rev. John Bird Sumner was Archbishop of Canterbury.  This letter is dated on the assumption that it refers to the death of his brothers the Rev. John Maunoir Sumner (d.1 April 1886) and Charles Sumner (d.23 Dec 1885), and that of  Robert Sumner (d.7 October 1885), son of the Archbishop.  Archdeacon Sumner married Mary Elizabeth Heywood (1828–1921), founder of the Mothers’ Union.

[[footnote:2]]Christabel Coleridge, who lived in Torquay, is evidently the source of CMY\'s gossip about the visit there by the Princesses Maud and Victoria of Wales, children of the future Edward VII.

[[footnote:3]]\'Mothers in Council\' was an article in dialogue form published in <i>MP</i> (June 1886) in which two sisters  debate women\'s education and independence.

[[footnote:4]]Barnett\'s niece Grace Harriet Butler (1847-1929) married the Rev. Robert Guinness (1841-1918) in 1866 and had seven children; of whom the two youngest daughters were Henrietta Darley (b.1886) and Mary Grace (1887-1899).  The ‘great girls’ were Geraldine (b.1867), Elizabeth Maud (1868-1960) and Avice Mary (b. 1870).

<br/>"
2776,2828,May 16th [1886],1886-05-16,MS British Library Add MSS 54921: 140-1,Elderfield,
2777,2829,May 21st [1886],1886-05-21,MS British Library Add MSS 54921: 142-4: ,Elderfield,"[[footnote:1]]Joseph Comyns Carr (1849-1916), the editor of the <i>English Illustrated Magazine</i> 1883-6, in which Craik had proposed serializing the book which was to become CMY\'s <i>Victorian Half-Century</i>.

[[footnote:2]]This pedigree story is also referred to in a letter to Christabel Coleridge (6 June 1882).

<br/>"
2778,2830,May 28th [1886],1886-05-28,MS British Library Add MSS 54921: 145-6: ,Elderfield,"[[footnote:1]]This relates to the publication of CMY\'s [[cmybook:189]<i>Victorian Half-Century</i>] (1886), which Craik was considering serializing in the <i>English Illustrated Magazine</i>, edited by Joseph Comyns Carr.



<br/>"
2779,2831,June 1st [?1886],1886-06-01,"MS Princeton University, Parrish Collection",Elderfield,"[[footnote:1]]Sophia Jane (Collinson) (1826-1891), daughter of the Rev. John Collinson, Rector of Boldon, and Amelia King,  married (6 Jan 1859), as his second wife, Thomas Elliot Harrison (1808-1888), of Whitburn, Sunderland-on-Wear, a distinguished railway engineer and entrepreneur.  They had two sons and four daughters.  She herself was one of a large family;  Mrs Bland was her sister, and she had had two sisters, [[person:2327]Julia] and [[person:417]Thomasine], called Mrs de Winton, but the latter is referred to here.  CMY’s friendship with the family is chronicled in her autobiography (Coleridge, [[otherbook:40]<i>Life</i>], 31-2), and in her brief essay on the novels of Julia de Winton, later Stretton,  ‘Mrs Stretton’ in [[cmybook:244]<i>Women Novelists of Queen Victoria’s Reign</i>] (1897), 204-10.  The genealogy of the Harrisons and their connexions is exhaustively explored by George H. Graham, ‘The The Thompsons, Shipbuilders of Sunderland’ at http://members.cox.net/ghgraham/

[[footnote:2]]Probably to be identified as Agnes Baker (b.1863/4), daughter of the Rev. James Baker of Clifton Lodge, Winchester, who is described, like her sister Emily (b. 1858/9) in the 1891 census as a Teacher of Music.

[[footnote:3]]Alethea Yonge had married (September 1884) the Rev. Henry Bowles.

[[footnote:4]]Sophia Harrison’s daughter Sophia Agneta married (December 1884) William King, and her daughter Emily Cecilia married (January quarter 1886) James Laing.

[[footnote:5]]Margaret Wilcox (1836-1887), first cousin of Lewis Carroll, lived at Whitburn near the Harrisons, and was one of the eldest of a family of 13.  CMY had a great weakness for such families."
2780,2832,June 1st [1886?],1886-06-01,"MS Historical Society of Pennsylvania: Gratz Collection: Case 11, Box 10:British Literary Misc ",Elderfield Otterbourne,"[[footnote:1]]

<br/>[[footnote:2]]Elizabeth Wormeley Latimer, <i>Familiar talks on some of Shakespeare\'s Comedies</i> (Boston: Roberts 1886).

<br/>[[footnote:3]]The Rev George Ridding  (1828-1904), became bishop of Southwell in 1884;  he had married (1876), as his second wife, Lady Laura Palmer (1849-1939).

<br/>"
2781,2833,June 9th [1886],1886-06-09,MS British Library Add MSS 54921: 147-8,Elderfield ,"[[footnote:1]]These books were all wanted for CMY\'s work on [[cmybook:189]<i>Victorian Half-Century</i>].

[[footnote:2]]Craik had presumably provided her with the most recent (1880) edition of Joseph Irving, <i>The Annals of our Time</i>.

<br/>"
2782,2834,June 14th [1886],1886-06-14,MS British Library Add MSS 54921: 149-50: ,Elderfield,"[[footnote:1]]These were books she required for work on [[cmybook:189]<i>Victorian Half-Century</i>].

[[footnote:2]]CMY’s way of writing a Z is often confusing.

<br/>"
2783,2835,June 23d [1886],1886-06-23,MS British Library Add MSS 54921: 161-3: ,Elderfield,"[[footnote:1]]These books exist both separately and bound up as <i>The Magnet Stories</i>.

<br/>"
2784,2836,June 25 [1886],1886-06-25,MS British Library Add MSS 54921: 151-2: ,Elderfield,"[[footnote:1]]This seems to be a reference to some autobiographical writings, perhaps those reprinted by Coleridge, [[otherbook:40]<i>Life</i>] 1-119, or those subsequently printed as [[otherbook:254]\'A Real Childhood\'] in <i>Mothers in Council</i> (1892-3).

[[footnote:2]]Perhaps [[otherbook:1014]\'The Cousins and their Friends\']  <i>Aunt Judy\'s Magazine</i> (May 1866-December 1867)."
2785,2837,June 29th [1886],1886-06-29,MS British Library Add MSS 54921: 153-4,Elderfield,"[[footnote:1]]CMY was trying to get [[cmybook:357]\'Householders\'] and [[cmybook:17]<i>The Herb of the Field</i>] republished.

[[footnote:2]]The unnamed Liverpool lady had encouraged CMY to write the book which appeared as [[cmybook:189]<i>Victorian Half-Century</i>]."
2786,2838,July 24th [1886],1886-07-24,MS British Library Add MSS 54921:155-6,Elderfield,"[[footnote:1]]Joseph Hatton, <i>A Modern Ulysses: Being the life, loves, adventures, and strange experiences of Horace Durand</i> 3 vols (London: Chapman & Hall 1883).

[[footnote:2]]As is explained in the preface to <i>A Modern Telemachus</i>, CMY had based her story on one in Archibald Duncan\'s compilation of shipwreck tales, [[otherbook:384]<i>The Mariner\'s Chronicle</i>] (1804).  She had subsequently located a copy of his authority, Jean Baptiste de La Faye <i>Voyage pour la redemption des captifs aux royaumes d\'Alger et de Tunis, fait en 1720</i> (1721).

[[footnote:3]]Sir Henry Ponsonby (1825-1895) was private secretary to Queen Victoria 1870-95.  Joseph Comyns Carr was editor of the <i>English Illustrated Magazine</i> in which it had been proposed to publish <i>Victorian Half-Century</i>.

<br/>"
2787,2839,July 28th 1886,1886-07-28,MS British Library Add MSS 54921: 157-8,Elderfield,[[footnote:1]]The title had had to be changed at the last minute owing to the existence of another with the original title.
2788,2840,Sept 11th [1886],1886-09-11,"MS Princeton University, Parrish Collection",Elderfield,"[[footnote:1]]Philip and Margaret Buston were two of the numerous children of the Rev. [[person:233]Roger Buston] (1807-September 1886), Vicar of Twyford.  Evidently this letter is written shortly after his death, when his widow and children were looking for a new home.  

<br/>"
2789,2841,"Sep 25, 1886",1886-09-25,MS UCLA collection 100 box 119/4,The College Ely,"[[footnote:1]]The Rev. William Emery (1825–1910), founder of diocesan conferences.

<br/>"
2790,2842,Oct 8th 1886,1886-10-08,"MS Princeton University, Parrish Collection","Elderfield, Otterbourne, Winchester. ","[[footnote:1]]Mary Louisa Molesworth,  ‘Felix, an outcast. (From the French of Madame de Pressense.)  <i>MP</i> 3s 12 (December 1886), 568-580. In the event, \'A Modern Quest of Ulysses\' did continue into the December number, but they made room for \'Felix\' anyway.





<br/>"
2791,2843,Oct 19th 1886,1886-10-19,"MS Princeton University, Parrish Collection",Elderfield Otterbourne Winchester,"[[footnote:1]]John Henry Ingram (1842-1916) was editor of the ‘Eminent Women’ series for which CMY wrote <i>Hannah More</i>.

<br/>"
3338,3390,[after October 1886] [[footnote:1]],1886-11-01,"MS location unknown.  This fragment quoted in Mare and Percival, <i>[[otherbook:598]Victorian Best-seller]</i>, 228.",,"[[footnote:1]]In Jo's Boys, and How They Turned out. A Sequel to ""Little Men."" (English edition London: Low 1886), 63, a fan asks Jo Bhaer for ‘an old gown or a pair of stockings of yours to put in a rug she’s making’."
2792,2844,Novr 4th [1886],1886-11-04,"MS Winchester City Council, Historic Resources Centre, LH3802",Elderfield,"[[footnote:1]]Isabella Heathcote’s father, Spencer Horatio Walpole (1806-1898), M.P. for Cambridge University (1856-1882).

[[footnote:2]]A.Moberly, <i>Lady Valeria</i> (1886) was advertised as the work of Major A. Moberly, and can probably be safely attributed to Major [[person:1860]Alfred Moberly], nephew of Dr George Moberly.

<br/>"
2793,2845,November 12. [1886],1886-11-12,"MS location unknown.  Printed in Coleridge, [[otherbook:40]<i>Life</i>], 306.","Elderfield, ","[[footnote:1]]Christabel Coleridge, who lived many years in Torquay, commented ‘I have never come across this belief.’ A similar story is told of a fourteenth-century abbot by J. T. White, [[otherbook:1021]<i>History of Torquay</i>] (1878), 26, but the allegedly murdered man\'s name was Hastings.

<br/>"
2794,2846,Novr 30th [1886?],1886-11-30,"MS Special Collections, The Shakespeare Centre, Stratford-upon-Avon. ","Elderfield, Otterbourne, Winchester.","[[footnote:1]]Perhaps the <i>Otterbourne Parish Magazine</i>.  The India and Colonial Exhibition took place in South Kensington in 1886.

<br/>"
3613,18100,Decr 11th [1886],1886-12-11,MS British Library Add MSS 54921: 159-160 ,Elderfield,"[[footnote:1]]This relates to the publication of CMY\'s [[cmybook:189]<i>Victorian Half-Century</i>], published to celebrate Queen Victoria\'s Golden Jubilee and dedicated to her daughters.  Clark was the printer."
2808,2860,1887,1887-00-00,Printed in the [[other:85]<i>Otterbourne Parish Magazine</i>] (June 1887),,"[[footnote:1]]The Rt. Rev. William Walsham How (1823-1897), bishop of Bedford 1879-1887, and bishop of Wakefield, 1888-1897.

[[footnote:2]]The People’s Palace, founded in 1887 for the recreation and instruction of the people of the East End of London, now houses the Great Hall of Queen Mary College, University of London.

<br/>"
3588,7902,[January 1887],1887-01-01,MS location unknown. Printed in the <i>[[other:2]Girls’Friendly Society Associates’ Journal and Advertiser]</i> (January 1887) 7.,,[[footnote:1]]Premiums were small loyalty payments by a branch to a member who stayed in her post for two or more years.
2819,2871,[January 1887][[footnote:1]],1887-01-01,"MS location unknown.  Printed in Romanes, [[otherbook:241]<i>Appreciation</i>],  180.",,"[[footnote:1]]The article referred to was no doubt Reginald F. D. Palgrave, \'Carlyle, the \\""pious editor\\"" of Cromwell\'s speeches\'   <i>National Review</i>  8 (January 1887), 588-604. "
2796,2848,Jan 10th 1887,1887-01-10,"MS Trinity College, Cambridge Cullum Q81[[footnote:1]]",Elderfield Otterbourne Winchester.,"[[footnote:1]]Envelope addressed to Mrs Sumner/ The Close/ Winchester and postmarked Winchester 10 January 1887.

<br/>"
2797,2849,Jan 13th 1887,1887-01-13,"MS Columbia University Library, New York:  Harper Bros Collection [[footnote:1]]",Elderfield Otterbourne Winchester,"[[footnote:1]]The collection also includes a stamped receipt.

<br/>"
2872,2924,Jan 29th [l887-1889[[footnote:1]]],1887-01-29,"MS Princeton University, Parrish Collection",Elderfield,"[[footnote:1]]Dating from after the death of George Moberly in July 1885, and probably dating from before the death of his widow Mary Ann Moberly in February 1890.

[[footnote:2]]Susan Esther (Coxe) Wordsworth (d. 1894) was the first wife of the Right Rev. John Wordsworth (1843-1911), who succeeded George Moberly as Bishop of Salisbury in 1885.  "
2798,2850,Feb 3d [1887],1887-02-03,MS UCLA: collection 100: box 95[[footnote:1]],Elderfield,"[[footnote:1]]Envelope postmarked Winchester C Fe 4 87, addressed ‘Miss E Keary/Oakhill/Stoke on Trent’.

[[footnote:2]]Eliza Keary and her sister Annie (who had died in 1879) were interested in a home for unemployed servant girls.  CMY may refer to the wreck of the SS Kapunda, an emigrant ship bound for Australia, in which over 200 lives were lost (<i>Morning Post</i> 1 February 1887).

<br/>"
2799,2851,March 3d [1887?],1887-03-03,MS Charlotte Mitchell,"Elderfield, Otterbourne, Winchester.","[[footnote:1]]The Society of Watchers and Workers, founded by Edith Jacob.

[[footnote:2]]Harriet (Baillie-Hamilton) King, <i>The Disciples</i>  (London: King 1873) was a verse account of J. Ruffini, Ugo Bassi, A. Milano and  Baron G. Nicotera; an extract was published as <i>The Sermon in the Hospital</i> (London: Kegan Paul 1887).

<br/>"
3554,3606,March 7th [1887[[footnote:1]]],1887-03-07,"MS Liverpool University Library, Hope Autograph Collection: 85",Elderfield,"[[footnote:1]]‘Debatable Ground’ was a series in <i>MP</i> which ran May 1886-January 1894.

[[footnote:2]]In the MP \'Notices to Correspondents\' (October 1887) a letter appeared beginning: ‘Sir, Will you kindly give me space for a few words, asking those of your readers who are willing to do something for our missionaries, to post regularly one or more of their newspapers or magazines when read . ..\', signed Mary E. Webster, Ripple Lodge, Malvern Link.  It is not easy to see any article in the July 1887 issue which can possibly be her work.

<br/>"
2800,2852,March 10th [1887],1887-03-10,MS Huntington Library,Elderfield,"[[footnote:1]]Georgina, Lady Mount Temple (1821?-1901) lived at Broadlands, near Romsey, until her husband\'s death in 1888, making it more likely that the letter refers to the Golden Jubilee of 1887 than to the Diamond Jubilee of 1897.

<br/>"
2801,2853,March 19th [1887],1887-03-19,"MS Princeton University, Parrish Collection",Elderfield,"[[footnote:1]]Duncan was her usual correspondent at the [[other:32]National Society], the publishers of [[cmybook:196]<i>What Books to Lend and What to Give</i>] (1887), but she usually called him Mr Duncan.

[[footnote:2]]Mary and Catherine Lee, <i>Goldhanger Woods: A Child\'s Romance</i> (London: National Society 1886). Mary Lee had collaborated with CMY on [[cmybook:165]<i>The Miz Maze</i>] (1883).

<br/>"
2802,2854,March 31st  [1887?],1887-03-31,MS Mrs Clare Roels/68,Elderfield,"[[footnote:1]]Bonnets were succeeded by hats.

[[footnote:2]]Presumably a now missing enclosure.

<br/>"
2803,2855,April 7th [1887?],1887-04-07,MS Mrs Clare Roels/70,Elderfield,"[[footnote:1]]‘Theo Gift’, <i>Victims</i> (1887).

[[footnote:2]]This refers to CMY\'s novel [[cmybook:201]<i>Beechcroft at Rockstone</i>], published in <i>MP</i> January 1887-December 1888.

[[footnote:3]]C.M.Yonge, [[cmybook:205]<i>A Reputed Changeling]</i> (1889).  Coleridge\'s changeling was in her novel [[otherbook:964]\'A Lot with a Crook in it\'].

<br/>"
2804,2856,April 10th  [?16th 1887],1887-04-10,MS Mrs Clare Roels/69,Elderfield,"[[footnote:1]][[person:349]Mary Dorothea Moultrie Coleridge] (1886-1941) and [[person:353]Walter Henry Praed Coleridge] (1886-1967), niece and nephew of Christabel.

[[footnote:2]]The plot discussed is that of CMY\'s [[cmybook:201]<i>Beechcroft at Rockstone</i>], serialized in <i>MP</i> January 1887-December 1888 and published in volume form in 1888.

[[footnote:3]]Queen Victoria’s Golden Jubilee, 21 June 1887.

<br/>"
2805,2857,April 15 [1887],1887-04-15,"MS Bodleian Library, Oxford: MS English Letters: e 86.[[footnote:1]] ",Elderfield,"[[footnote:1]]Cream card with rounded corners. Cream envelope addressed to ‘The Revd/ J F Moor/ Ampfield/ Romsey\' and postmarked Winchester 15 April 1887.

<br/>"
2806,2858,April 15th [1887?[[footnote:1]]],1887-04-15,MS British Library: Mary Gladstone Papers. Add MSS 46252: 10-11.,Elderfield Otterbourne Winchester,"[[footnote:1]]The letter must postdate Mary Drew\'s marriage on 25 December 1885, and predate the letter to her of 1 February 1888 which refers to the forthcoming publication of the [[other:93]<i>Mothers\' Union Journal</i>].

<br/>"
2807,2859,May 28th [1887],1887-05-28,MS Mrs Clare Roels/67,Elderfield,"[[footnote:1]]In the May 1886 issue of [[other:52]<i>MP</i> ]a letter from Coleridge signed \'Chelsea China\' inaugurated a forum for discussion called \'Debatable Ground\' which ran until 1890.   The June 1887 issue has no question for debate, but an invitation to correspondents to send in any supplementary remarks they may have.

[[footnote:2]]CMY used this expression to mean devoted to causes, see her [[cmybook:251]<i>Modern Broods</i>], 288.

[[footnote:3]]Lady Mary Jane Maitland (1847-1918) married (1868) Reginald, Lord Brabazon (1841-1929) who succeeded his father (1887) as 12th Earl of Meath.  An article in <i>MP</i> 1885 (2): 290 describes CMY opening the Brabazon Home of Comfort, an institution paid for by Brabazon and set up by Annie Cazenove.

[[footnote:3]]It was CMY\'s custom to use a proverb as a theme for the stories in the Christmas number of <i>MP</i>, and in 1886 it was \'One man can bring a horse to the water, but ten cannot make him drink\'.  Coleridge contributed a story called \'Diamond cut diamond\'.



<br/>"
3539,3591,June 8th [1887],1887-06-08,"MS Bodleian Library, Oxford: MS English Letters: e 86. ",Clovelly Belgrave Crescent Torquay,"[[footnote:1]]D.J. Mackey, ‘The Centenary of the Colonial Church’ <i>MP</i> (August 1887) 187-92.

<br/>"
3573,7142,July 14th 1887,1887-06-14,MS Bodleian Library Benson C.5.4  fol 96,Elderfield Otterbourne,
2809,2861,July 27th [1887],1887-07-27,"MS Westcountry Studies Library, Exeter/  1887/ 1[[footnote:1]]",Elderfield,"[[footnote:1]]MS Westcountry Studies Library, Exeter/  1887/ 2 is a Silurian envelope addressed to Miss Carter Smith/ Aspley House/ Aspley Guise/ Woburn, postmarked Winchester  (date and month cut out) 1887.

[[footnote:2]]The article has not been identified.
"
2810,2862,Sept 2d 1887,1887-09-02,"MS The Marquess of Salisbury, Hatfield House 3MCH/5/3/2",Elderfield Otterbourne Winchester,"[[footnote:1]]Richard Thompson Gunton (1846-1921), librarian at Hatfield House 1878-1921.

<br/>"
2813,2865,Sept 9th [1887],1887-09-09,"MS Princeton University, Parrish Collection[[footnote:1]]",Elderfield Otterbourne Winchester ,"[[footnote:1]]Envelope addressed to J B [or R?] Scarlett Esq/ 24 Cramer Terrace/ Gateshead on Tyne, postmarked 87.

[[footnote:2]]CMY\'s correspondent, an accountant who is listed at this address in the 1891 census, used the same trick to get autographs from both Thomas Hardy and A. C. Swinburne:  see [[otherbook:1033]<i>Collected Letters of Thomas Hardy</i>], VII, 105 and [[otherbook:1032]<i>The Swinburne Letters</i>], V, 231.

<br/>"
2814,2866,Sept 15th 1887,1887-09-15,"MS Princeton University, Parrish Collection","Elderfield, Otterbourne, Winchester.","[[footnote:1]]Identified tentatively from the letter of 2 June 1883.

<br/>"
2815,2867,St. Michael [29 September 1887],1887-09-29,"MS location unknown.  Printed in Coleridge, [[otherbook:40]<i>Life</i>], 309-310.",Elderfield,"[[footnote:1]]Blanche Gibbs died on 22 September 1887.

[[footnote:2]]Frances Ann Douglas, wife of William Walsham How (1823-1897), Bishop of Bedford, died on 28 August 1887.  St Peter\'s Home and Sisterhood, Mortimer Place, Kilburn, was founded in 1861 to care for sick and convalescent women and children and Blanche Gibbs had become an associate and major benefactor after Albinia’s death from tuberculosis.  Reverend Mother Susan Oldfield was its head from its beginning to her death in January 1887: see Elizabeth Cuthbert, [[otherbook:1035]<i>In St. Peter’s Shadow</i>], 27.

<br/>"
3611,14540,Oct 11th [1887],1887-10-11,MS Dr Susan Walton[[footnote:1]],Elderfield Otterbourne Winchester,"[[footnote:1]]With envelope addressed to \'Miss Harrison, St Cross, Weybridge\' and postmarked Weybridge 12 October 1887."
2811,2863,Oct 22d [1887?],1887-10-22,"MS Princeton University, Parrish Collection",Elderfield,"[[footnote:1]]There is an account of the escape of the future Charles II from pursuing Roundheads after the battle of Worcester in 1651 in the part of <I>Cameos from English History</i> serialized in  <i>MP</i> (December 1886), 544: ‘This time he was to be supposed to be a young gentleman running away with an heiress, escaping from a cruel guardian. The lady was represented by Juliana Coningsby, a relation of Colonel Wyndham; and the feelings of a widow at Charmouth were appealed to for the runaway couple, who appeared in due time with Wilmot riding beside them.’

[[footnote:2]]At another stage of his escape Charles pretended to be a servant to Jane Lane.

[[footnote:3]]Perhaps [[person:2340]George Montagu Harris], the son of CMY\'s cousin George Collyer Harris (1833-1874).

[[footnote:4]]No doubt because she was herself planning [[cmybook:205]<i>A Reputed Changeling</i>] (1889).

<br/>"
2816,2868,Oct 29th 1887,1887-10-29,"MS John Rylands Library, Manchester, FA1/7/838",Elderfield Otterbourne Winchester,"[[footnote:1]]The tone of CMY\'s next letter to [[person:743]John Henry Ingram], editor of the \'Eminent Women\' series, is uncharacteristically sharp.

[[footnote:2]]The books by CMY referred to here as inspired by the story of Hannah More are respectively [[cmybook:199]<i>Hannah More</i>] (1888) and [[cmybook:203]<i>The Cunning Woman\'s Grandson</i>] (1889).<br/>"
2817,2869,Novr 4th [1887],1887-11-04,"MS Girton College Cambridge, Yonge V 2[[footnote:1]]",Elderfield,"[[footnote:1]]Envelope attached is addressed to ‘J Ingram Esq/179 Albion Road/ Stoke Newington/ London and post marked Winchester and London 4 and 5 November 1887.

[[footnote:2]]These were the proof\'s of CMY\'s [[cmybook:199]<i>Hannah More</i>] (1888), published in George Allen\'s \'Eminent Women\' series edited by J. H. Ingram.

<br/>"
2812,2864,"Novr 4th 1887
",1887-11-04,"MS The Marquess of Salisbury, Hatfield House 3MCH/5/3/3
","Elderfield Otterbourne Winchester
",
2818,2870,"November 19, 1887",1887-11-19,"MS location unknown.  Printed in Coleridge, [[otherbook:40]<i>Life</i>], 310-11.",Elderfield,"[[footnote:1]]\'Bloody Sunday\', the Trafalgar Square riot of 13 November 1887.

[[footnote:2]]Coleridge states that CMY was working on <i>Unknown to History</i>, her historical novel about the captivity of Mary, Queen of Scots, and had gone to look at Elizabethan records at Hatfield;  however, as it was published in 1882, if such a visit took place it must have been earlier.

[[footnote:4]] Queen Victoria\'s Golden Jubilee, 1887.  Kronprinz Wilhelm of Germany (1859-1941), her eldest grandson, succeeded his father as Kaiser on 15 June 1888.

<br/>"
3551,3603,Novr 28th [after 1887],1887-11-28,"MS Harry Ransom Humanities Resource Center, University of Texas at Austin",Elderfield,"[[footnote:1]]It is not at all clear what book is referred to here, and CMY herself does not seem to have published a book of this name.  However, a book did appear called <i>Sunny Half-Hours: pleasant tales at pleasant times. By Aunt Charlotte</i> (London: Dean 1876).

<br/>"
2846,2898,[1888?],1888-00-00,"MS transcription by Fawcett, from a letter presumably addressed to herself, Manchester Central Library 0/3 26/7",,"[[footnote:1]]Millicent (Garrett) Fawcett (1847–1929), suffragist and campaigner on educational issues.

<br/>"
2820,2872,Jany 11th [1888],1888-01-11,"MS Girton College Cambridge, Yonge IV 7",Elderfield Otterbourne,"[[footnote:1]]The June 1888 issue of <i>MP</i> included, p. 595, an announcement that \'On July 1st a series of Papers on English Literature will be commenced by the Hon. Eva Knatchbull-Hugessen, intended to assist in preparation for that branch of the Cambridge Higher Local Examination for Women, to be held in June 1889.  Questions will be set after each Paper by Miss Mackenzie, late scholar of Newnham College Cambridge\'.<br/>"
2822,2874,Feb 1st [1888],1888-02-01,MS British Library: Mary Gladstone Papers. Add MSS 46252: 4-5.,Elderfield Otterbourne,"[[footnote:1]]Drew had evidently asked for advice books for servant girls. <i>Conversations with Cousin Rachel</i> (London: Burns 1844) was an anonymous conduct book by Mary Anne Dyson. <i>Girls: Their Work and Influence</i>. Skeffington, 1877 was praised by CMY in <i>What Books to Lend</i> (9d.) ‘Practical advice in short compass; excellent for Confirmation gifts.’ The third book was perhaps Amy Susan (Marryat), Lady Baker, <i>Half-Hours with my Girls, or, ‘Talks about</i> anything’ (London : Hatchards, 1879).

[[footnote:2]]The first issue of the <i>Mothers\' Union Journal</i> is dated 1888.

<br/>"
2821,2873,Feb 8th 1888,1888-02-08,"MS Girton College Cambridge, Yonge IV 8",Elderfield,"[[footnote:1]]

<br/>"
3614,18751,Feb 10th 1888,1888-02-10,"MS Special Collections, University of Virginia Library[[footnote:1]]",Elderfield Otterbourne Winchester,"[[footnote:1]]With envelope addressed to \'Mrs Smedes/ Indian Camp/ Fort Sabulben? /Rosebud Agency /Dakota / U S A\' and postmarked Winchester 10 February 1888.

[[footnote:2]]CMY favourably reviewed Smedes\'s <i>Memorials of a Southern Planter</i>, a biography of her father which depicted him as a benevolent slave-owner, in \'[[cmybook:280]Conversation on Books]\' <i>MP</i> (May 1888), 461-2."
2823,2875,"Feb 25th 1888	",1888-02-25,"MS Girton College Cambridge, Yonge V 3",Elderfield,[[footnote:1]]\'Madge Wylie\' is not identified and the Greek story does not seem to have appeared in the Christmas 1888 number of <i>MP</i>.
2825,2877,March 14th 1888,1888-03-14,MS UCLA: collection 100: box 95,Elderfield,"[[footnote:1]]In a [[cmybook:277]note] signed by C.M.Y. appended to \'The Canterbury Relics\' in <i>MP</i>  3s 15 (April 1888) 368, she quotes from the diary of James Yonge (1647-1721)  his seeing a dark line of corn in a field which was supposed to mark a path taken by Thomas à Becket.

<br/>"
2826,2878,March 17th 1888,1888-03-17,MS Miss Barbara Dennis/4[[footnote:1]] ,Elderfield,"[[footnote:1]]Endorsed in pencil ‘addressed to her cousin Miss Anderson Morshead\'.

[[footnote:2]]Mary Anderson Morshead was assistant matron of an industrial school for girls in Andover, whose matron was Sarah Joan Easton (b.1836/7), who may be referred to here.

[[footnote:3]]Mary Anderson Morshead, as ‘Bog Oak’, ran the Church History Society in <i>MP</i>..

<br/>"
2827,2879,March 29th 1888,1888-03-29,MS Charlotte Mitchell/28,Elderfield,
2828,2880,Easter Eve [?31 March 1888],1888-03-31,"MS location unknown.  Printed in Coleridge, [[otherbook:40]<i>Life</i>], 307-8.",Elderfield,"[[footnote:1]]The dating of this letter is supported by the reference to  Mary Frances Keble Coleridge (1824-1898) in the letter to Jean Ingelow (3 May 1888).

<br/>

<br/>"
2824,2876,March 31st 1888,1888-03-31,"MS Girton College Cambridge, Yonge IX 3",Elderfield Otterbourne,"

<br/>"
2829,2881,May 3d 1888,1888-05-03,"MS Bodleian Library, Oxford: Ms. Eng. lett. e.141 ff6-9[[footnote:1]]",Arlington,"[[footnote:1]]Envelope addressed to ‘Miss Ingelow/ 6 Holland Villas Road/ Kensington’ postmarked ‘Winchester/MY 3/88.  One letter appears to have been miscatalogued as two.

[[footnote:2]]She was staying with her niece Alethea (Yonge)  Bowles (1863-1941), who had married (1884) the Rev. Henry Albany Bowles, Rector of Arlington 1884-1892.

[[footnote:3]]The \'Miss Jane Bond\' story occurs in William Mavor, [[otherbook:1057]<i>The English Spelling Book</i>] (1801), though CMY may have encountered it in a different format. Elizabeth Turner, [[otherbook:1058]<i>The Daisy, or, Cautionary Stories in Verse adapted to the Ideas of Children from Four to Eight Years Old</i>] (1807) was another bestselling children\'s book.  So was Sarah Trimmer, [[otherbook:1055]<i>Sacred History</i>],  Although most editions of the latter were unillustrated, CMY was perhaps familiar with the <i>Series of Prints designed to Illustrate the Scripture History by Mrs. Trimmer</i> (London: Baldwin, Cradock and Joy, 1817). 

[[footnote:4]]Mary Coleridge.  <i>Kelly’s Directory of Devon and Cornwall</i> (1893) lists ‘Miss Coleridge, Clovelly, Belgrave Crescent, Torquay’.

[[footnote:5]]Jane Taylor\'s poem was first printed in [[otherbook:160]<i>Original Poems, for Infant Minds</i>] (1804).

<br/>"
2830,2882,May 5th 1888,1888-05-05,"MS Winchester City Council, Historic Resources Centre LH3803.1",Torquay,"[[footnote:1]]Evidently Ellen Barlee, writer, social worker and contributor to <i>MP</i>had succeeded Anne Mackenzie as editor of the missionary journal <i>The Net</i>.  The first Anglican Bishop of Madagascar, the Rt. Rev. Robert Kestell Cornish (1824-1909), was consecrated in 1874. His brother-in-law taught at Winchester College and was a friend of CMY\'s.

<br/>"
2832,2884,June 9th [1888],1888-06-09,"MS Girton College Cambridge, Yonge IV 2",Elderfield,"[[footnote:1]]These were fees for participating in the preparation for the English Literature part of the Cambridge Local Examination.

<br/>"
2833,2885,June 14th 1888,1888-06-14,MS Charlotte Mitchell/12,Elderfield Otterbourne,
2831,2883,June 20th [1888],1888-06-20,"MS Girton College Cambridge, Yonge IV 3",Elderfield,"[[footnote:1]]The class list was for those who were following the course on English literature in preparation for the Cambridge Higher Local Examinations, see \'Notices to Correspondents\' <i>MP</i> (June 1888), 595.

[[footnote:2]]The work under discussion here was perhaps [[cmybook:202]<i>Preparation of Prayer-book Lessons</i>] (London: Smith and Innes, 1888), which was still in course of serialization in <i>MP</i>, but whose appearance in volume form was noticed in \'A Conversation on Books\' <i>MP</i> (December 1888), 590."
2834,2886,June 22d [1888],1888-06-22,MS Miss Barbara Dennis/5 ,Elderfield,"[[footnote:1]][[person:1257]Alice Misselbrook] the mistress of Otterbourne Girls\' School, married Alfred Rolfe, who taught the boys.

[[footnote:2]]An ex-pupil-teacher.

[[footnote:3]]CMY probably refers here to Eliza Stephenson, [[otherbook:1067]<i>A Double Wedding</i>] (1888).

<br/>"
2835,2887,July 3d [1888],1888-07-03,"MS Girton College Cambridge, Yonge IV 4",Elderfield,"[[footnote:1]]This play was published in Prevost\'s [[otherbook:716]<i>Terra Cotta Plays</i>] (1888).

<br/>"
2836,2888,July 24th [1888],1888-07-24,"MS Girton College Cambridge, Yonge IV 9",Elderfield,"[[footnote:1]]Neither of Miss Robertson\'s articles, nor \'Plataea\' seem to have been published in <i>MP</i>.

<br/>"
2838,2890,Sept 5th 1888,1888-09-05,MS Miss Barbara Dennis/6[[footnote:1]],Elderfield,"[[footnote:1]]Silurian envelope addressed to \'Miss Sturges Bourne/ Crookham Knole/ Farnham\' and postmarked Winchester 5 September 1888 and Farnham 6 September 1888.

[[footnote:2]]This was CMY\'s [[cmybook:198]<i>Our New Mistress, or, Changes at Brookfield Earl</i>] (London, National Society 1888).

[[footnote:3]]Alice Misselbrook, the mistress of Otterbourne Girls\' School, married Alfred Rolfe, who taught the boys.

<br/>"
2840,2892,Oct 6th 1888,1888-10-06,"MS Yale, Beinecke Library,  Osborn Files 41.21",Elderfield,"[[footnote:1]]CMY\'s correspondent had evidently complained about the advertisement in <i>MP</i> of a book by  [[person:1467]Mary Ward], whose [[otherbook:631]<i>Robert Elsmere</i>] was a novel about a clergyman\'s loss of faith. See below, letter to Innes (1 November 1888).

<br/>"
2841,2893,Oct 11th 1888,1888-10-11,MS British Library Add MSS 54921: 165-6[[footnote:1]],Elderfield Otterbourne Winchester,"[[footnote:1]]This is the only letter in the Macmillan file dated between 1887 and 1889.

[[footnote:2]] The book was eventually called [[cmybook:205]<i>A Reputed Changeling, or, Three Seventh Years Two Centuries Ago</i>] (1889).

<br/>"
2842,2894, [October 1888],1888-10-18,"MS location unknown.  Printed in [[otherbook:122]<i>Dulce Domum</i>], 301-2.",,"[[footnote:1]]She had been sent the MS of <i>Dulce Domum</i>, a memoir of the Moberlys’ life in Winchester, compiled by Annie Moberly.

[[footnote:2]]The Rev. Robert Francis Wilson (1808/9-8 Oct 1888), Vicar of Rownhams.

<br/>"
2843,2895,Nov 1st  [1888],1888-11-01,"MS Girton College Cambridge, Yonge IV 10",Elderfield,"[[footnote:1]]

<br/>"
2844,2896,Novr 5th 1888,1888-11-05,"MS Girton College Cambridge, Yonge IV 6",Elderfield,"[[footnote:1]]The copies were probably of CMY\'s [[cmybook:202]<i>Preparation of Prayer-book Lessons</i>].

[[footnote:2]]These were stories by a Smith and Innes author, [[person:1492]Evelyn Whitaker].  In \'A Conversation on Books\' (<i>MP</i> (December 1888), 590, CMY praised <i>Pen</i> and observed, \'Her style is always charming, but there were too great improbabilities in Tip Cat and Little Ann.\'

[[footnote:3]]A reader had complained that her copy of <i>MP</i> had arrived with advertisements for a novel by Mary Augusta Ward, author of the controversial novel <i>Robert Elsmere</i>.

<br/>"
2845,2897,November 23. [1888?],1888-11-23,"MS location unknown.  Printed in Coleridge, [[otherbook:40]<i>Life</i>], 326.","Elderfield, ","[[footnote:1]]Gillian and Jane are characters in CMY\'s [[cmybook:201]<i>Beechcroft at Rockstone</i>], which included several people from earlier stories, including the May family who had first appeared in [[cmybook:24]<i>The Daisy Chain</i>].

<br/>"
2847,2899,Jan 29th 1889,1889-01-29,MS British Library Add MSS 54921: 168-70,Elderfield,"[[footnote:1]]His wife Dinah (Mulock) Craik had died on 12 October 1887.

<br/>"
2848,2900,Jany 31st 1889,1889-01-31,MS British Library Add MSS 54921: 167,Elderfield,
2849,2901,Feb 19th 1889,1889-02-19,MS British Library Add MSS 54921: 171-2,Elderfield Otterbourne,"[[footnote:1]]Amy Levy, <i>Reuben Sachs: A Sketch</i> (London, Macmillan 1888), a novel about upper middle-class Jewish life in London.

<br/>"
2850,2902,Febry 21st 1889,1889-02-21,"MS Princeton University, Parrish Collection[[footnote:1]]",Elderfield  Otterbourne,"[[footnote:1]]Envelope addressed to \'C T Hiatt Esq/ Sandon/ Wellington/ Salop\' and postmarked 1889.

[[footnote:2]]This was an autograph hunter\'s trick to get a signature, see Martin Ray, \'Thomas Hardy\'s Letter to Charles Hiatt\' <i>Notes and Queries</i> 53 (2006), 338.

<br/>"
2851,2903,March 4th [1889?],1889-03-04,"MS Girton College, Cambridge",Elderfield,[[footnote:1]]This was probably in connection with the [[other:48]Winchester Diocesan Society for Higher Religious Education].<br/>
2852,2904,April 3d 1889,1889-04-03,"MS Princeton University, Parrish Collection",Elderfield Otterbourne Winchester,"[[footnote:1]]Both \'Ottavia\' <i>MP</i> 3s 14 (July 1887),  87-96,  and \'A Good Friday Procession at Grassina\'  <i>MP</i> 3s 19 (April 1890) 371-6, appeared under the name \'E.Vere\'.   They purport to be real life accounts of Italian peasantry, and the author perhaps lived in Italy.

<br/>"
2853,2905,April. 8. 1889.,1889-04-08,"MS Harry Ransom Humanities Research Center, University of Texas, Austin.","Incoporated [[other:44]Society of Authors], 4, Portugal Street, Lincoln’s Inn Fields, W. C.",
2854,2906,April 30th 1889,1889-04-30,"MS Princeton University, Parrish Collection",Elderfield  Otterbourne Winchester,"[[footnote:1]]The account in [[cmybook:53]<i>The Trial</i>] of the Ward family’s sufferings in Missisauga also appears to be much indebted to Dickens’s in [[otherbook:1077]<i>Martin Chuzzlewit</i>].  <i>The Trial</i> was also the novel, referred to here, in which the difference in social status between a physician like Dr May and a surgeon like Henry Ward is depicted.

<br/>"
2855,2907,May 22d 1889,1889-05-22,MS British Library Add MSS 54921: 173-4,Elderfield,"[[footnote:1]]Macmillan published a new edition of the complete works of [[person:816]Charles Kingsley] in 1889.

[[footnote:2]]Annotated \'yes\'.

<br/>"
2856,2908,June 10th 1889,1889-06-10,"MS John Rylands Library, Manchester, FA1/7/839a-839c",Elderfield,"[[footnote:1]]CMY had stayed with the Freemans, who lived near the former home of Hannah More and her sister Patty, in order to gather material for <i>The Cunning Woman\'s Grandson</i>.The quotation is from Isaac Watts\'s [[otherbook:1078]<i>Divine Songs for Children</i>], from the well-known hymn beginning:

\'Let dogs delight to bark and bite, 

For God hath made them so; 

Let bears and lions growl and fight, 

For \'tis their nature too.\'

[[footnote:2]]Isaac Watts\'s hymn, \'Father of Mercies\', includes the lines: \'O may these heav\'nly pages be/ My ever dear delight\'

[[footnote:3]]Inserted above, \'the dame\'.

[[footnote:4]]<i>	The History of Diligent Dick</i>, <i>Black Giles, the Poacher</i> and <i>The History of Hester Wilmot</i> were three of Hannah More\'s Cheap Repository Tracts.

[[footnote:5]]The local name for the Bristol Channel;  it gives its name to one of the prophecies of Merlin.

[[footnote:6]]CMY quotes in [[cmybook:199]<i>Hannah More</i>] (1888), 27,  her comment on seeing Sheridan\'s <i>The Rivals</i> that \'much is to be forgiven in an author of three-and-twenty\'.

<br/>"
2857,2909,June 19th 1889,1889-06-19,"MS RLF Archive, File 2311.  World Microfilms  Reel 93.",Elderfield Otterbourne Winchester,"[[footnote:1]]Arthur Llewelyn Roberts (1855-1919), Secretary of the Royal Literary Fund from 1884 to his death.

[[footnote:2]]The other letters in the file tell the distressing story of  Florence Wilford, who had suffered from mental illness intermittently since 1883 and was currently in a private asylum.  Her application was refused on the grounds ‘authorship insufficient’, which seems rather harsh since she had published sixteen books since 1858.

<br/>"
2858,2910,July 4th 1889,1889-07-04,"MS John Rylands Library, Manchester, FA1/7/840 ",Elderfield ,"[[footnote:1]]CMY had visited Freeman in Somerset to gather material about Hannah More for [[cmybook:203]<i>The Cunning Woman\'s Grandson</i>], which is the book discussed here.  He had criticized the MS.

[[footnote:2]]John Fisher (1748–1825) was bishop of Salisbury from 1807.

[[footnote:3]]The Rt. Rev. John Wordsworth was bishop of Salisbury 1885-1911. Richard Poore (d.1237) was bishop of Salisbury 1217-28 and rebuilt the cathedral.

<br/>"
2859,2911,July 11th [1889],1889-07-11,MS  Mrs Julia Birley/2,Elderfield,"[[footnote:1]]The <i>Newbery House Magazine</i> was new in 1889, and Rodwell\'s series of articles on the Psalms were advertised in the first issue, but CMY does not seem to have mentioned them in <i>MP</i>.

[[footnote:2]]The Mead, Wantage, was a house where William Butler used to stay in Wantage after he ceased to be vicar and became successively (1877) canon of Worcester and (1885) Dean of Lincoln.

<br/>"
2860,2912,July 13th1889,1889-07-13,"MS Girton College Cambridge, Yonge IV 12",,"[[footnote:1]]Agnes Giberne (1845-1939) was a prolific author of science textbooks and fiction, but she does not seemed to have contributed to <i>MP</i> at this time. 

[[footnote:2]]‘E.N. Leigh Fry’ [Ella Napier Lefroy], <i>Shreds and Patches, or, Passages from the Lives of the Molyneuxes</i> (London, W.Smith and Innes, 1890) was not serialized in <i>MP</i>.

[[footnote:3]]Grace Hussey married (1876) the Rev. Evelyn Dawsonne Heathcote (1844-1908), vicar of Sparsholt, fifth son of Sir William Heathcote.

<br/>"
2861,2913,July 27th 1889,1889-07-27,"MS Girton College Cambridge, Yonge IV 11",Elderfield,"[[footnote:2]]Frances Crompton, author of <i>Friday\'s Child</i>, was one of Innes\'s authors.

<br/>"
3536,3588,Aug 9th [1889?],1889-08-09,"MS Columbia University Library, New York:  Samuels, J.H. Collection ",Elderfield,"[[footnote:1]]The Rt. Rev. John Richardson Selwyn  (1844-1898), who became Bishop of Melanesia in 1877 and retired  to England finally in September 1891.  This letter may date however from his previous visit to England in June 1889-January 1890.  The Mrs Selwyn referred to is probably his mother, Sarah Harriet Richardson (d. 1907), widow of the Rt. Rev. George Augustus Selwyn (1809-1878), bishop of New |Zealand and then of Lichfield, though it appears that his second wife Annie Catherine (Mort) Selwyn, whom he had married in 1885. was also present.

<br/>"
3537,3589,Aug 18th [1889?],1889-08-18,MS UCLA: collection 100: box 95,Elderfield,"[[footnote:1]]The Rt. Rev. John Richardson Selwyn  (1844-1898), who became Bishop of Melanesia in 1877 and retired  to England finally in September 1891.  This letter may date however from his previous visit to England in June 1889-January 1890.  He had married his second wife Annie Catherine (Mort) Selwyn in 1885.

<br/>"
2862,2914,Aug 23d 1889,1889-08-23,"MS Girton College Cambridge, Yonge IV 13",Elderfield,"[[footnote:1]]This, <i>Shreds and Patches</i>, was a story by [[person:863]Ella Napier Lefroy], one of Innes\'s authors, which CMY had considered for [[other:52]<i>MP</i>] but did not in fact appear there."
2863,2915,Aug 31st 1889,1889-08-31,"MS John Rylands Library, Manchester, FA1/7/841",Elderfield,"[[footnote:1]]Not identified.

[[footnote:2]]CMY had been to stay with Freeman in Somerset to see the places where Hannah More had done good works, as depicted in CMY\'s [[cmybook:203]<i>The Cunning Woman\'s Grandson</i>]. Thomas Poole (1766-1837), the friend of S.T.Coleridge had also lived in the neighbourhood.  CMY had no doubt been reading Elizabeth Sandford, [[otherbook:1089]<i>Thomas Poole and His Friends</i>]  (1888).

<br/>"
3494,3546,Sept 17 [1889?],1889-09-17,MS UCLA: collection 100: box 95,Elderfield,"[[footnote:1]]The feast day of St Matthew, patron of Otterbourne Church, is 21 September, which fell on a Saturday in 1889.

<br/>"
2864,2916,Sept 18th [1889],1889-09-18,MS Plymouth and West Devon Area Record Office Acc No 308,Elderfield,"[[footnote:1]]Katharine Yonge (1863-1895), the eldest of the Rev. Duke Yonge’s children, had married (1886) Dr Adam  Steer, who took a job in Jamaica, where he was born.

[[footnote:2]]Henry Martin Gibbs (b.1850) of Barrow Court, Somerset, was the fourth son of William and Blanche Gibbs of Tyntesfield. CMY had been to Somerset, where she also stayed with the Freemans at Somerleaze, on the track of Hannah More, who had worked there and who appears in her <i>The Cunning Woman\'s Grandson</i>.

[[footnote:4]]The Rev. Henry Albany Bowles, husband of CMY\'s niece Alethea, was currently curate of St Matthew, Habergham Eaves, Burnley.

<br/>"
2866,2918,20 Sept. 1889,1889-09-20,MS UCLA collection 100 box 119/9,"From <u>Dr. MURRAY</u>, (Sunnyside, Banbury Road,) <u>OXFORD</u>,",
2865,2917,Sept 20th 1889,1889-09-20,"MS Historical Society of Pennsylvania: Gratz Collection: Case 12, Box 4: Foreign Hymn Writers ",Elderfield Otterbourne Winchester,[[footnote:1]]The library may have been the one associated with the [[other:10]Otterbourne Penny Club</i>] or that of the [[other:48]Winchester Diocesan Society for Higher Religious Education].
2867,2919,Sept 21st 1889,1889-09-21,"MS Historical Society of Pennsylvania: Gratz Collection: Case 12, Box 4: Foreign Hymn Writers ",Elderfield Otterbourne Winchester,"[[footnote:1]]The OED entry for \'clithers\' defined as \'Another name of  the plant clivers or cleavers\' includes  illustrative  quotations from both [[cmybook:15]<i>The Heir of Redclyffe</i>] and [[cmybook:17]<i>The Herb of the Field</i>], both referring to the plant as ‘cliders’.

<br/>"
2868,2920,Novr 8th [1889],1889-11-08,"MS Princeton University, Parrish Collection",Elderfield,"[[footnote:1]]Ingram was the editor of W. H. Allen\'s \'Eminent Women Series\', to which CMY had written <i>Hannah More</i>, and he seems from this letter to have also invited her to write a life of Sarah, Duchess of Marlborough (1660-1744).  She did not however do so.  W. H. Allen also published her <i>Life of H. R. H. the Prince Consort</i> (1890), which includes the quotation referred to here from [[otherbook:1012]The Life and Letters of Frances, Baroness Bunsen]. 

<br/>"
2871,2923,[December 1889],1889-12-18,MS fragment Mrs Clare Roels/72,,"[[footnote:1]]It seems likely that this is Emma (Butler) Knight and that therefore this letter (which is among Christabel Coleridge\'s papers) is to her aunt Elizabeth Barnett, to whose papers Coleridge had access while writing the biography.

[[footnote:2]]CMY refers here to Mary Coleridge and her sister Alethea Mackarness.

[[footnote:3]]Alfonso XIII (1886-1941), King of Spain, was a posthumous child who had reigned from birth.  His illness was reported in <i>The Times</i> (28 December 1889) 9b.

<br/>"
2869,2921,Decr 27th 1889,1889-12-27,MS UCLA: collection 100: box 95,Elderfield,"[[footnote:1]]The \'step-step father\' was the Rev. James Beck, Rector of Bildeston, who had married Gertrude Walter’s stepmother Caroline Walter.  Her maid was probably not [[person:2353]Ellen Foster], who seems to have died this year.  Her successor was perhaps [[person:2169] Jessie Palmer], who was at Elderfield in the 1891 census.

[[footnote:2]]These were books by Peard;  CMY had visited her cousin Jane Moore at Dover Castle.

[[footnote:3]]Mary Bramston, <i>The Apples of Sodom</i> 2 vols (London: Walter Smith, 1889).

<br/>"
2870,2922,Decr 28th 1889,1889-12-28,"MS Girton College Cambridge, Yonge IV 14",Elderfield,"[[footnote:1]]Elizabeth Jane Oswald sent CMY her <i>By Fell and Fjord, or, Scenes and Studies in Iceland</i> (Edinburgh: 1882) with a note (UCLA MS) and she also contributed to <i>MP</i> (Christmas 1889).  From this letter it appears that she was also the author of the series ‘Sketches of Old Norse Literature’ which ran in <i>MP</i> (January-December 1890).

<br/>"
3538,3590,[<i>c</i>.1890] ,1890-00-00,"MS New York Public Library, De Coursey Fales Collection/5[[footnote:1]]",,"[[footnote:1]]A tiny scrap of paper, evidently sent by hand.

[[footnote:2]]This note may relate to the photograph of CMY taken by Herbert Rose Barraud (1845-1896)  and published in his <i>Men and Women of the Day: A Portrait Gallery of Contemporaries</i> 7 vols (London: Bentley 1888-94).  It evidently dates from before the sale of Otterbourne House which was shortly followed by Julian’s death on 17 October 1891.

<br/>"
3545,3597,[1890s?],1890-00-00,"MS Bodleian Library, Oxford: English Letters: e.174 ff177",,
3558,3610,[1890s?],1890-00-00,"MS Girton College Cambridge, Yonge VIII 2",,
3513,3565,May 29th [probably 1880s or 1890s],1890-01-01,"MS Harry Ransom Humanities Research Center, University of Texas, Austin",Elderfield Otterbourne,
3095,3147,January 10 1890,1890-01-10,"MS location unknown. Printed in Coleridge, <i>[[otherbook:40]Life]</i> 311","Elderfield,","[[footnote:1]]Jane Austen (1775 -1817) lived at Chawton not far from Otterbourne, and was a close friend of the mother and aunts of Sir William Heathcote 5th Bt. (1801- 1881). The researcher was probably [[person:16]Oscar Fay Adams] (d.1919) the author of <i>The Story of Jane Austen\'s Life</i> (Chicago 1891).

[[footnote:2]]Mrs Candour is a character in Sheridan\'s play <i>The School for Scandal</i> (1777).

[[footnote:3]]This sounds like an allusion to a specific novel of the 1840s in which a good man shoots someone by accident, but we have not identified it."
3096,3148,Jany 13th 1890,1890-01-13,MS Cheltenham Ladies College 5351 Gor/1,Elderfield Otterbourne Winchester,"[[footnote:1]]Tommy Piper and Mr Makegood are characters in Dorothy Kilner, <i>The history of a great many little boys and girls, for the amusement of all good children of four and five years of age</i> (London: Marshall <i>c</i>. 1790). 

<br/>"
3115,3167,Jany 13th 18901,1890-01-13,MS Charlotte Mitchell/18,Elderfield,"[[footnote:1]]This letter obviously relates to one of the organisations in which CMY was interested, of which the [[other:23]Girls\' Friendly Society] seems the most likely."
3097,3149,"January 15, 1890.",1890-01-15,"MS location unknown. Printed in Coleridge, <i>[[otherbook:40]Life]</i> 351","Ladies\' College, Cheltenham","[[footnote:1]]The Osbornes live in Russell Square in <i>[[otherbook:627]Vanity Fair]</i> (1848), but Miss Pinkerton’s school is in Chiswick.

<br/>"
3098,3150,Jan 18th [1890],1890-01-18,MS Cheltenham Ladies College 5351 Gor/2,Elderfield,"[[footnote:1]]<i>Aunt Judy’s Magazine</i> had closed in 1885; like the <i>Monthly Packet</i>, it was vulnerable to competition from brighter and more frivolous children’s magazines such as <i>Little Folks</i> (1871-1933).

<br/>"
3099,3151,Jan 31st 1890,1890-01-31,"MS Girton College Cambridge, Yonge IV 15",Elderfield,[[footnote:1]]Edward Stanford opened a specialist map shop in 1853 which is still (2010) operating.
3606,9418,[February 1890],1890-02-00,MS location unknown. Printed in the <i>[[other:72]Girls’ Friendly Society Associates’ Journal and Advertiser]</i> (February 1890) 23.,,"[[footnote:1]]This letter is followed on the same page with a letter headed \'AN APOLOGY\' and signed \'Your penitent Reviewer\'. The author says she consulted \'two Roman Catholics, a Frenchwoman and an Italian,\' who both \'held my view\', but admits that \'as facts are \\""stubborn things,\\"" we are obviously as wrong as the authoress of the Women’s Rebellion is right.\'
"
3101,3153,Feby 7th [1890],1890-02-07,"MS Girton College Cambridge, Yonge IV 16",Elderfield,
3100,3152,[February 1890],1890-02-18,"MS location unknown.  These two fragments, which may belong to two different letters, were published in <i>[[otherbook:122]Dulce Domum]</i> 304 and 308.",,"[[footnote:1]]Mary Ann Moberly (1812-6 Feb 1890).

<br/>"
3102,3154,Feb 24 1890,1890-02-24,"MS Girton College Cambridge, Yonge IV 17",Elderfield,[[footnote:1]]<i>[[other:52]MP]</i> frequently included advertisements for charities and fund-raising events.
3607,9425,[March 1890],1890-03-00,MS location unknown. Printed in the <i>[[other:72]Girls’ Friendly Society Associates’ Journal and Advertiser]</i>  (March 1890) 42.,,
3103,3155,March 6th 1890,1890-03-06,"MS Girton College Cambridge, Yonge IV 18",Elderfield,"[[footnote:1]]<i>The Castle Builders</i> (London: Mozley 1854) had been reprinted in 1885.

[[footnote:2]]CMY had published <i>[[cmybook:28]Landmarks of History: Modern History from the Reformation to the Fall of Napoleon]</i> (1857; 6th edition, London: Smith 1882) and <i>[[cmybook:172]Landmarks of Recent History, 1770-1883]</i> (London: Smith 1883), either or perhaps even both of which may be referred to here.

[[footnote:3]]Selina Gaye does not seem to have published any such articles in <i>MP</i>.

<br/>"
3555,3607,March 8 [1890s?],1890-03-08,MS Charlotte Mitchell/27,Elderfield ,
3498,3550,March 11 [1890s?],1890-03-11,"MS Columbia University Library, New York: Ray Collection.",Elderfield Otterbourne,
3269,3321,April 1st 1890[[footnote:1]],1890-04-01,"MS  Historical Society of Pennsylvania: Gratz Collection: Case 11, Box 10:British Literary Misc",Elderfield Otterbourne Winchester,[[footnote:1]]The date could be read as 1896 but it must be 1890 because of the publication date of \'The Night Express\'.
3560,3612,April 9th [late 1890s?],1890-04-09,MS Charlotte Mitchell,Elderfield,"[[footnote:1]]Dr William England and his son Dr George England both treated CMY;  this letter might be to the wife of either;  they were both named Catherine.

[[footnote:2]]Compare To Helen Emma Yonge (27 April 1890): ‘That [[person:465]Mr. Eames] who has bought Silkstead is beginning to build a house on the Winchester road, and has put in a keeper at Silkstead who warns people off the white violets on the bank at Green Undys.’

<br/>"
3467,3519,April 15th [<i>c</i>. 1890],1890-04-15,MS BL Add 46252 f. 10-11,Elderfield  Otterbourne Winchester,"[[footnote:1]]Mary Gladstone (1847-1927), fifth child of the Prime Minister, married (1886) the Rev. Harry Drew.

<br/>[[footnote:2]]<i>Mothers in Council</i> started publication in  1891.

<br/>"
3574,7150,May 9th 1890,1890-05-09,MS Bodleian Library Benson C.5.4 3/64 fol. 98,Torquay,
3104,3156,May 17th 1890,1890-05-17,"MS Girton College Cambridge, Yonge IV 19",Elderfield,"<br/>[[footnote:2]]W.J. Butler.

<br/>"
3557,3609,May 31st [1890s],1890-05-31,MS Charlotte Mitchell,Elderfield Otterbourne,
3604,9403,"June 1st, 1890.",1890-06-01,MS location unknown. Printed in the <i>[[other:72]Girls’ Friendly Society Associates’ Journal and Advertiser]</i>  (June 1890) 103.,,"[[footnote:1]]This letter appeared on p. 87 of the June 1890 issue. The author writes of the serial ‘Mademoiselle’: \'I much regret that for the second time during a very few years, a story of French life is being published in a magazine for English girls. Thirty-three of my Members take in <i>Friendly Leaves</i>, and I hear from one of the elder ones that they do not care for it, and some will probably discontinue it. Last year, on the contrary, the magazine was looked forward to from month to month and eagerly read.\'  CMY is presumably suggesting that <i>Friendly Leaves</i> be amalgamated with <i>[[other:182]Friendly Work]</i> rather than with the <i>Associates\' Journal</i>."
3105,3157,June 2d 1890,1890-06-02,"MS Girton College Cambridge, Yonge IV 20",Elderfield,"[[footnote:1]]The letter mainly relates to the disposition of contributions to the issue of <i>[[other:52]MP]</i> for August 1890 and later months. [[person:1606]Elizabeth Missing Sewell] published \'[[otherbook:633]Thoughts on Scripture Texts\'] in the September and October 1890 issues of <i>MP</i>.  Mrs Hallett was a regular contributor, but she did not publish anything before [[otherbook:634]\'Country Society of Yesterday\'] <i>MP</i> (December 1891) 637-644.

[[footnote:2]]The Rev. Canon Charles Marcus Church (d.1915) was co-editor of the 1895 biography of his uncle,  General Sir Richard Church (1784-1873), liberator of Greece.  The Dean of St.Paul’s, the Very Rev. Richard William Church (1815-1890) was brother to Canon Church.
"
3106,3158,June 6th 1890,1890-06-06,"MS Girton College Cambridge, Yonge IV 21",Elderfield,"[[footnote:1]]‘The Grey Woman’ is a harrowing tale signed ‘A.E.D.’, which appeared in the <i>MP</i> Christmas number (1889).  Two letters in the Bodleian Library to [[person:1858]Margaret Benson] suggest she was a contributor, though neither seems to refer to this story directly.

<br/>"
3107,3159,June 7th 1890,1890-06-07,MS Miss Barbara Dennis/9,Elderfield Otterbourne Winchester,
3108,3160,June 9th1890,1890-06-09,MS British Library Add MSS 54921: 179,Elderfield,
3109,3161,June 14th 1890,1890-06-14,"MS Princeton University, Parrish Collection",Elderfield Otterbourne Winchester,
3110,3162,Aug 4th 1890,1890-08-04,MS British Library Add MSS 54921: 180-83,Elderfield,"[[footnote:1]]The Parents\' Educational Union  (later the Parents\' National Education Union) was established in Bradford in 1887 by Charlotte Mason (1842-1923).

<br/>"
3663,19829,Aug 12th 1890,1890-08-12,MS Charlotte Mitchell. ,Elderfield Otterboune,
3111,3163,Sept 9th 1890,1890-09-09,MS BL Add. 57517 ff.117,Elderfield Otterbourne,"[[footnote:1]]The Rev. John Julian (1839-1913), Vicar of Wincobank, and author of <i>[[otherbook:639]A Dictionary of Hymnology]</i> (1892).

<br/>"
3603,9398,[October 1890],1890-10-00,MS location unknown. Printed in the <i>[[other:72]Girls’ Friendly Society Associates’ Journal and Advertiser]</i>  (October 1890) 175.,,
3525,3577,Oct 9th [1890s?],1890-10-09,MS Cheltenham Ladies College 0941/188,Elderfield,
3112,3164,"October 10, 1890.",1890-10-10,"MS location unknown.  Printed in Coleridge, <i>[[otherbook:40]Life]</i> 321",Elderfield,"[[footnote:1]]Her correspondent’s sister Emma Wilford (b. 1832/3), as appears from the next letter to Florence Wilford (18 October 1890).  They lived together in Bournemouth.  A poem [[otherbook:640]‘The Treasures of the Snow: Feast of the Purification’], signed ‘W.’ appeared in <i>MP</i> (February 1891).  The feast of the Purification is 2 February, and this may well be Emma Wilford’s poem.

[[footnote:2]]The Goslings who had been remarkable for the reverse were probably [[person:1467]Mary Arnold] and [[person:17]Mildred Coleridge].  The former had, as Mrs Humphry Ward, become the author of the notorious novel [[otherbook:631]<i>Robert Elsmere</i>] (1888), about an Anglican clergyman\'s loss of faith;  the latter, who was a cousin of CMY\'s, fell in love with the unsuitable Charles Warren Adams, and after a series of acrimonious libel suits brought by him against her father and brother, married him in 1885 in a blaze of publicity, causing a family quarrel which was never made up.     Another backslider was probably [[person:887]Katie Johns], who seems to have parted from her husband and become a theosophist.

<br/>"
3113,3165,Oct 18th 1890,1890-10-18,MS University of Iowa; MsL/Y58wi  ,Elderfield,"[[footnote:1]]Perhaps the MS was[[otherbook:641] \'Limp Ladies\'], <i>MP</i> (August 1891), 186-168, which was the next article signed by Wilford to appear in the magazine.

[[footnote:2]]Her correspondent’s sister Emma Wilford (b. 1832/3).  A poem [[otherbook:640]‘The Treasures of the Snow: Feast of the Purification’], signed ‘W.’ appeared in <i>MP</i> (February 1891).  (The feast of the Purification is 2 February.)"
3602,9389,[November 1890],1890-11-00,MS location unknown. Printed in the <i>[[other:72]Girls’ Friendly Society Associates’ Journal and Advertiser]</i> (November 1890) 188.,,
3666,19852,[4 November 1890],1890-11-04,MS Charlotte Mitchell. ,,[[footnote:1]]A postcard addressed to \'Mrs Lynch/ West End Hotel/ San Remo/ Italy\' and postmarked Winchester 4 November 1890. [[person:2437]Mrs Lynch] may be the E. M. Lynch who had previously contributed to <i>MP</i>.
3130,3182,[1891],1891-00-00,"MS location unknown.  Printed in Romanes, [[otherbook:241]<i>Appreciation</i>], 192",,"[[footnote:1]]John Henry Newman.  CMY refers here to [[otherbook:649]<i>Letters and Correspondence of J. H. Newman during his Life in the English Church</i>] ed. Anne Mozley 2 volumes (1891) [1890].

[[footnote:2]]Richard Hurrell Froude (1803-1836), friend of Newman and Keble, died young of tuberculosis.  His [[otherbook:98]<i>Remains</i>] 4 vols (1837, 1839) influenced the development of the Oxford Movement.

<br/>"
3131,3183,[1891],1891-00-00,"MS location unknown. Printed in Romanes, <i>[[otherbook:241]Appreciation]</i>.",[Salisbury],"[[footnote:1]]The Rev. R. W. Church, <i>The Oxford Movement:  Twelve Years, 1833 -1845</i>  (London, Macmillan 1891), was long the dominant reading of the events of the Tractarian period, an eloquent and personal testimony. By \'the Cardinal\' CMY means Anne Mozley\'s recent [[otherbook:649]edition] of Newman\'s early letters.

[[footnote:2]]Church\'s account criticises the authorities of the University of Oxford for their treatment of Newman, arguing that a more sympathetic approach might have prevented his secession to Rome.

[[footnote:3]]Church describes the Rev. Charles Marriott (1811-1858), who had been a pupil of Dr Moberly\'s, but it is slightly puzzling that CMY refers to him by his Christian name.

<br/>"
3114,3166,Jany 13th 1891,1891-01-13,"MS Girton College Cambridge, Yonge IV 22",Elderfield,"[[footnote:1]]CMY was related to the Crawley Boeveys through her paternal grandmother Catharina Crawley.  Sybella Crawley Boevey (d. 1911), daughter of CMY’s second cousin Sir Thomas Crawley-Boevey, 4th Bt., had contributed [[otherbook:642]\'A Love picture in three strokes\'] <i>MP</i> (Christmas 1890), 234-45.

<br/>"
3116,3168,Jan 15th 1891,1891-01-15,"MS Girton College Cambridge, Yonge IV 23",Elderfield,[[footnote:1]]This statement of the way the finances of the [[other:52]<i>MP</i>] worked in the 1880s and 1890s is interesting.  Innes is evidently unwilling to pay the extra £10.
3117,3169,January 15th [1891],1891-01-15,MS Charlotte Mitchell/15[[footnote:1]],Elderfield,"[[footnote:1]]With envelope addressed to The Revd M G Watkins/ Kentchurch Rectory/Hereford and postmarked Winchester 15 January 1891 and Pontrilas 16 January 1891.

<br/>"
3118,3170,Janry 26—1891,1891-01-26,MS UCLA collection 100 box 119/6,"The Edge, Tooting Common.",
3119,3171,May 9th 1891,1891-05-09,MS Pusey House WOOD 5/4/1[[footnote:1]],Elderfield Otterbourne Winchester,"[[footnote:1]]With envelope addressed to Miss H. A. Woodgate/Crowthorne/ Wokingham and postmarked illegibly.

[[footnote:2]]The Rev. Thomas Kelly Cheyne (1841-1915), Oriel Professor of the Interpretation of Scripture at Oxford (1885-1908).  A.S. Peake in the supplement (1927) to the original DNB observed darkly that his ‘theological position became in his later years more and more indefinite . . .It may . .  be questioned whether at the end he could be regarded as a Christian in any tenable sense of that elastic term . .’

<br/>"
3120,3172,June 1st 1891,1891-06-01,MS Charlotte Mitchell/11,Elderfield Otterbourne,"[[footnote:1]]Perhaps Mary Christiana Robins, wife of the Very Rev. George David Boyle (1828-1901), dean of Salisbury 1880-1901.

<br/>"
3121,3173,June 17th. [1891][[footnote:2]],1891-06-17,MS UCLA collection 100 box 119/1[[footnote:1]],11 Bexley Terrace Torquay,"[[footnote:1]]Black-edged paper.

[[footnote:2]]‘The China Cupboard’ <i>MP</i> (1 January 1891) 108,  announced a competition for prize stories to be published in the extra Christmas number, on the subject of ‘A rolling stone gathers no moss’, the deadline for entries being 31 July 1891.

<br/>"
3122,3174,June 22d 1891,1891-06-22,"MS Girton College Cambridge, Yonge IV 24",Elderfield,"[[footnote:1]]In 1890 a new series of the <i>Monthly Packet</i> began, jointly edited by CMY and Christabel Coleridge. In 1893 CMY retired from the editorship and it appeared in 1894 as ‘edited by Christabel R. Coleridge and Arthur Innes’.

<br/>"
3515,3567,June 24th [after 1890[[footnote:1]]],1891-06-24,"MS Harry Ransom Humanities Research Center, University of Texas, Austin",Elderfield,"[[footnote:1]]The Rev. Edwards Sewell, Warden of New College, Oxford, lived with his sister Janetta until the latter’s death in July 1890.

[[footnote:2]]CMY\'s correspondent, probably Mary Anderson Morshead, evidently solicits entry to New College, Oxford, and its archives.  As a former fellow of New College and a schoolmaster at Winchester, Morshead would have had the necessary connections.

<br/>"
3123,3175,July 16th 1891,1891-07-16,"MS Princeton University, Parrish Collection",Elderfield,"[[footnote:1]]Sister Florence was no doubt attached to the [[other:219]Community of St. Michael and All Angels], Bloemfontein, and her article was perhaps ‘Esperanza’, [[otherbook:646]‘A Christmas Eve in South Africa’] <i>MP</i> (Christmas 1891) 657-660.<br/>"
3124,3176,July 20th 1891,1891-07-20,"MS Girton College Cambridge, Yonge IV 25",Elderfield,"[[footnote:1]]The question was the selection of stories for the Christmas 1891 number of the [[other:52]<i>MP</i>].  \'Archaeological Moss\' must have been sacrificed, as it does not appear.

[[footnote:2]]Either because of the story\'s merits or because its author, [[person:762]Amabel Jenner], was the niece of the <i>MP</i>\'s subeditor [[person:512]Marion Finlaison]."
3549,3601,Aug 10th [1891-1893],1891-08-10,MS UCLA: collection 100: box 95,,"[[footnote:1]]Joint editorship of the <i>MP</i> began in July 1891. CMY retired from the editorship in December 1893.

<br/>"
3125,3177,Aug 11th [1891],1891-08-11,MS Charlotte Mitchell,Elderfield,"[[footnote:1]]Perhaps a birthday card? 11 August was CMY’s birthday.

[[footnote:2]]JBY died on 17 October 1891.

[[footnote:3]]The two eldest children of CMY’s niece Alethea were [[person:183]Cicely] and [[person:189]Reginald Bowles], who were christened in February 1890 and July 1891 respectively.

[[footnote:4]]The Hon. Jane Colborne  (1826/7-1919)  married (1857) General  Alexander George Montgomery Moore (1833-1919), cr. KCB 1900, who was governor of Dover Castle  While staying with them at Dover Castle CMY conceived the idea of her novel [[cmybook:214]<i>The Constable’s Tower, or, The Times of Magna Carta</i>] (1891), which she is discussing here.

<br/>"
3556,3608,Aug 20th [1891-3],1891-08-20,"MS Rosemary, Viscountess Chaplin",Elderfield Otterbourne,"[[footnote:1]]‘The Cardioscope’ was a series in <i>MP</i> (July-November 1851).  The idea was that an instrument could test the feelings of the human heart as a stethoscope does.  There is a volume of poems, 1887, by Agnes Cox. CMY is evidently being asked to cast a vote in favour of Anne Fay for admission to some hospital or almshouse.  There is a probable contributor called [[person:375]Harriet Lucy Cox] (b. Waddesdon 1825/6) who later married the Rev. Arthur Baker (1817-1868) and transcribed books into Braille;  it is possible that she may have been the author of ‘The Cardioscope’, and a relation of this Miss Cox.

<br/>"
3126,3178,Sept 3 1891,1891-09-03,"MS Girton College Cambridge, Yonge IV 26",Elderfield,"[[footnote:1]]<i>The Castle Builders</i> (1854), <i>Six Cushions</i> (1867) and <i>Questions on the Epistles</i> (1874) were first published by J. & C. Mozley.  The rights to them would have passed to W. Smith when he took over the Mozley business. <i>Sewing and Sowing</i> and <i>Langley Little Ones</i> were both published by Smith in 1882. On 1 July 1892 CMY signed an agreement with A.D. Innes & Co. with two lists of books, one listing those to be republished only at the author’s expense with the publisher to receive 10%, and the other listing the royalties to be paid on each to the author by the publisher. <i>Six Cushions</i> doesn’t appear on either list (probably an oversight) but of the rest only <i>Questions on the Epistles</i> is on the second list. MS BL: Add.54921/198-200 is a typed copy she sent to Macmillan.

<br/>"
3127,3179,[6 October 1891],1891-10-06,"MS Bodleian Library, Oxford: MS English Letters: e 86. [[footnote:1]]",,"[[footnote:1]]Envelope addressed to ‘The Revd/ J F Moor/Ampfield Vicarage/Romsey. Postmarked Winchester Oc 6/91. ‘Miss Yonge’s autograph’ written in another hand across the top.

<br/>"
3152,3204,"October 10, 1891[[footnote:1]]",1891-10-10,"MS location unknown.  Printed in Coleridge, <i>[[otherbook:40]Life]</i> 335",Elderfield,"[[footnote:1]]Coleridge dates the letter 1892, but public records confirm that Julian died on 17 October 1891.

[[footnote:2]]Otterbourne House had been sold and Julian and his family moved to 70 Kensington Gardens Square, where he almost immediately died.

[[footnote:3]]George and Lucy Yonge lived at Stoke Lodge, Bishopstoke, which was near enough to accommodate anyone attending Julian’s funeral.

<br/>"
3128,3180,Novr 19th 1891,1891-11-19,MS Cheltenham Ladies College 0940/279[[footnote:2]],Elderfield Otterbourne Winchester,"[[footnote:1]]Black-edged paper.

[[footnote:2]]William John Woollcombe (1832-1921) was married to CMY’s first cousin Anne Catharina Pode (d. 1913) and was brother to  Major Robert Woollcombe, the husband of Mary Walter.  However, there were seven brothers, and this letter could equally well be to the Rev. George Ley Woollcombe (1828-1902),  Edward Woollcombe (1842-1914) or Richard Woollcombe (1847-1936).


"
3129,3181,Decr 14th 1891,1891-12-14,MS Hampshire Record Office 9M55F56/1[[footnote:2]],Elderfield,"[[footnote:1]]Penelope Packe and her sister Laura had been brought up by Anne Sturges Bourne (1809-9 December 1891) who had just died.  CMY had evidently written an obituary for a weekly newpaper, possibly the [[other:75]<i>Guardian</i>].

<br/>[[footnote:2]]Black-edged paper.

<br/>"
3534,3586,[1892/3?],1892-00-00,MS Miss Sarah Jardine-Willoughby,,
3523,3575,[after 1892],1892-00-00,MS Charlotte Mitchell/20[[footnote:1]],70 Kensington Gardens Square,"[[footnote:1]]Black-edged paper.

<br/>"
3620,18956,[1892],1892-01-01,"MS location unknown.  This excerpt quoted in March-Phillipps, [[otherbook:1115]<i>Lanoe Falconer</i>] (1915), 184.",,"[[footnote:1]]The letter concerns the publication of Hawker\'s story [[otherbook:1114]\'Kismet!\'] in <i>MP</i> (November 1892), which appeared with a note from the editor warning against marriage to an Italian. Hawker\'s biographer [[person:955]Evelyn March-Phillipps] explains, 183-4, the context:  



It is impossible to help smiling, as Marie must have done herself, over a passage with Miss Yonge.  In spite of the opinion of the author of the <i>Heir of Redclyffe</i> that it was \'a pity that so fine a book as <i>Cecilia de Noël</i> should be injured by the entire absence of Christianity\', Marie had been pressed to contribute a story to the Christmas number of the <i>Monthly Packet</i>, Miss Yonge\'s special organ.  The story turns on the happy marriage of an English girl with an Italian nobleman, an innocent subject it would appear on the surface, but Miss Yonge, who did not always include a sense of humour among her other distinguished attributes, sets for the difficulties arising.



March-Phillipps goes on to quote part of a letter from Hawker to [[person:329]Christabel Coleridge]:  



If Miss Yonge would only carry out her views as to what ought to be the end of the story as explained in her letter to me . . it would make an entertaining paragraph.  . . . I have never met anybody with so high-pitched a standard.
"
3132,3184,Jan 1st 1892,1892-01-01,"MS Princeton University, Parrish Collection",Elderfield Otterbourne Winchester,"[[footnote:1]]CMY is evidently writing to someone who is not a stranger to her from outside the diocese of Winchester. A possible candidate is the Rev. [[person:2107]William Emery] (1825-1910), Archdeacon of Ely, who was interested in schools, and whom CMY knew because he was involved in the Church Congresses.

<br/>"
3133,3185,January 1 [1892],1892-01-01,"MS Girton College Cambridge, Yonge IV 1","Elderfield, Otterbourne","[[footnote:1]]The section of CMY’s long-running series [[cmybook:249]\'Cameos from English History’] dealing with the colonization of Georgia in the 1730s was published in <i>MP</i> (February 1892).  The March and April issues dealt with the War of Jenkins’ Ear and the May issue with the War of the Austrian Succession, in which Frederick the Great was involved.

<br/>"
3134,3186,Jan 2d 1892,1892-01-02,MS Princeton University Parrish Collection,Elderfield Otterbourne Winchester,
3135,3187,Jan. 13th 1892,1892-01-13,"MS Harry Ransom Humanities Resource Center, University of Texas at Austin",Elderfield,
3161,3213,Jan 25th 1892 [1893],1892-01-25,MS British Library  Add MSS 54921: 188-9,Elderfield Otterbourne,[[footnote:1]]The story of Sir Gawain and the Loathly Lady occurs in many versions of which the best known is perhaps Chaucer\'s \'Wife of Bath\'s Tale\'.
3136,3188,Jan 30th 1892,1892-01-30,MS Charlotte Mitchell/24[[footnote:1]],Elderfield Otterbourne,"[[footnote:1]]Black-edged paper.

<br/>"
3137,3189,Feb 6th 1892,1892-02-06,"MS Girton College Cambridge, Yonge IV 28[[footnote:1]]",Elderfield,"[[footnote:1]]Black-edged paper.

[[footnote:2]]This relates to the prize for the best story in the Christmas 1891 number of the [[other:52]<i>MP</i>].  Readers were asked to vote for their favourite."
3138,3190,Feb 11th [1892],1892-02-11,MS UCLA: collection 100: box 95[[footnote:1]],Elderfield,"[[footnote:1]]Black-edged paper.

[[footnote:2]]Cherry is the hero of Coleridge\'s novel [[otherbook:902]<i>An English Squire</i>] (1881). Her novel <i>Amethyst: The Story of a Beauty</i> (1891), was favourably reviewed by Mary Bramston in <i>MP</i> (December 1891) 706.

[[footnote:3]]Innes wanted the [[other:52]<i>MP</i>] to be more modern and popular, and instituted innovations which alarmed CMY."
3139,3191,Feb 12th 1892,1892-02-12,"MS Princeton University, Parrish Collection[[footnote:1]]",Elderfield  Otterbourne  Winchester,"[[footnote:1]]Black-edged paper.

[[footnote:2]]Canon Duncan was the secretary of the [[other:32]National Society] which published stories  for children."
3619,18948,[<i>c.</i> 1892-4],1892-03-01,"MS location unknown.  Extract and summaries in J. E. Vaux <i>Church Folk Lore</i> 2nd edition (1902), 334, 341, 352.","[Elderfield] Otterbourne, Winchester","[[footnote:1]]Vaux had written to <i>MP</i> (March 1880), 309, soliciting information on local church practices, and it is possible that CMY had responded to him at that point.  However, the information she provided was not published in the first edition of his <i>Church Folklore; A Record of some Post-Reformation Usages in the English Church, now mostly Obsolete</i> (London: Griffith Farran, 1894).  A second edition, <i>Church Folk Lore . . . Revised and Greatly Enlarged</i> (London: Skeffington, 1902), does however quote her in three places. (Note that the first edition has \'Folklore\', the second \'Folk Lore\' in the title.)  It has been assumed that she wrote him only one letter, and that it post-dated the appearance in the <i>Newbery House Magazine</i>, from early 1892, of articles on which the first edition was based.  The full text of Vaux\'s allusions is as follows:



\'Miss C. M. Yonge, writing from Otterbourne, Winchester, told me that in that part of Hampshire blacksmiths explode gunpowder on their anvils on St Clement\'s Day (November 23).  She has heard the reports when at Otterbourne, and more recently at Hursley, but the custom is pretty nearly given up.\' [334]



\'The late Miss C. M. Yonge gave me a curious experience of her own, which would seem to point to a more decent and reverend method of conducting divine service than might have been expected.  She said that in her early days the people at a church which she attended \\""made the responses in a full, harmonious cadence as if it were the tradition of a chant.\\""  This was in a church very old and dilapidated, with a service only once on a Sunday, and no resident clergyman.\' [341]



\'Miss C. M. Yonge told me she remembered that when she was quite a child, the church at Otterbourne, Winchester, to have [<i>sic</i> been decorated with greenery at Easter and Whitsun Tide, as well as at Christmas.\' [352]







 "
3140,3192,March 4th 1892,1892-03-04,"MS Girton College Cambridge, Yonge VIII 7[[footnote:1]]  ",Elderfield,"[[footnote:1]]Black-edged paper.

<br/>"
3141,3193,March 8th 1892,1892-03-08,MS Charlotte Mitchell/21,Elderfield Otterbourne Winchester,"[[footnote:1]]If the article was indeed inserted in the July 1892 issue of <i>MP</i> it must have been one of two contributions to the series [[otherbook:665]\'Work and Workers. By the Actual Workers\'], either \'Women as Librarians\' by L.M.H.C, one of the librarians of the People\'s Palace, or \'Elementary School Teaching\', signed C. H.."
3559,3611,March 11th [1892-1893?][[footnote:1]],1892-03-11,MS Charlotte Mitchell/25,Elderfield Otterbourne,"[[footnote:1]]‘Coadjutors’ presumably means [[person:744]A.D. Innes] and [[person:329]Christabel Coleridge], and suggests the letter dates from about 1893.

<br/>"
3143,3195,[April 1892[[footnote:1]]],1892-04-18,"MS location unknown.  Printed in Coleridge, <i>[[otherbook:40]Life]</i> 336",,"[[footnote:1]]Dated from the reference to the departure of the Rev. Henry Brock in 1892. The \'poor old fellow\' was a dog named Graf.

<br/>"
3142,3194,April 27 [1892[[footnote:1]]].,1892-04-27,"MS location unknown.  Printed in Coleridge, <i>[[otherbook:40]Life]</i> 336",Elderfield,"[[footnote:1]]Dated from the reference to the departure of the Rev. Henry Brock in 1892.

[[footnote:2]]Edward Eames (b. 1849/50), auctioneer and surveyor,  bought Silkstead Priors in Compton parish and was living there at the time of the 1901 census.

<br/>"
3144,3196,May 7th 1892,1892-05-07,MS Charlotte Mitchell/19,Elderfield Otterbourne Winchester,
3145,3197,7 June 1892,1892-06-07,"MS location unknown.  Printed in Coleridge, <i>[[otherbook:40]Life]</i> pp. 312-313","Elderfield, ","[[footnote:1]]Chaloner William Chute (d. 30 May 1892), of the Vyne, Sherborne St. John, Hampshire.  Emily (Moberly) Awdry (1844-1921) was married to the Rev. William Awdry (1842-1910), Vicar of Amport.

[[footnote:2]]The Rev. Henry Walter Brock (1849-1919), Vicar of Otterbourne, resigned the living in 1892 to succeed his father, the Very Rev. Carey Brock (1824-1892), dean of Guernsey, as Rector of St Pierre-du-Bois.

[[footnote:3]]CMY had evidently been reading Anne Mozley\'s <i>Essays from Blackwood</i> (1892). Elizabeth Barnett may have been referring to two other volumes of essays by Mozley published anonymously by Blackwood in 1865: [[otherbook:797]<i>Essays on Social Subjects from the Saturday Review</i>]."
3146,3198,June 11th 1892,1892-06-11,MS UCLA: collection 100: box 95[[footnote:1]],Elderfield Otterbourne,"[[footnote:1]]Black-edged paper.

[[footnote:2]]We have not identified the book, nor the place in which Palgrave had written about the Casket Letters of Mary Queen of Scots. "
3147,3199,July 10th 1892,1892-07-10,"MS Girton College Cambridge, Yonge XIV 2",Elderfield Otterbourne Winchester,
3526,3578,[11 July 1892],1892-07-11,MS Charlotte Mitchell/33[[footnote:1]],,"[[footnote:1]]With envelope addressed to Mrs Trebeck/ Southwell/ Notts and postmarked Winchester 11 July 1892. Mary Trebeck edited <i>The Blue Birthday Book:  Proverbs, Maxims and Quotations for Every Day of the Year</i>  (London: Gardner, Darton 1898).

<br/>"
3148,3200,July 24 [1892],1892-07-24,MS UCLA: collection 100: box 95[[footnote:2]],Elderfield,"[[footnote:2]]Black-edged paper.

[[footnote:2]]Hannah (Rogers) Carey (b. 1838/9) was the widow of CMY’s cousin James Arthur Yonge (1822-1864), and lived at Botley, Hants. with her second husband Charles Egerton Carey. She had evidently written to congratulate CMY on the fact that the new Vicar of Otterbourne was the Rev. Henry Bowles, who was married to her niece Alethea Yonge.



<br/>"
3589,7909,Sept 8th 1892,1892-09-08,"MS Women’s Library, London Metropolitan University,  7MHE/3/1",Elderfield Otterbourne Winchester,
3149,3201,Sept 10th 1892,1892-09-10,"MS Mrs Caroline Fairclough/28		",Elderfield,"[[footnote:1]]Arthur Butler, having spent seventeen years in the Education Department (1870-1887), left to join the publishers Rivingtons in 1887, and, after it was sold, became  (November 1891- June 1894) Chief Editor at Cassell’s,  which published books and periodicals including <i>The Quiver, Cassell’s Saturday Journal, Cassell’s Magazine,  Chums</i> and others.  It sounds from this and the following letter as if CMY had written a [[cmybook:350]historical article] or book (three weeks, even for her, sounds not much for a whole book) published by Cassells.

<br/>"
3150,3202,Sept 19th 1892,1892-09-19,MS Mrs Caroline Fairclough/29,Elderfield,"[[footnote:1]]This presumably refers to an [[cmybook:350]article] on French history she had written for one of the journals published by [[other:216]Cassell], for whom Butler worked.



[[footnote:2]]The Butlers had six daughters and one son, William Martin Butler.  It was presumably the latter who was being sent to school

<br/>"
3151,3203,Sept 20 1892,1892-09-20,"MS Bodleian Library, Oxford: MSS. Autogr. c.25 ff 265 ",Elderfield Otterbourne Winchester,
3548,3600,Oct 6th [1892-1898],1892-10-06,MS UCLA: collection 100: box 95,Elderfield Otterbourne,"[[footnote:1]]The question was evidently which were the earliest of the linked stories.  Innes reprinted <i>Countess Kate</i> in 1892 and <i>The Castle-Builders</i> in 1896.

<br/>"
3153,3205,Novr 4th 1892,1892-11-04,MS UCLA: collection 100: box 95,Elderfield,"[[footnote:1]]The first contribution to <i>[[other:82]Mothers in Council]</i> by Lady Frederick Bruce seems to be ‘Manners and Customs of the Nineteenth Century’ <i>Mothers in Council</i> 5 (January 1895) 2-10, which may be the article referred to.  She was active in the work of the Mothers’ Union in the diocese of Salisbury.

[[footnote:2]]This was <i>[[cmybook:237]The Long Vacation]</i>."
3154,3206,Novr 9th 1892,1892-11-09,"MS Girton College Cambridge, Yonge IV 27",Elderfield,
3601,9379,[December 1892],1892-12-00,MS location unknown. Printed in the <i>[[other:72]Girls’ Friendly Society Associates’ Journal and Advertiser]</i> (December 1892) 221.,,
3156,3208,Decr 15th 1892,1892-12-15,"MS Harvard University, Houghton Library",Elderfield Otterbourne Winchester,"[[footnote:1]]Oscar Fay Adams (1855-1919), American writer, contributed four articles on American subjects to <i>[[other:52]MP]</i> in 1893-4.  He had first approached CMY when researching his biography of Jane Austen in the Winchester area.

<br/>"
3157,3209,Decr 22d [1892?],1892-12-22,"MS Girton College Cambridge, Yonge IV 5",Elderfield Otterbourne,"[[footnote:1]]The falling circulation of <i>MP</i> had led to attempts to make it more up-to-date, and to CMY\'s sharing the editorship with Christabel Coleridge.

[[footnote:2]]<i>An Old Woman’s Outlook in a Country Village</i> (London: Macmillan 1892).  Presumably Innes felt that as the sketches had been serialized in <i>MP</i> CMY ought to have offered him the option of publishing them.

<br/>"
3540,3592,[dated by Coleridge after 1893],1893-00-00,"MS location unknown.  Printed in Coleridge, <i>[[otherbook:40]Life]</i> p. 325-326",,
3158,3210,Jan 10th 1893,1893-01-10,"MS Bodleian Library, Oxford: MS Acland d.175.ff 178-9 ",Elderfield Otterbourne Winchester,"[[footnote:1]]The article does not seem to have been published.

<br/>"
3159,3211,Jan 15th 1893,1893-01-15,MS British Library  Add MSS 54921: 190,Elderfield Otterbourne Winchester,"[[footnote:1]]See the letter to Alice May Gordon (6 May 1894) about CMY’s loan of her books for the exhibition in Chicago. Alice Gordon had written to the Editor of <i>The Times</i> (5 January 1893): \'A library has been built in the Women\'s Building of the Chicago Exhibition, in which the best books written by women of all nations are to be exhibited.  We are anxious that English women\'s writings should be well represented.  A committee has been formed consisting of Miss Agnes Clerke, Mrs. W. K. Clifford, Mrs. Green, Miss Kingsley, Mrs. Humphry Ward, Miss Charlotte Yonge, and Mrs. J.E. H. Gordon, to collect a representative library.\' She asked for the gift or loan of books or MSS.

<br/>"
3160,3212,Jany 17th 1893,1893-01-17,MS British Library  Add MSS 54921: 191-2,Elderfield,[[footnote:1]]This means \'consent to the terms proposed for the volume publication of [[cmybook:229]<i>Strolling Players</i>]\' which they had written together and which had been coming out in [[other:52]<i>MP</i>].
3162,3214,Feb 1st 1893,1893-02-01,MS British Library  Add MSS 54921: 193-4,Elderfield Otterbourne,"[[footnote:1]]Walter Scott, [[otherbook:247]<i>Marmion</i>] (1808) 6, 618-9: ‘I do not rhyme to that dull elf,/ Who cannot image to himself . . ‘

<br/>"
3163,3215,Feb 23rd 1893,1893-02-23,MS Lambeth Palace Library 2343 f.191-3,Elderfield Otterbourne Winchester,"[[footnote:1]]John Athelstan Laurie Riley (1858-1945), Vice-President of the Church Union, member of the London School Board 1891-7.

[[footnote:2]]The letter refers to Mary Elizabeth Sumner’s article ‘A Great Panacea’ <i>Mothers in Council</i> 3 (January 1893) 2-15, about the necessity for a religious element in compulsory education, of which she had no doubt sent Riley a copy.

[[footnote:3]]In fact there appeared another article by Mary Sumner, ‘Incomplete and Inadequate Religious Teaching’ <i>Mothers in Council</i> 3 (April 1893) 74-82.

<br/>"
3164,3216,February 27 [1893],1893-02-27,"MS location unknown.  Printed in Coleridge, <i>[[otherbook:40]Life]</i> 327","Elderfield, Otterbourne, Winchester","[[footnote:1]]Evidently Margaret Bruce was due to submit a report to [[other:82]<i>Mothers in Council</i>]

[[footnote:2]]The May family appear in [[cmybook:24]<i>The Daisy Chain</i>] and its sequels; Bexley is the setting of [[cmybook:109]<i>The Pillars of the House</i>] and its sequels.  Rock Quay is resorted to by many of CMY\'s characters and is the setting of [[cmybook:201]<i>Beechcroft at Rockstone</i>].

[[footnote:3]]The sense of this is that [[person:329]Christabel Coleridge] and [[person:744]A.D. Innes], now editing <i>MP</i>, will not allow her space in it to serialize [[cmybook:237]<i>The Long Vacation</i>] (London: Macmillan 1895).

[[footnote:4]]The books referred to here are [[cmybook:227]<i>The Treasures in the Marshes</i>] (London: National Society 1893) and [[cmybook:232]<i>Chimes for the Mothers</i>] (London: Wells, Gardner 1893)."
3165,3217,March 25th [1893],1893-03-25,"MS Princeton University, Parrish Collection",Elderfield  Otterbourne  Winchester,"[[footnote:1]]The recipient of this letter was evidently a member of the Wilcox family of Whitburn, cousins of Lewis Carroll, whom CMY had met through her friendship with the Collinson and Harrison families.  <i>Grisly Grisell</i> is set in Whitburn, and the book was probably a local history.  [[person:1517]Margaret Wilcox] was dead, and this letter was perhaps addressed to her younger sister Isabella, who was still living in Whitburn at the time of the 1891 census."
3166,3218,April 21st [1893],1893-04-21,MS Lambeth Palace Library  2344 f 176,Elderfield Otterbourne Winchester,"[[footnote:1]]Riley was probably trying to raise money for some charitable purpose.

[[footnote:2]]Henry Hucks Gibbs (1819-1907) was MP for the City of London 1891-2, which dates the letter.

<br/>"
3167,3219,April 29th 1893   ,1893-04-29,"MS Bodleian Library, Oxford: Autogr. c.25 ff 266-7 ",Elderfield   ,"[[footnote:1]]Anne Norgate (1876-1896), daughter of William Norgate (b. Tichbourne Hants 1832/3), agricultural labourer. She is listed as blind in the 1891 census.

<br/>"
3168,3220,May 9th 1893,1893-05-09,"MS Princeton University, Parrish Collection","Clovelly, Belgian Crescent Torquay","[[footnote:1]]The Rt. Rev. Anthony Wilson Thorold (1825–1895) was bishop of Winchester 1890-1895.

<br/>[[footnote:2]]Isbister published <i>Good Words</i>.

<br/>"
3169,3221," the 2d of June,  1893",1893-06-02,MS UCLA collection 100 box 119,"Leipzig,",
3542,3594,June 2 [1893?],1893-06-02,MS Mrs Clare Roels/112,Elderfield,"[[footnote:1]]The cook at Elderfield during the 1891 census was Elizabeth Savage (b. Eling 1836/7), but she does not seem to have been one of the Collins grandchildren, so this letter probably dates from some years later.

<br/>"
3170,3222,June 17th 1893,1893-06-17,MS UCLA: collection 100: box 95[[footnote:1]],Elderfield Otterbourne Winchester,"[[footnote:1]]On the other side of the card is pasted a photograph cut from a newspaper or magazine, captioned ‘Miss Charlotte M. Yonge. From a photograph by Messrs. Elliot & Fry, 55, Baker Street, W.’.

<br/>"
3517,3569,June 18th [?1893[[footnote:1]]],1893-06-18,"MS Harry Ransom Humanities Research Center, University of Texas, Austin",Elderfield,"[[footnote:1]]Dated on the assumption that it post-dates Frances Yonge’s move to 70 Kensington Gardens Square in 1892.

<br/>"
3171,3223,"Edinburgh, 1st.July 1893",1893-07-01,MS UCLA collection 100 box 119/2,"MUSEUM OF SCIENCE AND ART,",
3172,3224,July 28th [1893?],1893-07-28,MS West Devon Area Record Office Acc No 308,Elderfield,"[[footnote:1]]Mary\'s brother Edmund Charles Yonge (1827-1847).  Charles Wordsworth (1806-1892), a master at Winchester before he became Bishop of St Andrews, had published <i>Christian Boyhood at a Public School: A Collection of Sermons and Lectures Delivered at Winchester College</i>  2 vols (London: Francis 1846).

[[footnote:2]]Mary’s nephews.  Geoffrey Yonge (1867-1893) had perhaps come down to Domum as an old boy of Winchester College;  Edmund Anderson Morshead (1849-1912) was a master there.

[[footnote:3]]The most likely Mrs F. Yonge seems to be Mary (Jones) Yonge, the indigent widow of Dr John Francis Duke Yonge (1814-1879), son of CMY’s uncle the Rev. Duke Yonge, Vicar of Antony.  Colonel Oldfield was the stepson of his sister Delia (Yonge) Oldfield (1807-1864).  However, the reference to \'Morgan\' is obscure. 

<br/>"
3639,19450,[8 August 1893],1893-08-08," MS British Library Add.54921/198-200. Enclosed with1899 letter from CMY to George Macmillan, MS British Library Add MSS 54921: 254[[footnote:1]]","Elderfield, Otterbourne, Winchester.","[[footnote:1]]Another copy with corrections is MS BL Add 54921/202-4.

[[footnote:2]]This is the publishing arrangement referred to in other letters as \\""on commission\\"".
"
3173,3225,Aug 8th 1893,1893-08-08,MS British Library  Add MSS 54921: 196-7[[footnote:1]],Elderfield Otterbourne,"[[footnote:1]][[other:160]‘Royalty of 5 per cent’] is written in another hand at the top.

<br/>"
3174,3226,Aug 11th 1893,1893-08-11,MS Charlotte Mitchell/10[[footnote:1]],Elderfield,"[[footnote:1]]Endorsed in pencil ‘Letter to Bishop John Selwyn whose mother was the original of “Meta”, given to me by M. E. Fry.  ISIB’.  Meta Rivers marries Norman May in [[cmybook:24]<i>The Daisy Chain</i>] and goes to New Zealand with him; in [[cmybook:53]<i>The Trial</i>] their son Dickie May comes back to school in England to live with his aunt Ethel.  Mrs Selwyn’s reputation for bright spirits and efficiency in support of her husband George Selwyn resemble the character of Meta, and as a small boy John Richardson Selwyn had been sent back to England.

[[footnote:2]]This may be ‘Raby’ who is several times referred to, and was perhaps a nurse in Winchester.

[[footnote:3]]The report of the [[other:30]Melanesian Mission]."
3175,3227,Aug 17th 1893,1893-08-17,"MS Girton College Cambridge, Yonge VII 4",The Close Salisbury,"[[footnote:1]]The celebration of her 70th birthday described by Coleridge, [[otherbook:40]<i>Life</i>],  281-2, and Battiscombe, [[otherbook:17]<i>Charlotte Mary Yonge</i>],  159. Both these writers give this birthday as the 13 August, although CMY in her autobiographical writings always gives it as the 11 August.

[[footnote:2]]Susan Esther (Coxe) Wordsworth (1841/2-1894), wife of John Wordsworth, Bishop of Salisbury.  CMY was staying in the Close at Salisbury with Alice Moberly, the daughter of his predecessor as bishop.

<br/>"
3179,3231, [August 1893],1893-08-18,"MS location unknown. Printed in Romanes, [[otherbook:241]<i>Appreciation</i>], 189-90",,"[[footnote:1]]Romanes describes the letter as addressed to the Dean of Salisbury.

[[footnote:2]]Psalms 144: 12 \'That our sons may grow up as the young plants : and that our daughters may be as the polished corners of the temple.\'

<br/>"
3180,3232,[August 1893],1893-08-18,Printed in the [[other:85]<i>Otterbourne Parish Magazine</i>] (August 1893). ,,"[[footnote:1]]Wordsworth, ‘Alas! the gratitude of men/ Has oftner left me mourning.’ ‘Simon Lee, the Old Huntsman’ 103-4.

[[footnote:2]]John Keble, \'Danger of Praise\' 21-4, from [[otherbook:232]<i>Lyra Innocentium</i>] (1862).

<br/>"
3177,3229,Aug 21st 1893,1893-08-21,"MS Princeton University, Parrish Collection[[footnote:1]]",Elderfield,"[[footnote:1]]With envelope addressed to ‘Mrs Holbeach/ Farnborough Hall/ Banbury’.

[[footnote:2]]Mary Caroline (Walrond) Holbeach (1854-1933), wife of Walter Henry Holbeach (1846-1901) of Farnborough Hall.

[[footnote:3]]This seems most likely to be a reference to [[cmybook:228]Grisly Grisell].
"
3178,3230,"August 21, 1893.",1893-08-21,"MS location unknown.  Printed in Coleridge, [[otherbook:40]<i>Life</i>], 313.","Elderfield, ",
3176,3228,Aug 23d [1893?],1893-08-23,"MS Princeton University, Parrish Collection",Elderfield,"[[footnote:1]]This is a reference to the [[other:225]presentation] made to CMY on her 70th birthday, 11 August 1893, reported in <i>The Times</i> (16 August 1893), 8."
3600,9374,[September 1893],1893-09-00,MS location unknown. Printed in the <i>[[other:72]Girls’ Friendly Society Associates’ Journal and Advertiser]</i> (September  1893) 165.,,
3550,3602,Sept 2 [1893[[footnote:1]]],1893-09-02,MS UCLA: collection 100: box 95,Elderfield,"[[footnote:1]]The letter must date between the arrival of the Bowleses in Otterbourne in October 1892 and the marriage of Amy Jones-Bateman in August 1894.

[[footnote:2]]Mildred Luckett (b. Dalston 1871/2) and Kate H. Brown (b. Salisbury 1871/2) were both pupils at the Salisbury Diocesan Training School in 1891, learning to be teachers.

<br/>"
3181,3233,Sept 22d 1893,1893-09-22,MS UCLA: collection 100: box 95,Elderfield Otterbourne Winchester,
3182,3234,Sept 25th 1893,1893-09-25,"MS Yale University, Beinecke Library, Osborn Files 41.22",Elderfield Otterbourne Winchester,"[[footnote:1]]The Rt. Rev. George Francis Popham Blyth  (1832–1914), bishop of Jerusalem and the East, had founded the Jerusalem and the East Mission Fund in 1890.

<br/>[[footnote:2]]On 3 October 1893 a cheque for £5 10s. was recorded as being paid from CMY’s account at Hoare’s to the Jerusalem & East Mission Fund.

<br/>"
3183,3235,"Oct 9th, 1893.",1893-10-09,TS UCLA collection 100 box 119/13,Montague House. Birchington. Thanet.,"[[footnote:1]]The use of birds\' feathers and bird wings in costume, especially hats, was a controversial topic in the 1890s, and was several times discussed in <i>MP</i>.  Perhaps this correspondence was prompted by the publication of a poem by Harold Pilkington Turner, \'Pro Avibus\' <i>MP</i> (April 1893) 455."
3184,3236,"November 3, [1893[[footnote:1]]]",1893-11-03,"MS location unknown.  Printed in Coleridge, [[otherbook:40]<i>Life</i>], 334-5",Elderfield,"[[footnote:1]]From 1894 the <i>MP</i> appeared ‘edited by Christabel R. Coleridge and Arthur Innes’.

<br/>"
3155,3207,November 29. [1893?],1893-11-29,"MS location unknown.  Printed in Coleridge, <i>[[otherbook:40]Life]</i> pp. 327-328","Elderfield, ","[[footnote:1]]The Rev. Vere Awdry  (1854-1928) succeeded the Rev. John Frewen Moor as Vicar of Ampfield in 1897.

[[footnote:2]]The statement by Keble under discussion here may be that reported by Walter Lock, [[otherbook:672]<i>John Keble</i>] (1892), 56: ‘He himself said in 1845 that when he wrote <i>The Christian Year</i> he did not fully understand the doctrine of the Holy Eucharist.’
"
3185,3237,Decr 4th [1893?],1893-12-04,"MS Bodleian Library, Oxford: MSS. Autogr. b.9 pp 460-1[[footnote:1]]",Elderfield Otterbourne Winchester,"[[footnote:1]]A tiny piece from an envelope is pasted in with the address ‘The Revd/ J.J. Stone/ Windsor’.  The recipient was perhaps a member of his household, or the letter may not belong to it.

[[footnote:2]]Florence Freeman, \'Taormina and its Neighbourhood\' <i>MP</i> 3s 2  (December 1891), 617-29; and \'Palermo and its Neighbourhood\' <i>MP</i> 3s 6 (September 1893), 296-310.

<br/>"
3186,3238,Decr 6th 1893,1893-12-06,MS University of Iowa; MsL/Y56se,Elderfield Otterbourne Winchester,"[[footnote:1]]No doubt the Earl of Selborne was a subscriber to an institution for the blind, perhaps the [[other:25]Hampshire Blind School].

[[footnote:2]]Pusey’s eldest child Lucy Maria Bouverie Pusey (?1829-22 April 1844).
"
3188,3240,[December 1893],1893-12-18,MS West Devon Area Record Office Ac 1092/28[[footnote:1]],,"[[footnote:1]]With envelope addressed to Miss Dorothea Yonge

[[footnote:2]]Frances Elizabeth Yonge (1829-3 December 1893), Mary’s youngest and last surviving sister, aunt of Dorothy Yonge. In her memoirs CMY comments that she had been permanently affected by measles in childhood, which sounds as if she was mentally deficient.

[[footnote:3]]Geoffrey Yonge (1867-24 December 1893), Dorothy’s third brother, a curate, was presumably already ill.

<br/>"
3187,3239,Decr 22 [1893][[footnote:1]],1893-12-22,"MS Princeton University, Parrish Collection",Elderfield,"[[footnote:1]]The year has been added in another hand.

[[footnote:2]]The problem addressed by this letter is how to amuse small children during Sunday.  By the late Victorian period the ban on non-religious books and toys was widely observed in respectable families, and there was a consequent need for suitable picture books.

[[footnote:3]]Julius Schnorr von Carolsfeld, <i>Die Bibel in Bildern</i> (Leipzig 1852-1860).

<br/>"
3592,8652,1894,1894-00-00,"MS location unknown.  Printed in <i>Friendly Leaves</i> (1894), 180.",,"[[footnote:1]] This letter appeared in the [[other:23]GFS] magazine <i>[[other:71]Friendly Leaves]</i>under the heading \'Morning Prayers\'.  It is signed in the way she normally signed letters, but not publications."
3189,3241,Epiphany [6 January 1894?[[footnote:1]]],1894-01-06,"MS Bodleian Library, Oxford: MS English Letters: e.174 ff 164",Elderfield Otterbourne Winchester,"[[footnote:1]]Dated by the reference to St. Maurice in the letter of 19 March 1894 below.

[[footnote:2]]The Seven Champions of Christendom were the seven national saints of England, Scotland, Ireland, Wales, France, Spain and Italy: Saints George, Andrew, Patrick, David, Denis, James and Anthony.  St. Moritz or Maurice was a Roman legionary martyred <i>c</i>.285 whose cult was important in southern Germany and Italy.  The work CMY was doing was associated with Bullock\'s [[otherbook:1118]<i>Daily Lections</i>] project.

<br/>"
3190,3242,Jan 12th 1894,1894-01-12,"MS Bodleian Library, Oxford: MS English Letters: e.174 ff127-8[[footnote:1]]",Elderfield Otterbourne Winchester,"[[footnote:1]]Black-edged paper.

[[footnote:2]] St. Machutus or S. Malo (<i>c</i>.520- <i>c.</i> 620).
"
3191,3243,Jan 16th 1894,1894-01-16,"MS Bodleian Library, Oxford: MS English Letters: e.174 ff 129-30",Elderfield,"[[footnote:1]]She had translated Breton hymns from Souvestre\'s [[otherbook:685]<i>Les Derniers Bretons</i>] for Bullock\'s [[otherbook:118]<i>Daily Lections</i>] project.

<br/>"
3192,3244,"January 17, 1894",1894-01-17,"MS location unknown.  Printed in Coleridge, [[otherbook:40]<i>Life</i>] 314-5",Elderfield,"[[footnote:1]]The Rev. Arthur Roland Maddison (1843-1912), prebendary of Lincoln Cathedral.

[[footnote:2]]On the death of Elizabeth Barnett’s brother-in-law, the Very Rev. William John Butler, Dean of Lincoln (1818-14 Jan 1894).
"
3193,3245,Jan 31 [1894]   ,1894-01-31,"MS Bodleian Library, Oxford: MS English Letters: e.174 ff 165[[footnote:1]]",Elderfield Otterbourne,"[[footnote:1]]Endorsed in another hand \'Miss Yonge has been asked to do Abp Sancroft Bp Mackensie R Fanshaw\'.

[[footnote:2]]This letter, and others to Bullock, relate to his project for a book called [[otherbook:1118]<i>Daily Lections</i>] which was only published in part.   Lancelot Andrewes (1555-1626), bishop of Winchester was one of the proposed subjects of a section, which survives in MS in the Bodleian library and is there catalogued as [[cmybook:358]\'Biographies of Eminent Anglicans\'].

[[footnote:3]]William Sancroft (1617–1693), archbishop of Canterbury .

[[footnote:4]]Later letters make it clear that CMY refers to Lettice Cary, Viscountess Falkland (<i>c</i>.1612-1647), rather than her mother-in-law, Elizabeth Cary, Viscountess Falkland (1585-1639), Catholic convert and controversialist.

<br/>"
3194,3246,Feb 6th [1894],1894-02-06,"MS Bodleian Library, Oxford: MS English Letters: e.174 ff 131-2",Elderfield Otterbourne Winchester,"[[footnote:1]]William Sancroft (1617-1693), archbishop of Canterbury.  The proposed biographies, of which CMY wrote several, were for the [[cmybook:358]\'Biographies of Eminent Anglicans\' ]series, which were intended to form part of Bullock\'s [[otherbook:1118]<i>Daily Lections</i>] project, but were not in fact published.


"
3195,3247,February 7th 1894,1894-02-07,"MS Eton College, 2ALS to ATR",Elderfield Otterbourne Winchester,"[[footnote:1]]CMY wrote to G. L. Craik (17 March 1894): ‘Do you know whether Mrs Ritchie is abroad. I was moved to write to her by sympathy with her preface to Miss Mitford, and I have never had an answer.’

[[footnote:2]]CMY wrote to M. E. Christie (19 November 1897): ‘The sketch of Miss Mitford is specially good.  I remember a sense of disappointment as  I drove through ‘Our village’ to see how small and narrow it was, after what those rose-coloured spectacles had shown.’

[[footnote:3]]The selection edited by Ritchie had omitted the episode in <i>Our Villag</i> in which the narrator is made by a schoolmistress to act in Hannah More\'s <i>The Search after Happiness:  A Pastoral Drama</i>."
3196,3248,Feb 9th 1894,1894-02-09,"MS Bodleian Library, Oxford: MS English Letters: e.174 ff 133-4",Elderfield Otterbourne,"[[footnote:1]]Robert Dormer, Earl of Carnarvon (1610?-1643); Sir Edmund Verney (1616-1649).  These biographies were for the [[cmybook:358]\'Biographies of Eminent Anglicans\'] series, of which CMY wrote several for Bullock\'s [[otherbook:1118]<i>Daily Lections</i>] project, but which were not in fact published.

[[footnote:2]]W. G. Andrewes became Master of St. Cross Hospital in 1868.
"
3197,3249,Feb 15th 1894,1894-02-15,"MS Bodleian Library, Oxford: MS English Letters: e.174 ff 135-6",Elderfield,"[[footnote:1]]Henry Phillpotts (1778-1869), bishop of Exeter, long one of the few bishops sympathetic to the Tractarian movement, supported Lydia Sellon\'s sisterhood, which was highly controversial.The proposed biographical articles were for the [[cmybook:358]\'Biographies of Eminent Anglicans\'] which formed part of Bullock\'s [[otherbook:1118]<i>Daily Lections</i>] project but were never in fact published.

[[footnote:3]]Robert Frampton (1622-1708), bishop of Gloucester.
"
3198,3250,Feb 15th 1894,1894-02-15,MS UCLA: collection 100: box 95[[footnote:1]],[[other:23]G F S] Elderfield Otterbourne Winchester,"[[footnote:1]]In matching envelope with G F S written in upper left corner and stamp removed, addressed ‘Mrs Egerton/The Cottage/Alresford.’
"
3199,3251,Feb 19  [1894],1894-02-19,"MS Bodleian Library, Oxford: MS English Letters: e.174 ff 167-8",Elderfield,"[[footnote:1]]The Rev. John William Fletcher (1729-1785), vicar of Madeley, Shropshire and friend of John Wesley;  he came from a Swiss military family.  The book was probably [[otherbook:213]<i>Wesley’s Designated Successor: The Life, Letters and Literary Labours of the Rev. John William Fletcher, Vicar of Madeley</i>] (London: Hodder 1882).  CMY had written the life of Robert Frampton (1622-1708), Bishop of Gloucester for the [[cmybook:358]\'Biographies of Eminent Anglicans\'] series which was part of Bullock\'s [[otherbook:1118]<i>Daily Lections</i>] project."
3200,3252,Feb 24 [1894],1894-02-24,"MS Bodleian Library, Oxford: MS English Letters: e.174 ff 137[[footnote:1]]",Elderfield,"[[footnote:1]]Envelope addressed to ‘The Revd  J.F.  Bullock/Radwinter Rectory/Saffron Walden. Postmark Feb 24/94.

[[footnote:2]]CMY wrote several in a series of [[cmybook:358]\'Biographies of Eminent Anglicans\'], which were intended to form part of Bullock\'s [[otherbook:1118]<i>Daily Lections</i>] project, but were never published.

<br/>"
3201,3253,March 1st 1894,1894-03-01,"MS Bodleian Library, Oxford: MS English Letters: e.174 ff 139-40",Elderfield Otterbourne Winchester,"[[footnote:1]]The biographies of the Rev. John William Fletcher and of Lettice, Viscountess Falkland were among the [[cmybook:358]\'Biographies of Eminent Anglicans\'] intended for Bullock\'s [[otherbook:118]<i>Daily Lections</i>] project, but were never published.<br/>"
3544,3596,March 5th [1894[[footnote:1]]],1894-03-05,"MS Bodleian Library, Oxford: MS English Letters: e.174 ff 169-70",Elderfield,"[[footnote:1]]A letter to the Rev. J. W. F. Bullock of 7 March 1894 says ‘I am returning the copy to Mr Churton’.

<br/>"
3202,3254,March 7th 1894,1894-03-07,"MS Bodleian Library, Oxford: MS English Letters: e.174 ff 141-2",Elderfield Otterbourne,"[[footnote:1]]CMY was writing lives of the Rev. John William Fletcher and of Lettice, Viscountess Falkland, as part of the [[cmybook:358]\'Biographies of Eminent Anglicans\'] which were to form part of Bullock\'s unfinished [[otherbook:1118]<i>Daily Lections</i>] project."
3203,3255,March 19 1894,1894-03-19,"MS Bodleian Library, Oxford: MS English Letters: e.174 ff 143-4[[footnote:1]]",Elderfield Otterbourne Winchester,"[[footnote:1]]Envelope addressed to ‘The Revd  J.F. Bullock/Radwinter Rectory/Saffron Walden. Postmark MR 19/94.

[[footnote:2]]CMY perhaps refers to Claude Fleury, [[otherbook:693]<i>Histoire ecclesiastique</i>] (1691-1720) ; she may have known it in Newman’s translation, <i>The Ecclesiastical History of M. l\'abbé Fleury, from the Second Ecumenical Council to the end of the Fourth Century</i> (Oxford: Parker 1842-4).  She is talking about the work she was doing for Bullock\'s [[otherbook:1118]<i>Daily Lections</i>] project.

<br/>"
3204,3256,March 19th 1894,1894-03-19,MS UCLA: collection 100: box 95,Elderfield Otterbourne,"[[footnote:1]]There is a sketch in illustration.

<br/>"
3205,3257,March 27th 1894,1894-03-27,MS British Library Add MSS 54921: 206-7,Elderfield,"[[footnote:1]]CMY\'s [[cmybook:51]<i>A Book of Golden Deeds</i>], [[cmybook:80]<i>A Book of Worthies</i>] and [[cmybook:126]<i>The Story of the Christians and the Moors in Spain</i>] all appeared in Macmillan\'s Golden Treasury Series.  CMY was presumably working on her [[cmybook:351]introduction] to the Golden Treasury edition of <i>The Christian Year</i>."
3206,3258,April 6th 1894,1894-04-06,"MS Princeton University, Parrish Collection",Elderfield Otterbourne,"[[footnote:1]]Alice Gordon had written to the Editor of <i>The Times</i> (5 January 1893): \'A library has been built in the Women\'s Building of the Chicago Exhibition, in which the best books written by women of all nations are to be exhibited.  We are anxious that English women\'s writings should be well represented.  A committee has been formed consisting of Miss Agnes Clerke, Mrs. W. K. Clifford, Mrs. Green, Miss Kingsley, Mrs. Humphry Ward, Miss Charlotte Yonge, and Mrs. J.E. H. Gordon, to collect a representative library.\' She asked for the gift or loan of books or MSS.

<br/>"
3207,3259,"April 12, 1894.",1894-04-12,"MS location unknown.  Printed in Coleridge, [[otherbook:40]<i>Life</i>], 324-5","Elderfield, Otterbourne","[[footnote:1]]Marie Corelli, [[otherbook:694]<i>Barabbas</i>]  3 vols (London, Methuen 1893), a novel about Christ\'s three last days on earth.

[[footnote:2]]Probably the Rev. Canon George Jelf (1834–1908).

<br/>"
3209,3261,April 24th 1894,1894-04-24,"MS Bodleian Library, Oxford: MS English Letters: e.174 ff 145-6",Elderfield Otterbourne,"[[footnote:1]]The Rev. Charles Simeon (1759-1836), vicar of Holy Trinity, Cambridge, where he exerted a strong influence on generations of undergraduates, who was generally associated with the evangelical wing of the church.  CMY knew some of his relations, who were neighbours.  The project under discussion with Bullock was evidently the [[cmybook:358]\'Biographies of Eminent Anglicans\'] which formed part of his [[otherbook:1118]<i>Daily Lections</i>] project, but were never published.

<br/>"
3208,3260,April 30 [1894],1894-04-30,"MS location unknown. Printed in Coleridge, [[otherbook:40]<i>Life</i>], 333-4.",Elderfield,"[[footnote:1]]See the letter to Charlotte Anne Elizabeth ‘Annie’ Moberly (12 April 1894), deploring her admiration for Marie Corelli’s <i>Barabbas</i> (1893).



<br/>"
3210,3262,May 4th 1894,1894-05-04,"MS Bodleian Library, Oxford: MS English Letters: e.174 ff 1",Elderfield Otterbourne Winchester,"[[footnote:1]]Unidentified and probably a misreading.  These biographies were for the [[cmybook:358]\'Biographies of Eminent Anglicans\', part of Bullock\'s [[otherbook:1118<i>Daily Lections</i>] project.

[[footnote:2]]There were several biographies of Charles Simeon:  CMY perhaps refers here to [[otherbook:697]<i>Memoirs of the Life of the Rev. Charles Simeon, late senior fellow of King\'s College, and minister of Trinity Church, Cambridge, with a selection from his writings and correspondence</i>] edited by William Carus (1847)."
3211,3263,May 8th [1894?],1894-05-08,"MS Eton College, 2ALS to ATR",Elderfield Otterbourne Winchester,"[[footnote:1]]This was [[cmybook:235]<i>The Long Vacation</i>], a sequel to [[cmybook:24]<i>The Daisy Chain</i>].

[[footnote:2]]Henrietta Keddie (1827-1914) was the author under the name \'Sarah Tytler\' of more than seventy volumes of fiction, mainly for girls, from 1865;  she applied to the Royal Literary Fund five times between 1894 and 1913.



<br/>"
3212,3264,May 15th 1894,1894-05-15,"MS Bodleian Library, Oxford: MS English Letters: e.174 ff 149-50",Elderfield,[[footnote:1]]CMY probably meant the sons of Captain [[person:1322]Charles Simeon] of Hursley (though he had more than three who were clergymen).  She was urging Bullock to include Simeon in the [[cmybook:358]\'Biographies of Eminent Anglicans\'] for his [[otherbook:1118]<i>Daily Lections</i>] project.
3213,3265,[May 1894],1894-05-18,"MS location unknown.  Printed in Romanes, [[otherbook:241]<i>Appreciation</i>], 191-2.",,"[[footnote:1]]The early death of  her husband [[person:2136]George John Romanes] (1848-23 May 1894).

[[footnote:2]]In [[cmybook:88]<i>Musings over the Christian Year</i>], 341, CMY had attributed the poem to Thomas Ken.  It appears to have been the work of the Rev. William George Tupper, brother of the poet [[person:1801]Martin Tupper].
"
3214,3266,June 14th 1894,1894-06-14,MS Mrs Caroline Fairclough/30,Elderfield Otterbourne Winchester,"[[footnote:1]]‘The Sailors who Swim from the Head’ <i>MP</i> (September 1894) 310-7; ‘Ancient Dyers’ <i>MP</i> (June 1895) 704-11; ‘Marble Makers’ <i>MP</i> (September 1895) 331-6; ‘Snails’ <i>MP</i> (June 1896) 691-6; ‘Venus and Hearts’ <i>MP</i>  (March 1897) 324-7; ‘The Sluggish Race’ <i>MP</i> (June 1897) 642-7; ‘Bores and Borers’ <i>MP</i> (August 1897) 182-8.

<br/>"
3215,3267,June 16th 1894,1894-06-16,"MS Bodleian Library, Oxford: MS English Letters: e.174 ff 1",Elderfield,"[[footnote:1]]Bishop Jenner had four daughters of whom Amabel Jenner (b.1876/7), who published plays and fiction, seems the most likely to be referred to here.  Bullock had evidently asked CMY to contribute an account of Canterbury Cathedral to his [[otherbook:118]<i>Daily Lections</i>] project.

<br/>"
3216,3268,June 22  [1894?],1894-06-22,"MS Bodleian Library, Oxford: MS English Letters: e.174 ff 173-4",Elderfield,"[[footnote:1]]CMY refers to the work she was doing for Bullock\'s [[otherbook:1118]<i>Daily Lections</i>] project. The last four Bishops of Salisbury had been [[person:2137]Edward Denison], [[person:2138]Walter Kerr Hamilton], [[person:1015]George Moberly] and [[person:1567]John Wordsworth], all High Churchmen.

[[footnote:2]]Gilbert Burnet (1643-1715) was probably both too worldly and too Low Church to please CMY."
3217,3269,July 9th 1894,1894-07-09,"MS Princeton University, Parrish Collection[[footnote:1]]",Elderfield Otterbourne,"[[footnote:1]]Envelope addressed to ‘Mrs Holbeach/ Farnborough Hall/ Banbury’.

<br/>"
3218,3270,July 10th 1894,1894-07-10,"MS Bodleian Library, Oxford: MS English Letters: e.174 ff 1",Elderfield,[[footnote:1]]This was evidently work connected with Bullock\'s [[otherbook:1118]<i>Daily Lections</i>] project.<br/>
3219,3271,July 21st 1894,1894-07-21,MS British Library  Add MSS 54921: 208-9,Elderfield Otterbourne Winchester,
3220,3272,Sept 17 th 1894,1894-09-17,MS Lambeth Palace Library Keble Deposit 4/155,,"[[footnote:1]]The question seems to concern John Keble\'s letters to Sir John Taylor Coleridge, which were being sold along with other property after the death of the latter\'s son Lord Coleridge;  they are now in the Bodleian Library.

[[footnote:2]]Lord Coleridge (1820-1894), the Lord Chief Justice since 1880, had died on 14 June 1894.  He had married for the second time (1885) Amy Lawford, whose previous marriage had been declared invalid.  CMY evidently felt she should not have been received as his wife. 
"
3221,3273,Sept 20th 1894,1894-09-20,MS British Library Add MSS 54921: 210-11,Elderfield Otterbourne Winchester,[[footnote:1]][[cmybook:23]<i>The Lances of Lynwood</i>] had just been brought out in an abridged edition for schools (London: Macmillan 1894)
3222,3274,Oct 20th [1894],1894-10-20,"MS Bodleian Library, Oxford: MS English Letters: e.174 ff 1",Elderfield,"[[footnote:1]]Stephen Langton (<i>c</i>.1150-1228), archbishop of Canterbury.  CMY was evidently proposing to write his biography for the series [[cmybook:358]\'Biographies of Eminent Anglicans\'], intended for, but never published in, Bullock\'s [[otherbook:1118]<i>Daily Lections</i>].

[[footnote:2]]Pius V (1504-1572), pope from 1566, canonized in 1712.  CMY may have objected to his excommunication of Elizabeth I or to his support for the Spanish Inquisition.  The phrase \'would be wiser\' suggests also that she remembered the Tractarians\' early public relations disasters precipitated by the publication of Romanizing books.

<br/>"
3223,3275,Oct 30  [1894],1894-10-30,"MS Bodleian Library, Oxford: MS English Letters: e.174 ff 175-6",Elderfield,"[[footnote:1]]The legend seems to be told of the church of St. Martha on the Hill, Chilworth, near Guildford.  The story was perhaps the poem which appeared in Martin Tupper, [[otherbook:703]<i>Surrey</i> (Guildford 1849).  CMY was evidently writing the life of Stephen Langton (<i>c</i>.1150-1228), Archbishop of Canterbury, for Bullock\'s book [[otherbook:118]<i>Daily Lections</i>].  The [[cmybook:358]\'Biographies of Eminent Anglicans\'] exist in MS but were never published.

<br/>"
3547,3599,Novr 10 [1894?],1894-11-10,"MS Princeton University, Parrish Collection",Elderfield Otterbourne Winchester,"[[footnote:1]]Not found.

<br/>"
3224,3276,Novr 21 [1894?],1894-11-21,"MS Bodleian Library, Oxford: MS English Letters: e.174 ff 171-2",Elderfield,[[footnote:1]]This message evidently relates to the work CMY did for Bullock\'s [[otherbook:118]<i>Daily Lections</i>].
3227,3279, [November or December?1894],1894-12-00,MS fragment West Devon Area Record Office Ac 1092/37,,"[[footnote:1]]The death of the Rev. Francis Alfred Bowles, Rector of Singleton, Prebendary of Chichester, was reported in the <i>Morning Post</i> (30 October 1894).  His nephew the Rev. Henry Bowles, vicar of Otterbourne, was married to CMY\'s niece Alethea, who was entertaining her mother and sister for Christmas.

<br/>"
3225,3277,Decr 29th [1894],1894-12-29,"MS Princeton University, Parrish Collection",Elderfield,"[[footnote:1]]CMY and Blackburn had first met while staying with the Rogers family in London in the 1840s.

[[footnote:2]]In 1894.

<br/>"
3226,3278,Decr 31 1894,1894-12-31,MS British Library  Add MSS 54921: 212[[footnote:1]],Elderfield Otterbourne,"[[footnote:1]]Endorsed \'Brett has agreed to pay £60 vide his letter of Dec 24/94\'.

<br/>"
3228,3280,[4 January 1895],1895-01-04,"MS Bodleian Library, Oxford: MS English Letters: e.174 ff 158[[footnote:1]]",,"[[footnote:1]]Postcard addressed to ‘Revd  JFW Bullock/ Radwinter Rectory/ Saffron Walden/ Essex.’ Postmark JA 4/95.

[[footnote:2]]This answer presumably relates to a query posed by Bullock in connection with his [[otherbook:1118]<i>Daily Lections</i>], to which CMY was contributing some of the [[cmybook:358]\'Biographies of Eminent Anglicans\']."
3229,3281,Jan 11th 1895,1895-01-11,MS British Library  Add MSS 54921: 2214-5,Elderfield Otterbourne,"[[footnote:1]]The word \'Colonial\' has been substituted in another hand.

<br/>"
3230,3282,Jan 26th 1895,1895-01-26,"MS Oriel College, Oxford",Elderfield Otterbourne,"[[footnote:1]]The <i>OED</i> has citations of <i>governor</i> 7b <i>colloq</i>. ‘applied by young men to their fathers’ from 1827, which suggests that CMY may have been mistaken in thinking Keble (b. 1792) could not have used it in that sense.

<br/>"
3231,3283,Feb 13 1895,1895-02-13,"Copy outletter book, Hampshire Record Office 70M92W/58/355",,"[[footnote:1]]This relates to CMY’s plan to pay off the mortgage on an insurance policy held with the Norwich Union on the life of her sister-in-law [[person:1604]Emma Frances Yonge].  CMY had been paying both the interest on the mortgage and the premiums on the life policy.

<br/>"
3232,3284,March 7 [1895? 1896?],1895-03-07,MS UCLA: collection 100: box 95,Elderfield,"[[footnote:1]]CMY’s name last appeared as editor in December 1893.

<br/>"
3233,3285,March 9th 1895,1895-03-09,"MS Princeton University, Parrish Collection",Elderfield Otterbourne Winchester,"[[footnote:1]]Besant was knighted in the Queen’s Birthday Honours this year (24 May 1895).

[[footnote:2]]Possibly for publication in the <i>Author</i>, the organ of the Society of Authors, edited by Besant.

<br/>"
3234,3286,March 16 [1895],1895-03-16,"MS Bodleian Library, Oxford: English Letters: e.174 ff 159-61[[footnote:1]]",Elderfield,"[[footnote:1]]Envelope addressed to ‘The Revd  J.F.  Bullock/Radwinter Rectory/Saffron Walden.’ Postmark MR 16/95.

[[footnote:2]]Raymond Lull (1232-1315), missionary and philosopher.

[[footnote:3]]Florence Wilford seems to have been confined in a lunatic asylum in later life.

<br/>"
3236,3288,March 17 [1895],1895-03-17,MS West Devon Area Record Office Ac 1092/33,Elderfield,[[footnote:1]]CMY refers to the death of Charlotte Yonge\'s daughter [[person:1365]Katharine (Yonge) Steer].
3235,3287,March 17th [1895],1895-03-17,MS West Devon Area Record Office Ac 1092/20,Elderfield,"[[footnote:1]]Katharine (Yonge) Steer (1863/4-1895), eldest child of Duke and Charlotte Yonge, died on 16 March 1895.  She had married Dr Adam Steer, a surgeon, in 1886, and had a heart murmur after getting yellow fever in Jamaica;  she had died of influenza;  after her death the insurance company refused to pay out her life policy, claiming non-disclosure, see <i>The Times</i> (25 July 1896).

[[footnote:2]]Ecclesiastes 12: 1-2 \'Remember now thy Creator in the days of thy youth, while the evil days come not, nor the years draw nigh, when thou shalt say, I have no pleasure in them;  While the sun, or the light, or the moon, or the stars, be not darkened, nor the clouds return after the rain\'.

<br/>"
3599,9369,April 2nd [1895],1895-04-02,MS location unknown. Printed in the <i>[[other:72]Girls’ Friendly Society Associates’ Journal and Advertiser]</i> (May 1895) 79.,Elderfield,[[footnote:1]]The April issue had published a letter from \'Genista\' beginning \'I too should be very glad if <i>Friendly Leaves</i> could be made more suitable for and attractive to our ordinary Members. I can’t conscientiously urge it on my younger girls.\'
3237,3289,Apr 4 1895,1895-04-04,"Copy outletter book, Hampshire Record Office 70M92W/58/492",,[[footnote:1]]This relates to a policy on the life of CMY\'s sister-in-law Emma Frances Yonge.
3238,3290,April 5th 1895,1895-04-05,MS Hampshire Record Office 67M92W/82/24,Elderfield Otterbourne,
3239,3291,Apr 8 1895,1895-04-08,"Copy outletter book, Hampshire Record Office 70M92W/58/498",,
3240,3292,April 9th 1895,1895-04-09,MS Hampshire Record Office 67M92W/82/24,Elderfield Otterbourne,
3241,3293,Apr 10 1895,1895-04-10,"Copy outletter book,  Hampshire Record Office 70M92W/59/4",,
3242,3294,April 11th 1895,1895-04-11,MS Hampshire Record Office 67M92W/82/24,Elderfield  Otterbourne,"[[footnote:1]]The Vicarage was the home of Frances Yonge\'s daughter Alethea Bowles, and the Grange of their friend [[person:784]Mrs Jones Bateman]."
3243,3295,May 8th [1895],1895-05-08,MS Charlotte Mitchell/32[[footnote:1]],Elderfield Otterbourne Winchester,"[[footnote:1]]Envelope addressed to Mrs Trebeck/ Southwell and postmarked Winchester 8 May 1895 and Southwell 9 May 1895.

[[footnote:2]]Roundell Palmer, 1st Earl of Selborne (1812-4 May 1895).

<br/>"
3244,3296,June 14 1895,1895-06-14,"Copy outletter book, Hampshire Record Office 70M92W/59/156",,"[[footnote:1]]The deed transferring the insurance policy on Frances Yonge’s life to CMY.

<br/>"
3245,3297,June 29 1895,1895-06-29,"Copy outletter book, Hampshire Record Office 70M92W/59/187",,
3246,3298,July 15 1895,1895-07-15,"Copy outletter book, Hampshire Record Office 70M92W/59/232",,
3247,3299,July 16 1895,1895-07-16,"Copy outletter book,  Hampshire Record Office 70M92W/59/236",,
3248,3300,Oct 14th [1895],1895-10-14,MS British Library  Add MSS 54921: 218,Elderfield Otterbourne,"[[footnote:1]][[cmybook:239]<i>The Release, or, Caroline\'s French Kindred</i>] (London: Macmillan 1896). Part 1 appeared in <i>MP</i> (Christmas 1894) under the title ‘Caroline\'s Defiance’.

[[footnote:2]]The story of the marriage between Jacques-Étienne Montgolfier (1745-1799) and Mademoiselle Brun (d.1845) who had been a nun, is told by Bessie Belloc, <i>In a Walled Garden</i> (London: Ward 1895), 119.

<br/>"
3249,3301,Oct 16th 1895,1895-10-16,MS British Library  Add MSS 54921: 220,Elderfield Otterbourne ,
3250,3302,Oct 24th 1895,1895-10-24,"MS Princeton University, Parrish Collection",Elderfield,"[[footnote:1]]The Bishop of Salisbury was the Rt. Rev. John Wordsworth.  His first wife had died in 1894, and no doubt his sister Susan was keeping house.  The Diocesan Training College for teachers was in the cathedral close."
3251,3303,Novr 14th 1895,1895-11-14,"MS University of Illinois, Urbana Champaign: Letter 11.",Elderfield Otterbourne,"[[footnote:1]]Mrs Hugh Blackburn, [[otherbook:707]<i>Birds from Moidart & Elsewhere</i>] (Edinburgh: David Douglas, 1895).  For Blackburn\'s drawing which provided the first evidence that cuckoos threw rival fledglings from the nest, see Robert Fairley, [[otherbook:63]<i>Jemima: Paintings and Memoirs of a Victorian Lady</i>] (Edinburgh: Canongate 1988), 54-55.

[[footnote:2]]The bird room in the Natural History Museum.

<br/>"
3253,3305,December 14 1895,1895-12-14,"MS location unknown, owned in 1947 by Alethea Yonge; part facsimile in Mare and Percival, [[otherbook:598]<i>Victorian Best-seller</i>], facing page 208. ",Elderfield,"[[footnote:1]]Wilmet Underwood, who in the early part of [[cmybook:109]<i>The Pillars of the House</i>] is a strict but fair mother to her younger brothers and sisters, turns in the second part and in sequels into an indulgent parent whose unruly sons bully their cousins.

<br/>"
3252,3304,December 1895,1895-12-18,Printed in the Otterbourne Parish Magazine (December 1895),,
3254,3306,Jan 22 1896,1896-01-22,"Copy outletter book, Hampshire Record Office 70M92W/60/214",,
3255,3307,Jan 23d 1896,1896-01-23,MS Hampshire Record Office 67M92W/82/24,Elderfield Otterbourne,
3257,3309,Jan 27th  1896,1896-01-27,MS Hampshire Record Office 67M92W/82/24,Elderfield Otterbourne,
3258,3310,Jan 28 1896,1896-01-28,Copy outletter book Hampshire Record Office 70M92W/60/226,,"[[footnote:1]]This letter survives reproduced faintly in a wetpress copy outletter book.  What is evidently the original of this second page of the letter survives in the bundle Hampshire RO MS 67M92W/82/24.  CMY perhaps returned it to him annotated and he used it further as an aide memoire.

<br/>"
3260,3312,Jan 29 1896,1896-01-29,"Copy outletter book, Hampshire Record Office 70M92W/60/228",,
3259,3311,Jan 29th [1896],1896-01-29,MS Hampshire Record Office 67M92W/82/24,Elderfield Otterbourne,
3261,3313,Jan 30th 1896,1896-01-30,MS Hampshire Record Office 67M92W/82/24,Elderfield Otterbourne,
3262,3314,Feb 5th 1896,1896-02-05,MS Miss Sarah Jardine-Willoughby,Elderfield Otterbourne,"[[footnote:1]]<i>Uncle Peter’s Fairy Tale for the Nineteenth Century</i> ed. Elizabeth Sewell (London: Longman 1867).

[[footnote:2]]A possible candidate for either the recipient of this letter or the aunt referred to is [[person:561]Agnes Giberne] (1845-1939), a prolific author of fiction who lived with her aged father, retired from the Indian army, in Eastbourne;  however she does not seem to have had any brother who could have produced a niece named Giberne.  Her mother was Lydia Mary Wilson, eldest daughter of the Rev. W. Wilson, Rector of Walthamstow.  There was a contributor to <i>Mothers in Council</i> during CMY’s editorship named Caroline Giberne.

<br/>"
3263,3315,Febry 24th 1896,1896-02-24,MS British Library  Add MSS 54921: 221,Elderfield Otterbourne ,
3264,3316,Feb 28th 1896,1896-02-28,MS British Library  Add MSS 54921: 223,Elderfield Otterbourne ,"[[footnote:1]]The obituary of Alexander Macmillan, sr., who had died on 26 January 1896: ‘Alexander Macmillan’ <i>Macmillan’s Magazine</i>  73 (March 1896) 397-400.

<br/>"
3266,3318,Mar 5 1896,1896-03-05,"Copy outletter book, Hampshire Record Office 70M92W/60/318",,
3265,3317,Mar 5th 1896,1896-03-05,"MS Historical Society of Pennsylvania: Gratz Collection: Case 10, Box 36. British Authors ",Elderfield  Otterbourne,"[[footnote:1]]Elizabeth Wormeley Latimer, <i>Europe in Africa in the Nineteenth Century</i> (Chicago: McClurg 1895).

[[footnote:2]]Leander Starr Jameson (1853-1917)

[[footnote:3]]Elizabeth Wormeley Latimer, <i>England in the Nineteenth Century</i> (Chicago: McClurg 1894).

[[footnote:4]]A reference perhaps to the 10 books she had published since 1888. In the same period CMY had published more than 40."
3267,3319,March 19th 1896,1896-03-19,"MS Princeton University, Parrish Collection",Elderfield Otterbourne Winchester,"[[footnote:1]]<i>The Children’s World</i> was a new periodical published by the Church Missionary Society (1895-1900).

<br/>"
3268,3320,March 24th [1896?][[footnote:1]],1896-03-24,MS West Devon Area Record Office Ac 1092/25,Elderfield,"[[footnote:1]]The dating of the letter depends on its statements that Mary Coleridge (1824-25 March 1898) is 72 and William Bigg Wither (1809-1899) 86.






"
3594,9109,Easter Eve [4 April 1896],1896-04-04,MS Charlotte Mitchell,Elderfield Otterbourne Winchester,[[footnote:1]]In fact it was reported in <i>The Times</i> (30 May 1896) that the Awdrys did not reach Japan until 27 April.  When Mrs Selwyn first went to New Zealand in 1842 she travelled by sailing ship round the Cape;  by the 1890s the Suez Canal (1869) and the steamship had shortened the journey by several months. 
3270,3322,April 13th 1896,1896-04-13,"MS Bodleian Library, Oxford: MS English Letters: e 86. ",Elderfield,"[[footnote:1]]Anne Norgate (1876-1896), was blind.  Her death was registered in the last quarter of 1896.

[[footnote:2]]The letter breaks off thus.
"
3271,3323,April 17 [1896],1896-04-17,"MS Bodleian Library, Oxford: English Letters: e 86. ",Elderfield,"[[footnote:1]]Edward de Montjoie Rudolf (1852-1933), prime mover in the foundation of the first Church of England Central Home for Waifs and Strays in 1881, which became the Church of England Society for Providing Homes for Waifs and Strays, and focussed on boarding out the children in families.

<br/>"
3272,3324,April 18th [1896],1896-04-18,MS UCLA: collection 100: box 95[[footnote:2]],G F S Elderfield Otterbourne Winchester,"[[footnote:1]]Agnes Charlotte Compton (b. 1863), daughter of the Rev. John Compton, Rector of Minstead with Lyndhurst.

[[footnote:2]]Envelope postmarked Winchester 2.45.PM Ap 18 96 and addressed ‘Miss A C Compton/Rectory/ Minstead/Lyndhurst’ and forwarded to ‘c/o Canon Lucas/Shortlands/Kent’.

<br/>"
3273,3325,April 29. [1896?],1896-04-29,"MS location unknown.  Printed in Coleridge, [[otherbook:40]<i>Life</i>], 336.","Elderfield, Otterbourne, ","[[footnote:1]]<i>The Life and Letters of George Romanes, edited by his</i> wife 2 vols (London: Longman 1896).

[[footnote:2]]John Keble, \'The Epiphany\', ll. 5-6, in [[otherbook:95]<i>The Christian Year</i>].  The biography deals with George Romanes\'s struggle to reconcile science and religion."
3274,3326,2nd. May 1896,1896-05-02,MS UCLA collection 418/10,The Society of Authors (Incorporated). ,
3275,3327,May 26th 1896,1896-05-26,MS Charlotte Mitchell/17,Elderfield,"[[footnote:1]]Clifford Wyndham Holgate (1859-1903) was the author of a number of works on the history of Winchester College;  this correspondence seems to relate to a proposed article on Lord Seaton, perhaps to be published in the school magazine?

<br/>"
3276,3328,June 2nd 1896,1896-06-02,"MS Princeton University, Parrish Collection",Elderfield  Otterbourne Winchester,"[[footnote:1]]This letter, and the preceding one to Holgate, evidently relate to an untraced article by CMY on Lord Seaton."
3622,19009,"<i>June</i> 17<i>th</i>, 1896.",1896-06-17,"MS location unknown.  Printed in the supplement to the <i>Musical Herald</i> (1 August 1896), iv.","Elderfield, Otterbourne.","[[footnote:1]]Along with a number of other public figures CMY had been asked by Curwen, the editor of the <i>Musical Herald</i>, to endorse the work of the Tonic Sol-fa College, which promoted the use of that system in the teaching of singing."
3277,3329,Oct 6th 1896,1896-10-06,MS UCLA: collection 100: box 95,Elderfield Otterbourne,"[[footnote:1]]‘A Puzzled Mother’ had asked in [[other:82]<i>Mothers in Council</i>] 6 (October 1896) 248 about corporal punishment, ‘as the mother of four little ones of three to seven years, all with hot tempers and all at times very unruly and disobedient.  Of the three answers printed the one which most accords with CMY’s comment is signed ‘Isolda’, and the letter was probably addressed to the Hon. Isolda Caroline Vereker (1852/3-1927), daughter of the 4th Viscount Gort and wife of Sir Charles Craufurd 4th Bt., R.N. (1847-1939), who had ten children.

<br/>"
3278,3330,Oct 16th 1896,1896-10-16,MS Cheltenham Ladies College 0941 ,Elderfield Otterbourne,"[[footnote:1]]CMY was evidently consfusing Amabel Jenner,  [[otherbook:715]<i>Half-hour Plays: Rumpelstilskin and Other Plays from Old Fairy Tales. Adapted either for the village school or the drawing-room</i>] (London: Smith 1889) and Constance  M. Prevost, [[otherbook:716]<i>Terra Cotta Plays</i>] (London,  Smith 1888).  The other work mentioned is Arthur Malcolm Heathcote, [[otherbook:717]<i>Ragged Robin and Other Plays for Children</i>] (London: Allen 1890).

<br/>"
3598,9362,[November 1896],1896-11-00,MS location unknown. Printed in the <i>[[other:72]Girls’ Friendly Society Associates’ Journal and Advertiser]</i> (November 1896) 226-7.,,
3279,3331,Novr 22 [1896][[footnote:1]],1896-11-22,"MS Theaterwissenschaftliche Sammlung, Universität zu Köln",Elderfield Otterbourne,"[[footnote:1]]It was reported in <i>The Times</i> (30 May 1896) that the Bishop of Osaka and Mrs Awdry had reached Japan from England on April 27. Since Gertrude Walter died on 20 May 1897 this letter must date from the previous year.

[[footnote:2]]Gertrude Walter’s mother was Mary Emma Coulthard.

[[footnote:3]]The Rt. Rev. William Awdry (1842-1910) was Bishop of Osaka (1896-8) and South Tokyo (1898-1908);  he was married to the former Gosling  Emily Moberly (1844-1921).

[[footnote:4]]James John Arnold (b. Peckham 1834/5), of Boyatt, surveyor and engineer, and his wife Sarah (Vine) Arnold (Otterbourne 1821/2-1896).  In the 1861 census she is a spinster farmer of 39 with a companion niece Marianna Vine (b.1843/4) and he is her boarder, aged 26.  He married Ellen Vine in Chelsea in the fourth quarter of 1896 and was keeping a hotel in Colchester with his wife Ellen (b. Hargham, Norfolk 1853/4) in 1901.  However, since his second wife seems to be the Ellen (Drane) Vine (b. Hargham, Norfolk 1853/4), widow and milliner, living with her father in London in 1881 and 1891, it looks as if CMY’s suspicions were unfounded.  Marriage with a deceased wife’s niece was illegal in England and Wales until the passing of the Marriage (Prohibited Degrees) Relationship Act (1931).

<br/>"
3552,3604,Novr 24 [1896 or earlier],1896-11-24,MS Mrs Philip Drazin[[footnote:1]],Elderfield,"[[footnote:1]]Cordelia Elizabeth Yonge (1874-1958) and Alethea Yonge (1876-1959) were the younger daughters of CMY’s cousin the Rev. Duke Yonge of Puslinch.  The names were common in the family, but these seem to be the most likely candidates.

<br/>"
3280,3332,"December 3, 1896.",1896-12-03,"MS location unknown.  Printed in Coleridge, [[otherbook:40]<i>Life</i>],  337","Elderfield, Otterbourne, ","[[footnote:1]]CRC’s note: A notice which appeared in the [[other:75]<i>Guardian</i>], written by Miss M. E. Christie.

<br/>"
3281,3333,"December 8, 1896.",1896-12-08,"MS location unknown.  Printed in Coleridge, [[otherbook:40]<i>Life</i>], 338","Elderfield, Otterbourne, Winchester",[[footnote:1]]There is a biographical account of Mary Elizabeth Christie (1847-1906) in her <i>A Tardiness in Nature and Other Papers</i>  (Manchester: Manchester University Press 1907).
3282,3334,"December 10, 1896.",1896-12-10,"MS location unknown. Printed in Coleridge, [[otherbook:40]<i>Life</i>], 339-341","Elderfield, Otterbourne, Winchester",
3283,3335,[12 December 1896],1896-12-12,MS UCLA: collection 100: box 95[[footnote:1]],,"[[footnote:1]]A postcard postmarked Winchester 2.15 PM De 12 96, addressed to ‘Miss Hall/ Greyladies/ Blackheath Hill/ London SE’. The College of Greyladies was a community of women engaged from about 1893 in social work, ‘in the sober fashion of the Church of England’ as its founder the Bishop of Southwark put it in a letter to <i>The Times</i> (2 February 1895).  Susan Esther Wordsworth was subsequently its head.

<br/>"
3284,3336,"December 12, 1896",1896-12-12,"MS location unknown.  Printed in Coleridge, [[otherbook:40]<i>Life</i>], 315",Elderfield,"[[footnote:1]]Edith Emma Butler (1851-1936), second surviving daughter of the Butlers, married Lewis Knight.  She lent CMY\'s letters to her aunt Elizabeth Barnett to both Christabel Coleridge and Ethel Romanes for their biographies, but their present whereabouts are unknown.

[[footnote:2]]Evidently CMY had been given an advance copy of [[otherbook:26]<i>Life and Letters of William John Butler</i>] (London Macmillan 1897), which includes letters from Dean Butler to her, and also a short memoir by her.

[[footnote:3]]Coleridge prints ‘Hodder’ but the book must be Robert Forman Horton, [[otherbook:722]<i>Women of the Old Testament: Studies in Womanhood</i>] (London: Service and Paton 1897), of which CMY had perhaps received an advance copy.  "
3285,3337,December 15 (1896),1896-12-15,"MS location unknown.  Printed in Coleridge, [[otherbook:40]<i>Life</i>],  341","Elderfield, Otterbourne",
3483,3535,Decr 19 [1896?] [[footnote:1]],1896-12-19,"MS Princeton University, Parrish Collection",,[[footnote:1]]  Dated on the assumption it refers to Rowland Jones Bateman’s death  on 16 December 1896
3301,3353,[1897],1897-00-00,"MS Princeton University, Parrish Collection[[footnote:1]]",,"[[footnote:1]]Postcard addressed to [[person:1465]The Honble/ Mrs Warburton]/ The Close/ Winchester.

<br/>"
3286,3338,Jan 1st 1897,1897-01-01,MS British Library  Add MSS 54921: 224,Elderfield Otterbourne,
3287,3339,"January 2, 1897",1897-01-02,"MS location unknown; these fragments printed in Wordsworth, [[otherbook:727]<i>Glimpses of the Past</i>], 187-8",Elderfield,"[[footnote:1]]Elizabeth Wordsworth\'s brother [[person:1567]John], Bishop of Salisbury (1843-1911) had married for the second time in 1896, and his daughter Margaret Faith Wordsworth was born in 1897.

[[footnote:2]]Clement is a character in CMY\'s novel [[cmybook:109]<i>The Pillars of the House</i>].  CMY\'s source for the Rousseau anecdote may have been Alexandre Dumas, <i>Mémoires d\'un médecin: Joseph Balsamo</i> 19 vols (1846-8).


"
3597,9355,[February 1897],1897-02-00,MS location unknown. Printed in the <i>[[other:72]Girls’ Friendly Society Associates’ Journal and Advertiser]</i> (February 1897) 34.,,
3288,3340,Febry 8th 1897,1897-02-08,MS West Devon Area Record Office Ac 1092/16,Elderfield,
3289,3341,Febry 19th 1897,1897-02-19,MS Charlotte Mitchell,Elderfield Otterbourne Winchester,
3290,3342,Feb 20th [1897],1897-02-20,MS West Devon Area Record Office Ac 1092/17,Elderfield ,"[[footnote:1]]‘The marriage of Mr. Charles Wentworth-Gore . . . to Miss Fanny Knight, only daughter of the late Major Knight, was solemnized this afternoon at St. Peter\'s Eaton-square.  The service was fully choral, and the ceremony was performed by the Rev. C.E. Knight, rector of Chawton, Hants. uncle of the bride . . \' \'Society Wedding this Afternoon\' 	<i>Pall Mall Gazette</i> (Thursday, 18 February 1897).

<br/>"
3291,3343,March 4th [1897] ,1897-03-04,"MS Princeton University, Parrish Collection[[footnote:1]]",Elderfield Otterbourne,"[[footnote:1]]Envelope addressed to Mrs Wathen/ Withan House/ Alum Chine Road/ Bournemouth. Postmarked 97.

[[footnote:2]]This was on the analogy of La Motte Fouqué\'s [[otherbook:102]<i>Die Jahrzeiten</i>]."
3292,3344,March 30 [1897],1897-03-30,MS Cheltenham Ladies College 0942[[footnote:1]],Elderfield Otterbourne,"[[footnote:1]]Endorsed in another hand ‘from Miss A.H.Walker, Wokingham’, with envelope addressed to \'Mrs Walker/ Gordon Boys Home/ Woking.\' postmarked 30 March 1897.

<br/>"
3546,3598,March 31st [1897?],1897-03-31,"MS Princeton University,  Parrish Collection",Elderfield Otterbourne,"[[footnote:1]]Arthur Crawley Boevey,  <i>The ‘perverse widow’ : being passages from the life of Catharina, wife of William Boevey, esq., of Flaxley Abbey, in the county of Gloucester; with genealogical notes on that family and others connected therewith</i>  (London: Longmans 1898) claims that Catharina Boevey (1670-1726) was the original of the \'perverse widow\' admired by Richard Steele\'s imaginary Sir Roger de Coverley.

<br/>"
3293,3345,"April 28, 1897.",1897-04-28,"MS location unknown.  Printed in Coleridge, [[otherbook:40]<i>Life</i>],  328.",,
3294,3346,May 3d [1897],1897-05-03,MS West Devon Area Record Office Acc No 308,Elderfield Otterbourne,"[[footnote:1]]The 3rd Lord Auckland (1799-1870), bishop of Sodor and Man, 1847-54, and of Bath and Wells, 1854-69.

[[footnote:2]]The Rev. Henry Albany Bowles senior (1819-1898), Rector of Merrow, Guildford.

[[footnote:3]]Jane’s husband, General Alexander Montgomery Moore, was commanding the British troops in Canada.

<br/>"
3295,3347,May 12th 1897,1897-05-12,"MS Winchester City Council, Historic Resources Centre, LH3801",Elderfield Otterbourne Winchester,[[footnote:1]]In fact [[cmybook:2]<i>Abbeychurch</i>] had appeared in 1844.
3296,3348,May 13th [1897],1897-05-13,MS West Devon Area Record Office Acc No 308,Elderfield Otterbourne,
3297,3349,"May 20, 1897.",1897-05-20,"MS location unknown.  Printed in Coleridge, [[otherbook:40]<i>Life</i>], 329.",Elderfield,
3298,3350,May 20th 1897,1897-05-20,MS West Devon Area Record Office Acc No 308,Elderfield,
3299,3351,Saturday  [22 May 1897],1897-05-22,MS West Devon Area Record Office ,Elderfield,
3300,3352,Midsummer Day [21 June 1897],1897-06-21,MS Hampshire Record Office: Heathcote Family Scrapbooks: 63M84/234/58[[footnote:1]],Elderfield,"[[footnote:1]]Black-edged paper.

[[footnote:2]]The Heathcotes had moved from Hursley to Eling in the New Forest, near Anne Sturges Bourne\'s former home at Testwood.  Their bailiff was Daniel Logan, but he does not seem to have been brought up in the area.

[[footnote:3]]T. B. Macaulay, ‘The Armada’, ll.35-7: ‘From Eddystone to Berwick bounds, from Lynn to Milford Bay,/ That time of slumber was as bright and busy as the day; /For swift to east and swift to west the ghastly war-flame spread’.  The beacons were burning in honour of the Diamond Jubilee of Queen Victoria’s accession (20 June 1837).

[[footnote:4]]St. Mary’s Home, Wantage, an institution run by the Community of St. Mary the Virgin, of which CMY was an associate.

<br/>"
3302,3354,July 1st [1897],1897-07-01,MS West Devon Area Record Office Acc No 308[[footnote:1]],Elderfield,"[[footnote:1]]Black-edged paper.

[[footnote:2]]George Yonge was riding in the Diamond Jubilee procession."
3303,3355,Aug 5th 1897,1897-08-05,MS Hampshire Record Office: Heathcote Family Scrapbooks: 63M84/234/60[[footnote:1]],Elderfield,"[[footnote:1]]Black-edged paper.

[[footnote:2]]This letter refers to gathering material for [[cmybook:247]<i>John Keble\'s Parishes</i>].

[[footnote:3]]The Rt.Rev. Thomas Vowler Short (1790–1872), Bishop of St. Asaph, lived during CMY’s childhood at Kingsworthy near Winchester while rector there 1829-34.  

<br/>"
3304,3356,Aug 22 [1897],1897-08-22,MS Hampshire Record Office: Heathcote Family Scrapbooks: 63M84/234/61,Elderfield,[[footnote:1]]This letter refers to gathering material for [[cmybook:247]<i>John Keble\'s Parishes</i>].
3305,3357,Sept 17th [1897],1897-09-17,MS West Devon Area Record Office Acc No 308,Elderfield,"[[footnote:1]]The Rev. [[person:1472]Henry James Warner], Vicar of Brixton 1889-97, succeeded the Rev. George Woodhouse as Vicar of Yealmpton in 1897.

[[footnote:2]]Sophia (Coleridge) Martyn, a widow whose only child Paulina had been a Gosling and had died young.  Sydney was Mary’s niece-in-law, Sydney (Bowen) Yonge;  it sounds rather as if she lived with Mary at Yealmpton.

[[footnote:3]]George Edward Yonge (1824-1904) and his wife Lucy Acland.  He was Charlotte Fortescue Yonge’s uncle.

[[footnote:4]]John and his wife may perhaps Charlotte Fortescue Yonge\'s brother and sister-in-law, [[person:2080]John Harry] and [[person:2081]Emma Yonge].  They had her mother living with them during the 1891 census.



<br/>"
3306,3358,Sept 20th 1897  ,1897-09-20,"MS Bodleian Library, Oxford: Ms. Eng. lett. e. 118 ff131-2",Elderfield Otterbourne Winchester,"[[footnote:1]]Jane Taylor, [[otherbook:]<i>The Contributions of Q. Q. to a Periodical Work, with some pieces not before published</i>] 2 vols (London: Holdsworth 1824).  The article referred to was Mrs E. M. Field, [[otherbook:729]‘The Contributions of Q Q’] <i>Mothers in Council</i> 8 (October 1898) 234-241.

[[footnote:2]]This was the pseudonym of Charlotte Elizabeth Tonna (1790-1846). ‘The Listener’, though it sounds like the name of a journal here, cannot be found through COPAC, and seems to have been a name appropriated during Tonna’s life time by Caroline Fry (afterwards Wilson) who wrote a poem of that name.

<br/>"
3533,3585,Sept 24th [1897 or later?[[footnote:1]]],1897-09-24,MS Charlotte Mitchell,Elderfield Otterbourne,"[[footnote:1]]The implication is probably that Blackburne will be able to insert the appeal in <i>The Churchwoman</i> which she edited from 1897, but she might have been working on it earlier.

[[footnote:2]]Probably Colonel William Henry Ashe A’Court,  2nd Lord Heytesbury, whose daughter the Hon. Margaret A’Court (1855-1933) sent subscriptions to <i>The Net</i> and may have joined the Wantage sisterhood.

<br/>"
3307,3359,Sept 25 [1897?],1897-09-25,MS Mrs Clare Roels/73,Elderfield,"[[footnote:1]]The Rev. Gordon Bolles Wickham (d.1920), Vicar of Bradford Abbas, married (1887) Sidney Katherine Kerr (d. 1928), daughter of Admiral Lord Frederick Kerr (1818-1896).

[[footnote:2]]The Thanksgiving Service for the Diamond Jubilee of Queen Victoria, Sunday 20 June 1897."
3333,3385,Oct 18th [1897[[footnote:1]]],1897-10-18,MS West Devon Area Record Office Ac 1092/22,Elderfield,"[[footnote:1]]Dated with reference to the death of Mary Nunn Harvey in 1897.

[[footnote:2]]If CMY\'s grandmother was the Mary Kingsman christened at Botley in 1751 (according to the IGI) she was about 92.  

[[footnote:3]]Lady Susan (Nelson) Blunt was related to Jane Moore’s husband,  Alexander Montgomery Moore.

<br/>"
3308,3360,Oct 22d [?1897],1897-10-22,"MS Alice Marshall Women’s History Collection, Penn State University",Elderfield,"[[footnote:1]]This reading is conjectural; the word might also read Magin or Majur.  In Chapter 4 of [[cmybook:247]<i>John Keble’s Parishes</i>] (1898), CMY quotes from the correspondence of Oliver Cromwell with Richard Major (1603/4-1660), of Hursley, whose daughter was married to Cromwell’s son Richard.  BL Add. MSS 24860-1 are papers of Richard Major, and it is possible that all or part of this collection, or other Major papers, had been shown to CMY in connection with her research.

<br/>"
3309,3361,"November 19, 1897.",1897-11-19,"MS location unknown.  Printed in Coleridge,[[otherbook:40] <i>Life</i>], 341","Elderfield, Otterbourne","[[footnote:1]]The book referred to here may be the new edition of the novel [[otherbook:731]<i>Old Kensington</i>], (London: Smith Elder 1898) published as the first volume of Anne Thackeray Ritchie\'s collected works.  Mary Christie had perhaps reviewed it in the <i>Guardian</i>.

[[footnote:2]]Mary Russell Mitford, <i>Our Village</i> had been recently [[otherbook:688]reprinted] with an introduction by Anne Thackeray Ritchie."
3630,19268,Novr 25th [1897] [[footnote:1]],1897-11-25,Essex Record Office D/Dlu/95/1/1,Elderfield,"[[footnote:1]]The reference to <i>Gerald and Dolly</i>, which was published in September 1897, means the letter can safely be dated in that year or later;  it evidently  relates to a proposed contribution by Anna Bramston to [[other:82]<i>Mothers in Council</i>], of which CMY was editor."
3310,3362,Novr 30th 1897,1897-11-30,MS British Library  Add MSS 54921: 226-8,Elderfield Otterbourne Winchester,[[footnote:1]]The book was published as [[cmybook:247]<i>John Keble\'s Parishes</i>].
3311,3363,Decr 14th 1897,1897-12-14,MS British Library  Add MSS 54921: 229-30,Elderfield Otterbourne Winchester,
3312,3364,Decr 17th [1897],1897-12-17,MS British Library  Add MSS 54921: 231,Elderfield Otterbourne,
3313,3365,Decr 21st 1897,1897-12-21,"MS Girton College Cambridge, Yonge VII 5",,
3314,3366,Decr 27th 1897,1897-12-27,"MS Princeton University, Parrish Collection",Elderfield Otterbourne,"[[footnote:1]]Mary Elizabeth Coleridge, <i>The King with Two Faces</i> (London: Arnold 1897).

[[footnote:2]]This transcription is doubtful."
3471,3523,[<i>c</i>. 1898][[footnote:1]],1898-00-00,"MS Princeton University, Parrish Collection",,"[[footnote:1]]Perhaps associated with the photograph by Bramston of CMY aged 75, illustrated in Coleridge, [[otherbook:40]<i>Life</i>], facing p 280.

<br/>"
3315,3367,Jany 28th 1898,1898-01-28,"MS Bodleian Library, Oxford: MSS. Autogr.  d.19 ff 179-80 ",Elderfield,"[[footnote:1]]This and subsequent letters to Mrs C.E. Barrett Lennard, who seems to have lived in Germany, and was presumably the author of the fiction which appeared under that name, are cautiously assigned to Anna Meredith (Harris)  Barrett Lennard  (1847/8-1940), daughter of Chaplin Aaron Harris of Evergreen, Baltimore USA, who married (4 Dec 1873), as his second wife, Charles Edward Barrett Lennard (1835-July 1874).  In the 1881 census she describes herself as \'teacher and author\'.

<br/>"
3316,3368,Jan 29th [1898?],1898-01-29,MS Hampshire Record Office: Heathcote Family Scrapbooks: 63M84/234/62,Elderfield,"[[footnote:1]]This discussion relates to the account of Richard Cromwell in [[cmybook:247]<i>John Keble\'s Parishes</i>].

[[footnote:2]]The collection of drawings of seals by the engraver George Vertue (1684-1756) are held by the Society of Antiquaries, London.

[[footnote:3]]The epitaph is quoted in <i>John Keble\'s Parishes</i>, 19-20."
3319,3371,Feb 11 [1898],1898-02-11,MS Hampshire Record Office: Heathcote Family Scrapbooks: 63M84/234/63,Elderfield Otterbourne,"[[footnote:1]]The research material was being gathered for [[cmybook:247]<i>John Keble\'s Parishes</i>], and the story of the discovery of the Great Seal of the Commonwealth appears on pp.50-1.  On page 74 there is a description of the monument to Thomas White \'with a blade waved like a Malay crease\'.  Maria Fitzherbert, the supposed wife of George IV, belonged to the  Smythe family who owned Brambridge;  they are mentioned on pp. 85-7."
3317,3369,Feb 16th [1898],1898-02-16,"MS Devon Record Office, Exeter 53/10/9/1",Elderfield,"[[footnote:1]]The research was  connected with her book [[cmybook:247]<i>John Keble’s Parishes</i>], in which she quotes, 19-20, the Latin epitaph of John Bowland (d.1474). Morshead, who taught classics at Winchester College, may have provided the translation."
3320,3372,Mar 6d [1898],1898-03-06,MS British Library  Add MSS 54921: 232-3,Elderfield Otterbourne ,
3321,3373,March 15 [1898],1898-03-15,"MS Princeton University, Parrish Collection",Elderfield,
3318,3370,May 5 1898,1898-05-05,MS Hampshire Record Office: Heathcote Family Scrapbooks: 63M84/234/65,Elderfield,"[[footnote:1]]A medallion is mentioned in [[cmybook:247]<i>John Keble\'s Parishes</i>], 3, which is the book under discussion here."
3493,3545,May 18 [1898],1898-05-18,UCLA: collection 100: box 95,Elderfield,"[[footnote:1]]The name is illegible, but seems to begin with an M and end with man.  CMY\'s correspondent was evidently working for the [[other:31]Mothers\' Union].

<br/>"
3322,3374,May 28th 1898,1898-05-28,MS Charlotte Mitchell,Elderfield,"[[footnote:1]]\'Misey\' is unidentified; an invalid and the editor of a periodical to which CMY has contributed an article, evidently on a military subject. 

[[footnote:2]]Because she would be the guest of her cousin Mary Yonge, who would open letters addressed to ‘Miss Yonge’.

<br/>"
3323,3375,June 23rd 1898,1898-06-23,MS British Library  Add MSS 54921: 234-5,Elderfield Otterbourne ,
3324,3376,June 28th1898,1898-06-28,MS British Library  Add MSS 54921: 236-8,Elderfield Otterbourne,<br/>
3325,3377,June 30th 1898,1898-06-30,MS British Library  Add MSS 54921: 239-40[[footnote:1]],Elderfield Otterbourne,"[[footnote:1]]There is a pencil list on the reverse, in another hand: \'1. Sir W. Heathcote/ 2. Richard Cromwell/ 3. Keble/ 4. Hursley Church Vicarage (Frith)/ 5. Otterbourne Church	Exterior - Salmon/ Interior  - Oakley/ 6. Hursley Park House (photo)/ 7. Ampfield Church (photo)/ 8. Merdon Castle & wall .\'

[[footnote:2]]The illustrations relate to [[cmybook:247]<i>John Keble\'s Parishes</i>].

[[footnote:3]]A \'List of Illustrations Sent\' is MS British Library  Add 54921: 244.

<br/>"
3326,3378,July 5th 1898,1898-07-05,MS British Library  Add MSS 54921: 241,Elderfield Otterbourne,"[[footnote:1]]The letter refers to illustrations for [[cmybook:247]<i>John Keble\'s Parishes</i>], which were to include a portrait of Sir William Heathcote hung in the County Hall in Winchester."
3327,3379,July 12th 1898,1898-07-12,MS British Library  Add MSS 54921: 245-6 ,Elderfield Otterbourne ,"[[footnote:1]]The Rev. John Medley was presumably the son of Christina Bacon and the Rt. Rev. John Medley (1804-1892), bishop of Fredericton.

<br/>"
3328,3380,"August, 11[[footnote:1]] 1898.",1898-08-11,"MS location unknown.  Printed in Coleridge, <i>[[otherbook:40]Life]</i> p. 329",,"[[footnote:1]]CRC’s note: Her birthday. She wrote on her birthday regularly to Miss M. A. Bigg-Wither.

[[footnote:2]]\'lucus a non lucendo\' was a phrase offering an incorrect etymology for the word \'lucus\', a grove, from being not light;  the implication might be that Mr Wither had a pale complexion and was therefore named after the crimson amaranth.

<br/>"
3329,3381,Sept 25th 1898,1898-09-25,MS UCLA: collection 100: box 95,Elderfield Otterbourne,"[[footnote:1]]Montagu Abercromby (1835/6–1931) married (1856) the 6th Earl of Glasgow (1825-1890), a leading Scottish Tractarian;  she was the niece of [[person:516]Alexander Penrose Forbes], Bishop of Brechin, whose attempts to sustain Scottish Tractarianism were so dear to [[person:798]Keble]\'s heart.
"
3330,3382,Sept 28th 1898,1898-09-28,MS British Library  Add MSS 54921: 247-8,Elderfield Otterbourne,
3331,3383,Oct 7th 1898,1898-10-07,"MS Bodleian Library, Oxford: Autogr. d. 22 ff62-64[[footnote:1]] ",Elderfield,"[[footnote:1]]Envelope addressed to ‘Mrs Barrett Lennard/Hechthausen/ Cui Stade/ Germany’

[[footnote:2]]Accompanied by a piece of paper with \'M. Barrett Lennard from CM Yonge\' on it.

[[footnote:3]]The Battle of Omdurman, September 1898, when an Anglo-Egyptian army led by Kitchener gained control of the Sudan.
"
3332,3384,Oct 16th 1898,1898-10-16,"MS Brotherton Library, University of Leeds",Elderfield Otterbourne Winchester,"[[footnote:1]]Clement King Shorter (1857-1926), journalist, editor of the <i>Illustrated London News</i>  and the <i>English Illustrated Magazine</i>.

<br/>"
3334,3386,Oct 19 [1898],1898-10-19,MS Mrs Clare Roels/74,Elderfield,
3629,19258,Novr 6th[?1898-1900] [[footnote:1]],1898-11-05,"Surrey History Centre, Dodgson Family Collection D/1/57",Elderfield,"[[footnote:1]] The letter is assumed to have been written after \'Lewis Carroll\'\'s death in January 1898.  This is consistent with the implication that it dates from the period in which CMY\'s nephew-in-law, the [[person:184]Rev. Henry Bowles], was vicar of Otterbourne and easily able to receive parcels from his family, who lived in Surrey like the Dodgsons.  It has also been assumed that it was addressed to Dodgson\'s eldest unmarried sister, though he had several.

[[footnote:2]]Alfred Shany is unidentified, but was evidently an inmate in an institution whose subscribers voted for candidates.

[[footnote:3]]CMY and FMY had been photographed by the Rev. Charles Lutwidge Dodgson in Oxford on 4 May 1866. "
3335,3387,Novr 29 1898,1898-11-29,MS Charlotte Mitchell/30,Elderfield Otterbourne,
3596,9348, [December 1898],1898-12-00,MS location unknown. Printed in the <i>[[other:72]Girls’ Friendly Society Associates’ Journal and Advertiser]</i>  (December 1898) 256.,,"[[footnote:1]]  CMY was probably rather more flexible with her own servants than this letter would suggest. After her death, her cousin, Charlotte Fortescue Yonge wrote in <i>Mothers in Council</i> 9 (July 1901): \'Her maid-servants and her gardener knew well that any household arrangements would be held subservient to Church and parish functions. Were there to be any Special Services or Church Decorating, Penny Readings or Parish Concerts to be attended or taken part in, they all knew their mistress would wish they should be there.\'"
3336,3388,Decr 9th  [1898],1898-12-09,MS Mrs Clare Roels/75,Elderfield,"[[footnote:1]]Sophia (Coleridge) Martyn (d. 1898) was the mother of Paulina Martyn ‘Pena’ (1843-1887), one of the founder Goslings.  She was a first cousin of Mary Coleridge and Fanny Patteson.

[[footnote:2]]This sentence evidently refers to a review article, perhaps \'Book Notes\' <i>MP</i> (December 1898) 715-6, which mentions approvingly <i>The Whipping-Boy</i>.  Hope Carlyon was the author of a number of works including <i>[[otherbook:602]The Great Storm: A Tale for Mother’s Meetings]</i> (London, SPCK 1897).

[[footnote:3]]<i>MP</i> (Christmas 1898) included the \'Elf: The Christmas Number Prize Story\'; an anonymous story called \'La Belle Louise\'; Nora Kilnorth, \'A Household Emergency\'; and Frances Mary Peard, \'The Man in India\'.
"
3337,3389,Decr 21st 1898,1898-12-21,"MS Bodleian Library, Oxford: Autogr. d. 22 ff65-67[[footnote:1]] ",Elderfield,"[[footnote:1]]Envelope addressed to ‘Mrs Barrett Lennard/Dom Vehlow/ In Wultike Priegnitz/ North Brandenburg/ Germany’.

<br/>"
3339,3391,1899,1899-00-00,MS British Library  Add MSS 54921: 254,Elderfield Otterbourne,"[[footnote:1]]It is in BL Add MSS 54921: 198-204.

[[footnote:2]] Her articles under this title were published in the <i>Monthly Paper of Sunday Teaching</i> and published anonymously by Mozley in 1869."
3543,3595,[1899-1900?],1899-00-00,MS West Devon Area Record Office Acc No 308,,"[[footnote:1]]Marjory Joan Georgina Bowles (1896-1979), Margaret Ernestine Bowles (1894-1984), [[person:183]Cicely Gertrude Bowles] (1890-1974) and Reginald Julian Albany Bowles (1891-1916) were CMY\'s great-nieces and great-nephew, children of the Rev. Henry Bowles and Alethea Yonge.

<br/>"
3340,3392,Jan 2 1899,1899-01-02,"MS Bodleian Library, Oxford: MS English Letters: e.174 ff 162-3",Elderfield Otterbourne Winchester,"[[footnote:1]]CMY refers to Bullock\'s [[otherbook:1118]<i>Daily Lections</i>] project, to which she was contributing."
3341,3393,Jan 26th [1899],1899-01-26,MS West Devon Area Record Office Acc No 308,Elderfield Otterbourne,"[[footnote:1]]The wedding of CMY\'s nephew [[person:1630]Maurice Yonge] to Maude Woods on 19 April 1899.  CMY’s  youngest niece Joanna Angela Yonge had married (October 1894) Captain Charles Francis Cromie, H.M. Consul for French West Africa.

<br/>"
3342,3394,Febry 7th [1899?][[footnote:1]],1899-02-07,"MS Princeton University, Parrish Collection",Elderfield Otterbourne Winchester,"[[footnote:1]]Tentatively dated on the assumption that \'the book you have sent me\' refers to Besant\'s <i>The Pen and the Book</i> (London: Burleigh 1899).

[[footnote:2]]One of these occasions may have been the episode described in \'The Art of Authorship\' <i>The Author</i> I (16 June 1890), 44-46, in which CMY is mentioned among those bamboozled by George Bainton into supplying them with descriptions of their writing practices which he subsequently had published as <i>The Art of Authorship</i> (London: Clarke 1890)."
3343,3395,Feb 8th [1899?],1899-02-08,"MS Princeton University, Parrish Collection",Elderfield Otterbourne Winchester,"[[footnote:1]]It sounds as if this may have enclosed a letter to the <i>Author</i>, the organ of the [[other:44]Society of Authors]."
3344,3396,Feb 10th 1899,1899-02-10,"MS Princeton University, Parrish Collection",Elderfield,
3345,3397,Febry 27 1899,1899-02-27,The Rev. Canon Geoffrey Curtis[[footnote:1]],Elderfield Otterbourne Winchester,[[footnote:1]]Pasted into a copy of <i>[[cmybook:247]John Keble\'s Parishes]</i> (1899) with the ownership stamp of Matthew R. Bigge and the bookplate and monogrammed binding of John Tricks Spalding.
3346,3398,March 1st 1899,1899-03-01,MS British Library  Add MSS 54921: 251-2,Elderfield Otterbourne ,
3347,3399,March 17 [1899],1899-03-17,"MS location unknown.  Printed in Coleridge, <i>[[otherbook:40]Life]</i> p. 330",,
3348,3400,March 17 1899,1899-03-17,MS British Library  Add 54921: 253,Elderfield Otterbourne ,
3350,3402,April 4th 1899,1899-04-04,"MS The Marquess of Salisbury, Hatfield House 3MCH/5/3/4",Elderfield Otterbourne Winchester,"[[footnote:1]]In her capacity as wife of the Foreign Secretary. Captain Cromie was British consul in Algeciras. He himself was presented to the Duke of Connaught (<i>The Times</i>, 6 May 1899, 15) but we have not found a record of his wife\'s presentation.  Although it was no doubt conventional for the wives of consuls to be presented at court, the fact that Cromie had divorced his first wife may have had some bearing on the issue, perhaps making it especially desirable that Joanna should appear under the aegis of someone at once so grand and so respectable as Lady Salisbury.  

[[footnote:2]]Lady Salisbury was ill and died on 20 November 1899.

<br/>"
3351,3403,April 11th 1899,1899-04-11,MS Mrs Caroline Fairclough/31,Elderfield Otterbourne,"[[footnote:1]]Grace (Butler) Guinness and Emma (Butler) Knight were her correspondent’s sisters-in-law;  Elizabeth Barnett was their aunt.

<br/>"
3352,3404,April 14th [?1899],1899-04-14,MS West Devon Area Record Office Ac 1092/22 ,Elderfield,"[[footnote:1]]The discussion relates to the Yonge of Puslinch coat of arms which is ‘Or six ogresses in fesse between three lions saliant gules’.

[[footnote:2]]Elizabeth Duke (b.1720) married (1746) John Yonge (d. 1767) of Puslinch, and their heirs quartered the attractive blue and silver Duke arms (‘Per fesse argent and azure three chaplets counterchanged’).

[[footnote:3]]Endorsed in another hand ‘he is come home for a time, he joined the Mounted Police’, which suggests that the writer thought he was still alive.

<br/>"
3353,3405,April 18th 1899,1899-04-18,MS Hampshire Record Office 9M55 F56/2[[footnote:1]],Elderfield Otterbourne,"[[footnote:1]]With envelope addressed to Mrs Packe/Honies House/West Wickham/ Kent and postmarked Winchester 18 April 1899.

[[footnote:2]]The lifelong correspondence, now preserved in Hampshire Record Office, between [[person:1379]Anne Sturges Bourne] (who had brought Penelope Packe up) and [[person:464] Mary Anne Dyson].

[[footnote:3]]The ‘early times’ are those of the Tractarian revival.

<br/>"
3349,3401,May 5 [1899],1899-05-05,"MS Bodleian Library, Oxford: MS English Letters: e 86.[[footnote:1]] ",Elderfield Otterbourne,"[[footnote:1]]Envelope addressed to ‘The Revd/ J F Moor/ Glencairn/ Chiselhurst. Postmarked Winchester My 5/99.

<br/>"
3354,3406,May 23d 1899,1899-05-23,"MS Lord Egremont, Petworth House, in the care of West Sussex Record Office, PHA 9687/1.",Elderfield Otterbourne,"[[footnote:1]]Lady Constance Evelyn Primrose (d.1939) married (1867) the 2nd Baron Leconfield (1830-1901).  She was the Vice President of the Mothers’ Union in the diocese of Chichester.

<br/>"
3355,3407,May 26th [1899],1899-05-26,"MS Lord Egremont, Petworth House, in the care of West Sussex Record Office, PHA 9687/2.",Elderfield,
3356,3408,June 15th 1899,1899-06-15,MS West Devon Area Record Office Ac 1092/18,Elderfield Otterbourne,"[[footnote:1]]The Rev. Charles Burell Yonge (1866-1943) married Catherine Ada Helena Bowen on 14 June 1899.

[[footnote:2]]The Bastard family of Kitley, neighbours of the Yonges of Puslinch, had in their grounds the Kitley caves, a local beauty spot.  No doubt trippers from Plymouth were increasing in number with improved transport and more leisure.

[[footnote:3]]Yonge Street, a principal thoroughfare in Toronto, was named after Sir George Yonge (1732-1812), 5th Bt., minister of war in 1782.

[[footnote:4]]The Bishop of Guildford, the Rt. Rev. George Sumner, and his wife Mary, founder of the Mothers\' Union, lived in the Close at Winchester.

[[footnote:5]][[person:1357]This is a puzzling reference. Lily (Headland) Spender] (1835-1895), journalist and novelist, mother of Harold Spender, who had written about the Pyrenees, had been dead for four years;  CMY perhaps confused her with her sister-in-law, Ellen (Rendle) Spender, the wife of Edward Spender (1834–1878), founder of the Plymouth newspaper the <i>Western Morning News</i>.

[[footnote:7]]The Rev. George Rundle Prynne (1818-1903), Vicar of St. Peter’s, Plymouth, perhaps officiated at the wedding of Duke Yonge and Charlotte Pode.  Like the Rev. Canon Thomas Thellusson Carter (1808-1901) he was conspicuous in several of the bitter public disputes about Tractarian practices.

<br/>"
3357,3409,July 1st[1899],1899-07-01,MS West Devon Area Record Office Ac 1092/19,Elderfield,"[[footnote:1]]The Archers were cousins of the Yonges.  The Rev. Charles Harward Archer had evidently died.  His 10 brothers and sisters included the Rev. Samuel Harward Archer (b. 1821), Rector of Newton Ferrars, Fulbert Archer (1825-1904), who emigrated to New Zealand, and Catherine (Archer) Tolcher.

[[footnote:2]]2 Chronicles 24:20.

<br/>"
3359,3411,"July 20, 1899",1899-07-20,"MS location unknown.  Printed in Coleridge, <i>[[otherbook:40]Life]</i>  343",Elderfield,"[[footnote:1]]Perhaps her correspondent\'s sister-in-law, [[person:2081]Emma (Sherlock) Yonge].

<br/>"
3358,3410,"July 20, 1899.",1899-07-20,"MS location unknown.  Printed in Coleridge, <i>[[otherbook:]Life]</i> p. 284","Elderfield, ","[[footnote:1]]On 18 July 1899 a presentation was made to Yonge of £1800 to found a [[other:113]scholarship] in her name enabling a former pupil of Winchester High School for Girls (now St. Swithun\'s School) to attend a university. Speeches were made by the Bishop of Guildford (the Rt. Rev. George Sumner) and Canon Warburton.

<br/>"
3360,3412,July 23d [1899],1899-07-23,MS Mrs Clare Roels/76,Elderfield,
3361,3413,"July 25, 1899",1899-07-25,"MS location unknown. Printed in Coleridge, <i>[[otherbook:40]Life]</i> 303","Elderfield, Otterbourne","[[footnote:1]]One of the tableaux depicted a scene from Yonge\'s novel about the French wars of religion, <i>[[cmybook:69]The Chaplet of Pearls]</i>  (1868), whose heroine is called Eustacie.

[[footnote:2]]\'To our own nets ne’er bow we down,/ Lest on the eternal shore/ The angels, while our draught they own,/ Reject us evermore:\' John Keble,  \'Fifth Sunday after Trinity\' in <i>[[otherbook:95]The Christian Year]</i>.

<br/>"
3362,3414,"July 31, 1899.",1899-07-31,"MS location unknown.  Printed in Coleridge, <i>[[otherbook:40]Life]</i> 330","Elderfield, Otterbourne, Winchester","[[footnote:1]]‘Education and Manners: A Trialogue’ <i>Mothers in Council</i> 9 (October 1899) 193-202, which describes an imaginary college for women in which ‘study [is] made subservient to religion, instead of religion being made subservient to study’.  The debate was continued in the following year.

[[footnote:2]][[person:1691]Edward Stuart Talbot] and his wife [[person:2082]Lavinia] were prominent campaigners for women\'s education."
3363,3415,Aug 7th [1899],1899-08-07,MS Mrs Clare Roels/77,Elderfield,"[[footnote:1]]A malapropism for ‘locum tenens’.

[[footnote:2]]George Sanger (1825?-1911) was proprietor of a celebrated travelling circus.

[[footnote:3]]This is an account of the plot of her novel <i>Modern Broods</i> (1900).

<br/>"
3364,3416,Aug 12 [1899],1899-08-12,MS Mrs Clare Roels/78,The Old House Dorking,"[[footnote:1]]They were hoping that the <i>[[other:52]MP]</i> would be revived in a cheaper form.

[[footnote:2]]  The legend that the emperor Maximilian I (1459-1519) climbed the Martinswand near Innsbruck is referred to in CMY’s novel <i>[[cmybook:62]The Dove in the Eagle’s Nest]</i> (1866) and is also the subject of one of Schubert’s songs.

<br/>"
3365,3417,Sunday Aug 13th [1899[[footnote:1]]],1899-08-13,"MS Princeton University, Parrish Collection",,"[[footnote:1]]The 13 August also fell on a Sunday in 1882 and 1893.

[[footnote:2]]The reference might be to <i>[[otherbook:209]Waterloo letters. A selection from original and hitherto unpublished letters bearing on the operations of the 16th, 17th, and 18th June 1815, by officers who served in the campaign]</i> ed. Major-Gen. H.T. Siborne, R.E. (London: Cassell 1891) or to <i>[[otherbook:210]Letters and journals of Field-Marshal Sir William Maynard Gomm from 1799 to Waterloo, 1815]</i> (London: Murray 1881), the latter of which includes some favourable references to William (1792 -1849), prince of Orange and later King of the Netherlands, whose military secretary during the Waterloo campaign was CMY’s step-uncle John Colborne, later 1st Lord Seaton.

<br/>"
3366,3418, [15 August 1899]   ,1899-08-15,MS Mrs Clare Roels/79[[footnote:1]],,"[[footnote:1]]With envelope addressed to Miss C R Coleridge/ Cheyne/ Torquay and postmarked Dorking 15 August 1899.

[[footnote:2]]The working title for the novel which became <i>Modern Broods</i> (1900).

<br/>"
3367,3419,Aug 21 [1899],1899-08-21,MS Mrs Clare Roels/81,Elderfield,"[[footnote:1]]This discussion relates to the collapse of the <i>MP</i> and the question of whether it could be revived in a cheaper and more popular form.

[[footnote:2]]Lady Emily Murray (1816-1902) married (1839) the 5th Marquess of Hertford (1812-1884), who succeeded his notoriously dissolute cousin in 1870.  As a recent widow, she was an early and enthusiastic supporter of the Mothers’ Union.

<br/>"
3368,3420,Aug 25 [1899],1899-08-25,MS Mrs Clare Roels/82,Elderfield,"[[footnote:1]]George Herbert Thring (1859-1941), solicitor, Secretary of the [[other:44]Society of Authors], 1891-1906.  He was the son of Edward Thring, the headmaster of Uppingham whose book on teaching CMY so admired."
3369,3421,Aug 29 [1899],1899-08-29,MS Mrs Clare Roels/83,Elderfield,"[[footnote:1]]The transaction must relate to the collapse of [[person:744]A. D. Innes]\'s business.

[[footnote:2]]The reference is presumably to reviews of Shipton’s novel [[otherbook:740]<i>The Touchstone</i>] (London: Isbister 1899).
"
3370,3422,Sept 1 [1899?],1899-09-01,MS Mrs Clare Roels/84,Elderfield Otterbourne,"[[footnote:1]]This was an attempt to enlist the help of Macmillan in reviving the [[other:52]<i>Monthly Packet</i>].

[[footnote:2]]Arthurine was the heroine of the story \'Come to her Kingdom\' which had appeared in the Christmas Number of the [[other:52]<i>Monthly Packet</i>] (1889) and was reprinted in [[cmybook:209]<i>More Bywords</i>].  It is set in the same village as the earlier story <i>The Stokesley Secret</i> and includes some of its characters.  As the letter indicates, these reappear in the novel under discussion, [[cmybook:251]<i>Modern Broods</i>], which also includes old friends, like Fulbert and Angela, from [[cmybook:109]<i>The Pillars of the House</i>]."
3371,3423,Sept 7th [1899],1899-09-07,MS Mrs Clare Roels/85,Elderfield,"[[footnote:1]]The question was whether it would be possible to revive the <i>Monthly Packet</i>, which had disappeared with the collapse of Innes\'s business.

[[footnote:2]]Arthurine was a character in \'Come to her Kingdom\' (collected in [[cmybook:209]<i>More Bywords</i>]), who was to reappear in the character of a moderate feminist in CMY\'s next novel [[cmybook:251]<i>Modern Broods</i>]."
3372,3424,Sept 9th 1899,1899-09-09,"MS  West Sussex County Record Office/ Add. 16,944/1",Elderfield Otterbourne Winchester,"[[footnote:1]]CMY had reprinted S.W., <i>A Puzzle for a Curious Girl</i> (London: Tabart and Harris ?1803) in <i>A Storehouse of Stories</i> (London: Macmillan 1870).

<br/>"
3373,3425,Sept 12  [1899?],1899-09-12,MS Mrs Clare Roels/86,Elderfield,"[[footnote:1]]CMY had evidently been reading Sir Mountstuart Grant Duff, <i>Notes from a Diary</i>.  He describes, I, 192-3, a visit to Heath\'s Court in September 1887 when he discussed reading with John Duke Coleridge and mentions the treaty being signed.

[[footnote:2]]Perhaps Marie Corelli <i>et aliae, The Modern Marriage Market</i> (London: Hutchinson 1898).

[[footnote:3]]The first [[other:113]Charlotte Yonge scholarship] from Winchester High School seems to have been held by [[person:893]Amy Aubrey Locke] (1881-1916) who is listed in the 1901 census as a student at Somerville College, and who was the daughter of Alfred L. Locke, head porter of Winchester College.  She published several historical works.

[[footnote:4]]The ‘good old cat, Earl Tomlemagne’ occurs in Robert Southey, ‘Epilogue to the Dragon’.

<br/>"
3374,3426,Sept 18th [1899],1899-09-18,"MS  West Sussex County Record Office/ Add. 16,944/2",Elderfield Otterbourne,"[[footnote:1]]CMY had earlier (9 September 1899) written to Walker about her reprinting of this book in <i>A Storehouse of Stories</i>: ‘I could lend it to you- or my own old copy of ‘the Puzzle for a curious girl’  which I inherited from my mother, and is somewhere in the house, though I cannot lay my hand on it without a search.  It has a red back, and illustrations at the top of the chapters, in the style of 1810-20, I should say - but of course they may have been made for the edition.’

[[footnote:2]]The Renier collection in the National Art Library, Victoria and Albert Museum, holds this duodecimo copy of <i>The Infant’s Miscellany</i> (?1801) with ownership inscriptions ‘F.M. Bargus 13 February 1801’ and erased ‘C.A. Colborne’ and the bookplate ‘From the Library of Charlotte M. Yonge’.

[[footnote:3]]Perhaps Sarah Fielding, <i>The Governess, or, Little Female Academy: Being the history of Mrs. Teachum, and her nine girls. With their nine days amusement. Calculated For the Entertainment and Instruction of Young Ladies in their Education</i>. (London: Millar 1749).  But perhaps the context suggests another book by one of the Kilners, or a contemporary?
"
3375,3427,Sept 19 [1899],1899-09-19,MS Mrs Clare Roels/87,Elderfield Otterbourne,"[[footnote:1]]They were abandoning attempts to revive the <i>Monthly Packet</i>, which had come to an end as a result of the collapse of A. D. Innes\'s publishing business.

[[footnote:2]]Thomas Hardy, <i>Under the Greenwood Tree: A Rural Painting of the Dutch School</i> 2 vols (London: Tinsley 1872), Chapter 4: ‘All we thought was, that for us old ancient singers to be choked off quiet at no time in particular, as now, in the Sundays after Easter, would seem rather mean in the eyes of other parishes, sir.  But if we fell glorious with a bit of a flourish at Christmas, we should have a respectable end, and not dwindle away at some nameless paltry second-Sunday-after or Sunday-next-before something, that\'s got no name of his own.’

[[footnote:3]]Characters in [[cmybook:251]<i>Modern Broods</i>].

<br/>"
3376,3428,Sept 22 1899,1899-09-22,"MS  West Sussex County Record Office/ Add. 16,944/3",Elderfield Otterbourne Winchester,"[[footnote:1]]Shakespeare’s <i>Antony and Cleopatra</i> seems an odd choice for a girls’ school, and this may be a misreading.

[[footnote:2]]Hannah More, <i>A Search after Happiness: A Pastoral, in three dialogues. By a young Lady</i> (Bristol: Farley 1773).  Mary Russell Mitford gives a description of its being performed at her school in \'Early Recollections\', published in the second volume (1826) of [[otherbook:744]<i>Our Village</i>].

<br/>"
3377,3429,Sept 26th 1899,1899-09-26,"MS  West Sussex County Record Office/ Add. 16,944/4",Elderfield Otterbourne,"[[footnote:1]]The four daughters were [[person:1203]Florence Maria], [[person:1202]Fanny Mary Harriet], [[person:1204]Ethel Julia] and [[person:1205]Mary Josephine Pratt].

[[footnote:2]]Alice Julia Argles (b.1848/9) married (1880) [[person:1225]Willingham Franklin Rawnsley], who ran a school at Lyndhurst.  His pupils would be Queen Victoria’s grandsons: Prince [[person:868]Leopold] (1884–1954), second Duke of Albany and Duke of Saxe-Coburg and Gotha;  and the sons of Princess Beatrice, Prince [[person:122]Alexander] (1886-1960), Prince [[person:123]Leopold Henry] (1889–1922) and Prince [[person:124]Maurice] (1891-1914) of Battenberg.

[[footnote:3]]These stories were published in Maria Edgeworth, [[otherbook:745]<i>Rosamond: A Sequel to Early Lessons</i>] (London: Hunter and Baldwin 1821).

<br/>"
3378,3430,Oct 10 [1899],1899-10-10,MS Mrs Clare Roels/88,Elderfield,"[[footnote:1]]Perhaps the battle of Tippermuir (1644)?

[[footnote:2]]CMY had evidently written a [[cmybook:352]review] of A.E.D., <i>Vanity and Vexation</i> (London, SPCK 1899), presumably in the <i>Guardian</i>, fairly recently.

<br/>"
3379,3431,Oct 10 [1899],1899-10-10,MS West Devon Area Record Office Ac 1092/23,Elderfield,"[[footnote:1]]Dorothea (Yonge) Layton (1870-1968), daughter of Charlotte (Pode) Yonge and niece of Mary Yonge, had a baby, Monica, on 30 September 1899.

<br/>"
3380,3432,Oct 30th 1899,1899-10-30,"MS Princeton University, Parrish Collection[[footnote:1]]",Elderfield Otterbourne,"[[footnote:1]]Pasted on  the back is the front cover of a pamphlet called ‘The Anglo-Catholic Position in Re the Archbishops’ Decision on Lights and Incense’ by Horatio Earl Nelson.  The letter refers to the widespread public debate about ritualism, which had culminated in the pronouncement on 31 July 1899 by Frederick Temple, the Archbishop of Canterbury, that the liturgical use of candles and incense was forbidden by the Church of England.

[[footnote:2]]Lord Nelson lived at Brickworth, Wiltshire. He had inherited it from his mother, who had been a friend of FMY.  He and his sister Susan had known CMY since childhood.

<br/>"
3381,3433,"November 4, 1899.",1899-11-04,"MS location unknown. Printed in Coleridge, [[otherbook:40]<i>Life</i>], 304","Elderfield, Otterbourne","[[footnote:1]]CMY\'s nephew George Yonge, killed on 22 October 1899 at Crocodile River, Rhodesia, during the Boer War.

<br/>"
3382,3434,Novr 24th [1899],1899-11-24,MS West Devon Area Record Office Acc No 308[[footnote:1]],Elderfield,"[[footnote:1]]Black-edged paper.  CMY\'s nephew George Yonge had been killed in Rhodesia.

[[footnote:2]]The word does not look like Sumner.

[[footnote:3]]Hannah Carey and Lucy Yonge were both aunts by marriage of Lottie Yonge\'s.

<br/>"
3383,3435,Decr 12th  [1899],1899-12-12,MS West Devon Area Record Office Acc No 308,Elderfield,[[footnote:1]]Gatacre had been defeated at the battle of Stormberg (10 December 1899).
3384,3436,Decr 15th 1899,1899-12-15,"MS  West Sussex County Record Office/ Add. 16,944/5",Elderfield,
3385,3437,Friday [22 December 1899],1899-12-22,"MS Pusey House, Oxford, inserted in a copy of <i>John Keble’s Parishes</i>, call mark 69.82cKEB.4.[[footnote:1]]",Elderfield,"[[footnote:1]]Plain paper, endorsed in another hand ‘Dec: 22nd 1899.’

<br/>"
3541,3593,[<i>c</i>.  1900],1900-00-00,"MS location unknown.  Printed in Romanes, <i>[[otherbook:241]Appreciation]</i>, 194",,"[[footnote:1]]Marianne Bigg-Wither (1820-1900). Florence (Bigg Wither) Norsworthy was her niece.

<br/>"
3595,9343,[May 1900],1900-05-00,MS location unknown. Printed in the <i>[[other:72]Girls’ Friendly Society Associates’ Journal and Advertiser]</i> (May 1900). 91-2,,"[[footnote:1]]  In the March issue \'Twenty-two Years Associate\' had written complaining of the \'old master\' illustrations used in that year’s G.F.S. Almanac (called the \'Kalendar\'): \'To my mind sacred pictures should not be either comic or grotesque, and certainly representations of our Lord should be above the possibility of being open to such accusations, and I don’t hesitate to say that these are not.\' In the May issue six letters were published, five of them defending the choice of pictures but one agreeing with \'Twenty-two Years Associate\'.

[[footnote:2]] ‘War Song of the Soaps’ by L. Symes Thompson (p. 42) gave lyrics and stage directions for a short jingoistic performance where five girls dressed in costumes based on the advertisements of notable brands of soap (Vinolia, Monkey Brand, Sunlight, Ivy and Pears) appeared one after another first describing their soaps and then directing antagonistic comments towards the enemy in the South African war. For example: \'But I won’t wash Kruger ---no! no! no!/For he opened the war and struck the first blow. . .\' CMY’s nephew George had been killed in South Africa in October 1899, and in January 1900 she had published a short meditation on such deaths, \'In Time of War, in <i>Mothers in Council</i>.
"
1707,1707,,,,,
