post_id,post_type,post_name,post_title,post_date
3419,post,to-christabel-rose-coleridge-2,To Christabel Rose Coleridge,2010-02-22T11:20:37Z
3420,post,to-christabel-rose-coleridge-26,To Christabel Rose Coleridge,2010-06-30T11:46:23Z
3417,post,to-mrs-swinton-2,To Mrs Swinton,2010-06-30T07:26:57Z
3418,post,to-christabel-rose-coleridge-24,To Christabel Rose Coleridge,2010-06-30T07:25:00Z
3415,post,to-christabel-rose-coleridge-23,To Christabel Rose Coleridge,2010-06-30T07:22:21Z
3416,post,to-christabel-rose-coleridge-22,To Christabel Rose Coleridge,2010-06-29T14:35:39Z
3414,post,to-elizabeth-harcourt-mitchell,To Elizabeth Harcourt Mitchell,2010-03-09T15:08:55Z
3413,post,to-helena-heathcote-2,To Helena Mary Heathcote,2010-03-09T15:13:24Z
3411,post,to-charlotte-fortescue-yonge-3,To Charlotte Fortescue Yonge,2010-03-09T15:19:45Z
3412,post,to-christabel-rose-coleridge-28,To Christabel Rose Coleridge,2010-07-02T13:43:54Z
3409,post,to-mary-yonge-12,To Mary Yonge,2010-07-02T13:15:35Z
3410,post,to-margaret-jane-mowbray,To Margaret Jane Mowbray,2010-03-09T14:47:06Z
3407,post,to-lady-leconfield,To  Lady Leconfield,2018-05-11T14:46:42Z
3408,post,to-mary-yonge-6,To Mary Yonge,2010-03-04T15:43:49Z
3405,post,to-penelope-packe-2,To Penelope Anne Laura Packe,2010-06-30T11:38:29Z
3406,post,to-lady-leconfield,To  Lady Leconfield,2018-05-11T14:51:02Z
3398,post,to-frederick-orridge-macmillan-3,To Frederick Orridge Macmillan?,2010-03-04T15:11:04Z
3399,post,to-marianne-bigg-wither-3,To Marianne Bigg Wither,2010-03-04T15:14:07Z
3400,post,to-frederick-orridge-macmillan-4,To Frederick Orridge Macmillan,2010-03-04T15:16:46Z
3401,post,to-the-reverend-john-frewen-moor-7,To the Reverend John Frewen Moor,2011-02-02T12:07:11Z
3402,post,to-the-marchioness-of-salisbury-2,To the Marchioness of Salisbury,2010-02-22T23:01:00Z
3403,post,to-mary-caroline-butler,To Mary Caroline Butler,2010-06-30T09:56:33Z
3404,post,to-mary-yonge-5,To Mary Yonge,2010-03-04T15:31:08Z
3395,post,to-sir-walter-besant,To Sir Walter Besant,2010-07-02T12:38:40Z
3396,post,to-mary-elizabeth-sumner-2,To Mary Elizabeth Sumner,2010-06-30T11:59:25Z
3397,post,to-matthew-r-bigge,To Matthew R. Bigge,2010-03-09T14:46:24Z
3394,post,to-sir-walter-besant-2,To Sir Walter Besant,2010-06-15T13:44:49Z
3392,post,to-the-reverend-john-frederick-watkinson-bullock-11,To the Reverend John Frederick Watkinson Bullock,2011-12-16T12:52:54Z
3393,post,to-mary-yonge-3,To Mary Yonge,2010-03-04T13:32:48Z
3391,post,to-frederick-orridge-macmillan-2,To Frederick Orridge Macmillan,2010-03-04T13:46:27Z
3389,post,to-anna-meredith-barrett-lennard-2,To Anna Meredith Barrett Lennard,2011-02-02T12:06:32Z
3390,post,to-an-unknown-person-2,To an Unknown Person,2010-03-09T14:42:22Z
3387,post,to-an-unknown-woman-7,To an Unknown Woman,2010-03-09T14:59:16Z
3388,post,to-christabel-rose-coleridge-27,To Christabel Rose Coleridge,2010-07-02T09:32:59Z
3386,post,to-christabel-rose-coleridge-25,To Christabel Rose Coleridge,2010-06-30T09:48:02Z
3382,post,to-frederick-orridge-macmillan-5,To Frederick Orridge Macmillan,2010-07-02T08:49:12Z
3383,post,to-anna-meredith-barrett-lennard,To Anna Meredith Barrett Lennard?,2011-02-02T12:08:33Z
3385,post,to-mary-yonge-4,To Mary Yonge,2010-03-04T14:17:54Z
3381,post,to-the-countess-of-glasgow,To the Countess of Glasgow,2010-06-30T11:48:23Z
3380,post,to-marianne-bigg-wither-2,To Marianne Bigg Wither,2010-03-04T14:29:42Z
3379,post,to-frederick-orridge-macmillan-19,To Frederick Orridge Macmillan,2010-10-08T10:36:43Z
3378,post,to-frederick-orridge-macmillan,To Frederick Orridge Macmillan,2010-10-08T10:17:05Z
3377,post,to-frederick-orridge-macmillan,To Frederick Orridge Macmillan,2010-10-08T09:58:15Z
3375,post,to-frederick-orridge-macmillan-16,To Frederick Orridge Macmillan,2010-10-07T16:17:57Z
3376,post,to-frederick-orridge-macmillan-17,To Frederick Orridge Macmillan,2010-10-08T09:52:55Z
3371,post,to-beatrice-heathcote,To Beatrice Henrietta Heathcote,2010-10-07T15:53:59Z
3372,post,to-frederick-orridge-macmillan-15,To Frederick Orridge Macmillan,2010-10-07T15:56:59Z
3373,post,to-catharine-elgie-2,To Catharine Elgie,2010-10-07T16:07:38Z
3374,post,to-misey,To Misey ?,2010-10-07T16:14:40Z
3370,post,to-helena-heathcote-5,To Helena Mary Heathcote,2010-10-07T15:32:05Z
3367,post,to-anna-meredith-barrett-lennard,To Anna Meredith Barrett Lennard?,2011-02-02T11:55:49Z
3368,post,to-beatrice-heathcote-3,To Beatrice Henrietta Heathcote,2010-10-07T15:04:58Z
3369,post,to-edmund-doidge-anderson-morshead-2,To Edmund Doidge Anderson Morshead,2010-10-07T15:11:13Z
3366,post,to-arthur-duke-coleridge,To Arthur Duke Coleridge,2010-10-07T14:31:36Z
3364,post,to-frederick-orridge-macmillan-14,To Frederick Orridge Macmillan,2010-10-07T14:08:24Z
3365,post,to-the-reverend-william-parsons-warburton-5,To the Reverend William Parsons Warburton,2010-10-07T14:12:26Z
3363,post,to-frederick-orridge-macmillan-13,To Frederick Orridge Macmillan,2010-10-07T14:06:34Z
3361,post,to-mary-elizabeth-christie,To Mary Elizabeth Christie,2010-10-07T13:49:49Z
3362,post,to-frederick-orridge-macmillan-12,To Frederick Orridge Macmillan,2010-10-07T13:59:05Z
3359,post,to-christabel-rose-coleridge-30,To Christabel Rose Coleridge,2010-10-07T11:41:25Z
3360,post,to-amelie-claire-leroy,To Amélie Claire LeRoy,2010-10-07T11:43:18Z
3358,post,to-louisa-fanny-field,To Louisa Fanny Field,2011-02-02T12:02:05Z
3357,post,to-mary-yonge-24,To Mary Yonge,2010-10-07T11:10:20Z
3355,post,to-helena-heathcote-4,To Helena Mary Heathcote,2010-10-07T09:42:14Z
3356,post,to-beatrice-heathcote-2,To Beatrice Henrietta Heathcote,2010-10-07T09:51:18Z
3353,post,to-isabel-mary-warburton-2,To the Hon. Mrs Warburton,2010-10-07T09:08:48Z
3354,post,to-mary-yonge-23,To Mary Yonge,2010-10-07T09:19:14Z
3351,post,to-mary-yonge-22,To Mary Yonge,2010-10-07T08:14:58Z
3352,post,to-helena-heathcote-3,To Helena Mary Heathcote,2010-10-07T09:06:51Z
3349,post,to-marianne-bigg-wither-5,To Marianne Bigg-Wither,2010-10-06T16:13:41Z
3350,post,to-mary-yonge-21,To Mary Yonge,2010-10-07T08:12:58Z
3347,post,to-an-unknown-man-perhaps-editor-of-a-biographical-dictionary,"To an Unknown Man, perhaps editor of a biographical dictionary.",2010-10-06T15:55:35Z
3348,post,to-mary-yonge-20,To Mary Yonge,2010-10-06T16:09:55Z
3346,post,to-mary-yonge-19,To Mary Yonge,2010-10-06T15:49:43Z
3345,post,to-a-member-of-the-bigg-wither-family,To a member of the Bigg-Wither family,2010-10-06T15:40:05Z
3344,post,to-mrs-walker,To Alice Fielden Walker,2010-10-06T15:37:15Z
3343,post,to-mrs-wathen,To Mrs Wathen,2010-10-06T15:04:56Z
3341,post,to-an-unknown-woman-29,To an unknown woman,2010-10-04T14:46:33Z
3342,post,to-mary-yonge-18,To Mary Yonge,2010-10-04T15:10:02Z
3340,post,to-mary-yonge-17,To Mary Yonge,2010-10-04T14:45:24Z
3338,post,to-frederick-orridge-macmillan-11,To Frederick Orridge Macmillan,2010-10-04T14:08:44Z
3339,post,to-elizabeth-wordsworth-3,To Elizabeth Wordsworth,2010-10-04T14:34:36Z
3337,post,to-mary-elizabeth-christie-4,To Mary Elizabeth Christie,2010-10-04T14:02:51Z
3335,post,to-miss-hall,To Miss Hall,2011-10-10T12:56:52Z
3336,post,to-edith-emma-knight,To Edith Emma Knight,2010-10-04T13:59:45Z
3334,post,to-mary-elizabeth-christie-3,To Mary Elizabeth Christie,2010-09-30T15:55:38Z
3333,post,to-mary-elizabeth-christie-2,To Mary Elizabeth Christie,2010-09-30T15:31:07Z
3332,post,to-daniel-conner-lathbury,To Daniel Conner Lathbury,2010-09-30T15:12:15Z
3329,post,to-the-hon-lady-crauford,To the Hon. Lady Crauford,2010-09-30T11:53:11Z
3330,post,to-an-unknown-woman-28,To an Unknown Woman,2010-09-30T12:00:10Z
3331,post,to-the-reverend-william-harris-bigg-wither-2,To the Reverend William Harris Bigg Wither,2010-09-30T12:11:51Z
3327,post,to-clifford-wyndham-holgate-3,To Clifford Wyndham Holgate,2010-09-30T11:38:18Z
3328,post,to-clifford-wyndham-holgate,To Clifford Wyndham Holgate,2010-09-30T11:48:23Z
3325,post,to-ethel-romanes,To Ethel Romanes,2010-09-10T14:50:08Z
3326,post,henry-rider-haggard-to-charlotte-mary-yonge,Henry Rider Haggard to Charlotte Mary Yonge,2010-09-30T11:35:39Z
3324,post,to-agnes-charlotte-comptonf,To Agnes Charlotte Compton,2010-09-10T14:45:09Z
3322,post,to-the-reverend-john-frewen-moor-6,To the Reverend John Frewen Moor,2011-02-02T12:03:09Z
3323,post,to-the-reverend-john-frewen-moor-5,To the Reverend John Frewen Moor,2011-02-02T12:02:42Z
3321,post,to-mary-elizabeth-wormeley-latimer-2,To Mary Elizabeth (Wormeley) Latimer,2010-09-10T14:26:42Z
3320,post,to-mary-yonge-16,To Mary Yonge,2010-09-10T14:19:09Z
3319,post,to-an-unknown-woman-27,To an Unknown Woman,2010-09-10T13:53:12Z
3318,post,charles-wooldridge-to-charlotte-mary-yonge-12,Charles Wooldridge to Charlotte Mary Yonge,2010-09-10T13:51:20Z
3316,post,to-frederick-orridge-macmillan-10,To Frederick Orridge Macmillan,2010-09-07T15:20:10Z
3317,post,to-mary-elizabeth-wormeley-latimer,To Mary Elizabeth (Wormeley) Latimer,2010-09-10T13:48:34Z
3313,post,to-charles-wooldridge,To Charles Wooldridge,2010-09-07T15:03:38Z
3314,post,to-agnes-giberne,To Miss Giberne,2010-09-07T15:13:56Z
3315,post,to-frederick-orridge-macmillan-9,To Frederick Orridge Macmillan,2010-09-07T15:17:25Z
3311,post,to-charles-wooldridge-7,To Charles Wooldridge,2010-09-07T14:57:08Z
3312,post,charles-wooldridge-to-charlotte-mary-yonge-11,Charles Wooldridge to Charlotte Mary Yonge,2010-09-07T15:01:40Z
3310,post,charles-wooldridge-to-charlotte-mary-yonge-2,Charles Wooldridge to Charlotte Mary Yonge,2010-02-22T11:14:46Z
3309,post,to-charles-wooldridge-6,To Charles Wooldridge,2010-09-07T14:50:24Z
3307,post,to-charles-wooldridge-5,To Charles Wooldridge,2010-09-07T14:44:16Z
3305,post,to-augusta-boevey-pode-2,To Augusta Boevey Pode,2010-09-07T14:22:10Z
3306,post,charles-wooldridge-to-charlotte-mary-yonge-10,Charles Wooldridge to Charlotte Mary Yonge,2010-09-07T14:24:46Z
3302,post,to-susan-wordsworth,To Susanna Wordsworth,2010-09-07T14:13:28Z
3303,post,to-jemima-blackburn-13,To Jemima Blackburn,2010-09-07T14:17:35Z
3304,post,to-the-parishioners-of-otterbourne-3,To the Parishioners of Otterbourne,2010-09-07T14:18:53Z
3301,post,to-frederick-orridge-macmillan-or-alexander-macmillan,To Frederick Orridge Macmillan,2010-09-07T14:07:30Z
3300,post,to-frederick-orridge-macmillan-or-alexander-macmillan-3,To Frederick Orridge Macmillan,2010-09-07T14:04:15Z
3297,post,charles-wooldridge-to-charlotte-mary-yonge-8,Charles Wooldridge to Charlotte Mary Yonge,2010-09-07T13:55:22Z
3298,post,charles-wooldridge-to-emma-frances-yonge,Charles Wooldridge to Emma Frances Yonge,2010-09-07T13:57:05Z
3299,post,charles-wooldridge-to-charlotte-mary-yonge-9,Charles Wooldridge to Charlotte Mary Yonge,2010-09-07T13:59:17Z
3294,post,to-charles-wooldridge-4,To Charles Wooldridge,2010-09-07T13:48:52Z
3295,post,to-mary-trebeck-2,To Mary Trebeck,2010-09-07T13:50:56Z
3296,post,charles-wooldridge-to-charlotte-mary-yonge-7,Charles Wooldridge to Charlotte Mary Yonge,2010-09-07T13:53:14Z
3291,post,charles-wooldridge-to-charlotte-mary-yonge-5,Charles Wooldridge to Charlotte Mary Yonge,2010-09-07T13:40:18Z
3292,post,to-charles-wooldridge-3,To Charles Wooldridge,2010-09-07T13:43:34Z
3293,post,charles-wooldridge-to-charlotte-mary-yonge-6,Charles Wooldridge to Charlotte Mary Yonge,2010-09-07T13:45:56Z
3288,post,to-charlotte-cordelia-yonge-3,To Charlotte Cordelia Yonge,2010-09-07T13:32:05Z
3289,post,charles-wooldridge-to-charlotte-mary-yonge-4,Charles Wooldridge to Charlotte Mary Yonge,2010-09-07T13:35:20Z
3290,post,to-charles-wooldridge-2,To Charles Wooldridge,2010-09-07T13:37:33Z
3286,post,to-the-reverend-john-frederick-watkinson-bullock-4,To the Reverend John Frederick Watkinson Bullock,2011-11-17T13:54:49Z
3287,post,to-mary-yonge-15,To Mary Yonge,2010-09-07T13:26:05Z
3284,post,to-an-unknown-woman-26,To an Unknown Woman,2010-09-07T13:15:43Z
3285,post,to-walter-besant,To Walter Besant,2010-09-07T13:17:52Z
3283,post,charles-wooldridge-to-charlotte-mary-yonge-3,Charles Wooldridge to Charlotte Mary Yonge,2010-09-07T13:13:20Z
3282,post,to-miss-hale,To Miss Hale,2010-08-14T14:28:36Z
3278,post,to-frederick-orridge-macmillan-7,To Frederick Orridge Macmillan,2010-08-14T14:05:57Z
3279,post,to-mary-yonge-14,To Mary Yonge,2010-08-14T14:15:09Z
3280,post,to-the-reverend-john-frederick-watkinson-bullock-5,To the Reverend John Frederick Watkinson Bullock,2010-08-14T14:19:20Z
3281,post,to-frederick-orridge-macmillan-8,To Frederick Orridge Macmillan,2010-08-14T14:26:03Z
3276,post,to-the-reverend-john-frederick-watkinson-bullock-6,To the Reverend John Frederick Watkinson Bullock,2011-11-17T15:25:53Z
3277,post,to-jemima-blackburn-12,To Jemima Blackburn,2010-08-14T14:04:11Z
3274,post,to-the-reverend-john-frederick-watkinson-bullock-21,To the Reverend John Frederick Watkinson Bullock,2011-12-16T14:16:12Z
3275,post,to-the-reverend-john-frederick-watkinson-bullock-14,To the Reverend John Frederick Watkinson Bullock,2011-12-16T13:10:17Z
3273,post,to-frederick-orridge-macmillan-or-alexander-macmillan-2,To Frederick Orridge Macmillan,2010-08-14T13:52:01Z
3271,post,to-george-lillie-craik-15,To George Lillie Craik,2010-08-14T11:19:33Z
3270,post,to-the-reverend-john-frederick-watkinson-bullock-20,To the Reverend John Frederick Watkinson Bullock,2011-12-16T13:14:24Z
3269,post,to-mary-caroline-holbeach,To Mary Caroline Holbeach,2010-08-14T11:09:12Z
3267,post,to-the-reverend-john-frederick-watkinson-bullock-24,To the Reverend John Frederick Watkinson Bullock,2011-12-16T14:21:14Z
3268,post,to-the-reverend-john-frederick-watkinson-bullock-23,To the Reverend John Frederick Watkinson Bullock,2011-12-16T14:19:46Z
3265,post,to-ethel-romanes-2,To Ethel Romanes,2010-08-14T10:39:12Z
3266,post,to-arthur-john-butler-9,To Arthur John Butler,2010-08-14T10:41:50Z
3263,post,to-anne-isabella-ritchie-2,To Anne Isabella Ritchie,2010-08-14T09:46:50Z
3264,post,to-the-reverend-john-frederick-watkinson-bullock-25,To the Reverend John Frederick Watkinson Bullock,2011-12-16T14:24:18Z
3260,post,to-anne-elizabeth-mary-anderson-morshead-5,To Anne Elizabeth Mary Anderson Morshead,2010-08-11T15:29:08Z
3261,post,to-the-reverend-john-frederick-watkinson-bullock-16,To the Reverend John Frederick Watkinson Bullock,2011-12-16T13:11:39Z
3257,post,to-george-lillie-craik-14,To George Lillie Craik,2010-08-11T15:00:12Z
3258,post,to-alice-may-gordon,To Alice May Gordon,2010-08-11T15:03:19Z
3259,post,to-charlotte-anne-elizabeth-moberly,To Charlotte Anne Elizabeth Moberly,2010-08-11T15:11:36Z
3248,post,to-the-reverend-john-frederick-watkinson-bullock-10,To the Reverend John Frederick Watkinson Bullock,2011-12-16T12:46:38Z
3249,post,to-the-reverend-john-frederick-watkinson-bullock-15,To the Reverend John Frederick Watkinson Bullock,2011-12-16T13:11:07Z
3250,post,to-mrs-egerton,To Mrs Egerton,2010-07-29T17:35:44Z
3251,post,to-the-reverend-john-frederick-watkinson-bullock-13,To the Reverend John Frederick Watkinson Bullock,2011-12-16T13:09:22Z
3252,post,to-the-reverend-john-frederick-watkinson-bullock-17,To the Reverend John Frederick Watkinson Bullock,2011-12-16T13:12:03Z
3253,post,to-the-reverend-john-frederick-watkinson-bullock-19,To the Reverend John Frederick Watkinson Bullock,2011-12-16T13:13:59Z
3254,post,to-the-reverend-john-frederick-watkinson-bullock-18,To the Reverend John Frederick Watkinson Bullock,2011-12-16T13:12:47Z
3255,post,to-the-reverend-john-frederick-watkinson-bullock-22,To the Reverend John Frederick Watkinson Bullock,2011-12-16T14:18:30Z
3256,post,to-lady-mary,To Lady Mary ?,2010-08-11T14:25:44Z
3247,post,to-anne-isabella-ritchie,To Anne Isabella Ritchie,2011-02-02T11:41:11Z
3246,post,to-the-reverend-john-frederick-watkinson-bullock-9,To the Reverend John Frederick Watkinson Bullock,2011-12-16T12:45:31Z
3245,post,to-the-reverend-john-frederick-watkinson-bullock-2,To the Reverend John Frederick Watkinson Bullock,2010-02-18T14:34:54Z
3244,post,to-the-reverend-arthur-roland-maddison,To the Reverend Canon Arthur Roland Maddison,2010-07-29T16:21:09Z
3241,post,to-the-reverend-john-frederick-watkinson-bullock-12,To the Reverend John Frederick Watkinson Bullock,2011-12-16T13:01:17Z
3242,post,to-the-reverend-john-frederick-watkinson-bullock-7,To the Reverend John Frederick Watkinson Bullock,2011-12-16T12:41:33Z
3243,post,to-the-reverend-john-frederick-watkinson-bullock-8,To the Reverend John Frederick Watkinson Bullock,2011-12-16T12:42:07Z
3240,post,to-dorothea-yonge,To Dorothea Yonge,2010-07-29T16:06:43Z
3239,post,to-an-unknown-woman-18,To an Unknown Woman,2010-07-29T16:02:34Z
3237,post,to-an-unknown-woman-34,To an Unknown Woman,2011-02-02T12:03:42Z
3238,post,to-lady-sophia-matilda-palmer,To Lady Sophia Matilda Palmer,2011-02-02T11:26:58Z
3236,post,to-anne-elizabeth-mary-anderson-morshead-4,To Anne Elizabeth Mary Anderson Morshead,2010-07-28T13:51:09Z
3235,post,henrietta-eliza-vaughan-stannard-to-charlotte-mary-yonge,Henrietta Eliza Vaughan Stannard to Charlotte Mary Yonge,2010-07-28T13:42:08Z
3233,post,to-an-unknown-man-16,To an Unknown Man,2010-07-28T13:29:04Z
3234,post,to-the-right-reverend-george-francis-popham-blyth,To the Right Reverend George Francis Popham Blyth,2010-07-28T13:31:22Z
3232,post,to-the-parishioners-of-otterbourne-2,To the parishioners of Otterbourne,2010-07-28T11:25:25Z
3231,post,to-the-very-reverend-george-david-boyle,To the Very Reverend George David Boyle,2010-07-28T11:16:50Z
3230,post,to-elizabeth-barnett-15,To Elizabeth Barnett,2010-07-28T11:10:23Z
3229,post,to-mary-caroline-holbeach-2,To Mary Caroline Holbeach,2010-07-28T10:47:07Z
3228,post,to-alice-arbuthnot-moberly-11,To Alice Arbuthnot Moberly?,2010-07-28T10:24:30Z
3227,post,to-the-reverend-william-parsons-warburton-4,To the Reverend William Parsons Warburton,2010-07-27T15:15:53Z
3226,post,to-the-right-reverend-john-richardson-selwyn,To the Right Reverend John Richardson Selwyn,2010-07-27T15:08:17Z
3224,post,to-mary-yonge-13,To Mary Yonge,2010-07-27T14:48:38Z
3225,post,to-george-lillie-craik-13,To George Lillie Craik,2010-07-27T14:53:44Z
3222,post,to-an-unknown-man-15,To an Unknown Man,2010-07-26T09:52:11Z
3223,post,isabella-lucy-bishop-to-charlotte-mary-yonge,Isabella Lucy Bishop to Charlotte Mary Yonge,2010-07-27T13:59:45Z
3220,post,to-messrs-isbister,To Messrs Isbister and Co.,2010-07-26T09:23:46Z
3221,post,baron-von-tauchnitz-to-charlotte-mary-yonge,"Christian Karl Bernhard, Baron von Tauchnitz, to Charlotte Mary Yonge",2010-07-26T09:49:11Z
3219,post,to-mr-moore,To ?the Reverend John Frewen Moor,2011-02-02T12:05:12Z
3217,post,to-miss-wilcox,To Isabella Lucy Wilcox?,2010-07-22T10:40:52Z
3218,post,to-john-athelstan-laurie-riley-2,To John Athelstan Laurie Riley,2011-10-14T19:49:13Z
3216,post,to-lady-frederick-bruce-3,To Lady Frederick Bruce,2010-07-22T10:21:35Z
3212,post,to-george-lillie-craik-10,To George Lillie Craik,2010-07-20T10:13:58Z
3213,post,to-george-lillie-craik-11,To George Lillie Craik,2010-07-20T10:25:51Z
3214,post,to-george-lillie-craik-12,To George Lillie Craik,2010-07-20T10:29:51Z
3215,post,to-john-athelstan-laurie-riley,To John Athelstan Laurie Riley,2011-10-14T19:52:09Z
3210,post,to-sarah-angelina-acland,To Sarah Angelina Acland,2011-10-14T19:53:26Z
3211,post,to-george-lillie-craik-9,To George Lillie Craik,2010-07-20T10:10:01Z
3209,post,to-arthur-donald-innes-17,To Arthur Donald Innes,2010-07-18T15:11:10Z
3208,post,to-oscar-fay-adams,To Oscar Fay Adams,2010-07-18T15:04:46Z
3207,post,to-the-reverend-vere-awdry,To the Reverend Vere Awdry,2010-07-18T15:00:43Z
3204,post,to-helen-emma-yonge,To Helen Emma Yonge,2010-07-18T14:02:19Z
3205,post,to-lady-frederick-bruce-2,To Lady Frederick Bruce,2010-07-18T14:07:53Z
3206,post,to-arthur-donald-innes,To Arthur Donald Innes,2011-10-14T19:54:37Z
3198,post,to-francis-turner-palgrave-2,To Francis Turner Palgrave,2010-07-18T13:13:13Z
3199,post,to-alice-may-gordon-2,To Alice May Gordon,2010-07-18T13:31:02Z
3200,post,to-hannah-carey,To Hannah Carey,2010-07-18T13:37:37Z
3201,post,to-arthur-john-butler-7,To Arthur John Butler,2010-07-18T13:41:27Z
3202,post,to-arthur-john-butler-8,To Arthur John Butler,2010-07-18T13:49:37Z
3203,post,to-an-unknown-woman-35,To an Unknown Woman,2011-02-02T12:04:20Z
3192,post,to-the-reverend-william-parsons-warburton-3,To the Reverend William Parsons Warburton,2010-07-07T15:10:34Z
3193,post,to-an-unknown-woman-24,To an Unknown Woman,2010-07-09T19:34:53Z
3194,post,to-helen-emma-yonge-2,To Helen Emma Yonge,2010-07-09T21:06:49Z
3195,post,to-emma-frances-yonge,To Emma Frances Yonge,2010-07-09T21:31:50Z
3196,post,to-an-unknown-woman-25,To an Unknown Woman,2010-07-09T21:35:41Z
3197,post,to-elizabeth-barnett-14,To Elizabeth Barnett,2010-07-11T10:01:29Z
3187,post,to-miss-abraham,To Miss Abraham,2010-07-07T14:36:02Z
3188,post,to-frederick-orridge-macmillan-6,To Frederick Orridge Macmillan,2010-07-07T14:37:43Z
3189,post,to-arthur-donald-innes-16,To Arthur Donald Innes,2010-07-07T14:44:25Z
3190,post,to-christabel-rose-coleridge-29,To Christabel Rose Coleridge,2010-07-07T14:51:10Z
3191,post,to-an-unknown-man-14,To an Unknown Man,2010-07-07T15:03:07Z
3184,post,to-the-archdeacon-of,To the Archdeacon of ?,2010-07-07T13:38:35Z
3185,post,to-arthur-donald-innes-15,To Arthur Donald Innes,2010-07-07T13:44:39Z
3186,post,to-an-unknown-man-13,To an Unknown Man,2010-07-07T14:16:10Z
3181,post,to-penelope-packe-3,To Penelope Anne Laura Packe,2010-07-07T10:55:38Z
3182,post,to-an-unknown-person-7,To an Unknown Person,2010-07-07T11:32:41Z
3183,post,to-an-unknown-person-8,To an Unknown Person,2010-07-07T11:46:05Z
3179,post,to-the-reverend-john-frewen-moor,To the Reverend John Frewen Moor,2011-10-10T12:54:13Z
3180,post,to-william-john-woollcombe,To William John Woollcombe?,2010-07-07T10:34:06Z
3178,post,to-arthur-donald-innes-14,To Arthur Donald Innes,2010-07-07T10:30:33Z
3177,post,to-the-hon-mrs-montgomery-moore-2,To the Hon. Mrs Montgomery Moore,2010-07-07T10:20:33Z
3176,post,to-arthur-donald-innes-13,To Arthur Donald Innes,2010-07-07T10:10:14Z
3175,post,to-arthur-donald-innes-12,To Arthur Donald Innes,2010-07-07T09:58:49Z
3173,post,anna-harriet-drury-to-charlotte-mary-yonge,Anna Harriet Drury to Charlotte Mary Yonge,2010-07-07T09:39:10Z
3174,post,to-arthur-donald-innes-11,To Arthur Donald Innes,2010-07-07T09:41:25Z
3172,post,to-mary-christiana-boyle,To Mary Christiana Boyle?,2010-07-07T09:32:12Z
3170,post,katherine-sarah-macquoid-to-charlotte-mary-yonge,Katherine Sarah Macquoid to Charlotte Mary Yonge,2010-07-07T09:14:42Z
3171,post,to-henrietta-a-woodgate,To Henrietta Newman Woodgate,2011-10-14T19:55:58Z
3167,post,to-an-unknown-woman-23,To an Unknown Woman,2010-07-07T09:03:24Z
3168,post,to-arthur-donald-innes-10,To Arthur Donald Innes,2010-07-07T09:07:43Z
3169,post,to-the-reverend-morgan-george-watkins,To the Reverend Morgan George Watkins,2010-07-07T09:08:45Z
3165,post,to-florence-wilford-7,To Florence Wilford,2011-02-02T11:27:40Z
3166,post,to-arthur-donald-innes-9,To Arthur Donald Innes,2010-07-07T09:00:08Z
3164,post,to-florence-wilford-6,To Florence Wilford,2010-07-07T08:33:06Z
3163,post,to-the-reverend-john-julian,To the Reverend John Julian,2010-07-07T07:39:52Z
3160,post,to-george-lillie-craik-7,To George Lillie Craik,2010-07-06T11:55:34Z
3161,post,to-an-unknown-man-12,To an Unknown Man,2010-07-07T07:10:51Z
3162,post,to-george-lillie-craik-8,To George Lillie Craik,2010-07-07T07:25:42Z
3159,post,to-miss-bowles,To Miss Bowles,2010-07-06T11:51:18Z
3157,post,to-arthur-donald-innes-8,To Arthur Donald Innes,2010-07-05T14:58:49Z
3158,post,to-arthur-donald-innes-2,To Arthur Donald Innes,2010-06-29T13:59:20Z
3156,post,to-arthur-donald-innes-7,To Arthur Donald Innes,2010-07-05T13:43:57Z
3155,post,to-arthur-donald-innes-6,To Arthur Donald Innes,2010-07-05T13:34:07Z
3153,post,to-arthur-donald-innes-4,To Arthur Donald Innes,2010-07-05T13:25:04Z
3154,post,to-arthur-donald-innes-5,To Arthur Donald Innes,2010-07-05T13:26:25Z
3152,post,to-a-member-of-the-moberly-family,To a member of the Moberly family,2010-07-05T13:22:32Z
3151,post,to-arthur-donald-innes-3,To Arthur Donald Innes,2010-07-05T13:19:58Z
3150,post,to-dorothea-beale,To Dorothea Beale,2010-07-05T13:09:27Z
3149,post,dorothea-beale-to-charlotte-mary-yonge,Dorothea Beale to Charlotte Mary Yonge,2010-07-05T13:07:23Z
3148,post,to-dorothea-beale-2,To Dorothea Beale,2010-07-05T12:04:27Z
3147,post,to-elizabeth-barnett-13,To Elizabeth Barnett,2010-07-02T14:36:42Z
3146,post,to-elizabeth-roberts-39,To Elizabeth Roberts,2010-04-28T15:48:50Z
3145,post,to-margaret-helen-moberly-3,To Margaret Helen Moberly,2010-04-28T15:44:13Z
3144,post,from-the-reverend-john-coleridge-patteson-to-charlotte-mary-yonge-2,From the Reverend John Coleridge Patteson to Charlotte Mary Yonge,2010-04-28T15:33:23Z
3143,post,to-ann-maria-carter-smith-26,To Ann Maria Carter Smith,2010-04-28T15:13:54Z
3141,post,thomas-constable-co-to-charlotte-mary-yonge,Thomas Constable & Co. to Charlotte Mary Yonge,2010-04-28T14:59:27Z
3142,post,to-ann-maria-carter-smith-25,To Ann Maria Carter Smith,2010-04-28T15:10:03Z
3140,post,to-caroline-elizabeth-cooke-trench-3,To Caroline Elizabeth Cooke-Trench,2010-04-28T14:44:00Z
3137,post,to-an-unknown-man-4,To an Unknown Man,2010-04-28T14:24:33Z
3138,post,to-ann-maria-carter-smith-24,To Ann Maria Carter Smith,2010-04-28T14:26:07Z
3139,post,to-john-william-parker-jr-7,"To John William Parker, Jr.",2010-04-28T14:34:54Z
3133,post,to-ann-maria-carter-smith-22,To Ann Maria Carter Smith,2010-04-28T14:04:57Z
3134,post,to-elizabeth-barnett-8,To Elizabeth Barnett,2010-04-28T14:10:01Z
3135,post,to-elizabeth-barnett-9,To Elizabeth Barnett,2010-04-28T14:13:00Z
3136,post,to-ann-maria-carter-smith-23,To Ann Maria Carter Smith,2010-04-28T14:17:02Z
3131,post,to-ann-maria-carter-smith-20,To Ann Maria Carter Smith,2010-04-28T13:56:10Z
3132,post,to-ann-maria-carter-smith-21,To Ann Maria Carter Smith,2010-04-28T14:01:29Z
3129,post,to-ann-maria-carter-smith-18,To Ann Maria Carter Smith,2010-04-28T13:49:29Z
3130,post,to-ann-maria-carter-smith-19,To Ann Maria Carter Smith,2010-04-28T13:53:34Z
3128,post,to-ann-maria-carter-smith-17,To Ann Maria Carter Smith,2010-04-28T13:43:58Z
3127,post,to-ann-maria-carter-smith-16,To Ann Maria Carter Smith,2010-04-28T13:37:39Z
3126,post,to-ann-maria-carter-smith-15,To Ann Maria Carter Smith,2010-04-28T13:31:05Z
3125,post,to-anne-sturges-bourne-3,To Anne Sturges Bourne,2010-04-28T13:17:16Z
3124,post,to-caroline-elizabeth-cooke-trench-2,To Caroline Elizabeth Cooke Trench,2010-04-27T20:11:25Z
3123,post,to-louisa-harriet-eyre-matcham,To Louisa Harriet Eyre Matcham,2010-04-27T16:05:42Z
3122,post,to-the-reverend-edward-coleridge-3,To the Reverend Edward Coleridge,2010-04-27T15:52:40Z
3120,post,to-the-reverend-upton-richards,To the Reverend William Upton Richards,2010-04-27T15:36:34Z
3121,post,from-the-reverend-john-keble-to-charlotte-mary-yonge,From the Reverend John Keble to Charlotte Mary Yonge,2010-04-27T15:42:14Z
3117,post,to-an-unknown-woman-9,To an Unknown Woman,2010-04-27T12:04:14Z
3118,post,to-marianne-bigg-wither-4,To Marianne Bigg Wither,2010-04-27T12:09:44Z
3119,post,to-anne-yonge-37,To Anne Yonge,2010-04-27T12:19:03Z
3116,post,to-elizabeth-roberts-38,To Elizabeth Roberts,2010-04-27T12:03:18Z
3114,post,to-ann-maria-carter-smith-14,To Ann Maria Carter Smith,2010-04-27T11:54:11Z
3115,post,to-anna-butler-17,To Anna Butler,2010-04-27T12:01:07Z
3112,post,to-caroline-elizabeth-heathcote,To Caroline Elizabeth Heathcote,2010-04-27T11:39:02Z
3113,post,to-ann-maria-carter-smith-13,To Ann Maria Carter Smith,2010-04-27T11:40:16Z
3111,post,to-frances-mary-yonge,To Frances Mary Yonge,2010-04-27T10:01:37Z
3110,post,anne-yonge-to-mary-yonge,Anne Yonge to Mary Yonge,2010-04-27T09:54:09Z
3109,post,to-frances-mary-yonge-2,To Frances Mary Yonge,2010-04-26T14:38:42Z
3108,post,to-elizabeth-barnett-7,To Elizabeth Barnett,2010-04-26T13:23:59Z
3107,post,anne-yonge-to-the-rev-john-yonge-2,Anne Yonge to the Rev. John Yonge,2010-04-26T12:02:27Z
3105,post,to-ann-maria-carter-smith-11,To Ann Maria Carter Smith,2010-04-26T11:22:44Z
3106,post,to-ann-maria-carter-smith-12,To Ann Maria Carter Smith,2010-04-26T11:24:54Z
3103,post,to-mr-owen,To Mr Owen,2010-04-26T11:14:05Z
3104,post,to-emma-butler,To Emma Butler,2010-04-26T11:19:36Z
3102,post,to-anna-butler-16,To Anna Butler,2010-04-26T11:10:04Z
3101,post,to-anna-butler-15,To Anna Butler,2010-04-26T11:02:09Z
3098,post,to-harriet-dyke-acland-troyte,To Harriet Dyke Acland Troyte,2010-04-26T10:24:22Z
3099,post,to-ann-maria-carter-smith-10,To Ann Maria Carter Smith,2010-04-26T10:26:59Z
3100,post,to-miss-moorsom,To Miss Moorsom,2010-04-26T10:40:20Z
3097,post,sir-william-heathcote-to-caroline-elizabeth-heathcote,Sir William Heathcote to Caroline Elizabeth Heathcote,2010-04-26T10:18:42Z
3096,post,to-the-reverend-edward-coleridge-2,To the Reverend Edward Coleridge,2010-04-26T09:51:13Z
3095,post,frances-mary-yonge-to-anne-sturges-bourne,Frances Mary Yonge to Anne Sturges Bourne,2010-04-26T09:45:25Z
3094,post,to-ann-maria-carter-smith-9,To Ann Maria Carter Smith,2010-04-22T14:23:17Z
3093,post,to-jemima-blackburn-9,To Jemima Blackburn,2010-04-22T14:14:18Z
3091,post,to-anna-butler-14,To Anna Butler,2010-04-22T13:57:48Z
3092,post,to-ann-maria-carter-smith-8,To Ann Maria Carter Smith,2010-04-22T14:02:26Z
3090,post,to-ann-maria-carter-smith-7,To Ann Maria Carter Smith,2010-04-22T13:55:26Z
3089,post,to-ann-maria-carter-smith-6,To Ann Maria Carter Smith,2010-04-22T13:49:39Z
3088,post,to-ann-maria-carter-smith-5,To Ann Maria Carter Smith,2010-04-22T13:45:43Z
3087,post,to-anne-sturges-bourne-2,To Anne Sturges Bourne,2010-04-22T13:27:10Z
3086,post,to-anna-butler-13,To Anna Butler,2010-04-22T13:23:39Z
3085,post,to-anna-butler-12,To Anna Butler,2010-04-22T12:33:33Z
3084,post,to-anna-butler-11,To Anna Butler,2010-04-22T12:24:23Z
3083,post,to-anna-butler-10,To Anna Butler,2010-04-22T12:18:38Z
3082,post,to-anna-butler-9,To Anna Butler,2010-04-22T12:16:41Z
3081,post,to-ann-maria-carter-smith-4,To Ann Maria Carter Smith,2010-04-22T12:14:38Z
3080,post,to-jemima-blackburn-8,To Jemima Blackburn,2010-04-22T12:10:10Z
3079,post,to-anna-butler-8,To Anna Butler,2010-04-22T12:01:42Z
3078,post,to-an-unknown-man-3,To an Unknown Man,2010-04-22T11:53:29Z
3073,post,to-john-william-parker-jr-6,"To John William Parker, Jr.",2010-04-22T11:09:05Z
3074,post,to-ann-maria-carter-smith-3,To Ann Maria Carter Smith,2010-04-22T11:17:01Z
3075,post,to-margaret-helen-moberly-2,To Margaret Helen Moberly,2010-04-22T11:18:37Z
3076,post,to-alice-arbuthnot-moberly-9,To Alice Arbuthnot Moberly,2010-04-22T11:23:38Z
3077,post,to-anna-butler-7,To Anna Butler,2010-04-22T11:51:17Z
3066,post,to-an-unknown-woman-8,To an Unknown Woman,2010-04-21T15:33:31Z
3067,post,to-alice-arbuthnot-moberly-6,To Alice Arbuthnot Moberly,2010-04-21T15:39:58Z
3068,post,to-anna-butler-6,To Anna Butler,2010-04-22T10:14:55Z
3069,post,the-reverend-john-keble-to-charlotte-mary-yonge-4,The Reverend John Keble to Charlotte Mary Yonge,2010-04-22T10:46:40Z
3070,post,to-alice-arbuthnot-moberly-7,To Alice Arbuthnot Moberly,2010-04-22T11:00:41Z
3071,post,to-alice-arbuthnot-moberly-8,To Alice Arbuthnot Moberly,2010-04-22T11:05:15Z
3072,post,to-john-william-parker-jr-5,"To John William Parker, Jr.",2010-04-22T11:06:32Z
3065,post,from-the-reverend-john-keble-to-charlotte-mary-yonge-2,From the Reverend John Keble to Charlotte Mary Yonge,2010-04-21T15:29:40Z
3064,post,to-anne-yonge-36,To Anne Yonge,2010-04-21T09:54:32Z
3063,post,to-anne-yonge-35,To Anne Yonge,2010-04-21T09:25:27Z
3062,post,to-anne-yonge-34,To Anne Yonge,2010-04-21T08:40:00Z
3061,post,to-anne-yonge-33,To Anne Yonge,2010-04-21T08:12:47Z
3060,post,to-anne-yonge-32,To Anne Yonge,2010-04-20T15:14:04Z
3057,post,to-elizabeth-roberts-36,To Elizabeth Roberts,2010-04-20T14:07:09Z
3058,post,to-mrs-harris,To Maria Matilda Harris,2010-04-20T14:21:42Z
3059,post,to-elizabeth-roberts-37,To Elizabeth Roberts,2010-04-20T14:51:51Z
3056,post,to-jemima-blackburn-6,To Jemima Blackburn,2010-04-20T14:00:29Z
3055,post,to-anne-yonge-31,To Anne Yonge,2010-04-20T13:53:03Z
3054,post,to-elizabeth-roberts-35,To Elizabeth Roberts,2010-04-20T13:36:07Z
3053,post,to-elizabeth-barnett-6,To Elizabeth Barnett,2010-04-20T09:30:03Z
3051,post,to-john-william-parker-jr-4,"To John William Parker, Jr.",2010-04-20T09:16:39Z
3052,post,to-jemima-blackburn-5,To Jemima Blackburn,2010-04-20T09:24:13Z
3049,post,to-john-william-parker-jr-2,"To John William Parker, Jr.",2010-04-19T14:19:57Z
3050,post,to-john-william-parker-jr-3,"To John William Parker, Jr.",2010-04-19T14:25:21Z
3048,post,to-mary-anne-dyson-19,To Mary Anne Dyson,2010-04-19T13:36:22Z
3047,post,frances-mary-yonge-to-alice-arbuthnot-moberly,Frances Mary Yonge to Alice Arbuthnot Moberly,2010-04-19T13:03:58Z
3046,post,to-elizabeth-roberts-34,To Elizabeth Roberts,2010-04-19T12:15:05Z
3043,post,to-ellen-j-millington,To Ellen J. Millington,2010-04-14T14:00:28Z
3044,post,frances-mary-yonge-to-alice-arbuthnot-moberly-2,Frances Mary Yonge to Alice Arbuthnot Moberly,2010-04-14T14:07:59Z
3045,post,to-jemima-blackburn-4,To Jemima Blackburn,2010-04-19T12:09:22Z
3042,post,to-jemima-blackburn-3,To Jemima Blackburn,2010-04-14T13:50:43Z
3041,post,to-jemima-blackburn-2,To Jemima Blackburn,2010-04-14T11:48:09Z
3040,post,to-anna-butler-5,To Anna Butler,2010-04-14T11:37:57Z
3039,post,anne-yonge-to-mary-yonge-3,Anne Yonge to Mary Yonge,2010-04-14T11:34:04Z
3038,post,to-anna-butler-4,To Anna Butler,2010-04-14T11:09:35Z
3037,post,to-john-william-parker-jr,"To John William Parker, Jr.",2010-04-14T11:04:29Z
3036,post,anne-yonge-to-the-rev-john-yonge,Anne Yonge to the Rev. John Yonge,2010-04-14T11:00:23Z
3035,post,to-elizabeth-roberts-33,To Elizabeth Roberts,2010-04-12T10:08:37Z
3034,post,frances-mary-yonge-to-mary-yonge,Frances Mary Yonge to Mary Yonge,2010-04-12T10:04:22Z
3033,post,frances-mary-yonge-to-the-reverend-john-yonge,Frances Mary Yonge to the Reverend John Yonge,2010-04-12T09:58:14Z
3031,post,to-elizabeth-barnett-5,To Elizabeth Barnett,2010-04-01T12:11:05Z
3032,post,frances-mary-yonge-to-the-reverend-john-yonge-2,Frances Mary Yonge to the Reverend John Yonge,2010-04-12T09:30:45Z
3030,post,to-mary-anne-dyson-18,To Mary Anne Dyson,2010-03-25T17:30:11Z
3029,post,to-mary-anne-dyson-17,To Mary Anne Dyson,2010-03-25T12:55:16Z
3028,post,to-mary-anne-dyson-16,To Mary Anne Dyson,2010-03-25T12:34:42Z
3027,post,to-anne-yonge-30,To Anne Yonge,2010-03-25T12:26:33Z
3026,post,to-jemima-blackburn-7,To Jemima Blackburn,2010-03-24T15:52:34Z
3024,post,to-anna-butler-3,To Anna Butler,2010-03-24T15:28:41Z
3025,post,to-elizabeth-roberts-32,To Elizabeth Roberts,2010-03-24T15:44:42Z
3023,post,to-anna-butler-2,To Anna Butler,2010-03-24T15:23:43Z
3022,post,to-elizabeth-roberts-31,To Elizabeth Roberts,2010-03-24T15:09:17Z
3020,post,to-elizabeth-barnett-4,To Elizabeth Barnett,2010-03-24T14:47:30Z
3021,post,to-elizabeth-roberts-30,To Elizabeth Roberts,2010-03-24T15:03:42Z
3019,post,to-mary-anne-dyson-15,To Mary Anne Dyson,2010-03-24T14:44:10Z
3018,post,to-elizabeth-roberts-29,To Elizabeth Roberts,2010-03-24T14:40:35Z
3017,post,to-anne-yonge-29,To Anne Yonge,2010-03-23T14:05:59Z
3016,post,to-messrs-forbes-and-marshall,To Messrs Forbes and Marshall,2010-03-23T13:14:05Z
3015,post,to-anne-yonge-28,To Anne Yonge,2010-03-23T13:35:45Z
3013,post,to-alice-arbuthnot-moberly-5,To Alice Arbuthnot Moberly,2010-03-23T11:45:10Z
3014,post,to-elizabeth-roberts-28,To Elizabeth Roberts,2010-03-23T12:11:26Z
3009,post,to-anne-yonge-27,To Anne Yonge?,2010-03-22T11:23:54Z
3010,post,to-elizabeth-roberts-26,To Elizabeth Roberts,2010-03-22T11:25:59Z
3011,post,the-reverend-john-keble-to-charlotte-mary-yonge-3,The Reverend John Keble to Charlotte Mary Yonge,2010-03-22T11:28:17Z
3012,post,to-elizabeth-roberts-27,To Elizabeth Roberts,2010-03-22T11:37:16Z
3008,post,to-elizabeth-roberts-25,To Elizabeth Roberts,2010-03-22T11:04:46Z
3007,post,to-mary-anne-dyson-14,To Mary Anne Dyson,2010-03-22T10:54:05Z
3005,post,to-joseph-masters,To Joseph Masters?,2010-03-22T10:24:13Z
3006,post,to-mary-anne-dyson-13,To Mary Anne Dyson,2010-03-22T10:30:51Z
3004,post,to-elizabeth-roberts-24,To Elizabeth Roberts,2010-03-22T10:21:48Z
3003,post,to-elizabeth-roberts-23,To Elizabeth Roberts,2010-03-22T10:14:31Z
3002,post,to-elizabeth-roberts-22,To Elizabeth Roberts,2010-03-22T10:08:25Z
3001,post,to-elizabeth-roberts-21,To Elizabeth Roberts,2010-03-22T10:00:50Z
2999,post,to-elizabeth-roberts-19,To Elizabeth Roberts,2010-03-22T09:55:46Z
3000,post,to-elizabeth-roberts-20,To Elizabeth Roberts,2010-03-22T09:59:28Z
2998,post,to-elizabeth-roberts-18,To Elizabeth Roberts,2010-03-22T09:54:30Z
2997,post,to-elizabeth-roberts-17,To Elizabeth Roberts,2010-03-22T09:48:15Z
2996,post,to-elizabeth-roberts-16,To Elizabeth Roberts,2010-03-22T09:38:47Z
2995,post,to-elizabeth-roberts-15,To Elizabeth Roberts,2010-03-22T09:37:23Z
2994,post,to-elizabeth-roberts-14,To Elizabeth Roberts,2010-03-22T09:07:26Z
2993,post,to-elizabeth-roberts-13,To Elizabeth Roberts,2010-03-22T08:45:26Z
2992,post,to-elizabeth-roberts-12,To Elizabeth Roberts,2010-03-22T08:43:48Z
2991,post,to-elizabeth-roberts-11,To Elizabeth Roberts,2010-03-22T08:37:26Z
2990,post,to-the-reverend-dr-george-moberly,To the Reverend Dr. George Moberly,2010-03-19T16:25:47Z
2989,post,to-elizabeth-roberts-10,To Elizabeth Roberts,2010-03-19T16:20:09Z
2984,post,to-elizabeth-roberts-6,To Elizabeth Roberts,2010-03-19T15:01:51Z
2985,post,to-elizabeth-roberts-7,To Elizabeth Roberts,2010-03-19T15:05:15Z
2986,post,to-elizabeth-roberts-8,To Elizabeth Roberts,2010-03-19T15:15:24Z
2987,post,to-anne-yonge-26,To Anne Yonge,2010-03-19T16:04:06Z
2988,post,to-elizabeth-roberts-9,To Elizabeth Roberts,2010-03-19T15:17:27Z
2982,post,to-alice-arbuthnot-moberly-4,To Alice Arbuthnot Moberly,2010-03-19T14:49:40Z
2983,post,to-elizabeth-roberts-5,To Elizabeth Roberts,2010-03-19T14:56:55Z
2980,post,to-elizabeth-roberts-3,To Elizabeth Roberts,2010-03-19T14:42:38Z
2981,post,to-elizabeth-roberts-4,To Elizabeth Roberts,2010-03-19T14:45:55Z
2979,post,to-anne-yonge-25,To Anne Yonge,2010-03-19T13:39:38Z
2978,post,to-elizabeth-roberts-2,To Elizabeth Roberts,2010-03-19T13:22:21Z
2977,post,to-anne-yonge-24,To Anne Yonge,2010-03-19T13:19:09Z
2976,post,the-reverend-john-keble-to-charlotte-mary-yonge-2,The Reverend John Keble to Charlotte Mary Yonge,2010-03-19T13:13:16Z
2975,post,to-elizabeth-barnett-3,To Elizabeth Barnett,2010-03-19T13:09:15Z
2974,post,to-alice-arbuthnot-moberly-3,To Alice Arbuthnot Moberly,2010-03-19T13:04:52Z
2973,post,to-elizabeth-barnett-2,To Elizabeth Barnett,2010-03-19T12:59:52Z
2972,post,to-mary-anne-dyson-12,To Mary Anne Dyson,2010-03-19T12:55:30Z
2971,post,to-mary-anne-dyson-11,To Mary Anne Dyson,2010-03-19T12:12:47Z
2970,post,to-mary-anne-dyson-10,To Mary Anne Dyson,2010-03-19T12:04:43Z
2969,post,to-mary-anne-dyson-9,To Mary Anne Dyson,2010-03-19T11:42:03Z
2968,post,to-mary-anne-dyson-8,To Mary Anne Dyson,2010-03-19T11:34:24Z
2967,post,to-mary-anne-dyson-7,To Mary Anne Dyson,2010-03-19T11:20:57Z
2966,post,to-mary-anne-dyson-6,To Mary Anne Dyson,2010-03-19T11:14:22Z
2965,post,to-alice-arbuthnot-moberly-2,To Alice Arbuthnot Moberly,2010-03-19T11:03:18Z
2964,post,to-mary-anne-dyson-5,To Mary Anne Dyson,2010-03-19T10:43:20Z
2963,post,to-mary-anne-dyson-4,To Mary Anne Dyson,2010-03-19T10:13:14Z
2962,post,frances-mary-yonge-to-mary-anne-dyson,Frances Mary Yonge to Mary Anne Dyson,2010-03-19T10:03:39Z
2961,post,william-crawley-yonge-to-the-reverend-john-yonge,William Crawley Yonge to the Reverend John Yonge,2010-03-17T10:36:27Z
2960,post,to-mary-anne-dyson-3,To Mary Anne Dyson,2010-03-17T10:08:33Z
2959,post,to-agnes-strickland,To Agnes Strickland,2010-03-17T09:48:44Z
2958,post,to-mary-anne-dyson-2,To Mary Anne Dyson,2010-03-17T09:46:51Z
2957,post,anne-yonge-to-mary-yonge-2,Anne Yonge to Mary Yonge,2010-03-17T09:42:29Z
2956,post,to-anne-yonge-23,To Anne Yonge,2010-03-16T16:41:15Z
2954,post,to-anne-yonge-21,To Anne Yonge,2010-03-16T14:58:26Z
2955,post,to-anne-yonge-22,To Anne Yonge,2010-03-16T15:13:42Z
2953,post,to-anne-yonge-20,To Anne Yonge,2010-03-16T14:55:14Z
2951,post,to-anne-yonge-18,To Anne Yonge,2010-03-16T14:13:38Z
2952,post,to-anne-yonge-19,To Anne Yonge,2010-03-16T14:18:47Z
2950,post,to-anne-yonge-17,To Anne Yonge,2010-03-16T14:04:14Z
2949,post,to-anne-yonge-16,To Anne Yonge,2010-03-16T14:00:00Z
2947,post,to-anne-yonge-14,To Anne Yonge,2010-03-16T13:16:26Z
2948,post,to-anne-yonge-15,To Anne Yonge,2010-03-16T13:30:10Z
2946,post,to-anne-yonge-13,To Anne Yonge,2010-03-16T13:08:41Z
2945,post,to-anne-yonge-12,To Anne Yonge,2010-03-16T12:52:26Z
2944,post,to-alethea-yonge,To Alethea Yonge,2010-03-12T14:09:29Z
2939,post,to-anne-yonge-7,To Anne Yonge,2010-03-12T12:38:52Z
2940,post,to-anne-yonge-8,To Anne Yonge,2010-03-12T13:46:59Z
2941,post,to-anne-yonge-9,To Anne Yonge,2010-03-12T13:50:03Z
2942,post,to-anne-yonge-10,To Anne Yonge,2010-03-12T13:52:09Z
2943,post,to-anne-yonge-11,To Anne Yonge,2010-03-12T13:58:30Z
2937,post,to-anne-yonge-5,To Anne Yonge,2010-03-12T12:01:55Z
2938,post,to-anne-yonge-6,To Anne Yonge,2010-03-12T12:05:17Z
2936,post,to-anne-yonge-4,To Anne Yonge,2010-03-12T11:26:58Z
2935,post,william-crawley-yonge-to-the-rev-john-yonge-including-charlotte-mary-yonge-to-anne-yonge,"William Crawley Yonge to the Rev. John Yonge, including Charlotte Mary Yonge to Anne Yonge",2010-03-12T11:03:34Z
2933,post,to-anne-yonge-2,To Anne Yonge,2010-03-12T10:52:05Z
2934,post,to-anne-yonge-3,To Anne Yonge,2010-03-12T10:55:07Z
2932,post,to-anne-yonge,To Anne Yonge,2010-03-12T10:38:00Z
2928,post,to-isabel-charlotte-elgie,To Isabel Charlotte Elgie,2011-10-10T10:18:12Z
2929,post,to-mary-isabel-yonge,To Mary Isabel Yonge,2011-10-10T10:41:43Z
2930,post,to-an-unknown-woman-67,To an Unknown Woman,2011-10-10T10:46:24Z
2931,post,to-anne-elizabeth-mary-anderson-morshead-7,To Anne Elizabeth Mary Anderson Morshead?,2011-10-10T10:52:14Z
2927,post,to-an-unknown-woman-66,To an Unknown Woman,2011-10-10T10:09:02Z
2925,post,to-mary-yonge,To Mary Yonge,2011-10-07T15:19:02Z
2926,post,to-elizabeth-barnett-24,To Elizabeth Barnett,2011-10-07T15:37:41Z
2924,post,to-susan-esther-wordsworth,To Susan Esther Wordsworth,2010-07-02T14:27:27Z
2918,post,james-augustus-henry-murray-to-charlotte-mary-yonge,James Augustus Henry Murray to Charlotte Mary Yonge,2011-10-07T13:01:38Z
2919,post,to-james-augustus-henry-murray,To James Augustus Henry Murray,2011-10-07T13:04:08Z
2920,post,to-john-henry-ingram,To John Henry Ingram,2011-10-07T14:35:47Z
2921,post,to-frances-mary-peard-10,To Frances Mary Peard,2011-10-07T14:50:36Z
2922,post,to-arthur-donald-innes-29,To Arthur Donald Innes,2011-10-07T15:06:36Z
2923,post,to-elizabeth-barnett-23,To Elizabeth Barnett?,2011-10-07T15:11:47Z
2917,post,to-mary-elizabeth-wormeleylatimer,To Mary Elizabeth (Wormeley)Latimer,2011-10-07T12:52:16Z
2915,post,to-edward-augustus-freeman-16,To Edward Augustus Freeman,2011-10-07T12:21:51Z
2916,post,to-mary-yonge-53,To Mary Yonge,2011-10-07T12:44:47Z
2914,post,to-arthur-donald-innes-28,To Arthur Donald Innes,2011-10-07T12:25:11Z
2913,post,to-arthur-donald-innes-27,To Arthur Donald Innes,2011-10-07T12:13:47Z
2912,post,to-arthur-donald-innes-26,To Arthur Donald Innes,2011-10-06T16:44:25Z
2911,post,to-the-very-reverend-william-john-butler,To the Very Reverend William John Butler,2011-10-06T16:24:41Z
2910,post,to-edward-augustus-freeman-15,To Edward Augustus Freeman,2011-10-06T16:08:37Z
2909,post,to-arthur-llewelyn-roberts,To Arthur Llewelyn Roberts,2011-10-06T15:41:13Z
2907,post,to-george-lillie-craik,To George Lillie Craik,2011-10-06T10:55:15Z
2908,post,to-edward-augustus-freeman-14,To Edward Augustus Freeman,2011-10-06T15:37:31Z
2905,post,sir-walter-besant-to-charlotte-mary-yonge,Walter Besant to Charlotte Mary Yonge,2011-10-06T10:39:50Z
2906,post,to-an-unknown-man-21,To an Unknown Man,2011-10-06T10:45:24Z
2902,post,to-c-t-hiatt,To Charles Thomas John Hiatt,2011-10-06T10:29:35Z
2903,post,to-the-reverend-william-parsons-warburton,To the Reverend William Parsons Warburton,2011-10-06T10:33:21Z
2904,post,to-miss-durton,To Miss Durton,2011-10-06T10:38:32Z
2901,post,to-george-lillie-craik-76,To George Lillie Craik,2011-10-06T10:13:12Z
2900,post,to-george-lillie-craik-75,To George Lillie Craik,2011-10-06T10:07:24Z
2897,post,to-lady-frederick-bruce,To Lady Frederick Bruce,2011-10-06T09:52:35Z
2898,post,to-millicent-fawcett,To Millicent Fawcett?,2011-10-06T09:55:19Z
2899,post,to-george-lillie-craik-74,To George Lillie Craik,2011-10-06T09:58:08Z
2895,post,to-arthur-donald-innes-24,To Arthur Donald Innes,2011-10-06T09:11:12Z
2896,post,to-arthur-donald-innes-25,To Arthur Donald Innes,2011-10-06T09:27:28Z
2894,post,to-charlotte-anne-elizabeth-moberly-3,To Charlotte Anne Elizabeth Moberly?,2011-10-06T09:00:08Z
2893,post,to-alexander-macmillan,To Alexander Macmillan,2011-10-06T08:57:36Z
2891,post,to-miss-kirke,To Miss Kirke,2011-10-05T17:47:30Z
2892,post,to-an-unknown-woman-65,To an Unknown Woman,2011-10-05T17:51:20Z
2890,post,to-anne-sturges-bourne,To Anne Sturges Bourne,2011-10-05T17:39:07Z
2889,post,to-an-unknown-woman-64,To an Unknown Woman,2011-10-05T17:25:57Z
2887,post,to-arthur-donald-innes-22,To Arthur Donald Innes,2011-10-04T15:06:48Z
2888,post,to-arthur-donald-innes-23,To Arthur Donald Innes,2011-10-05T17:22:49Z
2886,post,to-anne-sturges-bourne-9,To Anne Sturges Bourne,2011-10-04T14:45:46Z
2884,post,to-arthur-donald-innes-21,To Arthur Donald Innes,2011-10-04T14:10:59Z
2885,post,to-mr-dean-or-the-dean-of,To Mr Dean? or the Dean of ?,2011-10-04T14:11:38Z
2883,post,to-arthur-donald-innes-20,To Arthur Donald Innes,2011-10-04T13:55:07Z
2882,post,to-ellen-barlee,To Ellen Barlee,2011-10-04T12:12:33Z
2881,post,to-jean-ingelow,To Jean Ingelow,2011-10-04T11:54:23Z
2878,post,to-anne-elizabeth-mary-anderson-morshead,To Anne Elizabeth Mary Anderson Morshead,2011-10-03T20:52:00Z
2879,post,to-an-unknown-woman-63,To an Unknown Woman,2011-10-03T20:52:50Z
2880,post,to-elizabeth-barnett-22,To Elizabeth Barnett,2011-10-03T20:59:02Z
2873,post,to-arthur-donald-innes-19,To Arthur Donald Innes,2011-10-03T15:16:12Z
2874,post,to-mary-drew-4,To Mary Drew,2011-10-03T15:40:56Z
2875,post,to-walter-smith,To Walter Smith,2011-10-03T20:40:05Z
2876,post,to-beatrix-feodore-cresswell,To Beatrix Feodore Cresswell,2011-10-03T20:44:25Z
2877,post,to-anna-butler-19,To Anna Butler?,2011-10-03T20:47:47Z
2872,post,to-arthur-donald-innes-18,To Arthur Donald Innes,2011-10-03T14:13:03Z
2871,post,to-elizabeth-barnett,To Elizabeth Barnett,2011-10-10T12:43:43Z
2870,post,to-elizabeth-barnett-21,To Elizabeth Barnett,2011-10-03T13:15:26Z
2869,post,to-john-henry-ingram-2,To John Henry Ingram,2011-10-03T13:06:41Z
2868,post,to-edward-augustus-freeman-13,To Edward Augustus Freeman,2011-10-03T12:53:31Z
2867,post,to-elizabeth-barnett-20,To Elizabeth Barnett,2011-10-03T12:06:52Z
2865,post,to-j-b-scarlett,To John Robson Scarlett,2011-10-03T11:35:57Z
2866,post,to-anna-georgina-macaulay,To Anna Georgina Macaulay?,2011-10-03T11:40:51Z
2863,post,to-frances-awdry,To Frances Awdry,2011-10-03T10:59:31Z
2861,post,to-ann-maria-carter-smith-92,To Ann Maria Carter Smith,2011-09-30T14:01:59Z
2862,post,to-the-marchioness-of-salisbury-4,To the Marchioness of Salisbury,2017-04-21T21:38:41Z
2858,post,to-mary-drew-3,To Mary Drew,2011-09-30T13:40:02Z
2859,post,to-christabel-rose-coleridge-115,To Christabel Rose Coleridge,2011-09-30T13:53:47Z
2860,post,to-the-parishioners-of-otterbourne,To the Parishioners of Otterbourne,2011-09-30T13:56:55Z
2856,post,to-christabel-rose-coleridge-114,To Christabel Rose Coleridge,2011-09-30T13:33:06Z
2857,post,to-the-reverend-john-frewen-moor-20,To the Reverend John Frewen Moor,2011-09-30T13:36:14Z
2855,post,to-christabel-rose-coleridge-113,To Christabel Rose Coleridge,2011-09-30T13:29:05Z
2853,post,to-mr-duncan-4,To the Reverend James Duncan?,2011-09-30T11:47:31Z
2854,post,to-christabel-rose-coleridge-112,To Christabel Rose Coleridge,2011-09-30T11:58:06Z
2851,post,to-edith-sophia-jacob,To Edith Sophia Jacob,2011-09-30T11:34:34Z
2852,post,to-lady-mount-temple,To Lady Mount Temple,2011-09-30T11:41:31Z
2847,post,to-the-very-reverend-william-john-butler-3,To the Very Reverend William John Butler,2011-09-30T11:04:59Z
2848,post,to-mary-elizabeth-sumner,To Mary Elizabeth Sumner,2011-09-30T11:06:03Z
2849,post,to-harper-bros,To Harper & Bros.,2011-09-30T11:13:20Z
2850,post,to-eliza-harriott-keary,To Eliza Harriott Keary,2011-09-30T11:23:48Z
2846,post,to-anna-meredith-barrett-lennard-3,To Anna Meredith Barrett Lennard?,2011-09-30T10:56:18Z
2845,post,to-elizabeth-barnett-19,To Elizabeth Barnett,2011-09-30T10:53:36Z
2844,post,to-isabella-margaretta-elizabeth-heathcote,To Isabella Margaretta Elizabeth Heathcote,2011-09-30T10:35:31Z
2843,post,to-john-henry-ingram,To John Henry Ingram,2011-09-29T14:53:44Z
2840,post,to-emily-dampier,To Emily Dampier,2011-09-29T12:57:14Z
2841,post,the-reverend-william-emery-to-charlotte-mary-yonge,The Reverend William Emery to Charlotte Mary Yonge,2011-10-13T11:05:18Z
2842,post,to-mary-louisa-molesworth,To Mary Louisa Molesworth,2011-09-29T14:47:56Z
2837,post,to-george-lillie-craik-70,To George Lillie Craik,2011-09-29T11:27:14Z
2838,post,to-george-lillie-craik-71,To George Lillie Craik,2011-09-29T12:33:19Z
2839,post,to-george-lillie-craik-72,To George Lillie Craik,2011-09-29T12:37:35Z
2836,post,to-george-lillie-craik-69,To George Lillie Craik,2011-09-29T11:22:05Z
2835,post,to-george-lillie-craik-68,To George Lillie Craik,2011-09-29T10:09:32Z
2834,post,to-george-lillie-craik-67,To George Lillie Craik,2011-09-29T09:54:51Z
2833,post,to-george-lillie-craik-66,To George Lillie Craik,2011-09-29T09:45:08Z
2832,post,to-mary-elizabeth-wormeley-latimer-3,To Mary Elizabeth (Wormeley) Latimer,2011-09-29T09:19:13Z
2831,post,to-sophia-jane-harrison-2,To Sophia Jane Harrison,2011-09-13T10:52:47Z
2830,post,to-george-lillie-craik-65,To George Lillie Craik,2011-09-28T17:46:40Z
2829,post,to-george-lillie-craik-64,To George Lillie Craik,2011-09-28T17:40:01Z
2828,post,to-george-lillie-craik-63,To George Lillie Craik,2011-09-28T17:27:01Z
2827,post,to-elizabeth-barnett-18,To Elizabeth Barnett,2011-09-28T15:10:40Z
2826,post,mary-louisa-molesworth-to-charlotte-mary-yonge,Mary Louisa Molesworth to Charlotte Mary Yonge,2011-09-28T14:52:06Z
2825,post,to-florence-wilford-11,To Florence Wilford,2011-09-28T12:54:36Z
2823,post,to-gertrude-mary-ireland-blackburne,To Gertrude Mary Ireland Blackburne,2011-09-28T12:00:05Z
2824,post,to-george-lillie-craik-62,To George Lillie Craik,2011-09-28T12:06:21Z
2822,post,to-gertrude-mary-ireland-blackburne-5,To Gertrude Mary Ireland Blackburne,2011-09-28T11:54:15Z
2821,post,to-gertrude-mary-ireland-blackburne-6,To Gertrude Mary Ireland Blackburne,2011-09-28T11:56:48Z
2819,post,to-lucy-helen-muriel-soulsby,To Lucy Helen Muriel Soulsby,2011-09-28T11:38:47Z
2820,post,to-george-lillie-craik-61,To George Lillie Craik,2011-09-28T11:48:59Z
2817,post,to-elizabeth-rundle-charles,To Elizabeth Rundle Charles,2011-09-28T11:26:17Z
2818,post,to-mary-louisa-molesworth-2,To Mary Louisa Molesworth,2011-09-28T11:29:48Z
2816,post,to-gertrude-mary-ireland-blackburne-4,To Gertrude Mary Ireland Blackburne,2011-09-28T10:43:10Z
2815,post,to-mary-yonge-52,To Mary Yonge,2011-09-27T14:42:05Z
2814,post,to-constance-frederica-gordon-cumming,To Constance Frederica Gordon Cumming,2011-09-27T14:36:48Z
2813,post,to-the-very-reverend-william-john-butler-2,To the Very Reverend William John Butler,2011-09-27T14:28:10Z
2812,post,to-an-unknown-person-11,To an Unknown Person,2011-09-27T14:03:55Z
2811,post,to-an-unknown-woman-62,To an Unknown Woman,2011-09-27T13:47:04Z
2810,post,to-horatia-katherine-frances-gatty,To Horatia Katherine Frances Gatty,2011-09-27T13:20:01Z
2809,post,to-the-hon-mrs-joyce,To the Hon. Mrs Joyce,2011-09-27T12:56:16Z
2807,post,to-ernest-hartley-coleridge,To Ernest Hartley Coleridge,2011-09-27T12:27:10Z
2808,post,to-annie-louise-cazenove-4,To Annie Louise Cazenove,2011-09-27T12:39:29Z
2806,post,to-frances-sophia-coleridge-patteson-7,To Frances Sophia Coleridge Patteson,2010-06-04T13:20:22Z
2805,post,to-mary-yonge-51,To Mary Yonge,2011-09-27T11:47:15Z
2802,post,to-the-reverend-richard-st-john-tyrwhitt-3,To the Reverend Richard St. John Tyrwhitt,2011-09-27T11:31:51Z
2804,post,to-the-reverend-william-harris-walter-bigg-wither,To the Reverend William Harris Walter Bigg Wither,2011-09-27T11:37:11Z
2801,post,to-gertrude-mary-ireland-blackburne-3,To Gertrude Mary Ireland Blackburne,2011-09-27T11:21:22Z
2800,post,to-gertrude-mary-ireland-blackburnef,To Gertrude Mary Ireland Blackburne,2011-09-27T10:39:27Z
2799,post,to-constance-frederica-gordon-cumming-2,To Constance Frederica Gordon Cumming,2011-09-23T16:24:20Z
2798,post,to-jemima-blackburn,To Jemima Blackburn,2011-09-27T10:01:21Z
2796,post,to-mary-ann-moberly,To Mary Ann Moberly,2011-09-26T15:05:23Z
2797,post,to-christabel-rose-coleridge-111,To Christabel Rose Coleridge,2011-09-26T15:28:48Z
2795,post,to-george-lillie-craik-60,To George Lillie Craik,2011-09-26T14:45:48Z
2790,post,to-constance-frederica-gordon-cumming-3,To Constance Frederica Gordon Cumming,2011-09-26T13:57:54Z
2791,post,to-an-unknown-woman-61,To an Unknown Woman,2011-09-26T13:58:37Z
2792,post,to-mary-anne-moberly-6,To Mary Ann Moberly,2011-09-26T14:02:39Z
2793,post,to-george-lillie-craik-58,To George Lillie Craik,2011-09-26T14:12:25Z
2794,post,to-george-lillie-craik-59,To George Lillie Craik,2011-09-26T14:39:21Z
2789,post,to-ann-maria-carter-smith-91,To Ann Maria Carter Smith,2011-09-26T13:43:35Z
2787,post,to-william-wynyard,To William Wynyard,2011-09-26T12:50:33Z
2788,post,to-the-hon-mrs-montgomery-moore-3,To the Hon. Mrs Montgomery Moore,2011-09-26T13:40:53Z
2786,post,to-miss-bennett,To Louisa Jane Bennett?,2011-09-21T15:49:27Z
2785,post,to-walter-besant-3,To Walter Besant?,2011-09-21T15:32:23Z
2784,post,to-eleanor-catharine-price,To Eleanor Catharine Price?,2011-09-21T15:30:41Z
2783,post,to-christabel-rose-coleridge-110,To Christabel Rose Coleridge,2011-09-21T15:25:49Z
2782,post,to-christabel-rose-coleridge-109,To Christabel Rose Coleridge,2011-09-21T14:49:00Z
2780,post,to-the-reverend-charles-moor,To the Reverend Charles Moor,2011-09-21T12:03:08Z
2781,post,to-james-sutherland-cotton,To James Sutherland Cotton,2011-09-21T12:08:42Z
2776,post,to-kathleen-o%e2%80%99meara,To Kathleen O’Meara,2011-09-21T11:39:23Z
2777,post,to-an-unknown-woman-60,To an Unknown Woman,2011-09-21T11:42:30Z
2778,post,to-christabel-rose-coleridge-108,To Christabel Rose Coleridge,2011-09-21T11:59:46Z
2779,post,to-the-reverend-charles-moor-2,To the Reverend Charles Moor,2011-09-21T12:01:23Z
2774,post,to-ann-maria-carter-smith-90,To Ann Maria Carter Smith,2011-09-21T11:30:21Z
2775,post,to-lady-sophia-matilda-palmer1,To Lady Sophia Matilda Palmer,2011-09-21T11:37:48Z
2772,post,to-harper-bros-4,To Harper & Bros.,2011-09-21T10:42:24Z
2773,post,to-an-unknown-woman-59,To an Unknown Woman,2011-09-21T11:15:39Z
2770,post,to-euphemia-e-g-bussell,To Euphemia Emily Georgiana Bussell,2011-09-19T16:11:01Z
2771,post,to-christabel-rose-coleridge-107,To Christabel Rose Coleridge,2011-09-19T16:27:31Z
2767,post,to-ann-maria-carter-smith-89,To Ann Maria Carter Smith,2011-09-19T15:43:26Z
2768,post,to-george-lillie-craik-57,To George Lillie Craik,2011-09-19T15:56:44Z
2769,post,to-catharine-elgie,To Catharine Elgie,2011-09-19T16:01:21Z
2766,post,to-john-duke-pode,To John Duke Pode,2011-09-19T15:32:59Z
2763,post,to-an-unknown-woman-58,To an Unknown Woman,2011-09-19T13:15:19Z
2764,post,to-george-lillie-craik-55,To George Lillie Craik,2011-09-19T13:18:48Z
2765,post,to-george-lillie-craik-56,To George Lillie Craik,2011-09-19T15:23:35Z
2761,post,to-an-unknown-man-20,To an Unknown Man,2011-09-19T12:53:54Z
2762,post,to-the-reverend-bartholomew-price,To the Reverend Bartholomew Price,2011-09-19T13:02:23Z
2756,post,to-elizabeth-wordsworth,To Elizabeth Wordsworth,2011-09-19T12:12:38Z
2757,post,to-isabella-sophia-wynyard,To Isabella Sophia Wynyard,2011-09-19T12:14:15Z
2758,post,to-ann-maria-carter-smith-88,To Ann Maria Carter Smith,2011-09-19T12:15:28Z
2759,post,to-mrs-suckling,To Florence Horatia Nelson Suckling,2011-09-19T12:48:10Z
2760,post,to-an-unknown-man-19,To an Unknown Man,2011-09-19T12:53:08Z
2755,post,elizabeth-jane-oswald-to-charlotte-mary-yonge,Elizabeth Jane Oswald to Charlotte Mary Yonge,2011-09-19T12:02:07Z
2754,post,to-george-lillie-craik-54,To George Lillie Craik,2011-09-16T15:54:25Z
2751,post,to-margaret-wilcox,To Margaret Wilcox,2011-09-16T15:42:28Z
2752,post,to-an-unknown-woman-57,To an Unknown Woman,2011-09-16T15:44:03Z
2753,post,to-mr-duncan,To the Reverend James Duncan,2011-09-16T15:49:07Z
2747,post,to-horatia-katharine-frances-gatty-2,To Horatia Katharine Frances Gatty,2011-09-16T13:05:54Z
2748,post,to-george-lillie-craik-53,To George Lillie Craik,2011-09-16T13:10:09Z
2749,post,to-an-unknown-woman-56,To an Unknown Woman,2011-09-16T14:33:34Z
2750,post,to-christabel-rose-coleridge-106,To Christabel Rose Coleridge,2011-09-16T15:07:51Z
2746,post,to-mary-yonge-50,To Mary Yonge,2011-09-16T12:48:59Z
2745,post,to-percy-harris,To Percy Harris,2011-09-16T12:46:25Z
2744,post,to-the-reverend-william-harris-bigg-wither,To the Reverend William Harris Bigg Wither,2011-09-16T12:05:24Z
2742,post,to-ann-maria-carter-smith-87,To Ann Maria Carter Smith,2011-09-16T11:23:43Z
2743,post,to-an-unknown-woman-55,To an Unknown Woman,2011-09-16T11:34:30Z
2740,post,to-mr-duncan-3,To the Reverend James Duncan,2011-09-16T11:18:45Z
2741,post,to-annie-louise-cazenove-3,To Annie Louise Cazenove,2011-09-16T11:21:14Z
2736,post,to-miss-birley,To Caroline Birley?,2011-09-16T10:57:53Z
2737,post,to-the-marchioness-of-salisbury-3,To the Marchioness of Salisbury,2011-09-16T11:02:54Z
2738,post,to-an-unknown-woman-53,To an Unknown Woman,2011-09-16T11:04:17Z
2739,post,to-an-unknown-woman-54,To an Unknown Woman,2011-09-16T11:07:22Z
2735,post,to-christabel-rose-coleridge-105,To Christabel Rose Coleridge,2011-09-16T10:33:40Z
2734,post,to-elizabeth-wordsworth-12,To Elizabeth Wordsworth,2011-09-15T14:39:43Z
2733,post,to-christabel-rose-coleridge-104,To Christabel Rose Coleridge,2011-09-15T14:34:39Z
2732,post,to-caroline-elizabeth-cooke-trench,To Caroline Elizabeth Cooke Trench,2011-09-15T14:19:32Z
2731,post,to-helena-mary-heathcote,To Helena Mary Heathcote,2011-09-15T14:09:19Z
2730,post,to-ann-maria-carter-smith-86,To Ann Maria Carter Smith,2011-09-15T14:07:19Z
2729,post,to-florence-wilford-10,To Florence Wilford,2011-09-15T13:02:07Z
2728,post,to-ann-maria-carter-smith-85,To Ann Maria Carter Smith,2011-09-15T11:50:36Z
2727,post,to-christabel-rose-coleridge-103,To Christabel Rose Coleridge,2011-09-15T11:41:46Z
2726,post,to-ann-maria-carter-smith-84,To Ann Maria Carter Smith,2011-09-15T11:26:45Z
2725,post,to-ann-maria-carter-smith-83,To Ann Maria Carter Smith,2011-09-15T11:09:33Z
2724,post,to-the-reverend-richard-st-john-tyrwhitt-2,To the Reverend Richard St. John Tyrwhitt,2011-09-14T16:29:46Z
2723,post,to-christabel-rose-coleridge-102,To Christabel Rose Coleridge,2011-09-14T16:12:17Z
2722,post,to-miss-cleveland,To Eliza Callahan Cleveland,2011-09-14T15:48:11Z
2719,post,to-catharine-elgie-6,To Catharine Elgie,2011-09-14T15:17:36Z
2720,post,to-ann-maria-carter-smith-82,To Ann Maria Carter Smith,2011-09-14T15:24:15Z
2721,post,to-catharine-elgie-7,To Catharine Elgie,2011-09-14T15:44:20Z
2718,post,to-the-reverend-william-parsons-warburton-10,To the Reverend William Parsons Warburton,2011-09-14T15:01:58Z
2717,post,to-christabel-rose-coleridge-101,To Christabel Rose Coleridge,2011-09-14T15:14:34Z
2716,post,to-a-m-wattus,To A. M. Wattus,2011-10-10T12:33:51Z
2714,post,to-harper-bros-3,To Harper & Bros.,2011-09-14T11:18:47Z
2715,post,to-mr-duncan-2,To the Reverend James Duncan,2011-09-14T12:07:29Z
2712,post,to-the-commissioners-of-customs-and-excise,To the Commissioners of Customs and Excise?,2011-09-14T10:38:39Z
2713,post,to-the-reverend-william-parsons-warburton-9,To the Reverend William Parsons Warburton,2011-09-14T10:43:01Z
2711,post,to-anna-rachel-bramston-5,To Anna Rachel Bramston?,2011-09-14T10:35:00Z
2710,post,to-an-unknown-woman-52,To an Unknown Woman,2011-09-14T10:34:05Z
2709,post,to-horatia-katherine-frances-gatty-2,To Horatia Katherine Frances Gatty,2011-09-14T10:32:35Z
2703,post,to-an-unknown-woman-51,To an Unknown Woman,2011-09-14T09:52:54Z
2704,post,to-george-bell-sons,To George Bell & Sons,2011-09-14T09:55:21Z
2705,post,to-margaret-macmillan,To Margaret Anne Macmillan,2011-09-14T10:11:23Z
2706,post,to-the-reverend-john-frewen-moor-18,To the Reverend John Frewen Moor,2011-09-14T10:14:19Z
2707,post,to-the-reverend-john-frewen-moor-19,To the Reverend John Frewen Moor,2011-09-14T10:25:08Z
2708,post,to-francis-turner-palgrave,To Francis Turner Palgrave,2011-09-14T10:31:15Z
2702,post,to-florence-wilford-9,To Florence Wilford,2011-09-14T09:50:47Z
2701,post,to-the-reverend-william-parsons-warburton-8,To the Reverend William Parsons Warburton,2011-09-14T09:47:24Z
2700,post,to-a-member-of-the-neale-family,To a member of the Neale family?,2011-09-14T09:43:41Z
2699,post,to-an-unknown-woman-50,To an Unknown Woman,2011-09-14T09:39:13Z
2696,post,to-anna-bramston-senior,To Jane Bramston,2011-09-12T11:37:59Z
2697,post,to-linda-villari,To Linda Mary Villari,2011-09-14T09:31:55Z
2698,post,to-an-unknown-woman-49,To an Unknown Woman,2011-09-14T09:33:24Z
2695,post,to-mary-yonge-49,To Mary Yonge,2011-09-12T11:29:01Z
2692,post,to-the-reverend-william-parsons-warburton-7,To the Reverend Canon William Parsons Warburton,2011-09-12T11:08:23Z
2694,post,to-anne-mercier,To Sarah Anne Mercier,2011-09-12T11:18:45Z
2687,post,to-an-unknown-man-18,To an Unknown Man,2011-09-12T10:15:47Z
2688,post,to-ellen-julia-johns-16,To Ellen Julia Johns,2011-09-12T10:25:58Z
2689,post,to-cyril-hammond-elgie,To Cyril Hammond Elgie,2011-09-12T10:29:54Z
2690,post,to-blanche-catherine-medhurst-9,To Blanche Catherine Medhurst,2011-09-12T10:34:15Z
2691,post,to-the-reverend-william-parsons-warburton-6,To the Reverend Canon William Parsons Warburton,2011-09-12T10:46:58Z
2685,post,to-mary-rogers,To Mary Sophia Rogers?,2011-09-12T10:06:31Z
2686,post,to-selina-mary-moor,To Selina Mary Moor,2011-09-12T10:10:46Z
2683,post,to-george-lillie-craik-52,To George Lillie Craik,2011-09-12T09:54:29Z
2684,post,to-alexander-macmillan-142,To Alexander Macmillan,2011-09-12T09:57:01Z
2681,post,to-alexander-macmillan-140,To Alexander Macmillan,2011-09-09T14:57:00Z
2682,post,to-alexander-macmillan-141,To Alexander Macmillan,2011-09-09T15:05:54Z
2680,post,to-alexander-macmillan-139,To Alexander Macmillan,2011-09-09T14:49:30Z
2679,post,to-alexander-macmillan-138,To Alexander Macmillan,2011-09-09T14:46:41Z
2677,post,to-nina-cole-2,To ?Nina Cole,2011-09-09T14:25:08Z
2678,post,to-alexander-macmillan-137,To Alexander Macmillan,2011-09-09T14:33:28Z
2676,post,to-alexander-macmillan-136,To Alexander Macmillan,2011-09-09T13:58:13Z
2674,post,to-linda-villari-4,To Linda Mary Villari,2011-09-09T13:16:26Z
2675,post,to-c-b-woodman,To the Reverend Charles Bathurst Woodman,2011-09-09T13:47:32Z
2673,post,to-george-lillie-craik-51,To George Lillie Craik,2011-09-09T13:13:42Z
2671,post,to-linda-villari-3,To Linda Mary Villari,2011-09-09T12:45:14Z
2672,post,to-mary-eliza-bramston-2,To ?Mary Eliza Bramston,2011-09-09T13:05:20Z
2669,post,to-h-w-lewisf,To H.W. Lewis,2011-09-08T15:17:44Z
2670,post,to-an-unknown-woman-45,To an Unknown Woman,2011-09-09T12:40:55Z
2668,post,linda-villari-to-charlotte-mary-yonge,Linda Mary Villari to Charlotte Mary Yonge,2011-09-08T15:15:55Z
2666,post,to-walter-besant-2,To Walter Besant,2011-09-08T15:06:04Z
2667,post,to-christabel-rose-coleridge-100,To Christabel Rose Coleridge,2011-09-08T15:11:25Z
2665,post,to-henriette-elizabeth-de-witt,To Henriette Elizabeth de Witt,2011-09-08T15:02:18Z
2664,post,to-george-lillie-craik-50,To George Lillie Craik,2011-09-08T14:56:07Z
2663,post,to-christabel-rose-coleridge-99,To Christabel Rose Coleridge,2011-09-08T14:53:08Z
2661,post,to-edith-sophia-jacob-21,To Edith Sophia Jacob,2011-09-08T14:41:08Z
2662,post,to-lucy-phillimore,To Lucy Phillimore,2011-09-08T14:47:44Z
2658,post,to-messrs-macmillan,To Messrs Macmillan,2011-09-08T14:04:33Z
2659,post,to-george-lillie-craik-49,To George Lillie Craik,2011-09-08T14:08:40Z
2660,post,to-alexander-macmillan-135,To Alexander Macmillan,2011-09-08T14:25:48Z
2657,post,to-alexander-macmillan-134,To Alexander Macmillan,2011-09-08T14:02:31Z
2654,post,to-george-lillie-craik-47,To George Lillie Craik,2011-09-08T13:44:08Z
2655,post,to-harper-bros-2,To Harper & Bros.,2011-09-08T13:50:33Z
2656,post,to-george-lillie-craik-48,To George Lillie Craik,2011-09-08T13:51:44Z
2653,post,to-an-unknown-woman-44,To an Unknown Woman,2011-09-08T13:42:48Z
2651,post,to-alexander-macmillan-133,To Alexander Macmillan,2011-09-08T13:17:59Z
2652,post,to-messrs-macmillan-7,To Messrs Macmillan,2011-09-08T13:38:45Z
2650,post,to-miss-thompson,To Miss Thompson,2011-09-08T13:10:42Z
2649,post,to-alexander-macmillan-132,To Alexander Macmillan,2011-09-08T12:47:15Z
2648,post,to-christabel-rose-coleridge-98,To Christabel Rose Coleridge,2011-09-08T12:37:08Z
2647,post,to-christabel-rose-coleridge-97,To Christabel Rose Coleridge,2011-09-08T12:04:31Z
2646,post,to-frances-emily-awdry,To Frances Emily Awdry,2011-09-08T12:02:27Z
2645,post,to-mrs-curteis,To Mrs Curteis,2011-09-08T11:49:23Z
2644,post,to-florence-wilford-8,To Florence Wilford,2011-09-08T11:35:48Z
2643,post,to-christabel-rose-coleridge-96,To Christabel Rose Coleridge,2011-09-08T11:25:48Z
2642,post,to-blanche-catherine-medhurst-8,To Blanche Catherine Medhurst,2011-09-08T11:19:20Z
2641,post,to-elizabeth-barnett-17,To Elizabeth Barnett,2011-09-01T12:07:27Z
2640,post,to-george-lillie-craik-46,To George Lillie Craik,2011-09-01T11:49:54Z
2639,post,to-christabel-rose-coleridge-95,To Christabel Rose Coleridge,2011-09-01T11:47:25Z
2638,post,to-alexander-macmillan-131,To Alexander Macmillan,2011-09-01T11:34:33Z
2635,post,to-ellen-julia-johns-15,To Ellen Julia Johns,2011-09-01T10:58:19Z
2636,post,to-george-lillie-craik-45,To George Lillie Craik,2011-09-01T11:00:42Z
2637,post,to-the-hon-sophia-matilda-palmer-6,To the Hon. Sophia Matilda Palmer?,2011-09-01T11:30:03Z
2634,post,to-christabel-rose-coleridge-94,To Christabel Rose Coleridge,2011-09-01T10:56:25Z
2632,post,to-alexander-macmillan-130,To Alexander Macmillan,2011-09-01T10:35:57Z
2633,post,to-linda-villari-2,To Linda Mary Villari,2011-09-01T10:46:39Z
2631,post,to-george-lillie-craik-44,To George Lillie Craik,2011-09-01T10:24:18Z
2630,post,to-christabel-rose-coleridge-93,To Christabel Rose Coleridge,2011-08-08T12:49:42Z
2626,post,to-george-lillie-craik-40,To George Lillie Craik,2011-08-08T12:29:18Z
2627,post,to-george-lillie-craik-41,To George Lillie Craik,2011-08-08T12:31:16Z
2628,post,to-george-lillie-craik-42,To George Lillie Craik,2011-08-08T12:32:32Z
2629,post,to-george-lillie-craik-43,To George Lillie Craik,2011-08-08T12:35:38Z
2625,post,to-george-lillie-craik-39,To George Lillie Craik,2011-08-08T12:25:35Z
2624,post,to-the-reverend-james-edwards-sewell,To the Reverend James Edwards Sewell,2011-08-08T12:20:36Z
2623,post,to-george-lillie-craik-38,To George Lillie Craik,2011-08-08T12:16:54Z
2622,post,to-george-lillie-craik-37,To George Lillie Craik,2011-08-08T12:14:56Z
2621,post,to-george-lillie-craik-36,To George Lillie Craik,2011-08-08T12:06:34Z
2620,post,to-george-lillie-craik-35,To George Lillie Craik,2011-08-08T11:46:18Z
2619,post,to-christabel-rose-coleridge-92,To Christabel Rose Coleridge,2011-08-08T11:33:36Z
2618,post,to-christabel-rose-coleridge-91,To Christabel Rose Coleridge,2011-08-08T11:26:38Z
2617,post,to-george-lillie-craik-34,To George Lillie Craik,2011-08-05T14:37:32Z
2616,post,to-christabel-rose-coleridge-90,To Christabel Rose Coleridge,2011-08-05T14:40:25Z
2615,post,to-george-lillie-craik-33,To George Lillie Craik,2011-08-05T14:15:22Z
2614,post,to-george-lillie-craik-32,To George Lillie Craik,2011-08-05T14:12:07Z
2612,post,to-elizabeth-wordsworth-11,To Elizabeth Wordsworth,2011-08-05T13:58:33Z
2611,post,to-alexander-macmillan-129,To Alexander Macmillan,2011-08-05T13:48:54Z
2610,post,to-miss-barter,To Catherine Barter?,2011-08-05T11:40:37Z
2609,post,to-alexander-macmillan-128,To Alexander Macmillan,2011-08-05T10:28:20Z
2608,post,to-elizabeth-wordsworth-10,To Elizabeth Wordsworth,2011-08-05T10:27:46Z
2607,post,to-elizabeth-wordsworth-9,To Elizabeth Wordsworth,2011-08-05T10:21:42Z
2606,post,to-ellen-julia-johns-14,To Ellen Julia Johns,2011-08-05T10:02:50Z
2604,post,to-george-lillie-craik-31,To George Lillie Craik,2011-08-05T09:48:58Z
2605,post,to-ann-maria-carter-smith-81,To Ann Maria Carter Smith,2011-08-05T10:01:11Z
2603,post,to-edward-augustus-freeman-11,To Edward Augustus Freeman,2011-08-05T09:46:19Z
2602,post,to-ann-maria-carter-smith-80,To Ann Maria Carter Smith,2011-08-05T09:36:05Z
2601,post,to-the-reverend-richard-st-john-tyrwhitt,To the Reverend Richard St. John Tyrwhitt,2011-08-05T09:33:03Z
2599,post,to-george-lillie-craik-30,To George Lillie Craik,2011-08-05T09:22:55Z
2600,post,from-charlotte-mary-yonge-and-christabel-rose-coleridge-to-mary-penelope-fursdon-and-the-other-members-of-the-gosling-society,From Charlotte Mary Yonge and Christabel Rose Coleridge to Mary Penelope Fursdon and the other members of the Gosling Society,2011-08-05T09:27:48Z
2596,post,to-alexander-macmillan-126,To Alexander Macmillan,2011-08-04T16:14:25Z
2597,post,to-alexander-macmillan-127,To Alexander Macmillan,2011-08-04T16:16:49Z
2598,post,to-elizabeth-missing-sewell-23,To Elizabeth Missing Sewell,2011-08-05T09:17:19Z
2593,post,to-frederick-james-furnivall,To Frederick James Furnivall,2011-08-04T15:54:27Z
2594,post,to-alexander-macmillan-125,To Alexander Macmillan,2011-08-04T15:58:29Z
2595,post,to-augusta-boevey-pode,To Augusta Boevey Pode,2011-08-04T16:11:54Z
2592,post,to-miss-cleveland-4,To Eliza Callahan Cleveland,2011-08-04T15:52:00Z
2591,post,to-alexander-macmillan-124,To Alexander Macmillan,2011-08-04T15:40:52Z
2589,post,to-george-lillie-craik-29,To George Lillie Craik,2011-08-04T13:35:50Z
2590,post,to-christabel-rose-coleridge-89,To Christabel Rose Coleridge,2011-08-04T13:46:00Z
2587,post,to-christabel-rose-coleridge-88,To Christabel Rose Coleridge,2011-08-04T13:22:43Z
2588,post,to-george-lillie-craik-28,To George Lillie Craik,2011-08-04T13:33:41Z
2584,post,to-blanche-catherine-medhurst-7,To Blanche Catherine Medhurst,2011-08-04T11:11:21Z
2585,post,to-mr-collier,To Mr Collier,2011-08-04T13:13:01Z
2586,post,to-george-lillie-craik-27,To George Lillie Craik.,2011-08-04T11:25:03Z
2583,post,to-george-lillie-craik-25,To George Lillie Craik,2011-08-04T10:57:28Z
2582,post,to-the-reverend-bartholomew-price-2,To the Reverend Bartholomew Price,2011-08-04T10:57:48Z
2579,post,to-messrs-macmillan-6,To Messrs Macmillan,2011-08-03T18:22:50Z
2580,post,to-the-reverend-edward-atkinson,To the Reverend Edward Atkinson,2011-08-04T10:29:24Z
2581,post,to-george-lillie-craik-26,To George Lillie Craik,2011-08-04T11:01:37Z
2575,post,to-miss-kekewich,To Miss Kekewich,2011-08-03T18:14:08Z
2576,post,to-evelyn-mary-st-john-mildmay,To Evelyn Mary St. John Mildmay,2011-08-03T18:16:56Z
2577,post,to-mr-hoskins,To Mr Hoskins,2011-08-04T09:21:35Z
2578,post,to-alexander-macmillan-123,To Alexander Macmillan,2011-08-04T10:16:57Z
2574,post,to-hezekiah-butterworth,To Hezekiah Butterworth,2011-08-03T18:05:47Z
2573,post,to-christabel-rose-coleridge-87,To Christabel Rose Coleridge,2011-08-03T11:14:04Z
2572,post,to-christabel-rose-coleridge-86,To Christabel Rose Coleridge,2011-08-03T11:10:29Z
2571,post,to-george-lillie-craik-24,To George Lillie Craik,2011-08-02T14:09:21Z
2569,post,to-george-lillie-craik-23,To George Lillie Craik,2011-08-01T15:56:19Z
2570,post,to-christabel-rose-coleridge-85,To Christabel Rose Coleridge,2011-08-01T16:15:11Z
2567,post,to-an-unknown-woman-43,To an Unknown Woman,2011-08-01T15:25:53Z
2568,post,to-christabel-rose-coleridge-84,To Christabel Rose Coleridge,2011-08-01T15:52:45Z
2566,post,to-mrs-alfred-wigan,To Emilie Thal Wigan,2011-08-01T15:23:20Z
2565,post,to-the-parishioners-of-otterbourne-4,To the Parishioners of Otterbourne,2011-08-01T15:18:47Z
2563,post,to-anna-rachel-bramston-4,To Anna Rachel Bramston,2011-08-01T15:12:27Z
2564,post,to-priscilla-johnston,To Priscilla Hannah Johnston,2011-08-01T15:16:12Z
2562,post,edward-augustus-freeman-to-charlotte-mary-yonge,Edward Augustus Freeman to Charlotte Mary Yonge,2011-08-01T15:02:13Z
2561,post,to-mary-yonge-48,To Mary Yonge,2011-07-22T15:40:15Z
2560,post,to-mary-yonge-47,To Mary Yonge,2011-07-15T12:15:17Z
2557,post,to-catharine-elgie-4,To Catharine Elgie,2011-07-15T11:39:55Z
2558,post,to-an-unknown-woman-42,To an Unknown Woman,2011-07-15T11:42:03Z
2559,post,to-mary-yonge-46,To Mary Yonge,2011-07-15T12:15:03Z
2556,post,to-mary-yonge-45,To Mary Yonge,2011-07-15T11:35:11Z
2555,post,to-an-unknown-woman-41,To an Unknown Woman,2011-07-15T11:14:55Z
2554,post,to-mary-yonge-43,To Mary Yonge,2011-07-15T11:08:33Z
2553,post,to-mary-yonge-44,To Mary Yonge,2011-07-15T11:24:25Z
2551,post,to-sophia-jane-harrison,To Sophia Jane Harrison?,2011-07-15T10:42:23Z
2552,post,to-mary-yonge-42,To Mary Yonge,2011-07-15T10:50:56Z
2550,post,to-mary-yonge-41,To Mary Yonge,2011-07-15T10:40:27Z
2549,post,to-christabel-rose-coleridge-83,To Christabel Rose Coleridge,2011-07-15T10:08:10Z
2548,post,to-mary-penelope-fursdon,To Mary Penelope Fursdon,2011-07-15T09:24:41Z
2547,post,to-mary-yonge-40,To Mary Yonge,2011-07-14T11:48:37Z
2545,post,to-george-lillie-craik-22,To George Lillie Craik,2011-07-14T11:04:27Z
2546,post,to-elizabeth-missing-sewell-22,To Elizabeth Missing Sewell,2011-07-14T11:18:30Z
2544,post,to-mary-yonge-39,To Mary Yonge,2011-07-14T11:01:29Z
2543,post,to-augusta-boevey-pode-4,To Augusta Boevey Pode,2011-07-14T10:56:52Z
2539,post,to-the-reverend-edward-stuart-talbot,To the Reverend Edward Stuart Talbot,2011-07-14T09:33:11Z
2540,post,to-louisa-lilias-greene,To Louisa Lilias Greene,2011-07-14T09:54:03Z
2541,post,to-mary-yonge-38,To Mary Yonge,2011-07-14T10:00:02Z
2542,post,to-george-lillie-craik-21,To George Lillie Craik,2011-07-14T10:37:38Z
2538,post,to-augusta-boevey-pode-3,To Augusta Boevey Pode,2011-07-14T09:26:22Z
2537,post,to-miss-peterson,To Miss Peterson,2011-07-14T09:04:23Z
2535,post,to-the-bishop-of-bloemfontein,To the Rt. Rev. Allan Becher Webb,2011-07-13T14:09:10Z
2536,post,to-annie-louise-cazenove-2,To Annie Louise Cazenove,2011-07-14T09:54:13Z
2533,post,to-christabel-rose-coleridge-82,To Christabel Rose Coleridge,2011-07-13T13:50:23Z
2534,post,to-miss-frere,To Augusta Frederica Frere?,2011-07-13T14:02:17Z
2531,post,to-george-lillie-craik-20,To George Lillie Craik,2011-07-13T13:11:11Z
2532,post,to-christabel-rose-coleridge-81,To Christabel Rose Coleridge,2011-07-13T13:38:43Z
2529,post,to-henry-graves,To Henry Graves,2011-07-13T12:59:34Z
2530,post,to-isabel-mary-warburton,To Isabel Mary Warburton,2011-07-13T13:06:36Z
2527,post,to-florence-freeman-4,To Florence Freeman,2011-07-13T12:37:28Z
2528,post,to-isabel-mary-warburton-4,To Isabel Mary Warburton,2011-07-13T12:51:50Z
2526,post,to-george-lillie-craik-19,To George Lillie Craik,2011-07-13T12:27:33Z
2523,post,to-blanche-catherine-medhurst-6,To Blanche Catherine Medhurst,2011-07-13T11:42:10Z
2524,post,to-elizabeth-anna-hart,To Elizabeth Anna Hart,2011-07-13T11:48:46Z
2525,post,to-mary-anne-dyson,To Mary Anne Dyson,2011-07-13T12:23:10Z
2522,post,to-alexander-macmillan-121,To Alexander Macmillan,2011-07-13T11:37:24Z
2521,post,to-edward-augustus-freeman-10,To Edward Augustus Freeman,2011-07-13T11:29:23Z
2520,post,to-edith-emma-butler,To Edith Emma Butler,2011-07-13T10:25:52Z
2519,post,to-catharine-elgie-3,To Catharine Elgie,2011-07-13T10:17:32Z
2518,post,to-alice-weber,To Alice Weber,2011-07-13T10:00:31Z
2516,post,to-nina-cole,To Nina Cole?,2011-07-12T14:05:07Z
2517,post,to-elizabeth-wordsworth-8,To Elizabeth Wordsworth,2011-07-13T09:52:22Z
2515,post,to-elizabeth-wordsworth-7,To Elizabeth Wordsworth,2011-07-12T14:00:08Z
2514,post,to-edward-augustus-freeman-9,To Edward Augustus Freeman,2011-07-12T13:48:54Z
2511,post,to-the-hon-laura-elizabeth-palmer-4,To the Hon. Laura Elizabeth Palmer,2011-07-12T12:56:00Z
2512,post,to-george-lillie-craik-18,To George Lillie Craik,2011-07-12T12:59:49Z
2513,post,to-the-hon-laura-elizabeth-palmer-5,To the Hon. Laura Elizabeth Palmer,2011-07-12T13:03:51Z
2510,post,to-christabel-rose-coleridge-80,To Christabel Rose Coleridge,2011-07-12T11:49:25Z
2508,post,to-the-hon-laura-elizabeth-palmer-2,To the Hon. Laura Elizabeth Palmer,2011-07-12T11:24:44Z
2507,post,to-the-hon-laura-elizabeth-palmer-3,To the Hon. Laura Elizabeth Palmer,2011-07-12T11:37:46Z
2505,post,to-florence-freeman-3,To Florence Freeman,2011-07-12T11:29:57Z
2506,post,william-francis-cowper-temple-to-charlotte-mary-yonge,William Francis Cowper-Temple to Charlotte Mary Yonge,2011-07-12T11:17:09Z
2504,post,to-sir-edward,To Sir Edward  ---,2011-07-12T11:08:41Z
2500,post,to-florenc-freeman,To Florence Freeman,2011-07-12T10:44:52Z
2501,post,to-florence-freeman,To Florence Freeman,2011-07-12T10:52:26Z
2502,post,to-anne-isabella-thackeray,To Anne Isabella Thackeray,2011-07-12T10:57:43Z
2503,post,to-florence-freeman-2,To Florence Freeman,2011-07-12T11:01:39Z
2497,post,to-edward-augustus-freeman-8,To Edward Augustus Freeman,2011-07-12T09:57:52Z
2498,post,to-frederick-james-furnivall-7,To Frederick James Furnivall,2011-07-12T10:03:48Z
2499,post,to-mary-anne-dyson-23,To Mary Anne Dyson,2011-07-12T10:28:20Z
2494,post,to-alexander-macmillan-120,To Alexander Macmillan,2011-07-12T09:18:01Z
2495,post,to-misey-2,To Misey ----,2011-07-12T09:29:46Z
2496,post,to-an-unknown-woman-40,To an Unknown Woman,2011-07-12T09:37:27Z
2493,post,to-alexander-macmillan-119,To Alexander Macmillan,2011-07-11T15:06:16Z
2491,post,to-george-huntingford,To George Huntingford,2015-07-19T04:37:50Z
2489,post,to-elizabeth-wordsworth-6,To Elizabeth Wordsworth,2011-07-11T13:31:28Z
2490,post,to-arthur-john-butler-14,To Arthur John Butler,2011-07-11T13:48:18Z
2488,post,to-arthur-john-butler-13,To Arthur John Butler,2011-07-11T13:26:19Z
2485,post,to-an-unknown-woman-39,To an Unknown Woman,2011-07-11T13:00:19Z
2486,post,to-alexander-macmillan-118,To Alexander Macmillan,2011-07-11T13:04:31Z
2487,post,to-the-hon-laura-elizabeth-palmer,To the Hon. Laura Elizabeth Palmer,2011-07-11T13:14:51Z
2484,post,to-the-reverend-john-frederick-lloyd,To the Reverend John Frederick Lloyd,2011-07-11T12:59:00Z
2481,post,to-an-unknown-woman-38,To an Unknown Woman,2011-07-11T12:48:16Z
2482,post,to-mary-caroline-coleridge,To Mary Caroline Coleridge,2011-07-11T12:51:49Z
2483,post,the-reverend-derwent-coleridge-to-charlotte-mary-yonge,The Reverend Derwent Coleridge to Charlotte Mary Yonge,2011-07-11T12:56:47Z
2479,post,to-blanche-catherine-medhurst-5,To Blanche Catherine Medhurst,2011-07-11T12:36:50Z
2480,post,to-harriet-poole-2,To Harriet Poole?,2011-07-11T12:47:17Z
2477,post,to-wilhelmina-martha-james,To Wilhelmina Martha James,2011-07-11T12:28:07Z
2478,post,to-gertrude-louisa-legrand-jacob,To Gertrude Louisa LeGrand Jacob,2011-07-11T12:35:49Z
2476,post,to-the-reverend-john-frewen-moor,To the Reverend John Frewen Moor,2011-10-13T10:32:11Z
2475,post,to-christabel-rose-coleridge-79,To Christabel Rose Coleridge,2011-07-11T12:01:31Z
2474,post,to-edward-augustus-freeman-7,To Edward Augustus Freeman,2011-07-11T11:02:51Z
2473,post,to-blanche-catherine-medhurst-4,To Blanche Catherine Medhurst,2011-07-11T10:53:55Z
2471,post,to-the-reverend-james-edwards-sewell-2,To the Reverend James Edwards Sewell,2011-07-11T10:40:04Z
2472,post,to-gertrude-louisa-legrand-jacob-3,To Gertrude Louisa LeGrand Jacob,2011-07-11T10:48:14Z
2469,post,to-anne-mercier-6,To Sarah Anne Mercier,2011-02-02T11:52:15Z
2470,post,to-mrs-white-2,To Mrs White,2011-07-11T10:38:12Z
2468,post,to-elizabeth-barnett-16,To Elizabeth Barnett?,2011-07-11T10:29:50Z
2467,post,to-blanche-catherine-medhurst-3,To Blanche Catherine Medhurst,2011-07-09T07:52:24Z
2466,post,to-christabel-rose-coleridge-78,To Christabel Rose Coleridge,2011-06-17T14:51:06Z
2465,post,to-christabel-rose-coleridge-77,To Christabel Rose Coleridge,2011-06-17T14:25:40Z
2464,post,to-blanche-catherine-medhurst-2,To Blanche Catherine Medhurst,2011-06-17T14:07:55Z
2463,post,to-george-richmond,To George Richmond,2011-06-17T13:57:19Z
2460,post,to-messrs-reeves-and-turner,To Messrs Reeves and Turner,2011-06-17T13:40:40Z
2461,post,to-christabel-rose-coleridge-76,To Christabel Rose Coleridge,2011-06-17T13:52:03Z
2462,post,to-mary-penelope-fursdon-5,To Mary Penelope Fursdon,2011-06-17T13:55:30Z
2459,post,to-christabel-rose-coleridge-75,To Christabel Rose Coleridge,2011-06-17T13:32:25Z
2458,post,to-christabel-rose-coleridge-74,To Christabel Rose Coleridge,2011-06-17T13:29:49Z
2457,post,to-edward-augustus-freeman-6,To Edward Augustus Freeman,2011-06-17T13:18:28Z
2452,post,to-william-garrett-horder-2,To William Garrett Horder,2011-06-15T13:45:17Z
2453,post,to-william-garrett-horder-3,To William Garrett Horder,2011-06-15T13:47:07Z
2454,post,to-william-garrett-horder,To William Garrett Horder,2011-06-15T13:59:56Z
2455,post,to-edward-augustus-freeman-4,To Edward Augustus Freeman,2011-06-17T12:33:45Z
2456,post,to-edward-augustus-freeman-5,To Edward Augustus Freeman,2011-06-17T13:03:53Z
2451,post,to-christabel-rose-coleridge-73,To Christabel Rose Coleridge,2011-06-15T13:22:08Z
2449,post,to-christabel-rose-coleridge-72,To Christabel Rose Coleridge,2011-06-15T13:16:45Z
2450,post,to-the-right-reverend-samuel-wilberforce-2,To the Right Reverend Samuel Wilberforce.,2011-06-15T13:19:01Z
2448,post,to-the-reverend-dr-marsham-argles,To the Reverend Dr. Marsham Argles,2011-06-15T13:09:31Z
2447,post,to-elizabeth-wordsworth-5,To Elizabeth Wordsworth,2011-06-15T13:06:24Z
2445,post,to-the-reverend-edward-coleridge,To the Reverend Edward Coleridge,2011-06-15T12:15:05Z
2446,post,to-mary-anne-dyson-22,To Mary Anne Dyson,2011-06-15T12:30:19Z
2444,post,to-sir-william-heathcote-bt-8,"To Sir William Heathcote, Bt.",2011-06-15T12:08:03Z
2441,post,to-elizabeth-missing-sewell-21,To Elizabeth Missing Sewell,2011-06-15T11:53:27Z
2442,post,to-sir-william-heathcote-bt-6,"To Sir William Heathcote, Bt.",2011-06-15T11:57:22Z
2443,post,to-sir-william-heathcote-bt-7,"To Sir William Heathcote, Bt.",2011-06-15T12:01:56Z
2440,post,to-mary-yonge-37,To Mary Yonge,2011-06-15T11:50:53Z
2439,post,to-charlotte-cordelia-yonge,To Charlotte Cordelia Yonge,2011-06-14T11:12:39Z
2438,post,to-christabel-rose-coleridge-71,To Christabel Rose Coleridge,2011-06-14T10:48:53Z
2434,post,to-christabel-rose-coleridge-70,To Christabel Rose Coleridge,2011-06-14T09:54:53Z
2435,post,to-sir-william-heathcote-bt-4,"To  Sir William Heathcote, Bt.",2011-06-14T09:57:11Z
2436,post,the-rev-james-edward-austen-leigh-to-sir-william-heathcote,The Rev. James Edward Austen Leigh to Sir William Heathcote,2011-06-14T10:33:25Z
2437,post,to-sir-william-heathcote-bt-5,"To Sir William Heathcote, Bt.",2011-06-14T10:41:54Z
2433,post,to-an-unknown-person-9,To an Unknown Person,2011-06-14T09:49:35Z
2432,post,to-mary-ann-moberly-6-3,To Mary Ann Moberly,2011-06-14T09:46:28Z
2431,post,to-elizabeth-missing-sewell-20,To Elizabeth Missing Sewell,2011-06-14T09:38:53Z
2430,post,to-janetta-sewell,To Janetta Sewell,2011-06-14T09:26:54Z
2429,post,to-mary-anne-dyson-21,To Mary Anne Dyson,2011-06-14T09:03:47Z
2428,post,to-mary-ann-moberly-6-2,To Mary Ann Moberly,2011-06-13T14:16:11Z
2427,post,to-miss-cassell,To Miss Cassell,2011-06-13T14:11:03Z
2426,post,to-edward-augustus-freeman-3,To Edward Augustus Freeman,2011-06-13T14:05:29Z
2425,post,to-frances-sophia-coleridge-patteson-6,To Frances Sophia Coleridge Patteson,2011-06-13T13:44:46Z
2423,post,to-mary-eliza-bramston,To Mary Eliza Bramston,2011-06-13T13:29:28Z
2424,post,to-mary-ann-moberly-6,To Mary Ann Moberly,2011-06-13T13:31:49Z
2422,post,to-christabel-rose-coleridge-69,To Christabel Rose Coleridge,2011-06-13T13:22:29Z
2421,post,to-christabel-rose-coleridge-68,To Christabel Rose Coleridge,2011-06-13T13:16:32Z
2420,post,to-charlotte-cordelia-yonge-4,To Charlotte Cordelia Yonge,2011-06-09T15:23:08Z
2417,post,to-mary-penelope-fursdon-4,To Mary Penelope Fursdon,2011-06-09T13:48:56Z
2418,post,to-elizabeth-missing-sewell-19,To Elizabeth Missing Sewell,2011-06-09T14:12:54Z
2419,post,to-christabel-rose-coleridge-67,To Christabel Rose Coleridge,2011-06-09T14:58:36Z
2416,post,to-christabel-rose-coleridge-66,To Christabel Rose Coleridge,2011-06-09T13:45:32Z
2412,post,to-edith-sophia-jacob-20,To Edith Sophia Jacob,2011-06-07T09:24:49Z
2413,post,to-an-unknown-woman-37,To an Unknown Woman,2011-06-08T15:40:16Z
2414,post,to-francois-pierre-guillaume-guizot,To François Pierre Guillaume Guizot,2011-06-08T17:04:42Z
2415,post,to-elizabeth-wordsworth-4,To Elizabeth Wordsworth,2011-06-09T11:24:25Z
2411,post,to-christabel-rose-coleridge-65,To Christabel Rose Coleridge,2011-06-07T09:19:13Z
2410,post,to-edith-sophia-jacob-19,To Edith Sophia Jacob,2011-06-06T15:18:45Z
2409,post,to-laura-valentine-3,To Laura Valentine,2011-06-06T14:26:00Z
2408,post,to-elizabeth-wordsworth-2,To Elizabeth Wordsworth,2010-05-25T17:56:20Z
2407,post,to-elizabeth-missing-sewell-18,To Elizabeth Missing Sewell,2011-06-06T14:17:06Z
2405,post,to-ellen-julia-johns-13,To Ellen Julia Johns,2011-06-06T13:33:33Z
2406,post,to-elizabeth-missing-sewell-17,To Elizabeth Missing Sewell,2011-06-06T13:36:58Z
2402,post,to-arthur-john-butler-12,To Arthur John Butler,2011-06-02T14:50:54Z
2403,post,to-elizabeth-missing-sewell,To Elizabeth Missing Sewell,2014-05-07T13:33:38Z
2404,post,to-mr-west,To Mr West,2011-06-06T09:52:51Z
2401,post,to-elizabeth-missing-sewell-16,To Elizabeth Missing Sewell,2011-06-02T14:30:15Z
2400,post,to-edith-emily-moberly,To Edith Emily Moberly,2011-06-02T14:21:38Z
2399,post,to-anne-sturges-bourne-8,To Anne Sturges Bourne,2011-06-02T12:54:40Z
2397,post,to-selina-heathcote,To ?Selina Heathcote,2011-06-02T12:27:00Z
2398,post,the-right-reverend-john-coleridge-patteson-to-charlotte-mary-yonge,The Right Reverend John Coleridge Patteson to Charlotte Mary Yonge,2011-06-02T12:45:53Z
2396,post,to-alexander-macmillan-117,To Alexander Macmillan,2011-06-02T12:24:57Z
2395,post,to-bell-and-daldy,To Bell and Daldy,2011-06-02T12:22:00Z
2393,post,edward-hugessen-knatchbull-hugessen-to-charlotte-mary-yonge,Edward Hugessen Knatchbull-Hugessen to Charlotte Mary Yonge,2011-06-02T11:52:40Z
2394,post,to-francois-pierre-guillaume-guizot-3,To François Pierre Guillaume Guizot,2011-06-02T12:12:34Z
2392,post,margaret-gatty-to-charlotte-mary-yonge,Margaret Gatty to Charlotte Mary Yonge,2011-10-12T14:12:49Z
2391,post,to-susanna-warren-7,To Susanna Warren,2011-06-02T11:43:30Z
2388,post,to-alexander-macmillan-116,"To Alexander Macmillan,",2011-06-02T11:15:37Z
2389,post,to-mary-augusta-arnold,To Mary Augusta Arnold,2011-06-02T11:16:50Z
2390,post,to-the-reverend-william-john-butler,To the Reverend William John Butler,2011-06-02T11:31:09Z
2380,post,to-alexander-macmillan-115,To Alexander Macmillan,2011-03-02T10:29:15Z
2381,post,to-an-unknown-woman-or-to-alexander-macmillan,To an Unknown Woman or to Alexander Macmillan?,2011-03-02T10:38:32Z
2382,post,to-christabel-rose-coleridge-64,To Christabel Rose Coleridge,2011-03-02T10:44:10Z
2383,post,to-jane-mary-dampier-2,To Jane Mary Dampier,2011-03-04T12:16:21Z
2384,post,to-mary-penelope-fursdon-3,To Mary Penelope Fursdon,2011-03-08T10:05:59Z
2385,post,to-sir-william-heathcote-bt-3,"To Sir William Heathcote, Bt.",2011-03-08T10:08:27Z
2386,post,to-elizabeth-jane-keble,To Elizabeth Jane Keble,2011-03-08T10:13:34Z
2375,post,to-arthur-john-butler-10,To Arthur John Butler,2011-02-03T11:23:53Z
2376,post,to-edward-augustus-freeman-2,To Edward Augustus Freeman,2011-02-03T11:31:46Z
2377,post,to-arthur-john-butler-11,To Arthur John Butler,2011-02-08T16:37:26Z
2378,post,to-ellen-julia-johns-12,To Ellen Julia Johns,2011-03-02T10:20:01Z
2379,post,to-christabel-rose-coleridge-63,To Christabel Rose Coleridge,2011-03-02T10:25:32Z
2373,post,to-an-unknown-woman-36,To an Unknown Woman,2011-02-03T11:12:08Z
2374,post,to-christabel-rose-coleridge-62,To Christabel Rose Coleridge,2011-02-03T11:15:19Z
2370,post,to-elizabeth-missing-sewell-15,To Elizabeth Missing Sewell,2011-02-02T14:04:29Z
2371,post,to-mary-penelope-fursdon-2,To Mary Penelope Fursdon,2011-02-02T14:06:09Z
2372,post,to-mary-yonge-36,To Mary Yonge,2011-02-02T16:14:05Z
2369,post,to-christabel-rose-coleridge-61,To Christabel Rose Coleridge,2011-02-02T14:02:32Z
2368,post,to-jane-mary-dampier,To Jane Mary Dampier,2011-10-13T10:58:38Z
2359,post,to-anne-mercier-5,To Sarah Anne Mercier,2010-06-24T14:41:21Z
2360,post,to-mary-anne-dyson-20,To Mary Anne Dyson,2010-06-24T14:45:15Z
2361,post,to-alexander-macmillan-112,To Alexander Macmillan,2010-06-24T15:01:14Z
2362,post,to-mary-yonge-11,To Mary Yonge,2010-06-25T08:21:50Z
2363,post,to-alexander-macmillan-113,To Alexander Macmillan,2010-06-25T08:25:11Z
2364,post,to-mary-yonge-34,To Mary Yonge,2011-02-02T13:18:33Z
2365,post,to-the-reverend-fielder,To the Reverend -- Fielder,2011-02-02T13:27:05Z
2366,post,to-anne-mercier-8,To Sarah Anne Mercier,2011-02-02T13:38:58Z
2367,post,to-mary-yonge-35,To Mary Yonge,2011-02-02T13:50:11Z
2357,post,to-arthur-john-butler-6,To Arthur John Butler,2010-06-24T14:17:09Z
2358,post,to-mary-yonge-10,To Mary Yonge,2010-06-24T14:34:59Z
2356,post,to-louisa-anne-gibbs,To Louisa Anne Gibbs,2011-10-10T16:36:52Z
2353,post,to-susanna-warren-6,To Susanna Warren,2010-06-23T15:31:23Z
2354,post,to-arthur-john-butler-5,To Arthur John Butler,2010-06-24T10:28:02Z
2355,post,the-right-reverend-john-coleridge-patteson-to-charlotte-mary-yonge-11,The Right Reverend John Coleridge Patteson to Charlotte Mary Yonge,2010-06-24T12:28:39Z
2351,post,to-elizabeth-missing-sewell-10,To Elizabeth Missing Sewell,2010-06-23T14:56:58Z
2352,post,to-mary-yonge-9,To Mary Yonge,2010-06-23T15:28:29Z
2348,post,to-edith-sophia-jacob-18,To Edith Sophia Jacob,2010-06-23T14:30:05Z
2349,post,to-james-yonge-or-the-rev-john-yonge,To James Yonge or the Rev. John Yonge,2010-06-23T14:37:32Z
2350,post,to-the-reverend-john-frewen-moor-8,To the Reverend John Frewen Moor,2011-02-02T12:09:27Z
2343,post,to-miss-forrest,To Miss Forrest,2010-06-21T12:00:25Z
2344,post,to-ellen-julia-johns-10,To Ellen Julia Johns,2010-06-23T12:22:37Z
2345,post,to-alexander-macmillan-111,To Alexander Macmillan,2010-06-23T12:51:21Z
2346,post,to-the-reverend-john-frewen-moor-9,To the Reverend John Frewen Moor,2011-02-02T12:10:06Z
2347,post,to-anne-elizabeth-mary-anderson-morshead-3,To Anne Elizabeth Mary Anderson Morshead,2010-06-23T13:36:13Z
2339,post,to-mary-yonge-7,To Mary Yonge,2010-06-23T11:13:46Z
2340,post,to-charlotte-cordelia-yonge-2,To Charlotte Cordelia Yonge,2010-06-23T11:44:54Z
2341,post,to-mary-yonge-8,To Mary Yonge,2010-06-23T12:07:43Z
2342,post,to-florence-wilford-5,To Florence Wilford,2010-06-23T12:12:25Z
2333,post,to-mary-anne-dyson-10-3,To Mary Anne Dyson,2010-06-23T09:34:11Z
2334,post,to-mary-ann-dyson-10,To Mary Anne Dyson,2010-06-23T09:56:08Z
2335,post,to-mary-ann-dyson-12,To Mary Anne Dyson,2010-06-23T10:03:15Z
2336,post,to-frances-awdry-2,To Frances Mary Peard,2010-06-23T10:12:59Z
2337,post,to-messrs-macmillan-5,To Messrs Macmillan,2010-06-23T10:33:32Z
2338,post,to-the-reverend-duke-yonge,To the Reverend Duke Yonge,2010-06-23T11:00:26Z
2332,post,to-mary-anne-dyson-13-2,To Mary Anne Dyson,2010-06-23T08:33:34Z
2331,post,to-mary-ann-dyson-12,To Mary Anne Dyson,2010-06-23T08:06:13Z
2330,post,to-mary-ann-dyson-2,To Mary Anne Dyson,2010-05-25T10:46:01Z
2329,post,to-mary-ann-dyson-11,To Mary Anne Dyson,2010-06-23T07:34:42Z
2293,post,to-mary-anne-moberly-5,To Mary Ann Moberly,2010-06-18T08:59:27Z
2294,post,to-christabel-rose-coleridge-19,To Christabel Rose Coleridge,2010-06-18T09:55:01Z
2295,post,the-right-reverend-john-coleridge-patteson-to-charlotte-mary-yonge-10,The Right Reverend John Coleridge Patteson to Charlotte Mary Yonge,2010-06-18T13:23:13Z
2296,post,to-anne-elizabeth-mary-anderson-morshead-2,To Anne Elizabeth Mary Anderson Morshead,2010-06-18T13:54:25Z
2297,post,to-an-unknown-woman-32,To an Unknown Woman,2011-02-02T11:35:26Z
2298,post,to-alexander-macmillan-106,To Alexander Macmillan,2010-06-18T14:19:37Z
2299,post,to-henrietta-elizabeth-fursdon-11,To Henrietta Elizabeth Fursdon,2010-06-18T14:28:29Z
2300,post,to-mary-ann-dyson-8,To Mary Anne Dyson,2010-06-18T14:44:57Z
2301,post,to-ann-maria-carter-smith,To Ann Maria Carter Smith,2011-10-10T16:43:05Z
2302,post,to-an-unknown-woman-16,To an Unknown Woman,2010-06-18T14:55:18Z
2303,post,to-frederick-james-furnivall-5,To Frederick James Furnivall,2010-06-18T15:05:15Z
2304,post,to-sir-william-heathcote-bt-2,"To Sir William Heathcote, Bt.",2010-06-18T15:39:06Z
2305,post,to-anne-mercier-7,To Sarah Anne Mercier,2011-02-02T12:55:46Z
2306,post,to-christabel-rose-coleridge-20,To Christabel Rose Coleridge,2010-06-18T15:43:56Z
2307,post,to-the-members-of-the-gosling-society,To the Members of the Gosling Society,2010-06-21T12:10:06Z
2308,post,to-alexander-macmillan-107,To Alexander Macmillan,2010-06-21T12:20:30Z
2309,post,to-miss-wilcox-2,To Margaret Wilcox,2010-06-21T13:22:45Z
2310,post,to-miss-cole,To Miss Cole,2010-06-21T13:49:06Z
2311,post,to-alexander-macmillan-108,To Alexander Macmillan,2010-06-22T11:07:40Z
2312,post,to-an-unknown-woman-17,To an Unknown Woman,2010-06-22T11:09:03Z
2313,post,to-alexander-macmillan-109,To Alexander Macmillan,2010-06-22T11:23:22Z
2314,post,to-anne-mercier-2,To Sarah Anne Mercier,2010-06-22T11:48:41Z
2315,post,to-the-reverend-john-frewen-moor-10,To the Reverend John Frewen Moor,2011-02-02T12:10:43Z
2316,post,to-the-reverend-henry-parry-liddon,To the Reverend Henry Parry Liddon,2011-10-12T13:57:41Z
2317,post,to-mary-ann-dyson-9,To Mary Anne Dyson,2010-06-22T12:19:28Z
2318,post,to-anne-mercier-3,To Sarah Anne Mercier,2010-06-22T12:54:54Z
2319,post,to-alexander-macmillan-110,To Alexander Macmillan,2010-06-22T13:18:51Z
2320,post,to-arthur-john-butler-2,To Arthur John Butler,2010-06-22T13:58:40Z
2321,post,to-jean-ingelow-3,To Jean Ingelow,2011-02-02T11:33:03Z
2322,post,to-arthur-john-butler-3,To Arthur John Butler,2010-06-22T14:18:09Z
2323,post,to-anne-mercier-4,To Sarah Anne Mercier,2010-06-22T14:24:02Z
2324,post,to-mrs-curteis-2,To Mrs Curteis,2010-06-22T14:52:23Z
2325,post,to-arthur-john-butler-4,To Arthur John Butler,2010-06-22T14:53:54Z
2326,post,to-arthur-john-butler,To Arthur John Butler,2011-10-10T16:38:25Z
2327,post,to-henrietta-elizabeth-fursdon,To Henrietta Elizabeth Fursdon,2010-06-22T17:07:12Z
2328,post,to-mary-ann-dyson-10,To Mary Anne Dyson,2010-06-22T17:26:40Z
2288,post,to-the-reverend-william-john-butler-2,To the Reverend William John Butler,2010-06-18T07:30:34Z
2289,post,to-christabel-rose-coleridge-60,To Christabel Rose Coleridge,2011-02-02T11:42:22Z
2290,post,to-sophia-jane-harrison,To Sophia Jane Harrison,2011-10-10T16:44:20Z
2291,post,to-christabel-rose-coleridge-18,To Christabel Rose Coleridge,2010-06-18T08:34:00Z
2292,post,to-alexander-macmillan-105,To Alexander Macmillan,2010-06-18T08:39:45Z
2283,post,to-alexander-macmillan-103,To Alexander Macmillan,2010-06-17T21:28:55Z
2284,post,to-elizabeth-missing-sewell-9,To Elizabeth Missing Sewell,2010-06-17T21:34:19Z
2285,post,to-anne-yonge,To Anne Yonge,2010-06-17T21:36:21Z
2286,post,to-alexander-macmillan-104,To Alexander Macmillan,2010-06-17T21:44:12Z
2287,post,to-the-reverend-john-frewen-moor-4,To the Reverend John Frewen Moor,2010-06-17T21:50:03Z
2282,post,to-alexander-macmillan-102,To Alexander Macmillan,2010-06-17T20:56:09Z
2281,post,to-ann-maria-carter-smith-79,To Ann Maria Carter Smith,2010-06-16T15:27:58Z
2280,post,to-caroline-elizabeth-cooke-trench-4,To Caroline Elizabeth Cooke-Trench,2010-06-16T15:23:29Z
2276,post,to-mary-anne-moberly-4,To Mary Ann Moberly,2010-06-16T14:20:10Z
2277,post,to-edith-sophia-jacob-17,To Edith Sophia Jacob,2010-06-16T14:27:29Z
2278,post,to-alexander-macmillan-101,To Alexander Macmillan,2010-06-16T14:31:06Z
2279,post,to-ellen-julia-johns,To Ellen Julia Johns,2011-10-10T16:45:00Z
2275,post,to-mary-ann-dyson-7,To Mary Anne Dyson,2010-06-16T14:14:48Z
2274,post,to-gertrude-louisa-legrand-jacob-2,To Gertrude Louisa LeGrand Jacob,2010-06-16T13:45:55Z
2272,post,to-alexander-macmillan-100,To Alexander Macmillan,2010-06-16T13:26:07Z
2273,post,the-right-reverend-john-coleridge-patteson-to-charlotte-mary-yonge-9,The Right Reverend John Coleridge Patteson to Charlotte Mary Yonge,2010-06-16T13:32:47Z
2271,post,to-mary-ann-dyson-6,To Mary Anne Dyson,2010-06-16T13:24:16Z
2269,post,to-alexander-macmillan-99,To Alexander Macmillan,2010-06-16T12:25:32Z
2270,post,to-mary-anne-moberly-3,To Mary Ann Moberly,2010-06-16T13:17:47Z
2266,post,to-george-lillie-craik-6,To George Lillie Craik,2010-06-16T12:08:04Z
2267,post,to-christabel-rose-coleridge-17,To Christabel Rose Coleridge,2010-06-16T12:21:09Z
2268,post,to-edith-sophia-jacob-16,To Edith Sophia Jacob,2010-06-16T12:55:46Z
2265,post,to-george-lillie-craik-5,To George Lillie Craik,2010-06-16T12:00:52Z
2261,post,to-miss-north,To Miss North,2010-06-16T10:32:51Z
2262,post,to-ann-maria-carter-smith-78,To Ann Maria Carter Smith,2010-06-16T10:39:55Z
2263,post,to-miss-finchcliffe,To Miss Finchcliffe,2011-02-02T11:30:55Z
2264,post,to-the-reverend-duke-yonge-2,To the Reverend Duke Yonge,2010-06-16T11:57:00Z
2259,post,to-sarah-emily-davies,To Sarah Emily Davies,2010-06-16T10:17:16Z
2260,post,to-edith-sophia-jacob-15,To Edith Sophia Jacob,2010-06-16T10:23:17Z
2258,post,to-alexander-macmillan-98,To Alexander Macmillan,2010-06-16T10:10:36Z
2256,post,to-laura-valentine,To Laura Belinda Charlotte Valentine,2011-10-10T16:52:47Z
2257,post,the-right-reverend-john-coleridge-patteson-to-charlotte-mary-yonge-8,The Right Reverend John Coleridge Patteson to Charlotte Mary Yonge,2010-06-16T10:07:02Z
2251,post,to-edith-sophia-jacob-14,To Edith Sophia Jacob,2010-06-16T09:09:56Z
2252,post,alexander-macmillan-to-charlotte-mary-yonge-74,Alexander Macmillan to Charlotte Mary Yonge,2010-06-16T09:11:18Z
2253,post,to-elizabeth-missing-sewell-8,To Elizabeth Missing Sewell,2010-06-16T09:15:30Z
2254,post,alexander-macmillan-to-charlotte-mary-yonge-75,Alexander Macmillan to Charlotte Mary Yonge,2010-06-16T09:21:46Z
2255,post,to-christabel-rose-coleridge-16,To Christabel Rose Coleridge,2010-06-16T09:27:54Z
2250,post,to-edith-sophia-jacob-13,To Edith Sophia Jacob,2010-06-16T09:02:29Z
2248,post,to-alexander-macmillan-97,To Alexander Macmillan,2010-06-15T14:50:17Z
2249,post,to-edith-sophia-jacob-12,To Edith Sophia Jacob,2010-06-15T20:22:27Z
2245,post,to-alexander-macmillan-95,To Alexander Macmillan,2010-06-15T14:28:42Z
2246,post,to-alexander-macmillan-96,To Alexander Macmillan,2010-06-15T14:32:50Z
2247,post,alexander-macmillan-to-charlotte-mary-yonge-73,Alexander Macmillan to Charlotte Mary Yonge,2010-06-15T14:38:54Z
2243,post,to-alexander-macmillan-94,To Alexander Macmillan,2010-06-15T14:07:57Z
2244,post,to-florence-wilford-4,To Florence Wilford,2010-06-15T14:25:38Z
2241,post,alexander-macmillan-to-charlotte-mary-yonge-72,Alexander Macmillan to Charlotte Mary Yonge,2010-06-15T13:52:23Z
2242,post,alexander-macmillan-to-charlotte-mary-yonge,Alexander Macmillan to Charlotte Mary Yonge,2011-10-12T13:56:37Z
2238,post,alexander-macmillan-to-charlotte-mary-yonge-70,Alexander Macmillan to Charlotte Mary Yonge,2010-06-15T11:17:42Z
2239,post,alexander-macmillan-to-charlotte-mary-yonge-71,Alexander Macmillan to Charlotte Mary Yonge,2010-06-15T11:34:54Z
2240,post,to-jane-mary-smith-dampier-2,To Jane Mary Dampier,2010-06-15T13:23:15Z
2237,post,alexander-macmillan-to-charlotte-mary-yonge-69,Alexander Macmillan to Charlotte Mary Yonge,2010-06-15T11:14:41Z
2235,post,alexander-macmillan-to-charlotte-mary-yonge-67,Alexander Macmillan to Charlotte Mary Yonge,2010-06-15T11:01:56Z
2236,post,alexander-macmillan-to-charlotte-mary-yonge-68,Alexander Macmillan to Charlotte Mary Yonge,2010-06-15T11:04:03Z
2232,post,alexander-macmillan-to-charlotte-mary-yonge-65,Alexander Macmillan to Charlotte Mary Yonge,2010-06-15T10:48:40Z
2233,post,alexander-macmillan-to-charlotte-mary-yonge-66,Alexander Macmillan to Charlotte Mary Yonge,2010-06-15T10:51:54Z
2234,post,to-christabel-rose-coleridge-15,To Christabel Rose Coleridge,2010-06-15T10:59:22Z
2231,post,to-ann-maria-carter-smith-77,To Ann Maria Carter Smith,2010-06-15T10:45:41Z
2229,post,alexander-macmillan-to-charlotte-mary-yonge-64,Alexander Macmillan to Charlotte Mary Yonge,2010-06-15T09:54:07Z
2230,post,the-right-reverend-john-coleridge-patteson-to-charlotte-mary-yonge-7,The Right Reverend John Coleridge Patteson to Charlotte Mary Yonge,2010-06-15T09:59:32Z
2228,post,alexander-macmillan-to-charlotte-mary-yonge-63,Alexander Macmillan to Charlotte Mary Yonge,2010-06-14T18:04:35Z
2225,post,to-the-right-reverend-samuel-wilberforce,To the Right Reverend Samuel Wilberforce,2011-02-02T12:11:33Z
2226,post,alexander-macmillan-to-charlotte-mary-yonge-62,Alexander Macmillan to Charlotte Mary Yonge,2010-06-14T17:52:40Z
2227,post,to-dinah-maria-craik,To Dinah Maria Craik,2010-06-14T17:57:51Z
2224,post,the-right-reverend-john-coleridge-patteson-to-charlotte-mary-yonge-6,The Right Reverend John Coleridge Patteson to Charlotte Mary Yonge,2010-06-14T11:20:16Z
2222,post,to-george-lillie-craik-4,To George Lillie Craik,2010-06-14T10:34:54Z
2223,post,to-edith-sophia-jacob-11,To Edith Sophia Jacob,2010-06-14T11:51:38Z
2221,post,to-miss-manning,To Miss Manning,2011-02-02T12:12:30Z
2219,post,alexander-macmillan-to-charlotte-mary-yonge-61,Alexander Macmillan to Charlotte Mary Yonge,2010-06-14T10:12:15Z
2220,post,to-ellen-julia-johns-9,To Ellen Julia Johns,2010-06-14T10:14:47Z
2218,post,to-laura-valentine-2,To Laura Belinda Charlotte Valentine,2010-06-14T09:53:21Z
2216,post,alexander-macmillan-to-frances-martin,Alexander Macmillan to Frances Martin,2010-06-14T08:50:57Z
2217,post,frances-mary-yonge-to-edith-sophia-jacob,Frances Mary Yonge to Edith Sophia Jacob,2010-06-14T09:34:27Z
2215,post,to-mary-ann-dyson-5,To Mary Anne Dyson,2010-06-14T08:45:55Z
2212,post,to-christabel-rose-coleridge-14,To Christabel Rose Coleridge,2010-06-13T17:31:00Z
2213,post,to-alexander-macmillan-93,To Alexander Macmillan,2010-06-13T17:36:57Z
2214,post,alexander-macmillan-to-charlotte-mary-yonge-60,Alexander Macmillan to Charlotte Mary Yonge,2010-06-14T08:12:18Z
2210,post,to-the-reverend-arthur-rawson-ashwell,To the Reverend Arthur Rawson Ashwell,2010-06-13T17:12:59Z
2211,post,to-george-lillie-craik-3,To George Lillie Craik,2010-06-13T17:26:24Z
2207,post,to-christabel-rose-coleridge-13,To Christabel Rose Coleridge,2010-06-13T16:06:23Z
2208,post,to-mary-ann-dyson-4,To Mary Anne Dyson,2010-06-13T16:09:28Z
2209,post,to-florence-wilford-3,To Florence Wilford,2010-06-13T16:15:50Z
2201,post,to-christabel-rose-coleridge-12,To Christabel Rose Coleridge,2010-06-10T19:30:52Z
2202,post,george-lillie-craik-to-charlotte-mary-yonge-3,George Lillie Craik to Charlotte Mary Yonge,2010-06-10T19:37:28Z
2203,post,to-margaret-helen-moberly,To Margaret Helen Moberly,2010-06-10T20:16:39Z
2204,post,george-lillie-craik-to-charlotte-mary-yonge,George Lillie Craik to Charlotte Mary Yonge,2010-06-13T08:20:14Z
2205,post,to-mrs-donkin,To Mrs Donkin,2010-06-13T09:03:55Z
2206,post,to-robert-brett,To Robert Brett,2010-06-13T09:20:02Z
2200,post,to-alexander-macmillan-92,To Alexander Macmillan,2010-06-10T18:58:07Z
2197,post,to-marianne-bigg-wither,To Marianne Bigg Wither,2011-10-12T13:58:53Z
2198,post,alexander-macmillan-to-charlotte-mary-yonge-58,Alexander Macmillan to Charlotte Mary Yonge,2010-06-10T18:34:48Z
2199,post,alexander-macmillan-to-charlotte-mary-yonge-59,Alexander Macmillan to Charlotte Mary Yonge,2010-06-10T18:45:07Z
2195,post,to-marianne-bigg-wither-6,To Marianne Bigg Wither,2011-10-12T13:54:32Z
2196,post,alexander-macmillan-to-charlotte-mary-yonge-57,Alexander Macmillan to Charlotte Mary Yonge,2010-06-10T18:28:40Z
2194,post,alexander-macmillan-to-charlotte-mary-yonge-56,Alexander Macmillan to Charlotte Mary Yonge,2010-06-10T18:20:11Z
2193,post,to-alexander-macmillan-91,To Alexander Macmillan,2010-06-10T18:14:19Z
2192,post,frances-martin-to-alexander-macmillan,Mary Anne Frances Martin to Alexander Macmillan,2010-06-10T18:08:01Z
2191,post,alexander-macmillan-to-charlotte-mary-yonge-55,Alexander Macmillan to Charlotte Mary Yonge,2010-06-10T17:52:07Z
2190,post,to-edith-sophia-jacob-10,To Edith Sophia Jacob,2010-06-10T17:43:11Z
2183,post,to-alexander-macmillan-88,To Alexander Macmillan,2010-06-10T14:50:05Z
2184,post,to-miss-alcock,To Caroline Louise Alcock,2010-06-10T15:12:14Z
2185,post,to-christabel-rose-coleridge-11,To Christabel Rose Coleridge,2010-06-10T15:23:36Z
2186,post,to-alexander-macmillan-89,To Alexander Macmillan,2010-06-10T15:34:12Z
2187,post,to-harriet-poole,To Harriet Poole?,2010-06-10T15:47:40Z
2188,post,to-alexander-macmillan-90,To Alexander Macmillan,2010-06-10T15:49:56Z
2189,post,alexander-macmillan-to-charlotte-mary-yonge-54,Alexander Macmillan to Charlotte Mary Yonge,2010-06-10T15:53:36Z
2182,post,alexander-macmillan-to-charlotte-mary-yonge-53,Alexander Macmillan to Charlotte Mary Yonge,2010-06-10T14:38:37Z
2176,post,to-edith-sophia-jacob-8,To Edith Sophia Jacob,2010-06-10T14:01:22Z
2177,post,to-ann-maria-carter-smith-76,To Ann Maria Carter Smith,2010-06-10T14:07:35Z
2178,post,to-edith-sophia-jacob-9,To Edith Sophia Jacob,2010-06-10T14:12:24Z
2179,post,to-an-unknown-man-11,To the Reverend Louis Coutier Biggs,2010-06-21T11:16:22Z
2180,post,alexander-macmillan-to-charlotte-mary-yonge-52,Alexander Macmillan to Charlotte Mary Yonge,2010-06-10T14:23:50Z
2181,post,to-alexander-macmillan-87,To Alexander Macmillan,2010-06-10T14:31:15Z
2175,post,alexander-macmillan-to-charlotte-mary-yonge-51,Alexander Macmillan to Charlotte Mary Yonge,2010-06-10T13:49:46Z
2171,post,alexander-macmillan-to-charlotte-mary-yonge-49,Alexander Macmillan to Charlotte Mary Yonge,2010-06-10T12:12:12Z
2172,post,alexander-macmillan-to-charlotte-mary-yonge-50,Alexander Macmillan to Charlotte Mary Yonge,2010-06-10T12:22:31Z
2173,post,to-christabel-rose-coleridge-10,To Christabel Rose Coleridge,2010-06-10T12:46:56Z
2174,post,to-alexander-macmillan-86,To Alexander Macmillan,2010-06-10T13:36:16Z
2170,post,alexander-macmillan-to-charlotte-mary-yonge-48,Alexander Macmillan to Charlotte Mary Yonge,2010-06-10T12:04:35Z
2169,post,to-elizabeth-missing-sewell-7,To Elizabeth Missing Sewell,2010-06-10T11:53:29Z
2166,post,to-edith-sophia-jacob-7,To Edith Sophia Jacob,2010-06-10T10:35:45Z
2167,post,to-ann-maria-carter-smith-75,To Ann Maria Carter Smith,2010-06-10T11:17:19Z
2168,post,alexander-macmillan-to-charlotte-mary-yonge-47,Alexander Macmillan to Charlotte Mary Yonge,2010-06-10T11:24:30Z
2159,post,frances-martin-to-alexander-macmillan-2,Mary Anne Frances Martin to Alexander Macmillan,2010-06-10T09:15:33Z
2160,post,to-emma-frances-yonge-2,To Emma Frances Yonge,2010-06-10T09:23:19Z
2161,post,to-edith-sophia-jacob-5,To Edith Sophia Jacob,2010-06-10T09:27:48Z
2162,post,frances-martin-to-alexander-macmillan-3,Frances Martin to Alexander Macmillan,2010-06-10T09:31:10Z
2163,post,to-edith-sophia-jacob-6,To Edith Sophia Jacob,2010-06-10T09:52:17Z
2164,post,to-an-unknown-woman-15,To an Unknown Woman,2010-06-10T10:16:00Z
2165,post,frances-martin-to-alexander-macmillan-4,Mary Anne Frances Martin to Alexander Macmillan,2010-06-10T10:24:24Z
2158,post,to-miss-cleveland-3,To Eliza Callahan Cleveland,2010-06-10T09:11:51Z
2157,post,alexander-macmillan-to-charlotte-mary-yonge-46,Alexander Macmillan to Charlotte Mary Yonge,2010-06-10T08:50:52Z
2156,post,to-alexander-macmillan-85,To Alexander Macmillan,2010-06-10T08:47:48Z
2155,post,to-edith-sophia-jacob-4,To Edith Sophia Jacob,2010-06-10T08:39:37Z
2153,post,alexander-macmillan-to-charlotte-mary-yonge-45,Alexander Macmillan to Charlotte Mary Yonge,2010-06-09T20:27:58Z
2154,post,the-right-reverend-john-coleridge-patteson-to-charlotte-mary-yonge-5,The Right Reverend John Coleridge Patteson to Charlotte Mary Yonge,2010-06-10T08:22:42Z
2151,post,to-edward-augustus-freeman,To Edward Augustus Freeman,2011-10-12T14:00:44Z
2152,post,to-edith-sophia-jacob-3,To Edith Sophia Jacob,2010-06-09T20:04:51Z
2149,post,to-mrs-elder,To Horatia Sophia Elder,2010-06-09T14:59:33Z
2150,post,to-christabel-rose-coleridge-9,To Christabel Rose Coleridge,2010-06-09T15:16:36Z
2148,post,to-edith-coleridge,To Edith Coleridge,2010-06-09T14:44:41Z
2147,post,the-right-reverend-john-coleridge-patteson-to-charlotte-mary-yonge-4,The Right Reverend John Coleridge Patteson to Charlotte Mary Yonge,2010-06-09T14:34:37Z
2144,post,to-alexander-macmillan-114,To Alexander Macmillan,2011-02-02T11:31:33Z
2145,post,to-alexander-macmillan-83,To Alexander Macmillan,2010-06-09T14:11:06Z
2146,post,to-alexander-macmillan-84,To Alexander Macmillan,2010-06-09T14:18:26Z
2142,post,to-an-unknown-woman-14,To an Unknown Woman,2010-06-09T13:50:51Z
2143,post,to-the-reverend-john-frewen-moor-11,To the Reverend John Frewen Moor,2011-02-02T12:13:23Z
2139,post,to-alexander-macmillan-82,To Alexander Macmillan,2010-06-09T12:28:29Z
2140,post,to-anne-mackenzie,To Anne Mackenzie,2010-06-09T12:37:55Z
2141,post,to-the-reverend-john-frewen-moor-12,To the Reverend John Frewen Moor,2011-02-02T12:14:10Z
2138,post,the-right-reverend-john-coleridge-patteson-to-charlotte-mary-yonge-3,The Right Reverend John Coleridge Patteson to Charlotte Mary Yonge,2010-06-09T12:03:33Z
2137,post,to-alexander-macmillan-81,To Alexander Macmillan,2010-06-09T10:52:39Z
2135,post,to-an-unknown-man-17,To an Unknown Man,2011-02-02T11:32:04Z
2136,post,to-alexander-macmillan-80,To Alexander Macmillan,2010-06-09T10:47:01Z
2134,post,the-right-reverend-john-coleridge-patteson-to-charlotte-mary-yonge-2,The Right Reverend John Coleridge Patteson to Charlotte Mary Yonge,2010-06-09T10:22:32Z
2133,post,to-alexander-macmillan-79,To Alexander Macmillan,2010-06-09T10:18:10Z
2132,post,to-edith-sophia-jacob-2,To Edith Sophia Jacob,2010-06-09T10:06:37Z
2131,post,to-ann-maria-carter-smith-74,To Ann Maria Carter Smith,2010-06-09T10:01:52Z
2130,post,to-mrs-elizabeth-jane-keble,To Elizabeth Jane Keble,2011-10-12T14:02:36Z
2129,post,to-alexander-macmillan-78,To Alexander Macmillan,2010-06-09T09:56:21Z
2128,post,to-alexander-macmillan-77,To Alexander Macmillan,2010-06-09T09:51:03Z
2126,post,to-miss-erskine,To Miss Erskine,2010-06-09T09:34:42Z
2127,post,from-the-right-reverend-john-coleridge-patteson-to-charlotte-mary-yonge,From the Right Reverend John Coleridge Patteson to Charlotte Mary Yonge,2010-06-09T09:46:17Z
2125,post,to-anna-maria-keary,To Anna Maria Keary,2011-10-12T14:06:04Z
2124,post,to-charles-lutwidge-dodgson,To the Reverend Charles Lutwidge Dodgson,2010-06-09T08:56:18Z
2123,post,to-mary-anne-moberly-2,To Mary Ann Moberly,2010-06-09T08:44:58Z
2122,post,to-ann-maria-carter-smith-73,To Ann Maria Carter Smith,2010-06-09T08:36:57Z
2121,post,to-alexander-macmillanm081-1866-04-26,To Alexander Macmillan,2010-06-09T08:31:14Z
2120,post,from-the-right-reverend-john-coleridge-patteson-to-charlotte-mary-yonge-8,From the Right Reverend John Coleridge Patteson to Charlotte Mary Yonge,2010-06-09T08:26:41Z
2119,post,to-alexander-macmillan-76,To Alexander Macmillan,2010-06-08T16:04:29Z
2118,post,to-alexander-macmillan-75,To Alexander Macmillan,2010-06-08T15:56:38Z
2116,post,to-an-unknown-woman-13,To an Unknown Woman,2010-06-07T14:53:51Z
2117,post,to-anne-yonge-45,To Anne Yonge,2010-06-07T15:47:36Z
2115,post,to-jemima-charlotte-mozley,To Jemima Charlotte Mozley,2011-10-12T14:08:19Z
2111,post,to-anne-yonge-44,To Anne Yonge,2010-06-07T12:39:21Z
2112,post,frances-mary-yonge-to-mary-anne-moberly,Frances Mary Yonge to Mary Ann Moberly,2010-06-07T12:47:34Z
2113,post,to-an-unknown-person-5,To an Unknown Person,2010-06-07T12:58:05Z
2114,post,to-elizabeth-missing-sewell-14,To Elizabeth Missing Sewell,2011-02-02T12:14:51Z
2110,post,to-anne-yonge-43,To Anne Yonge,2010-06-07T12:28:21Z
2109,post,to-alexander-macmillan-74,To Alexander Macmillan,2010-06-07T12:21:01Z
2108,post,to-alexander-macmillan-73,To Alexander Macmillan,2010-06-07T12:00:09Z
2107,post,to-katharine-olive-helmore,To Katharine Olive Helmore,2010-06-07T11:57:11Z
2106,post,to-elizabeth-missing-sewell-6,To Elizabeth Missing Sewell,2010-06-07T11:53:25Z
2105,post,to-jean-ingelow-2,To Jean Ingelow,2010-06-07T11:29:14Z
2102,post,to-margaret-gatty-5,To Margaret Gatty,2010-06-07T10:43:22Z
2103,post,to-alexander-macmillan-71,To Alexander Macmillan,2010-06-07T10:49:55Z
2104,post,to-alexander-macmillan-72,To Alexander Macmillan,2010-06-07T11:21:11Z
2101,post,to-alexander-macmillan-70,To Alexander Macmillan,2010-06-07T10:29:21Z
2092,post,to-the-reverend-orby-shipley,To the Reverend Orby Shipley,2010-06-05T12:09:36Z
2093,post,to-frances-mary-peard-9,To Frances Mary Peard,2010-06-05T12:15:30Z
2094,post,to-francis-turner-palgrave,To Francis Turner Palgrave,2010-06-05T15:59:20Z
2095,post,to-alexander-macmillan-67,To Alexander Macmillan,2010-06-05T16:02:14Z
2096,post,to-alexander-macmillan-68,To Alexander Macmillan,2010-06-05T16:24:05Z
2097,post,to-miss-erskine-3,To Miss Erskine,2010-06-05T16:26:30Z
2098,post,to-christabel-rose-coleridge-8,To Christabel Rose Coleridge,2010-06-05T16:42:47Z
2099,post,to-ann-maria-carter-smith-72,To Ann Maria Carter Smith,2010-05-23T09:28:16Z
2100,post,to-alexander-macmillan-69,To Alexander Macmillan,2010-06-05T16:49:16Z
2082,post,to-margaret-helen-moberly-7,To Margaret Helen Moberly,2010-06-03T20:06:10Z
2083,post,to-alexander-macmillan-62,To Alexander Macmillan,2010-06-04T21:18:53Z
2084,post,to-alexander-macmillanm066-1865-12-08,To Alexander Macmillan,2010-06-04T21:32:48Z
2085,post,to-alexander-macmillan-63,To Alexander Macmillan,2010-06-05T11:05:13Z
2086,post,to-alexander-macmillan-64,To Alexander Macmillan,2010-06-05T11:09:31Z
2087,post,to-alexander-macmillan-65,To Alexander Macmillan,2010-06-05T11:20:26Z
2088,post,to-ellen-julia-johns-8,To Ellen Julia Johns,2010-06-05T11:37:18Z
2089,post,to-alexander-macmillan-66,To Alexander Macmillan,2010-06-05T11:41:09Z
2090,post,the-reverend-john-keble-to-charlotte-mary-yonge-5,The Reverend John Keble to Charlotte Mary Yonge,2010-06-05T12:01:28Z
2091,post,the-reverend-john-keble-to-charlotte-mary-yonge,The Reverend John Keble to Charlotte Mary Yonge,2010-06-05T12:05:10Z
2078,post,to-christabel-rose-coleridge-7,To Christabel Rose Coleridge,2010-06-03T13:13:26Z
2079,post,to-alexander-macmillan-60,To Alexander Macmillan,2010-06-03T13:25:45Z
2080,post,to-alexander-macmillan-61,To Alexander Macmillan,2010-06-03T18:13:04Z
2081,post,to-susanna-warren-5,To Susanna Warren,2010-06-03T18:36:28Z
2077,post,to-elizabeth-missing-sewell-5,To Elizabeth Missing Sewell,2010-06-03T12:56:56Z
2075,post,alexander-macmillan-to-charlotte-mary-yonge-44,Alexander Macmillan to Charlotte Mary Yonge,2010-06-03T12:01:30Z
2076,post,to-alexander-macmillan-59,To Alexander Macmillan,2010-06-03T12:04:30Z
2074,post,to-alexander-macmillan-58,To Alexander Macmillan,2010-06-03T11:59:54Z
2071,post,george-lillie-craik-to-charlotte-mary-yonge-2,George Lillie Craik to Charlotte Mary Yonge,2010-06-03T08:57:25Z
2072,post,alexander-macmillan-to-charlotte-mary-yonge-43,Alexander Macmillan to Charlotte Mary Yonge,2010-06-03T09:10:19Z
2073,post,to-alexander-macmillan-57,To Alexander Macmillan,2010-06-03T11:56:54Z
2070,post,to-katharine-olive-helmore-8,To Katharine Olive Helmore,2010-06-03T08:54:20Z
2069,post,to-george-lillie-craik-2,To George Lillie Craik,2010-06-03T08:50:58Z
2068,post,alexander-macmillan-to-charlotte-mary-yonge-42,Alexander Macmillan to Charlotte Mary Yonge,2010-06-03T08:45:36Z
2067,post,to-fanny,To Frances Maria Wilbraham,2010-06-02T19:34:36Z
2066,post,to-mary-ann-dyson-3,To Mary Anne Dyson,2010-05-27T14:08:54Z
2065,post,to-alexander-macmillan-56,To Alexander Macmillan,2010-05-27T13:44:47Z
2064,post,alexander-macmillan-to-charlotte-mary-yonge-41,Alexander Macmillan to Charlotte Mary Yonge,2010-05-27T13:28:10Z
2061,post,to-alexander-macmillan-55,To Alexander Macmillan,2010-05-27T13:21:32Z
2062,post,alexander-macmillan-to-charlotte-mary-yonge-40,Alexander Macmillan to Charlotte Mary Yonge,2010-05-27T13:25:44Z
2063,post,frances-mary-yonge-to-daniel-sedgwick,Frances Mary Yonge to Daniel Sedgwick,2010-05-19T09:16:30Z
2060,post,alexander-macmillan-to-charlotte-mary-yonge-39,Alexander Macmillan to Charlotte Mary Yonge,2010-05-27T12:41:54Z
2059,post,from-the-right-reverend-john-coleridge-patteson-to-charlotte-mary-yonge-7,From the Right Reverend John Coleridge Patteson to Charlotte Mary Yonge,2010-05-27T12:18:49Z
2057,post,to-ellen-julia-johns-7,To Ellen Julia Johns,2010-05-26T18:07:51Z
2058,post,to-alexander-macmillan-54,To Alexander Macmillan,2010-05-26T18:27:45Z
2054,post,to-alexander-macmillan-52,To Alexander Macmillan,2010-05-26T14:17:20Z
2055,post,to-alexander-macmillan-53,To Alexander Macmillan,2010-05-26T14:20:46Z
2056,post,to-the-reverend-john-frewen-moor-3,To the Reverend John Frewen Moor,2011-02-02T11:51:08Z
2052,post,alexander-macmillan-to-charlotte-mary-yonge-37,Alexander Macmillan to Charlotte Mary Yonge,2010-05-26T14:06:22Z
2053,post,alexander-macmillan-to-charlotte-mary-yonge-38,Alexander Macmillan to Charlotte Mary Yonge,2010-05-26T14:13:31Z
2051,post,alexander-macmillan-to-charlotte-mary-yonge-36,Alexander Macmillan to Charlotte Mary Yonge,2010-05-26T13:50:40Z
2050,post,to-alexander-macmillan-51,To Alexander Macmillan,2010-05-26T13:38:20Z
2049,post,alexander-macmillan-to-charlotte-mary-yonge-35,Alexander Macmillan to Charlotte Mary Yonge,2010-05-26T13:13:49Z
2048,post,to-an-unknown-woman-75,To an Unknown Woman,2011-10-10T16:41:50Z
2046,post,to-an-unknown-man-10,To an Unknown Man,2010-05-26T12:01:16Z
2047,post,to-alexander-macmillan-50,To Alexander Macmillan,2010-05-26T12:55:12Z
2044,post,to-alexander-macmillan-49,To Alexander Macmillan,2010-05-26T11:45:46Z
2045,post,alexander-macmillan-to-charlotte-mary-yonge-34,Alexander Macmillan to Charlotte Mary Yonge,2010-05-26T11:55:13Z
2043,post,alexander-macmillan-to-charlotte-mary-yonge-33,Alexander Macmillan to Charlotte Mary Yonge,2010-05-26T11:43:14Z
2042,post,to-alexander-macmillan-48,To Alexander Macmillan,2010-05-26T11:39:28Z
2037,post,alexander-macmillan-to-charlotte-mary-yonge-31,Alexander Macmillan to Charlotte Mary Yonge,2010-05-26T11:06:47Z
2039,post,to-alexander-macmillan-46,To Alexander Macmillan,2010-05-26T11:10:30Z
2040,post,alexander-macmillan-to-charlotte-mary-yonge-32,Alexander Macmillan to Charlotte Mary Yonge,2010-05-26T11:25:58Z
2041,post,to-alexander-macmillan-47,To Alexander Macmillan,2010-05-26T11:33:52Z
2035,post,alexander-macmillan-to-charlotte-mary-yonge-30,Alexander Macmillan to Charlotte Mary Yonge,2010-05-26T09:46:00Z
2036,post,to-alexander-macmillan-45,To Alexander Macmillan,2010-05-26T11:02:19Z
2033,post,alexander-macmillan-to-charlotte-mary-yonge-29,Alexander Macmillan to Charlotte Mary Yonge,2010-05-25T18:24:26Z
2034,post,to-alexander-macmillan-44,To Alexander Macmillan,2010-05-25T18:31:23Z
2032,post,alexander-macmillan-to-charlotte-mary-yonge-28,Alexander Macmillan to Charlotte Mary Yonge,2010-05-25T15:14:28Z
2031,post,to-miss-cleveland-2,To Eliza Callahan Cleveland,2010-05-25T17:35:28Z
2030,post,to-alexander-macmillan-43,To Alexander Macmillan,2010-05-25T13:19:52Z
2029,post,alexander-macmillan-to-charlotte-mary-yonge-27,Alexander Macmillan to Charlotte Mary Yonge,2010-05-25T12:48:35Z
2027,post,alexander-macmillan-to-charlotte-mary-yonge-26,Alexander Macmillan to Charlotte Mary Yonge,2010-05-25T12:23:51Z
2028,post,to-alexander-macmillan-42,To Alexander Macmillan,2010-05-25T12:33:00Z
2023,post,to-katharine-olive-helmore-7,To Katharine Olive Helmore,2010-05-25T11:50:05Z
2024,post,to-an-unknown-person-perhaps-elizabeth-barnett-2,"To an Unknown Person, perhaps Elizabeth Barnett",2010-05-25T11:59:14Z
2025,post,to-the-reverend-w-p-warburton,To the Reverend William Parsons Warburton,2010-05-25T12:09:18Z
2026,post,to-alexander-macmillan-41,To Alexander Macmillan,2010-05-25T12:17:48Z
2018,post,alexander-macmillan-to-charlotte-mary-yonge-23,Alexander Macmillan to Charlotte Mary Yonge,2010-05-25T10:16:13Z
2019,post,to-alexander-macmillan-39,To Alexander Macmillan,2010-05-25T10:20:55Z
2020,post,alexander-macmillan-to-charlotte-mary-yonge-24,Alexander Macmillan to Charlotte Mary Yonge,2010-05-25T10:55:40Z
2021,post,to-alexander-macmillan-40,To Alexander Macmillan,2010-05-25T10:58:11Z
2022,post,alexander-macmillan-to-charlotte-mary-yonge-25,Alexander Macmillan to Charlotte Mary Yonge,2010-05-25T11:47:35Z
2016,post,alexander-macmillan-to-charlotte-mary-yonge-22,Alexander Macmillan to Charlotte Mary Yonge,2010-05-25T10:01:54Z
2017,post,to-alexander-macmillan-38,To Alexander Macmillan,2010-05-25T10:12:12Z
2015,post,alexander-macmillan-to-charlotte-mary-yonge-21,Alexander Macmillan to Charlotte Mary Yonge,2010-05-25T09:14:28Z
2014,post,to-alexander-macmillan-37,To Alexander Macmillan,2010-05-25T09:06:16Z
2013,post,alexander-macmillan-to-charlotte-mary-yonge-20,Alexander Macmillan to Charlotte Mary Yonge,2010-05-24T15:17:36Z
2012,post,to-alexander-macmillan-36,To Alexander Macmillan,2010-05-24T14:58:05Z
2011,post,to-ellen-julia-johns-6,To Ellen Julia Johns,2010-05-24T14:50:37Z
2010,post,alexander-macmillan-to-charlotte-mary-yonge-19,Alexander Macmillan to Charlotte Mary Yonge,2010-05-24T14:40:15Z
2009,post,to-ellen-julia-johns-4,To Ellen Julia Johns,2010-05-24T14:02:30Z
2008,post,to-alexander-macmillan-35,To Alexander Macmillan,2010-05-24T11:59:26Z
2006,post,to-alexander-macmillan-34,To Alexander Macmillan,2010-05-24T10:04:24Z
2007,post,alexander-macmillan-to-charlotte-mary-yonge-18,Alexander Macmillan to Charlotte Mary Yonge,2010-05-24T11:41:25Z
2005,post,to-ellen-julia-johns-3,To Ellen Julia Johns,2010-05-24T09:54:55Z
2004,post,to-elizabeth-missing-sewell-4,To Elizabeth Missing Sewell,2010-05-24T09:42:30Z
2003,post,to-christabel-rose-coleridge-6,To Christabel Rose Coleridge,2010-05-24T09:25:43Z
2001,post,to-elizabeth-barnett-12,To Elizabeth Barnett,2010-05-23T09:19:10Z
2002,post,alexander-macmillan-to-charlotte-mary-yonge-17,Alexander Macmillan to Charlotte Mary Yonge,2010-05-24T09:11:46Z
2000,post,to-ann-maria-carter-smith-71,To Ann Maria Carter Smith,2010-05-23T09:22:02Z
1998,post,to-alexander-macmillan-31,To Alexander Macmillan,2010-05-23T08:54:52Z
1999,post,to-alexander-macmillan-32,To Alexander Macmillan,2010-05-23T09:03:58Z
1997,post,to-alexander-macmillan-30,To Alexander Macmillan,2010-05-23T08:50:26Z
1996,post,to-the-reverend-john-frewen-moor-13,To the Reverend John Frewen Moor,2011-02-02T12:15:39Z
1995,post,to-alexander-macmillan-29,To Alexander Macmillan,2010-05-22T18:24:38Z
1993,post,to-alexander-macmillan-27,To Alexander Macmillan,2010-05-22T18:02:14Z
1994,post,to-alexander-macmillan-28,To Alexander Macmillan,2010-05-22T18:12:05Z
1992,post,to-the-reverend-henry-octavius-coxe-2,To the Reverend Henry Octavius Coxe,2011-02-02T12:07:48Z
1991,post,to-ann-maria-carter-smith-70,To Ann Maria Carter Smith,2010-05-22T17:53:19Z
1988,post,to-alexander-macmillan-26,To Alexander Macmillan,2010-05-22T17:00:37Z
1989,post,to-ellen-julia-johns-5,To Ellen Julia Johns,2010-05-24T14:03:03Z
1990,post,to-an-unknown-man-9,To an Unknown Man,2010-05-22T17:46:36Z
1987,post,alexander-macmillan-to-charlotte-mary-yonge-16,Alexander Macmillan to Charlotte Mary Yonge,2010-05-22T16:54:45Z
1986,post,to-the-reverend-john-frewen-moor-14,To the Reverend John Frewen Moor,2011-02-02T12:17:19Z
1985,post,to-alexander-macmillan-25,To Alexander Macmillan,2010-05-22T16:48:58Z
1984,post,to-alexander-macmillan-24,To Alexander Macmillan,2010-05-22T16:32:01Z
1983,post,to-an-unknown-man-8,To an Unknown Man,2010-05-22T16:27:29Z
1981,post,to-alexander-macmillan-23,To Alexander Macmillan,2010-05-22T16:07:49Z
1982,post,alexander-macmillan-to-charlotte-mary-yonge-15,Alexander Macmillan to Charlotte Mary Yonge,2010-05-22T16:14:02Z
1980,post,to-alexander-macmillan-22,To Alexander Macmillan,2010-05-22T10:24:35Z
1978,post,to-alexander-macmillan-21,To Alexander Macmillan,2010-05-22T10:05:07Z
1979,post,alexander-macmillan-to-charlotte-mary-yonge-14,Alexander Macmillan to Charlotte Mary Yonge,2010-05-22T10:13:08Z
1977,post,to-alexander-macmillan-20,To Alexander Macmillan,2010-05-22T09:58:57Z
1976,post,to-alexander-macmillan-19,To Alexander Macmillan,2010-05-22T09:48:28Z
1974,post,to-an-unknown-woman-76,To an Unknown Woman,2011-10-12T14:14:30Z
1975,post,alexander-macmillan-to-charlotte-mary-yonge-13,Alexander Macmillan to Charlotte Mary Yonge,2010-05-22T09:42:14Z
1972,post,to-messrs-macmillan-4,To Messrs Macmillan,2010-05-22T09:22:11Z
1973,post,to-alexander-macmillan-18,To Alexander Macmillan,2010-05-22T09:30:37Z
1971,post,to-alexander-macmillan-17,To Alexander Macmillan,2010-05-22T09:18:56Z
1969,post,alexander-macmillan-to-charlotte-mary-yonge-12,Alexander Macmillan to Charlotte Mary Yonge,2010-05-22T08:29:11Z
1970,post,to-miss-longueville,To Edith Agnes Longueville?,2010-05-22T09:06:54Z
1968,post,to-caroline-birley,To Miss Birley,2010-05-22T08:16:47Z
1966,post,to-elizabeth-barnett-11,To Elizabeth Barnett,2010-05-22T07:22:43Z
1967,post,alexander-macmillan-to-julian-bargus-yonge,Alexander Macmillan to Julian Bargus Yonge,2010-05-22T07:25:45Z
1965,post,to-frederick-james-furnivall-4,To Frederick James Furnivall,2010-05-22T07:19:36Z
1964,post,to-alexander-macmillan-33,To Alexander Macmillan,2010-05-24T08:41:25Z
1961,post,to-alice-arbuthnot-moberly,To Alice Arbuthnot Moberly,2010-05-21T15:20:22Z
1962,post,to-ann-maria-carter-smith,To Ann Maria Carter Smith,2011-10-10T12:29:27Z
1963,post,to-elizabeth-charlotte-curteis,To Elizabeth Charlotte Curteis,2010-05-21T15:44:23Z
1960,post,to-the-reverend-john-frewen-moor-15,To the Reverend John Frewen Moor,2011-02-02T12:18:25Z
1958,post,to-alexander-macmillan-16,To Alexander Macmillan,2010-05-21T14:58:46Z
1959,post,to-elizabeth-missing-sewell-12,To Elizabeth Missing Sewell,2011-02-02T11:36:11Z
1957,post,alexander-macmillan-to-charlotte-mary-yonge-11,Alexander Macmillan to Charlotte Mary Yonge,2010-05-21T14:53:33Z
1956,post,to-messrs-macmillan-3,To Messrs Macmillan,2010-05-21T14:49:04Z
1955,post,alexander-macmillan-to-charlotte-mary-yonge-10,Alexander Macmillan to Charlotte Mary Yonge,2010-05-21T14:39:41Z
1953,post,to-messrs-macmillan-2,To Alexander Macmillan,2010-05-21T14:20:00Z
1954,post,from-the-right-reverend-john-coleridge-patteson-to-charlotte-mary-yonge-6,From the Right Reverend John Coleridge Patteson to Charlotte Mary Yonge,2010-05-21T14:31:56Z
1952,post,to-frederick-james-furnivall-3,To Frederick James Furnivall,2010-05-21T14:12:54Z
1951,post,from-the-right-reverend-john-coleridge-patteson-to-charlotte-mary-yonge-5,From the Right Reverend John Coleridge Patteson to Charlotte Mary Yonge,2010-05-21T14:07:51Z
1950,post,sir-william-heathcote-to-charlotte-mary-yonge,Sir William Heathcote to Charlotte Mary Yonge,2010-05-21T13:52:40Z
1947,post,to-ann-maria-carter-smith-69,To Ann Maria Carter Smith,2010-05-21T13:21:42Z
1948,post,to-the-editors-of-a-biographical-dictionary,To George Routledge & Sons?,2011-10-12T14:16:18Z
1949,post,to-louisa-twining,To Louisa Twining,2010-05-21T13:48:21Z
1946,post,to-ann-maria-carter-smith-68,To Ann Maria Carter Smith,2010-05-21T13:17:47Z
1945,post,to-ann-maria-carter-smith-67,To Ann Maria Carter Smith,2010-05-21T09:09:52Z
1944,post,to-alexander-macmillan-15,To Alexander Macmillan,2010-05-21T08:44:04Z
1943,post,alexander-macmillan-to-charlotte-mary-yonge-9,Alexander Macmillan to Charlotte Mary Yonge,2010-05-21T08:35:31Z
1942,post,to-ann-catherine-johns,To Ann Catherine Johns,2010-05-21T08:26:49Z
1941,post,to-louisa-catherine-palmer-or-mary-anne-palmer,To Louisa Catherine Palmer or Mary Anne Palmer,2010-05-20T17:21:50Z
1940,post,to-alexander-macmillan-14,To Alexander Macmillan,2010-05-20T17:05:39Z
1939,post,alexander-macmillan-to-charlotte-mary-yonge-8,Alexander Macmillan to Charlotte Mary Yonge,2010-05-20T14:59:43Z
1938,post,to-alexander-macmillan-13,To Alexander Macmillan,2010-05-20T14:49:40Z
1935,post,to-the-reverend-john-mason-neale,To the Reverend John Mason Neale,2010-05-20T14:23:28Z
1936,post,to-alexander-macmillan-12,To Alexander Macmillan,2010-05-20T14:28:57Z
1937,post,to-ann-maria-carter-smith-66,To Ann Maria Carter Smith,2010-05-20T14:47:27Z
1933,post,to-alexander-macmillan-11,To Alexander Macmillan,2010-05-20T14:13:23Z
1934,post,to-frances-mary-peard-8,To Frances Mary Peard,2010-05-20T14:19:53Z
1931,post,to-the-reverend-john-frewen-moor-16,To the Reverend John Frewen Moor,2011-02-02T12:19:19Z
1932,post,to-alexander-macmillan-10,To Alexander Macmillan,2010-05-20T14:11:13Z
1930,post,to-alexander-macmillan-9,To Alexander Macmillan,2010-05-20T14:06:52Z
1929,post,to-the-reverend-john-frewen-moor-17,To the Reverend John Frewen Moor,2011-02-02T12:19:58Z
1928,post,alexander-macmillan-to-charlotte-mary-yonge-7,Alexander Macmillan to Charlotte Mary Yonge,2010-05-20T13:55:15Z
1927,post,alexander-macmillan-to-charlotte-mary-yonge-6,Alexander Macmillan to Charlotte Mary Yonge,2010-05-20T11:22:25Z
1926,post,to-alexander-macmillan-8,To Alexander Macmillan,2010-05-20T11:12:48Z
1925,post,to-florence-wilford,To Florence Wilford,2011-10-12T14:19:09Z
1924,post,to-christabel-rose-coleridge-5,To Christabel Rose Coleridge,2010-05-20T10:41:42Z
1923,post,to-henrietta-elizabeth-fursdon-10,To Henrietta Elizabeth Fursdon,2010-05-20T10:37:23Z
1920,post,to-the-reverend-algernon-wodehouse,To the Reverend Algernon Wodehouse,2010-05-19T14:06:19Z
1921,post,to-henrietta-elizabeth-fursdon-9,To Henrietta Elizabeth Fursdon,2010-05-19T14:26:40Z
1922,post,to-margaret-gatty-4,To Margaret Gatty,2010-05-19T14:41:26Z
1919,post,to-alexander-macmillan-7,To Alexander Macmillan,2010-05-19T13:54:55Z
1918,post,alexander-macmillan-to-charlotte-mary-yonge-5,Alexander Macmillan to Charlotte Mary Yonge,2010-05-19T13:50:07Z
1915,post,to-ann-maria-carter-smith-65,To Ann Maria Carter Smith,2010-05-19T13:31:39Z
1916,post,alexander-macmillan-to-charlotte-mary-yonge-4,Alexander Macmillan to Charlotte Mary Yonge,2010-05-19T13:42:40Z
1917,post,to-alexander-macmillan-6,To Alexander Macmillan,2010-05-19T13:47:35Z
1914,post,to-alexander-macmillan-5,To Alexander Macmillan,2010-05-19T13:29:05Z
1913,post,to-alexander-macmillan-4,To Alexander Macmillan,2010-05-19T10:01:07Z
1912,post,alexander-macmillan-to-charlotte-mary-yonge-3,Alexander Macmillan to Charlotte Mary Yonge,2010-05-19T09:56:15Z
1911,post,to-ann-maria-carter-smith-64,To Ann Maria Carter Smith,2010-05-19T09:53:49Z
1909,post,to-frances-mary-peard-6,To Frances Mary Peard,2010-05-19T09:47:36Z
1910,post,to-frances-mary-peard-7,To Frances Mary Peard,2010-05-19T09:50:37Z
1908,post,to-an-unknown-man-7,To an Unknown Man,2010-05-19T09:43:59Z
1907,post,to-alexander-macmillan-3,To Alexander Macmillan,2010-05-14T12:57:10Z
1903,post,to-ann-maria-carter-smith-63,To Ann Maria Carter Smith,2010-05-14T12:32:18Z
1904,post,to-charles-raikes,To Charles Raikes,2010-05-14T12:38:21Z
1905,post,to-alexander-macmillan-2,To Alexander Macmillan,2010-05-14T12:45:46Z
1906,post,alexander-macmillan-to-charlotte-mary-yonge-2,Alexander Macmillan to Charlotte Mary Yonge,2010-05-14T12:51:45Z
1901,post,to-frederick-james-furnivall-2,To Frederick James Furnivall,2010-05-14T12:29:16Z
1902,post,to-francis-heathcote-wilson,To Francis Heathcote Wilson,2010-05-14T12:31:12Z
1900,post,from-the-right-reverend-john-coleridge-patteson-to-charlotte-mary-yonge-4,From the Right Reverend John Coleridge Patteson to Charlotte Mary Yonge,2010-05-14T12:15:52Z
1898,post,to-anne-yonge-41,To Anne Yonge,2010-05-14T11:44:43Z
1899,post,to-anne-yonge-42,To Anne Yonge,2010-05-14T12:02:57Z
1897,post,to-anne-yonge-40,To Anne Yonge,2010-05-14T11:35:20Z
1896,post,to-anne-yonge-39,To Anne Yonge,2010-05-14T11:26:45Z
1895,post,to-anne-yonge-38,To Anne Yonge,2010-05-14T10:44:40Z
1894,post,to-francois-pierre-guillaume-guizot-2,To François Pierre Guillaume Guizot,2010-05-14T10:35:14Z
1893,post,to-ann-maria-carter-smith-62,To Ann Maria Carter Smith,2010-05-14T10:09:05Z
1892,post,to-ann-maria-carter-smith-61,To Ann Maria Carter Smith,2010-05-14T10:07:27Z
1889,post,to-margaret-helen-moberly-6,To Margaret Helen Moberly,2010-05-14T09:43:10Z
1890,post,to-an-unknown-person-perhaps-elizabeth-barnett,"To an Unknown Person, perhaps Elizabeth Barnett",2010-05-14T09:44:46Z
1891,post,to-mrs-hooper,To Jane Margaret Hooper,2010-05-14T09:54:56Z
1887,post,to-ann-maria-carter-smith-60,To Ann Maria Carter Smith,2010-05-14T09:40:54Z
1888,post,to-frances-mary-peard-5,To Frances Mary Peard,2010-05-14T09:32:21Z
1886,post,to-henrietta-elizabeth-fursdon-8,To Henrietta Elizabeth Fursdon,2010-05-14T09:29:24Z
1885,post,from-the-right-reverend-john-coleridge-patteson-to-charlotte-mary-yonge-3,From the Right Reverend John Coleridge Patteson to Charlotte Mary Yonge,2010-05-14T09:21:08Z
1883,post,to-ann-maria-carter-smith-58,To Ann Maria Carter Smith,2010-05-14T09:05:16Z
1884,post,to-ann-maria-carter-smith-59,To Ann Maria Carter Smith,2010-05-14T09:14:50Z
1881,post,to-ann-maria-carter-smith-57,To Ann Maria Carter Smith,2010-05-14T08:53:00Z
1882,post,to-henrietta-elizabeth-fursdon-7,To Henrietta Elizabeth Fursdon,2010-05-14T08:56:26Z
1879,post,to-ann-maria-carter-smith-56,To Ann Maria Carter Smith,2010-05-13T14:04:58Z
1880,post,to-the-reverend-henry-octavius-coxe-3,To the Reverend Henry Octavius Coxe,2011-02-02T12:24:57Z
1878,post,to-ann-maria-carter-smith-55,To Ann Maria Carter Smith,2010-05-13T13:51:11Z
1877,post,to-an-unknown-man-6,To an Unknown Man,2010-05-13T13:30:48Z
1876,post,from-the-right-reverend-john-coleridge-patteson-to-charlotte-mary-yonge-2,From the Right Reverend John Coleridge Patteson to Charlotte Mary Yonge,2010-05-13T12:11:24Z
1875,post,to-the-reverend-henry-octavius-coxe-4,To the Reverend Henry Octavius Coxe,2011-02-02T12:29:05Z
1873,post,to-frances-mary-peard-4,To Frances Mary Peard,2010-05-13T11:55:18Z
1874,post,to-john-william-parker-sr,"To John William Parker, Sr.?",2010-05-13T11:58:40Z
1871,post,to-george-bell-and-sons-2,To Messrs. Bell and Daldy,2011-02-02T11:48:35Z
1872,post,to-frances-mary-peard-3,To Frances Mary Peard,2010-05-13T11:52:30Z
1870,post,to-frances-sophia-coleridge-patteson-5,To Frances Sophia Coleridge Patteson,2010-05-13T11:46:54Z
1869,post,to-ann-maria-carter-smith-54,To Ann Maria Carter Smith,2010-05-13T11:33:20Z
1866,post,to-miss-grigg,To Miss Grigg,2010-05-13T11:06:23Z
1867,post,to-henrietta-elizabeth-fursdon-6,To Henrietta Elizabeth Fursdon,2010-05-13T11:11:25Z
1868,post,to-frances-mary-peard-12,To Frances Mary Peard,2011-10-12T14:21:49Z
1865,post,to-ann-maria-carter-smith-53,To Ann Maria Carter Smith,2010-05-13T11:02:14Z
1864,post,to-charlotte-cordelia-pode,To Charlotte Cordelia Pode,2010-05-13T10:54:13Z
1863,post,to-jane-augusta-merriman-2,To Jane Augusta Merriman,2011-06-02T11:10:39Z
1862,post,from-the-reverend-john-coleridge-patteson-to-charlotte-mary-yonge,From the Reverend John Coleridge Patteson to Charlotte Mary Yonge,2010-05-13T10:43:46Z
1860,post,to-frances-mary-peard-2,To Frances Mary Peard,2010-05-12T12:10:08Z
1861,post,to-jemima-blackburn-10,To Jemima Blackburn,2010-05-12T12:37:33Z
1858,post,to-henrietta-elizabeth-fursdon-5,To Henrietta Elizabeth Fursdon,2010-05-12T09:32:40Z
1859,post,to-ann-maria-carter-smith-52,To Ann Maria Carter Smith,2010-05-12T09:41:19Z
1857,post,to-charlotte-sophia-fursdon,To Charlotte Sophia Fursdon,2010-05-12T09:28:44Z
1855,post,to-christabel-rose-coleridge-4,To Christabel Rose Coleridge,2010-05-12T09:15:22Z
1856,post,to-harriet-dyke-acland-troyte,To Harriet Dyke Acland Troyte?,2010-05-12T09:20:59Z
1853,post,to-katharine-olive-helmore-6,To Katharine Olive Helmore,2010-05-12T08:58:41Z
1854,post,to-ann-maria-carter-smith-51,To Ann Maria Carter Smith,2010-05-12T09:12:30Z
1852,post,to-margaret-gatty-3,To Margaret Gatty,2010-05-11T17:56:19Z
1850,post,to-katharine-olive-helmore-5,To Katharine Olive Helmore,2010-05-11T17:49:05Z
1851,post,to-henrietta-elizabeth-fursdon-4,To Henrietta Elizabeth Fursdon,2010-05-11T17:53:03Z
1847,post,to-elizabeth-barnett-or-edith-emma-butler,To Edith Emma Butler?,2010-05-11T09:54:19Z
1848,post,to-the-reverend-william-george-henderson,To the Reverend William George Henderson,2011-10-12T14:41:40Z
1849,post,to-katharine-olive-helmore-4,To Katharine Olive Helmore,2010-05-11T17:27:51Z
1846,post,to-henry-hucks-gibbs,To Henry Hucks Gibbs,2011-06-02T11:12:20Z
1845,post,to-ann-maria-carter-smith-50,To Ann Maria Carter Smith,2010-05-11T08:25:50Z
1844,post,to-henrietta-elizabeth-fursdon-3,To Henrietta Elizabeth Fursdon,2010-05-11T08:26:52Z
1842,post,to-henrietta-elizabeth-fursdon-2,To Henrietta Elizabeth Fursdon,2010-05-10T14:38:55Z
1843,post,to-ann-maria-carter-smith-49,To Ann Maria Carter Smith,2010-05-10T14:45:28Z
1841,post,to-ann-maria-carter-smith-48,To Ann Maria Carter Smith,2010-05-10T14:35:27Z
1840,post,from-the-reverend-john-coleridge-patteson-to-charlotte-mary-yonge-3,From the Reverend John Coleridge Patteson to Charlotte Mary Yonge,2010-05-10T14:32:04Z
1838,post,to-margaret-gatty-2,To Margaret Gatty,2010-05-09T15:23:36Z
1839,post,to-the-reverend-henry-octavius-coxe,To the Reverend Henry Octavius Coxe,2010-05-09T15:59:26Z
1837,post,to-ann-maria-carter-smith-47,To Ann Maria Carter Smith,2010-05-09T15:13:35Z
1834,post,to-ann-maria-carter-smith-46,To Ann Maria Carter Smith,2010-05-09T12:05:45Z
1835,post,to-mrs-bliss,To Sophia Bliss?,2010-05-09T12:19:01Z
1836,post,to-frances-sophia-coleridge-patteson-4,To Frances Sophia Coleridge Patteson,2010-05-09T15:10:32Z
1832,post,to-william-butler-bourn,To William Butler Bourn,2010-05-09T11:59:47Z
1833,post,to-an-unknown-woman-11,To an Unknown Woman,2010-05-09T12:02:17Z
1831,post,to-jane-augusta-merriman,To Jane Augusta Merriman,2011-06-02T11:11:08Z
1829,post,to-frances-sophia-coleridge-patteson-3,To Frances Sophia Coleridge Patteson,2010-05-09T11:43:04Z
1828,post,to-susanna-warren-4,To Susanna Warren,2010-05-09T11:29:05Z
1827,post,to-florence-wilford-2,To Florence Wilford,2010-05-09T11:03:17Z
1825,post,to-katharine-olive-helmore-3,To Katharine Olive Helmore,2010-05-09T10:22:39Z
1826,post,to-ann-maria-carter-smith-45,To Ann Maria Carter Smith,2010-05-09T10:44:13Z
1824,post,to-ann-maria-carter-smith-44,To Ann Maria Carter Smith,2010-05-09T09:45:10Z
1822,post,to-ann-maria-carter-smith-42,To Ann Maria Carter Smith,2010-05-07T13:52:41Z
1823,post,to-ann-maria-carter-smith-43,To Ann Maria Carter Smith,2010-05-07T14:01:11Z
1821,post,to-ann-maria-carter-smith-41,To Ann Maria Carter Smith,2010-05-07T13:43:34Z
1820,post,to-ann-maria-carter-smith-40,To Ann Maria Carter Smith,2010-05-07T13:38:29Z
1819,post,to-katharine-olive-helmore-2,To Katharine Olive Helmore,2010-05-07T13:31:13Z
1818,post,to-anne-sturges-bourne-7,To Anne Sturges Bourne,2010-05-07T13:25:20Z
1817,post,to-anne-sturges-bourne-6,To Anne Sturges Bourne,2010-05-07T13:09:23Z
1816,post,to-elizabeth-missing-sewell-13,To Elizabeth Missing Sewell,2011-02-02T11:37:28Z
1815,post,from-frances-mary-yonge-to-anne-sturges-bourne,From Frances Mary Yonge to Anne Sturges Bourne,2010-05-07T12:59:09Z
1814,post,to-susanna-warren-3,To Susanna Warren,2010-05-07T12:03:28Z
1813,post,to-ellen-r-garnett,To Ellen Rayne Garnett,2011-02-02T12:32:11Z
1812,post,to-jemima-blackburn-11,To Jemima Blackburn,2010-05-13T10:21:30Z
1811,post,to-ann-maria-carter-smith-39,To Ann Maria Carter Smith,2010-05-05T15:14:07Z
1809,post,to-alice-arbuthnot-moberly-10,To Alice Arbuthnot Moberly,2010-05-05T14:02:18Z
1810,post,to-ann-maria-carter-smith-38,To Ann Maria Carter Smith,2010-05-05T14:07:39Z
1807,post,to-an-unknown-man-5,To an Unknown Man,2010-05-05T13:37:48Z
1808,post,to-william-butler-bourn,To William Butler Bourn,2010-05-05T13:41:53Z
1806,post,to-anna-butler,To Anna Butler,2010-05-05T12:39:59Z
1805,post,to-elizabeth-roberts,To Elizabeth Roberts,2010-05-05T12:31:34Z
1804,post,to-susanna-warren-2,To Susanna Warren,2010-05-05T12:29:45Z
1803,post,to-charlotte-champion-pascoe,To Charlotte Champion Pascoe,2010-05-05T11:56:51Z
1801,post,from-the-reverend-john-keble-to-frances-mary-yonge-and-charlotte-mary-yonge,From the Reverend John Keble to Frances Mary Yonge and Charlotte Mary Yonge,2010-05-05T11:47:28Z
1802,post,to-ann-maria-carter-smith-37,To Ann Maria Carter Smith,2010-05-05T11:55:49Z
1799,post,to-john-william-parker-jr-13,"To John William Parker, Jr.",2010-05-05T11:40:51Z
1800,post,to-ann-maria-carter-smith-36,To Ann Maria Carter Smith,2010-05-05T11:43:43Z
1796,post,to-john-william-parker-jr-12,"To John William Parker, Jr.",2010-05-05T11:32:10Z
1797,post,to-sir-john-patteson,To Sir John Patteson,2010-05-05T13:38:42Z
1798,post,to-ann-maria-carter-smith-35,To Ann Maria Carter Smith,2010-05-05T11:37:09Z
1795,post,to-miss-erskine-2,To Miss Erskine,2010-05-05T11:26:29Z
1794,post,to-john-william-parker-jr-11,"To John William Parker, Jr.",2010-05-05T11:06:45Z
1793,post,to-john-william-parker-jr-10,"To John William Parker, Jr.",2010-05-05T11:01:59Z
1792,post,to-anne-sturges-bourne-5,To Anne Sturges Bourne,2010-05-05T10:55:30Z
1789,post,to-frances-dorothy-moor,To Frances Dorothy Moor,2010-05-05T10:07:39Z
1790,post,to-anna-butler-18,To Anna Butler,2010-05-05T10:14:59Z
1791,post,to-anne-sturges-bourne-4,To Anne Sturges Bourne,2010-05-05T10:40:34Z
1788,post,to-ann-maria-carter-smith-34,To Ann Maria Carter Smith,2010-05-05T09:58:31Z
1786,post,to-john-william-parker-jr-9,"To John William Parker, Jr.",2010-05-04T13:26:03Z
1787,post,to-ann-maria-carter-smith-33,To Ann Maria Carter Smith,2010-05-04T13:39:49Z
1785,post,to-ann-maria-carter-smith-32,To Ann Maria Carter Smith,2010-05-04T13:22:04Z
1783,post,to-john-william-parker-jr,"To John William Parker, Jr.",2011-02-02T11:36:56Z
1784,post,to-ann-maria-carter-smith-31,To Ann Maria Carter Smith,2010-05-04T12:44:59Z
1782,post,to-ann-maria-carter-smith-30,To Ann Maria Carter Smith,2010-05-04T12:34:13Z
1781,post,to-john-william-parker-jr-8,"To John William Parker, Jr.",2010-05-04T12:29:02Z
1780,post,to-ann-maria-carter-smith-29,To Ann Maria Carter Smith,2010-05-04T12:23:53Z
1779,post,to-ann-maria-carter-smith-28,To Ann Maria Carter Smith,2010-05-04T12:15:39Z
1778,post,to-ann-maria-carter-smith-27,To Ann Maria Carter Smith,2010-05-04T12:02:25Z
1707,page,home,Home,2010-02-15T23:24:44Z
1709,page,blog,Blog,2010-02-15T23:30:59Z
1711,page,advanced-search,Advanced Search,2010-02-15T23:46:15Z
1713,page,general-bibliography,General Bibliography,2010-02-15T23:47:23Z
1715,page,password-recovery,Password Recovery,2010-02-15T23:47:55Z
1719,page,related-letters,Related Letters,2010-02-15T23:49:25Z
1721,page,you-have-successfully-registered,You have successfully registered,2010-02-15T23:50:09Z
1723,page,people-and-other-searches,People and other searches,2010-02-15T23:51:36Z
1726,page,yonge-bibliography,Yonge Bibliography,2010-02-15T23:54:56Z
1728,page,biography,Biography,2010-02-15T23:56:32Z
1730,page,register,Register,2010-02-15T23:58:51Z
1734,page,transcription-policy-copyright-and-acknowledgements,"Transcription Policy, Copyright and Acknowledgements",2010-02-16T00:04:46Z
1750,page,other-profile,Other Profile,2010-02-16T15:55:46Z
1753,page,book-profile,Book Profile,2010-02-16T16:44:13Z
1755,page,book-profile,Book Profile,2010-02-16T16:44:55Z
1761,page,reset-password,Reset Password,2010-02-16T18:45:13Z
1762,page,change-password,Change Password,2010-02-16T18:43:07Z
1773,page,your-password-has-been-changed,Your password has been changed,2010-02-16T21:45:28Z
3421,post,to-christabel-rose-coleridge-31,To Christabel Rose Coleridge,2010-10-08T10:57:23Z
3422,post,to-christabel-rose-coleridge-32,To Christabel Rose Coleridge,2010-10-08T11:16:56Z
3423,post,to-christabel-rose-coleridge-33,To Christabel Rose Coleridge,2010-10-08T11:27:02Z
3424,post,to-miss-e-m-walker,To  Maria Edith Walker,2010-10-08T11:33:24Z
3425,post,to-christabel-rose-coleridge-34,To Christabel Rose Coleridge,2010-10-08T12:01:01Z
3426,post,to-maria-edith-walker-2-2,To  Maria Edith Walker,2011-10-18T10:52:44Z
3427,post,to-christabel-rose-coleridge-35,To Christabel Rose Coleridge,2010-10-08T13:37:17Z
3428,post,to-miss-e-m-walker-6,To  Maria Edith Walker,2011-10-14T19:43:36Z
3429,post,to-miss-e-m-walker-5,To  Maria Edith Walker,2011-10-14T19:42:31Z
3430,post,to-christabel-rose-coleridge-36,To Christabel Rose Coleridge,2010-10-08T14:56:58Z
3431,post,to-mary-yonge-25,To Mary Yonge,2010-10-11T12:48:52Z
3432,post,to-earl-nelson-2,To Earl Nelson,2010-10-11T13:04:40Z
3433,post,to-helena-heathcote,To Helena Mary Heathcote,2010-10-11T13:09:27Z
3434,post,to-mary-yonge-26,To Mary Yonge,2010-10-11T13:20:45Z
3435,post,to-mary-yonge-27,To Mary Yonge,2010-10-11T13:35:48Z
3436,post,to-miss-e-m-walker-3,To  Maria Edith Walker,2011-10-14T19:40:15Z
3437,post,to-louisa-alethea-bowles,To Louisa Alethea Bowles,2011-02-02T11:47:03Z
3438,post,to-miss-e-m-walker-4,To  Maria Edith Walker,2011-10-14T19:41:19Z
3439,post,to-lady-brandreth,To Lady Brandreth,2010-10-11T14:38:53Z
3440,post,to-mrs-belfield-2,To Florence Belfield,2010-10-11T14:59:20Z
3441,post,to-mary-drew-2,To Mary Drew,2010-10-11T15:24:01Z
3442,post,to-christabel-rose-coleridge-37,To Christabel Rose Coleridge,2010-10-13T08:14:19Z
3443,post,to-christabel-rose-coleridge-38,To Christabel Rose Coleridge,2010-10-13T08:35:50Z
3444,post,to-mrs-belfield,To Florence Belfield,2010-10-13T08:39:02Z
3445,post,to-christabel-rose-coleridge-39,To Christabel Rose Coleridge,2010-10-13T08:58:13Z
3446,post,to-christabel-rose-coleridge-40,To Christabel Rose Coleridge,2010-10-13T09:23:56Z
3447,post,to-miss-faithful,To Miss Faithfull,2010-10-13T09:49:58Z
3448,post,to-mary-yonge-28,To Mary Yonge,2010-10-13T09:52:44Z
3449,post,to-mary-yonge-29,To Mary Yonge,2010-10-13T10:05:35Z
3450,post,to-christabel-rose-coleridge-41,To Christabel Rose Coleridge,2010-10-13T10:26:40Z
3451,post,to-mary-yonge-30,To Mary Yonge,2010-10-18T12:34:36Z
3452,post,to-earl-nelson,To Earl Nelson,2010-10-18T12:37:43Z
3453,post,to-christabel-rose-coleridge-42,To Christabel Rose Coleridge,2010-10-18T13:15:34Z
3454,post,to-mary-yonge-31,To Mary Yonge,2010-10-18T13:32:33Z
3455,post,to-mary-yonge-32,To Mary Yonge,2010-10-18T13:41:16Z
3456,post,to-mary-yonge-33,To Mary Yonge,2010-10-18T13:52:00Z
3457,post,to-mrs-bothamly,To Mrs Bothamly,2010-10-18T13:57:41Z
3458,post,to-christabel-rose-coleridge-43,To Christabel Rose Coleridge,2010-10-18T14:17:49Z
3459,post,to-christabel-rose-coleridge-44,To Christabel Rose Coleridge,2010-10-20T11:19:34Z
3460,post,to-christabel-rose-coleridge-45,To Christabel Rose Coleridge,2010-10-20T11:53:24Z
3461,post,to-christabel-rose-coleridge-46,To Christabel Rose Coleridge,2010-11-02T11:44:07Z
3462,post,to-miss-e-m-walker-2,To  Maria Edith Walker,2011-10-14T19:37:59Z
3463,post,to-christabel-rose-coleridge-47,To Christabel Rose Coleridge,2010-11-02T11:58:48Z
3464,post,to-christabel-rose-coleridge-48,To Christabel Rose Coleridge,2010-11-02T16:19:12Z
3465,post,to-christabel-rose-coleridge-49,To Christabel Rose Coleridge,2010-11-02T16:27:47Z
3466,post,to-christabel-rose-coleridge-50,To Christabel Rose Coleridge,2010-11-02T16:40:22Z
3467,post,to-mrs-c-e-barrett-lennard,To Anna Meredith Barrett Lennard,2011-02-02T11:55:23Z
3468,post,to-christabel-rose-coleridge-51,To Christabel Rose Coleridge,2010-11-04T10:29:01Z
3469,post,to-christabel-rose-coleridge-52,To Christabel Rose Coleridge,2010-11-04T11:06:14Z
3470,post,to-christabel-rose-coleridge-53,To Christabel Rose Coleridge,2010-11-04T11:58:02Z
3471,post,to-christabel-rose-coleridge-54,To Christabel Rose Coleridge,2010-11-04T13:07:46Z
3472,post,to-george-lillie-craik-17,To George Lillie Craik,2011-02-02T11:48:08Z
3473,post,to-christabel-rose-coleridge-55,To Christabel Rose Coleridge,2010-11-04T13:25:14Z
3474,post,to-penelope-packe,To Penelope Anne Laura Packe,2010-11-04T13:29:23Z
3475,post,to-an-unknown-woman-30,To an unknown woman,2010-11-04T13:37:04Z
3476,post,to-george-lillie-craik-16,To George Lillie Craik,2011-02-02T11:47:40Z
3477,post,to-christabel-rose-coleridge-56,To Christabel Rose Coleridge,2010-11-05T12:52:24Z
3478,post,to-christabel-rose-coleridge-57,To Christabel Rose Coleridge,2010-11-11T13:44:39Z
3479,post,to-christabel-rose-coleridge-58,To Christabel Rose Coleridge,2010-11-11T14:06:51Z
3480,post,to-christabel-rose-coleridge-59,To Christabel Rose Coleridge,2010-11-11T14:24:13Z
3481,post,to-charlotte-fortescue-yonge,To Charlotte Fortescue Yonge,2010-11-11T14:39:07Z
3482,post,to-an-unknown-woman-78,To an unknown woman,2011-10-14T19:36:48Z
3484,post,to-ellen-julia-johns-2,To Ellen Julia Johns,2010-05-22T07:15:22Z
3485,post,to-%e2%80%98bath-brick%e2%80%99-a-member-of-the-spider-society,To ‘Bath Brick’,2010-05-06T12:30:37Z
3486,post,to-%e2%80%98bath-brick%e2%80%99-a-member-of-the-spider-society,"To ‘Bath Brick’, a member of the Spider Society",2011-10-10T10:54:17Z
3487,post,to-frances-mary-peard,To Frances Mary Peard,2014-05-07T14:42:05Z
3489,post,to-margaret-helen-moberly-4,To Margaret Helen Moberly,2010-04-28T15:59:33Z
3490,post,to-margaret-helen-moberly-5,To Margaret Helen Moberly,2010-04-28T16:02:25Z
3491,post,to-susanna-warren,To Susanna Warren,2011-09-12T12:16:43Z
3492,post,to-an-unknown-woman-10,To an Unknown Woman,2010-04-28T16:04:33Z
3493,post,the-reverend-john-mason-neale-to-charlotte-mary-yonge,The Reverend John Mason Neale to Charlotte Mary Yonge,2010-04-28T16:17:56Z
3494,post,to-isabella-bird,To Isabella Lucy Bishop,2010-05-05T13:38:22Z
3495,post,to-an-unknown-person,To an Unknown Person,2011-10-10T13:09:14Z
3496,post,to-an-unknown-woman-46,To an Unknown Woman,2011-09-12T11:53:21Z
3497,post,to-an-unknown-man,To an Unknown Man,2011-10-10T13:10:31Z
3499,post,to-annie-louise-cazenove,To Annie Louise Cazenove,2011-10-10T11:09:28Z
3501,post,to-the-reverend-james-beck,To the Reverend James Beck,2011-09-12T12:23:33Z
3502,post,to-an-unknown-woman-68,To an Unknown Woman,2011-10-10T11:10:38Z
3503,post,to-blanche-atkinson,To Blanche Atkinson?,2011-10-10T11:23:09Z
3504,post,to-an-unknown-woman-69,To an Unknown Woman,2011-10-10T11:25:19Z
3505,post,to-anne-mary-buston,To Anne Mary Buston,2011-09-12T12:26:33Z
3507,post,to-robert-harrison,To Robert Harrison,2010-06-25T11:05:08Z
3508,post,to-an-unknown-woman-19,To an Unknown Woman,2010-06-25T10:47:02Z
3509,post,to-blanche-catherine-medhurst,To Blanche Catherine Medhurst,2011-10-10T13:11:22Z
3510,post,to-ellen-julia-johns-11,To Ellen Julia Johns,2010-06-25T11:27:39Z
3511,post,to-frederick-james-furnivall-6,To Frederick James Furnivall,2010-06-25T11:45:58Z
3512,post,to-catharine-elgie-5,To Catharine Elgie,2011-09-12T12:40:29Z
3513,post,to-emily-caroline-papillon,To Emily Caroline Papillon?,2011-09-12T12:42:18Z
3514,post,to-an-unknown-person-4,To an Unknown Person,2010-04-28T16:43:42Z
3515,post,to-an-unknown-woman-70,To an Unknown Woman,2011-10-10T11:29:55Z
3516,post,to-mary-elizabeth-coleridge,To Mary Elizabeth Coleridge?,2011-10-10T13:19:28Z
3517,post,to-an-unknown-woman,To an Unknown Woman,2011-10-10T13:30:57Z
3518,post,to-elizabeth-barnett-10,To Elizabeth Barnett,2010-04-28T16:56:33Z
3520,post,to-elizabeth-barnett,To Elizabeth Barnett,2011-10-10T13:32:30Z
3521,post,to-miss-phillpotts,To Miss Phillpotts,2010-06-25T12:00:34Z
3522,post,to-miss-butler,To Miss Butler,2011-09-12T13:04:37Z
3523,post,to-anna-rachel-bramston-3,To Anna Rachel Bramston,2010-11-11T14:44:04Z
3524,post,to-an-unknown-woman-20,To an Unknown Woman,2010-06-25T12:09:19Z
3525,post,to-elizabeth-missing-sewell-3,To Elizabeth Missing Sewell,2010-04-28T17:06:16Z
3526,post,to-the-rt-rev-edward-harold-browne,To an unknown bishop,2011-09-12T13:16:21Z
3527,post,to-hannah-yongef,To Hannah Yonge,2010-06-25T12:40:42Z
3528,post,to-frances-mary-peard-11,To Frances Mary Peard,2011-10-10T11:57:53Z
3529,post,to-miss-routledge,To Miss Routledge,2011-10-10T12:08:03Z
3530,post,to-an-unknown-person-10,To an Unknown Person,2011-09-12T13:22:16Z
3531,post,to-an-unknown-woman-71,To an Unknown Woman,2011-10-10T12:08:37Z
3532,post,to-an-unknown-person,To an Unknown Person,2011-10-10T13:33:10Z
3533,post,to-an-unknown-woman-47,To an Unknown Woman,2011-09-12T13:31:45Z
3534,post,to-an-unknown-woman-72,To an Unknown Woman,2011-10-10T12:15:03Z
3535,post,to-jane-mary-smith-dampier,To Jane Mary Smith-Dampier,2011-09-12T13:37:09Z
3536,post,to-mrs-elder,To Horatia Sophia Elder,2010-06-26T07:08:08Z
3537,post,to-an-unknown-woman-73,To an Unknown Woman,2011-10-10T12:15:29Z
3538,post,to-emily-or-jane-dampier,To Emily or Jane Mary Dampier,2011-09-12T13:40:32Z
3539,post,to-emily-or-jane-dampier-2,To Jane Mary Dampier,2010-06-26T07:34:30Z
3540,post,to-mrs-swinton,To Mrs Swinton,2011-09-12T13:41:51Z
3541,post,to-miss-hutchins,To Miss Hutchins,2011-10-10T12:18:11Z
3542,post,to-an-unknown-woman-21,To an Unknown Woman,2010-06-26T07:38:21Z
3543,post,to-edward-augustus-freeman-12,To Edward Augustus Freeman,2011-09-12T13:54:29Z
3544,post,to-anne-elizabeth-mary-anderson-morshead-6,To Anne Elizabeth Mary Anderson Morshead?,2011-09-12T14:05:26Z
3545,post,to-miss-merriman,To Miss Merriman,2010-11-11T14:49:40Z
3546,post,to-isabella-margaretta-elizabeth-heathcote-2,To Isabella Margaretta Elizabeth Heathcote?,2011-10-10T12:24:09Z
3547,post,to-margaret-gatty,To Margaret Gatty,2010-06-26T07:46:02Z
3548,post,to-frances-sophia-coleridge-patteson,To Frances Sophia Coleridge Patteson,2011-09-12T14:23:33Z
3549,post,to-mrs-baker,To Harriet Emma Lockhart Baker?,2011-10-10T16:40:17Z
3550,post,to-hannah-carey,To Hannah Carey,2011-10-14T19:31:10Z
3551,post,to-an-unknown-woman-33,To an Unknown Woman,2011-02-02T11:38:11Z
3552,post,to-an-unknown-woman-31,To an Unknown Woman,2011-02-02T11:29:48Z
3553,post,to-the-reverend-lewis-macnaughton-humbert,To the Reverend Lewis Macnaughton Humbert,2011-02-02T11:29:06Z
3554,post,to-alexander-macmillan-122,To Alexander Macmillan,2011-07-15T09:17:53Z
3555,post,to-isabel-mary-warburton-3,To the Hon. Mrs Warburton,2011-02-02T11:28:26Z
3556,post,to-christabel-rose-coleridge,To Christabel Rose Coleridge,2011-10-10T13:34:30Z
3557,post,to-mrs-white,To Mrs White,2011-07-15T09:16:49Z
3559,post,to-the-hon-mrs-montgomery-moore,To the Hon. Mrs Montgomery Moore?,2010-06-26T08:56:51Z
3560,post,to-juliana-horatia-gatty-2,To Juliana Horatia Gatty,2010-06-26T09:02:01Z
3562,post,to-christabel-rose-coleridge-21,To Christabel Rose Coleridge?,2010-06-26T09:05:58Z
3563,post,to-emma-frances-yonge-3,To Emma Frances Yonge,2010-06-26T09:09:35Z
3564,post,to-elizabeth-missing-sewell-11,To Elizabeth Missing Sewell,2010-06-26T09:34:22Z
3565,post,to-w-f-tillotson-son,To W. F. Tillotson & Son,2011-10-10T13:35:14Z
3566,post,to-mary-goldfinch,To Mary Goldfinch,2011-10-13T11:09:01Z
3567,post,to-edmund-doidge-anderson-morshead,To Edmund Doidge Anderson Morshead,2010-11-11T14:54:26Z
3568,post,to-an-unknown-person,To an Unknown Person,2011-10-10T13:39:57Z
3569,post,to-mary,To Mary ?,2010-11-11T14:55:52Z
3570,post,to-miss-holbece,To Helen Holbeche,2010-06-26T10:07:29Z
3571,post,to-elizabeth-missing-sewell-2,To Elizabeth Missing Sewell,2010-03-10T14:13:40Z
3572,post,to-gertrude-walter,To Gertrude Walter,2010-05-04T11:42:07Z
3573,post,to-caroline-jeannette-beck,To Caroline Jeannette Beck?,2011-06-15T11:52:06Z
3574,post,to-an-unknown-person-6,To an unknown person,2010-06-26T10:33:26Z
3575,post,to-an-unknown-person-3,To an Unknown Person,2010-03-10T09:58:46Z
3576,post,to-the-author-of-%e2%80%98ella%e2%80%99s-dream%e2%80%99,To the Author of ‘Ella’s Dream’,2011-10-13T10:33:20Z
3577,post,to-mrs-lange,To Mrs Lange,2010-11-11T14:58:32Z
3578,post,to-mary-trebeck,To Mary Trebeck,2010-11-11T15:03:24Z
3579,post,to-an-unknown-woman-22,To an unknown woman,2010-06-26T10:34:21Z
3580,post,to-miss-barlow,To Miss Barlow,2011-10-10T16:40:51Z
3582,post,to-mrs-bacon,To Mrs Bacon,2010-02-22T23:05:19Z
3583,post,to-an-unknown-woman-2,To an Unknown Woman,2010-03-02T13:48:21Z
3584,post,to-the-hon-lady-montgomery-moore,To the Hon. Mrs Montgomery Moore,2010-03-02T14:07:11Z
3585,post,to-gertrude-mary-ireland-blackburne-2,To Gertrude Mary Ireland Blackburne,2010-03-02T13:53:27Z
3586,post,to-an-unknown-man-2,To an Unknown Man,2010-03-02T14:10:32Z
3587,post,to-charlotte-fortescue-yonge-2,To Charlotte Fortescue Yonge,2010-03-02T14:15:44Z
3588,post,to-frances-sophia-coleridge-patteson-2,To Frances Sophia Coleridge Patteson,2010-03-02T14:28:34Z
3589,post,to-lucy-yonge,To Lucy Yonge,2010-03-02T14:33:29Z
3590,post,to-julian-bargus-yonge,To Julian Bargus Yonge,2010-03-02T14:35:59Z
3591,post,to-the-reverend-john-frewen-moor-2,To the Reverend John Frewen Moor,2010-03-02T14:40:40Z
3592,post,to-charlotte-anne-elizabeth-moberly-2,To Charlotte Anne Elizabeth Moberly,2010-02-22T11:48:56Z
3593,post,to-florence-gertrude-norsworthy,To Florence Gertrude Norsworthy,2010-03-02T14:45:20Z
3594,post,to-christabel-rose-coleridge-3,To Christabel Rose Coleridge,2010-03-02T14:49:20Z
3595,post,to-mary-yonge-2,To Mary Yonge,2010-03-02T14:52:11Z
3597,post,to-the-reverend-john-frederick-watkinson-bullock-3,To the Reverend John Frederick Watkinson Bullock,2010-03-02T15:02:30Z
3598,post,to-clifford-wyndham-holgate-2,To Clifford Wyndham Holgate?,2010-06-30T09:17:47Z
3599,post,to-an-unknown-woman-3,To an Unknown Woman,2010-03-02T15:01:00Z
3600,post,to-miss-higginbotham,To Miss Higginbotham,2010-03-02T15:11:38Z
3601,post,to-ann-maria-carter-smith-2,To Ann Maria Carter Smith?,2010-03-02T15:05:28Z
3602,post,to-the-reverend-henry-albany-bowles,To the Reverend Henry Albany Bowles,2010-03-02T15:08:43Z
3603,post,to-an-unknown-woman-48,To an Unknown Woman,2011-09-13T10:55:31Z
3604,post,to-cordelia-elizabeth-yonge,To Cordelia Elizabeth Yonge?,2010-07-02T11:47:17Z
3605,post,to-an-unknown-woman-6,To an Unknown Woman,2010-02-22T23:03:51Z
3606,post,to-mary-elizabeth-webster,To Mary Elizabeth Webster,2011-09-13T10:54:24Z
3607,post,to-anna-rachel-bramston-2,To Anna Rachel Bramston,2010-03-04T12:58:19Z
3608,post,to-agnes-cox,To Miss Cox,2010-03-04T13:04:09Z
3609,post,to-an-unknown-woman-4,To an Unknown Woman,2010-03-04T13:05:19Z
3610,post,to-the-reverend-william-parsons-warburton-2,To the Reverend William Parsons Warburton,2010-06-29T14:40:37Z
3611,post,to-an-unknown-woman-5,To an Unknown Woman,2010-03-04T13:16:04Z
3612,post,to-catherine-england,To Catherine England,2010-03-02T15:30:32Z
3720,page,general-introduction,General Introduction,2010-02-28T21:39:13Z
3733,page,letters-1834-1849,Letters 1834-1849,2010-02-28T23:56:35Z
3735,page,letters-1850-1859,Letters 1850-1859,2010-02-28T23:59:13Z
3737,page,letters-1860-1869,Letters 1860-1869,2010-03-01T00:02:11Z
3740,page,letters-1870-1879,Letters 1870-1879,2010-03-01T00:09:53Z
3750,page,letters-1880-1889,Letters 1880-1889,2010-03-01T00:36:25Z
3752,page,letters-1890-1901,Letters 1890-1901,2010-03-01T00:41:18Z
3757,page,uncertain-date,Uncertain Date,2010-03-01T01:38:21Z
6729,post,to-elizabeth-lush,To Elizabeth Lush,2010-05-06T12:04:13Z
7142,post,to-margaret-benson,To Margaret Benson,2011-02-02T12:30:00Z
7150,post,to-margaret-benson,To Margaret Benson,2011-02-02T12:30:31Z
7267,post,to-mr-chandler,To Mr Chandler,2010-05-13T09:17:25Z
7691,post,to-sir-john-taylor-coleridge,To Sir John Taylor Coleridge,2010-05-17T13:28:50Z
7710,post,to-sir-john-taylor-coleridge,To Sir John Taylor Coleridge,2010-05-17T14:11:29Z
7727,post,to-sir-john-taylor-coleridge,To Sir John Taylor Coleridge,2010-05-18T13:43:23Z
7749,post,to-sir-john-taylor-coleridge,To Sir John Taylor Coleridge,2010-05-18T14:03:25Z
7759,post,to-sir-william-heathcote-bt,"To Sir William Heathcote, Bt.",2010-05-18T14:47:21Z
7783,post,to-sir-john-taylor-coleridge,To Sir John Taylor Coleridge,2010-05-18T15:02:56Z
7798,post,to-sir-john-taylor-coleridge,To Sir John Taylor Coleridge,2010-05-18T15:29:25Z
7831,post,to-the-reverend-edward-coleridge,To the Reverend Edward Coleridge,2010-05-18T16:59:52Z
7852,post,to-john-duke-coleridge,To John Duke Coleridge,2010-05-19T08:39:51Z
7864,post,to-john-duke-coleridge,To John Duke Coleridge,2010-05-19T08:58:22Z
7883,post,to-john-duke-coleridge,To John Duke Coleridge,2010-05-19T09:10:59Z
7909,post,to-margaret-bateson,To Margaret Bateson,2010-05-19T09:37:57Z
8014,post,to-margaret-sophia-brandt-or-one-of-her-sisters,To Margaret Sophia Brandt or one of her sisters,2010-05-20T10:23:01Z
8274,post,to-an-unknown-woman,To an Unknown Woman,2010-05-21T14:16:05Z
9097,post,to-sarah-harriet-selwyn,To Sarah Harriet Selwyn,2010-05-27T09:35:02Z
9109,post,to-sarah-harriet-selwyn,To Sarah Harriet Selwyn,2010-05-27T10:08:03Z
9343,post,to-the-editor-of-the-i-girls-friendly-society-associates-journal-i,To the Editor of the <i>Girls’ Friendly Society Associates’ Journal</i>,2010-06-04T13:28:34Z
9348,post,to-the-editor-of-the-i-girls-friendly-society-associates-journal-i,To the Editor of the <i>Girls’ Friendly Society Associates’ Journal</i>,2010-06-04T13:34:14Z
9355,post,to-the-editor-of-the-i-girls-friendly-society-associates-journal-i,To the Editor of the <i>Girls’ Friendly Society Associates’ Journal</i>,2010-06-04T13:41:23Z
9362,post,to-the-editor-of-the-i-girls-friendly-society-associates-journal-i,To the Editor of the <i>Girls’ Friendly Society Associates’ Journal</i>,2010-06-04T13:48:18Z
9369,post,to-the-editor-of-the-i-girls-friendly-society-associates-journal-i,To the Editor of the <i>Girls’ Friendly Society Associates’ Journal</i>,2010-06-04T13:54:11Z
9374,post,to-the-editor-of-the-i-girls-friendly-society-associates-journal-i,To the Editor of the <i>Girls’ Friendly Society Associates’ Journal</i>,2010-06-04T13:58:52Z
9379,post,to-the-editor-of-the-i-girls-friendly-society-associates-journal-i,To the Editor of the <i>Girls’ Friendly Society Associates’ Journal</i>,2010-06-04T14:09:22Z
9389,post,to-the-editor-of-the-i-girls-friendly-society-associates-journal-i,To the Editor of the <i>Girls’ Friendly Society Associates’ Journal</i>,2010-06-04T14:16:09Z
9398,post,to-the-editor-of-the-i-girls-friendly-society-associates-journal-i,To the Editor of the <i>Girls’ Friendly Society Associates’ Journal</i>,2010-06-04T14:21:10Z
9403,post,to-the-editor-of-the-i-girls-friendly-society-associates-journal-i-,To the Editor of the <i>Girls’ Friendly Society Associates’ Journal</i>,2010-06-04T19:43:02Z
9411,post,to-horatia-sophia-elder,To Horatia Sophia Elder,2010-06-04T20:11:11Z
9418,post,to-the-editor-of-the-i-girls-friendly-society-associates-journal-i,To the Editor of the <i>Girls’ Friendly Society Associates’ Journal</i>,2010-06-04T20:23:46Z
9425,post,to-the-editor-of-the-i-girls-friendly-society-associates-journal-i,To the Editor of the <i>Girls’ Friendly Society Associates’ Journal</i>,2010-06-04T20:31:11Z
10615,post,to-john-william-parker-jr,"To John William Parker, Jr.",2010-06-16T08:23:26Z
14430,post,to-the-duke-of-newcastle-and-other-members-of-the-royal-commission-on-popular-education,To the Duke of Newcastle and other members of the Royal Commission on Popular Education,2010-11-05T11:26:50Z
14535,post,to-francis-turner-palgrave,To Francis Turner Palgrave,2011-02-02T10:47:50Z
14540,post,to-fanny-harrison,To Fanny Harrison,2011-02-02T10:56:40Z
17084,post,to-the-right-reverend-william-walsham-how,To the Right Reverend William Walsham How,2011-09-14T09:28:55Z
18100,post,to-george-lillie-craik,To George Lillie Craik,2011-09-30T11:32:05Z
18751,post,to-susan-dabney-smedes,To Susan (Dabney) Smedes,2011-10-13T09:47:46Z
18759,post,to-groombridge-and-sons,To Groombridge and Sons,2011-10-13T09:50:32Z
18768,post,to-an-unknown-woman,To an Unknown Woman,2011-10-13T09:45:00Z
18775,post,to-frances-maria-wilbraham,To Frances Maria Wilbraham,2011-10-13T09:46:57Z
18948,post,to-the-reverend-james-edward-vaux,To the Reverend James Edward Vaux,2011-10-19T11:49:19Z
18956,post,to-mary-elizabeth-hawker,To Mary Elizabeth Hawker,2011-10-21T14:20:44Z
19000,post,to-john-st-loe-strachey,To John St. Loe Strachey,2011-11-14T12:52:39Z
19009,post,to-john-spencer-curwen,To John Spencer Curwen,2011-11-14T12:59:54Z
19054,post,to-alice-hilda-godman,To Alice Hilda Godman,2011-11-22T15:19:46Z
19058,post,to-miss-redgrave,To Miss Redgrave,2011-11-22T15:50:20Z
19064,post,to-margaret-julia-argles,To Margaret Julia Argles,2011-11-23T12:31:41Z
19162,post,to-frances-mary-peard,To Frances Mary Peard,2012-01-08T10:54:10Z
19282,post,to-george-lillie-craik,To George Lillie Craik,2014-05-01T09:53:47Z
19258,post,to-frances-jane-dodgson,To Frances Jane Dodgson,2014-02-27T14:08:15Z
19268,post,to-anna-rachel-bramston,To Anna Rachel Bramston,2014-02-27T14:46:00Z
19298,post,to-henrietta-elizabeth-fursdon,To Henrietta Elizabeth Fursdon,2014-05-01T10:14:16Z
19342,post,to-an-unknown-woman,To an Unknown Woman,2014-05-07T14:42:56Z
19354,post,to-frances-mary-peard,To Frances Mary Peard,2014-05-07T14:39:26Z
19373,post,to-an-unknown-woman,To an Unknown Woman,2014-05-07T14:45:40Z
19394,post,to-mary-anne-dyson,To Mary Anne Dyson,2014-05-07T14:26:03Z
19419,post,to-florence-wilford,To Florence Wilford,2014-05-07T14:47:33Z
19551,post,george-lillie-craik-to-charlotte-mary-yonge,George Lillie Craik to Charlotte Mary Yonge,2014-05-22T16:38:56Z
19450,post,to-arthur-donald-innes,To Arthur Donald Innes,2015-08-04T02:52:52Z
19453,post,to-arthur-duke-yonge,To Arthur Duke Yonge [?],2014-05-07T13:16:58Z
19462,post,to-george-lillie-craik,To George Lillie Craik,2014-05-07T14:48:50Z
19563,post,alexander-macmillan-to-charlotte-mary-yonge,Alexander Macmillan to Charlotte Mary Yonge,2014-05-22T12:12:35Z
19572,post,alexander-macmillan-to-charlotte-mary-yonge,Alexander Macmillan to Charlotte Mary Yonge,2014-05-22T12:49:00Z
19593,post,alexander-macmillan-to-charlotte-mary-yonge,Alexander Macmillan to Charlotte Mary Yonge,2014-05-22T12:54:26Z
19598,post,alexander-macmillan-to-charlotte-mary-yonge,Alexander Macmillan to Charlotte Mary Yonge,2014-05-22T12:59:07Z
19634,post,alexander-macmillan-to-charlotte-mary-yonge,Alexander Macmillan to Charlotte Mary Yonge,2014-05-22T13:59:41Z
19637,post,alexander-macmillan-to-charlotte-mary-yonge,Alexander Macmillan to Charlotte Mary Yonge,2014-05-22T14:07:48Z
19816,post,to-miss-manning,To Miss Manning,2014-06-16T10:57:13Z
19643,post,alexander-macmillan-to-charlotte-mary-yonge,Alexander Macmillan to Charlotte Mary Yonge,2014-05-22T14:12:48Z
19651,post,alexander-macmillan-to-charlotte-mary-yonge,Alexander Macmillan to Charlotte Mary Yonge,2014-05-22T14:20:40Z
19653,post,alexander-macmillan-to-charlotte-mary-yonge,Alexander Macmillan to Charlotte Mary Yonge,2014-05-22T14:33:42Z
19655,post,alexander-macmillan-to-charlotte-mary-yonge,Alexander Macmillan to Charlotte Mary Yonge,2014-05-22T14:47:52Z
19659,post,alexander-macmillan-to-charlotte-mary-yonge,Alexander Macmillan to Charlotte Mary Yonge,2014-05-22T14:48:51Z
19661,post,alexander-macmillan-to-charlotte-mary-yonge,Alexander Macmillan to Charlotte Mary Yonge,2014-05-22T14:53:54Z
19664,post,alexander-macmillan-to-charlotte-mary-yonge,Alexander Macmillan to Charlotte Mary Yonge,2014-05-22T15:07:39Z
19667,post,alexander-macmillan-to-charlotte-mary-yonge,Alexander Macmillan to Charlotte Mary Yonge,2014-05-22T15:19:15Z
19670,post,alexander-macmillan-to-charlotte-mary-yonge,Alexander Macmillan to Charlotte Mary Yonge,2014-05-22T15:54:31Z
19672,post,alexander-macmillan-to-charlotte-mary-yonge,Alexander Macmillan to Charlotte Mary Yonge,2014-05-22T16:13:57Z
19674,post,alexander-macmillan-to-charlotte-mary-yonge,Alexander Macmillan to Charlotte Mary Yonge,2014-05-22T16:30:42Z
19676,post,alexander-macmillan-to-charlotte-mary-yonge,Alexander Macmillan to Charlotte Mary Yonge,2014-05-22T16:33:16Z
19678,post,alexander-macmillan-to-charlotte-mary-yonge,Alexander Macmillan to Charlotte Mary Yonge,2014-05-22T16:38:06Z
19829,post,to-the-countess-of-meath,To the Countess of Meath,2014-06-16T11:07:47Z
19839,post,to-a-member-of-the-gosling-society,To a member of the Gosling Society,2015-03-09T12:07:23Z
19845,post,to-miss-redgrave,To Miss Redgrave,2015-03-09T12:35:46Z
19852,post,to-mrs-lynch,To Mrs Lynch,2015-03-09T12:55:41Z
19862,post,to-an-unknown-correspondent,To an unknown correspondent,2015-03-09T12:59:39Z
19866,post,to-florence-horatia-nelson-suckling,To Florence Horatia Nelson Suckling,2015-03-09T13:53:53Z
19875,post,to-anna-maria-keary,To Anna Maria Keary,2015-03-09T13:40:23Z
19897,post,to-an-unknown-woman,To an Unknown Woman,2015-03-09T13:53:31Z
19905,post,to-john-william-parker-jr,"To John William Parker, Jr.",2015-03-09T14:15:02Z
19990,post,to-an-unknown-man-editor-of-an-american-journal,To an Unknown Man (Editor of an American Journal),2015-07-09T23:45:59Z
20007,post,to-edith-sophia-jacob,To Edith Sophia Jacob,2015-07-17T05:28:19Z
19998,post,to-edith-sophia-jacob,To Edith Sophia Jacob,2015-07-11T03:03:22Z
20015,post,to-an-unknown-man,To an unknown man,2015-07-20T18:48:54Z
20002,post,to-edith-sophia-jacob,To Edith Sophia Jacob,2015-07-16T23:17:39Z
20040,post,to-florence-wilford,To Florence Wilford (?),2015-07-26T02:36:30Z
20021,post,to-the-reverend-arthur-rawson-ashwell,To the Reverend Arthur Rawson Ashwell,2015-07-21T05:23:09Z
20030,post,to-an-unknown-woman,To an unknown woman,2015-07-25T01:23:31Z
20049,post,to-anna-rachel-bramston,To Anna Rachel Bramston,2015-07-28T21:46:52Z
